Player,NFL_id,Pos,position_group,combine_year,target_production_value,predicted_production_value,residual,baseline_prediction,baseline_residual,pred_interval_lower,pred_interval_upper,heuristic_version,model_version
Kenny Smith,10416,DT,IDL,2001,3.244566149848478,3.3621024388581784,-0.11753628900970048,3.1111654024629285,0.1334007473855494,3.1019721810612833,3.5788179294559286,v1.0.0,v1.0.0
Jerome Carter,10417,S,DB,2005,3.2183476152534807,3.726930840225854,-0.5085832249723734,3.686336473000497,-0.46798885774701615,3.5444681369710356,3.9531717084677505,v1.0.0,v1.0.0
JaMarcus Russell,10446,QB,QB,2007,3.1481389932070876,3.50017625212122,-0.3520372589141325,3.728545597558874,-0.5804066043517864,2.847567121333087,4.0893315636467715,v1.0.0,v1.0.0
Calvin Johnson,10447,WR,WR,2007,4.3157188825970625,3.671429957471951,0.6442889251251116,3.6952786928238073,0.6204401897732552,3.369182872320608,4.003662481311233,v1.0.0,v1.0.0
Joe Thomas,10448,OT,OL,2007,4.44893044858782,3.5432310633723243,0.9056993852154958,3.553008995575683,0.8959214530121371,3.3555855893565893,3.746780573960317,v1.0.0,v1.0.0
Gaines Adams,10449,DE,EDGE,2007,3.5553122377650705,3.69780501385121,-0.14249277608613964,3.3753923788054,0.17991985895967044,3.5279547919254575,3.8900698119753403,v1.0.0,v1.0.0
Levi Brown,10450,OT,OL,2007,3.6841318028230527,3.2887385660373094,0.39539323678574334,3.424526014337629,0.2596057884854237,3.1508618646249595,3.4301256009437004,v1.0.0,v1.0.0
LaRon Landry,10451,S,DB,2007,4.11626721562249,3.4410416378555353,0.6752255777669549,3.4001925179273105,0.7160746976951797,3.2561885675445885,3.6165318291935575,v1.0.0,v1.0.0
Adrian Peterson,10452,RB,RB,2007,4.6662227429674195,3.586892990291114,1.0793297526763053,3.3518495463037037,1.3143731966637158,3.3484765111315746,3.8726556581795877,v1.0.0,v1.0.0
Ted Ginn,10453,WR,WR,2007,4.653923552400471,3.319343552373814,1.3345800000266568,3.3266707748735125,1.3272527775269585,3.102135455552136,3.5417264913681503,v1.0.0,v1.0.0
Amobi Okoye,10454,DT,IDL,2007,3.953973579709973,3.4958982191305314,0.4580753605794414,3.4395804506145504,0.5143931290954225,3.154986722833925,3.8972536925535857,v1.0.0,v1.0.0
Patrick Willis,10455,ILB,LB,2007,4.170465261432873,3.731481309037935,0.4389839523949379,3.5470977759363427,0.6233674854965301,3.462815440615869,3.9866539586987972,v1.0.0,v1.0.0
Marshawn Lynch,10456,RB,RB,2007,4.4800049065562595,3.649632803972138,0.8303721025841213,3.4037947975510945,1.076210109005165,3.37126763100151,3.943147918610647,v1.0.0,v1.0.0
Adam Carriker,10457,DE,EDGE,2007,3.7363017214982253,3.908047094926802,-0.17174537342857654,3.7613305616219828,-0.0250288401237575,3.6790514246531774,4.140806615826573,v1.0.0,v1.0.0
Darrelle Revis,10458,CB,DB,2007,4.407275365932134,3.674982002678422,0.7322933632537119,3.686388296497591,0.7208870694345428,3.4989167401692653,3.861009339042203,v1.0.0,v1.0.0
Lawrence Timmons,10459,OLB,EDGE,2007,4.517919113341048,3.570812899247662,0.9471062140933855,3.4883688097061514,1.0295503036348963,3.3906714572057406,3.7734535883417935,v1.0.0,v1.0.0
Justin Harrell,10460,DT,IDL,2007,2.3124415619933303,3.497170123866409,-1.1847285618730785,3.4108901941918335,-1.0984486321985032,3.3110041508931483,3.6652150397288312,v1.0.0,v1.0.0
Jarvis Moss,10461,DE,EDGE,2007,3.6846873160553586,3.2464578525673615,0.4382294634879971,3.2209515029257485,0.4637358131296101,2.9824648778528378,3.48864317183673,v1.0.0,v1.0.0
Leon Hall,10462,CB,DB,2007,4.459035346114416,3.8281416860551203,0.630893660059296,3.7067879714250136,0.7522473746894027,3.670624400016319,4.00127862501166,v1.0.0,v1.0.0
Michael Griffin,10463,S,DB,2007,4.424165548536845,3.7776339960757155,0.6465315524611293,3.697216954730842,0.7269485938060027,3.6567023097623435,3.940382760578256,v1.0.0,v1.0.0
Aaron Ross,10464,CB,DB,2007,3.9509600467828196,3.632572589697057,0.31838745708576255,3.5790870631769707,0.371872983605849,3.488801721970765,3.7702427365099602,v1.0.0,v1.0.0
Reggie Nelson,10465,S,DB,2007,4.572194533591751,3.3135940823844896,1.2586004512072613,3.1423005931149075,1.4298939404768434,3.0628898037466255,3.5896915171546437,v1.0.0,v1.0.0
Brady Quinn,10466,QB,QB,2007,2.8112821446849234,3.5438364753295417,-0.7325543306446183,3.8257573952463697,-1.0144752505614463,2.813681102098082,5.415830140017105,v1.0.0,v1.0.0
Dwayne Bowe,10467,WR,WR,2007,4.265886059460916,3.1565509013769346,1.1093351580839816,3.3414031174103087,0.9244829420506075,2.9159138001600438,3.3938961034872577,v1.0.0,v1.0.0
Brandon Meriweather,10468,S,DB,2007,4.19480691045813,3.3913154439450213,0.8034914665131088,3.385865244351613,0.808941666106517,3.203824769027212,3.581289296372513,v1.0.0,v1.0.0
Jon Beason,10469,OLB,EDGE,2007,4.1247156523360395,3.2556133788972526,0.869102273438787,3.466996395118159,0.6577192572178805,2.880048944227839,3.551047653273745,v1.0.0,v1.0.0
Anthony Spencer,10470,DE,EDGE,2007,4.1225172637771275,3.624923033778014,0.4975942299991134,3.5454329968168605,0.5770842669602669,3.4638076116425975,3.7825557168238957,v1.0.0,v1.0.0
Robert Meachem,10471,WR,WR,2007,4.090531284334419,3.40395558846946,0.6865756958649585,3.4281145860137867,0.6624166983206319,3.1904540536009676,3.593182436683928,v1.0.0,v1.0.0
Joe Staley,10472,OT,OL,2007,4.487052780268154,3.4786831495140316,1.0083696307541228,3.6906857115255405,0.7963670687426139,3.2248237334329097,3.7492347253284772,v1.0.0,v1.0.0
Ben Grubbs,10473,OG,OL,2007,3.7932724710864165,3.370334383551426,0.4229380875349906,3.4328810733119237,0.3603913977744928,3.235119079914653,3.4952609862050092,v1.0.0,v1.0.0
Greg Olsen,10475,TE,TE,2007,4.673772422909524,4.012620867533499,0.6611515553760245,3.6458778334644326,1.0278945894450913,3.6568261559362463,4.363949075710343,v1.0.0,v1.0.0
Anthony Gonzalez,10476,WR,WR,2007,3.3336385885689284,3.489902491758532,-0.1562639031896036,3.505084756839317,-0.17144616827038872,3.293562046314865,3.709538656327574,v1.0.0,v1.0.0
Alan Branch,10477,DT,IDL,2007,4.4117274381317575,3.4828647766676797,0.9288626614640778,3.415732106521581,0.9959953316101764,3.189285090720756,3.7672092157080854,v1.0.0,v1.0.0
Paul Posluszny,10478,OLB,EDGE,2007,4.407275365932134,3.5902626562508155,0.8170127096813182,3.5520280608213417,0.855247305110792,3.465442742621891,3.732856573974825,v1.0.0,v1.0.0
Arron Sears,10479,OG,OL,2007,2.5844329182448638,3.279523285756582,-0.6950903675117184,3.626208143985659,-1.0417752257407953,3.0544795559690576,3.464391179434235,v1.0.0,v1.0.0
Kevin Kolb,10480,QB,QB,2007,3.0986761773842595,2.6529651366578872,0.44571104072637224,3.267206729522291,-0.16853055213803136,2.271616136542779,3.066494739328127,v1.0.0,v1.0.0
Eric Weddle,10481,S,DB,2007,4.660557373281435,3.6669900036213763,0.9935673696600587,3.5853538444179605,1.0752035288634745,3.535481128469852,3.8379092105394434,v1.0.0,v1.0.0
Zach Miller,10482,TE,TE,2007,4.158805755986539,3.4709331153855656,0.6878726406009736,3.291174797357587,0.8676309586289523,3.1423557179025137,3.7731020313965216,v1.0.0,v1.0.0
Justin Blalock,10483,OG,OL,2007,3.5728020821630215,3.6366083857871843,-0.06380630362416273,3.668032225648226,-0.09523014348520453,3.39085967186469,3.8656329744696647,v1.0.0,v1.0.0
John Beck,10484,QB,QB,2007,1.9594796171115287,3.002278105426895,-1.0427984883153665,3.3746963469665188,-1.41521672985499,2.52325597832007,3.4147435558624664,v1.0.0,v1.0.0
Chris Houston,10485,CB,DB,2007,4.064912204782848,3.618252711380758,0.4466594934020902,3.6065653335328087,0.45834687125003937,3.387775354149503,3.842906009191908,v1.0.0,v1.0.0
Drew Stanton,10487,QB,QB,2007,3.1879860453106663,2.620118321788126,0.5678677235225402,3.417691472932344,-0.22970542762167767,2.0772252100971373,3.1953317315333445,v1.0.0,v1.0.0
Sidney Rice,10488,WR,WR,2007,3.935201699236324,3.302982957326778,0.6322187419095462,3.2446993773073407,0.6905023219289834,3.0648328736486143,3.5649800025085647,v1.0.0,v1.0.0
Dwayne Jarrett,10489,WR,WR,2007,3.115730318842433,3.4095383342616636,-0.29380801541923063,3.386111095931284,-0.2703807770888509,3.1606173792982193,3.5982398077503537,v1.0.0,v1.0.0
LaMarr Woodley,10490,DE,EDGE,2007,4.183147405011796,3.661335997771223,0.5218114072405724,3.4268161160955843,0.7563312889162113,3.476115492651239,3.842664098689234,v1.0.0,v1.0.0
David Harris,10491,ILB,LB,2007,4.487052780268154,3.902157571653315,0.5848952086148396,3.564179742282942,0.9228730379852124,3.6208032182567926,4.168770114934049,v1.0.0,v1.0.0
Justin Durant,10492,ILB,LB,2007,4.326514697452557,3.7601884247970094,0.5663262726555471,3.712853184818716,0.6136615126338407,3.518966357743543,4.035591510399416,v1.0.0,v1.0.0
Chris Henry,10494,RB,RB,2007,2.013481806880479,3.7111772346847345,-1.6976954278042555,3.732644740887513,-1.7191629340070342,3.4942367242606416,3.9523080034164346,v1.0.0,v1.0.0
Steve Smith,10495,WR,WR,2007,3.755740759494776,3.4572743392025913,0.2984664202921845,3.4495912724329147,0.30614948706186107,3.2905558331999285,3.6619774247949075,v1.0.0,v1.0.0
Brian Leonard,10496,RB,RB,2007,4.014497326172989,3.5686741526039816,0.445823173569007,3.6480598613324795,0.3664374648405091,3.3405861774036643,3.766967452084462,v1.0.0,v1.0.0
Eric Wright,10497,CB,DB,2007,4.017495355012839,3.5550214325035894,0.46247392250924957,3.5263591369371023,0.4911362180757366,3.447480537068573,3.6802511370004916,v1.0.0,v1.0.0
Turk McBride,10498,DT,IDL,2007,3.7755896300038287,3.707142442851728,0.06844718715210085,3.735525280044102,0.04006434995972663,3.4275214413372237,4.030958794196223,v1.0.0,v1.0.0
Josh Wilson,10499,CB,DB,2007,4.2710448166981445,3.395595501518886,0.8754493151792584,3.3906232728497874,0.8804215438483571,3.2258121634114287,3.609190858110177,v1.0.0,v1.0.0
Tim Crowder,10500,DE,EDGE,2007,3.6846873160553586,3.703475359660487,-0.018788043605128202,3.598135111191953,0.08655220486340554,3.5282831733035174,3.8980663448970243,v1.0.0,v1.0.0
Victor Abiamiri,10501,DE,EDGE,2007,3.0741435672906428,3.622741833868721,-0.5485982665780784,3.579634887062565,-0.5054913197719224,3.4887923585787877,3.784523956912509,v1.0.0,v1.0.0
Ikaika Alama-Francis,10502,DE,EDGE,2007,3.2135152637140565,3.7141028586093494,-0.5005875948952929,3.443499612958348,-0.22998434924429167,3.5665838216057084,3.9167131034050273,v1.0.0,v1.0.0
Ryan Kalil,10503,C,OL,2007,3.9502486411491327,3.6926714331193424,0.25757720802979023,3.658067904010979,0.29218073713815373,3.486037616128981,3.9021739383003045,v1.0.0,v1.0.0
Samson Satele,10504,C,OL,2007,3.942734106588433,3.74610324432833,0.19663086226010273,3.6199401288123845,0.32279397777604846,3.5197474210207806,3.9442181347453125,v1.0.0,v1.0.0
Gerald Alexander,10505,S,DB,2007,3.3336385885689284,3.547376235746127,-0.21373764717719856,3.5189233252899803,-0.18528473672105195,3.3771345658136918,3.7560889116551075,v1.0.0,v1.0.0
Brandon Jackson,10507,RB,RB,2007,3.61679958486642,3.352947044568063,0.26385254029835714,3.5398002416836545,0.07699934318276558,3.1947523915056397,3.4741954988021577,v1.0.0,v1.0.0
Sabby Piscitelli,10508,S,DB,2007,3.819988560282025,3.884936118798537,-0.0649475585165118,3.857302441130558,-0.03731388084853293,3.7083523412697623,4.0866933724721255,v1.0.0,v1.0.0
Quentin Moses,10509,DE,EDGE,2007,3.4530238369508592,3.5432547127753087,-0.09023087582444944,3.3073234695111213,0.1457003674397379,3.3859887587675765,3.7239539412407736,v1.0.0,v1.0.0
Quincy Black,10512,OLB,EDGE,2007,3.907800327184084,3.8666079869605494,0.041192340223534796,3.7056258300402893,0.20217449714379487,3.6335833411353113,4.09928727738598,v1.0.0,v1.0.0
Buster Davis,10513,WR,WR,2007,1.6729986527459453,3.4714793142834264,-1.798480661537481,3.4697135202733866,-1.7967148675274414,3.268819615808563,3.6561028619019296,v1.0.0,v1.0.0
Ryan Harris,10514,OT,OL,2007,3.7238388026099476,3.4322187719362725,0.29162003067367515,3.4888969871408952,0.23494181546905235,3.2709770942319345,3.619803108942014,v1.0.0,v1.0.0
Lorenzo Booker,10515,RB,RB,2007,3.244566149848478,3.2003782694568454,0.04418788039163246,3.268699612686625,-0.02413346283814688,2.913946743246032,3.476602174812998,v1.0.0,v1.0.0
Marcus McCauley,10516,CB,DB,2007,3.0404973649442106,3.7464599391854616,-0.705962574241251,3.687800089636912,-0.6473027246927012,3.588758460692341,3.9141720572150556,v1.0.0,v1.0.0
Jacoby Jones,10517,WR,WR,2007,4.291279913785008,3.049639814714637,1.2416400990703709,3.2275255969716303,1.0637543168133776,2.835344230163613,3.2571304236693255,v1.0.0,v1.0.0
Yamon Figurs,10518,WR,WR,2007,3.1325431107870485,3.5925557083563837,-0.4600125975693352,3.547446917719509,-0.41490380693246065,3.248891430731423,4.055294330513531,v1.0.0,v1.0.0
Laurent Robinson,10519,WR,WR,2007,3.6991019980368116,3.3523236343348053,0.3467783637020063,3.6052343760888723,0.0938676219479393,3.139984406585178,3.508158718956811,v1.0.0,v1.0.0
Jason Hill,10520,WR,WR,2007,3.5567188671810097,3.4038313725768643,0.1528874946041454,3.428316311994634,0.1284025551863759,3.2077494640973674,3.6089069226018315,v1.0.0,v1.0.0
Matt Spaeth,10521,TE,TE,2007,4.255444067833442,3.5970419279493178,0.658402139884124,3.509093380996855,0.7463506868365868,3.311014940868024,3.8485143902894197,v1.0.0,v1.0.0
James Jones,10522,WR,WR,2007,4.32049831589548,3.269486627549514,1.0510116883459664,3.4898098698831213,0.8306884460123589,3.0400962598072425,3.463322302747303,v1.0.0,v1.0.0
Mike Sims-Walker,10523,WR,WR,2007,3.4954301761653195,3.3410552288261517,0.1543749473391678,3.594715470952952,-0.0992852947876326,3.1117396150086303,3.5211041561601943,v1.0.0,v1.0.0
Paul Williams,10524,WR,WR,2007,1.5216626918475837,3.340964034303525,-1.8193013424559412,3.3387215401557326,-1.817058848308149,3.1876727638974067,3.4988127298718474,v1.0.0,v1.0.0
Jay Alford,10525,DT,IDL,2007,3.288798636746454,3.2686596636997445,0.02013897304670964,3.1268609505228246,0.16193768622362947,3.028438601929302,3.518896999322452,v1.0.0,v1.0.0
Tank Tyler,10526,DT,IDL,2007,3.486827902587483,3.6553762610772194,-0.16854835848973648,3.334376841773852,0.1524510608136307,3.3103582836911842,4.042525730618002,v1.0.0,v1.0.0
Jonathan Wade,10528,CB,DB,2007,3.704288456705717,3.3412658590014526,0.36302259770426426,3.306639773602107,0.3976486831036099,3.142743190750131,3.575650651793875,v1.0.0,v1.0.0
Brandon Mebane,10529,DT,IDL,2007,4.596181887844711,3.273735899949499,1.322445987895212,3.3160619015737156,1.2801199862709955,3.0110897522399704,3.5947524687832515,v1.0.0,v1.0.0
Marshal Yanda,10530,OT,OL,2007,4.286279889129956,3.11826170733978,1.1680181817901758,3.369463698272812,0.9168161908571437,2.920029480806138,3.3105625143561985,v1.0.0,v1.0.0
Stewart Bradley,10531,OLB,EDGE,2007,3.83720811032256,3.5321077577759654,0.3051003525465945,3.5758502652258604,0.26135784509669957,3.3576041946268718,3.7241981276457254,v1.0.0,v1.0.0
Aaron Rouse,10533,S,DB,2007,3.486827902587483,3.5167574509704873,-0.029929548383004434,3.4442778917740022,0.04255001081348064,3.29766070303054,3.814402649434958,v1.0.0,v1.0.0
Tony Hunt,10534,RB,RB,2007,2.3868469108371837,3.45631248435957,-1.0694655735223861,3.5897234949535948,-1.202876584116411,3.1677473832713834,3.6978197840713767,v1.0.0,v1.0.0
Mario Henderson,10535,OT,OL,2007,3.4028402771254793,3.2476500873734824,0.15519018975199694,3.3858721195894415,0.016968157536037864,3.063373228391604,3.4067274576617907,v1.0.0,v1.0.0
Trent Edwards,10536,QB,QB,2007,3.3224044171552096,2.7291422561001513,0.5932621610550584,3.5075048757787113,-0.18510045862350166,0.32235902736375754,4.750866681311757,v1.0.0,v1.0.0
Garrett Wolfe,10537,RB,RB,2007,3.535238532571787,3.4237018194226088,0.11153671314917846,3.6065839787507885,-0.07134544617900129,3.149951535718567,3.6711554638280743,v1.0.0,v1.0.0
Dante Hughes,10539,CB,DB,2007,3.604762203817715,3.1172246934353534,0.4875375103823618,3.1002438185838574,0.5045183852338577,2.9350815435146447,3.300920360899097,v1.0.0,v1.0.0
Anthony Waters,10540,ILB,LB,2007,2.6773591454928125,3.6238985341527448,-0.9465393886599323,3.6879134360619092,-1.0105542905690967,3.351683632535589,3.973502289327036,v1.0.0,v1.0.0
Ray McDonald,10541,DE,EDGE,2007,4.187571511839166,3.6493200710567537,0.5382514407824122,3.4084196098061974,0.7791519020329685,3.4916153259356797,3.83156460315176,v1.0.0,v1.0.0
Quinn Pitcock,10542,DT,IDL,2007,2.0548197685407565,3.1395661577316676,-1.084746389190911,3.2113378481598644,-1.156518079619108,2.8566920820152615,3.4181533876815426,v1.0.0,v1.0.0
Johnnie Lee Higgins,10543,WR,WR,2007,3.65267405126285,3.2041700277479706,0.4485040235148796,3.2953730706496835,0.3573009806131666,2.9674890433298895,3.41841001240316,v1.0.0,v1.0.0
Michael Bush,10544,RB,RB,2007,3.968663470456179,3.5743652047864405,0.3942982656697387,3.4847755282919026,0.48388794216427655,3.3376531102534477,3.785609834486617,v1.0.0,v1.0.0
Adam Podlesh,10545,P,ST,2007,4.1151787869949095,3.9053751123549283,0.20980367463998117,3.49608386275301,0.6190949242418995,3.39517361484356,4.639671077678068,v1.0.0,v1.0.0
Brian Robison,10546,DE,EDGE,2007,4.521676349236121,3.8333210360679786,0.6883553131681426,3.712995942974921,0.8086804062612001,3.6341969407632257,3.99944431399159,v1.0.0,v1.0.0
Isaiah Stanback,10547,QB,QB,2007,2.4640884767605504,3.010566574556925,-0.5464780977963746,3.589649206479032,-1.1255607297184818,2.4571472193041686,3.7333458356218316,v1.0.0,v1.0.0
Tanard Jackson,10550,S,DB,2007,3.6402255435804984,3.456137895852186,0.18408764772831265,3.3910407893786267,0.2491847542018717,3.340299367962723,3.5772472999813494,v1.0.0,v1.0.0
Antonio Pittman,10551,RB,RB,2007,2.912533449240207,3.4603247881119765,-0.5477913388717695,3.5859554931442683,-0.6734220439040612,3.3232868878118973,3.612569175939698,v1.0.0,v1.0.0
Paul Soliai,10552,DT,IDL,2007,4.35310509757508,3.473684278715177,0.8794208188599026,3.4772006554491286,0.8759044421259512,3.235636990081544,3.7440564547253294,v1.0.0,v1.0.0
Stephen Nicholas,10553,OLB,EDGE,2007,4.07784795508909,3.268885700910472,0.8089622541786179,3.400717988909521,0.6771299661795687,3.038372844399416,3.4847970474808134,v1.0.0,v1.0.0
Dwayne Wright,10555,RB,RB,2007,2.5844329182448638,3.3337254933344416,-0.7492925750895778,3.3562540449057012,-0.7718211266608375,3.1062240253382862,3.5181743743734697,v1.0.0,v1.0.0
Daniel Sepulveda,10556,P,ST,2007,3.5604844242273583,4.177445802834654,-0.616961378607296,3.5905075693450126,-0.03002314511765425,3.502307514493583,4.9920084396002595,v1.0.0,v1.0.0
Marvin White,10558,S,DB,2007,3.528770817517228,3.393986992134215,0.1347838253830127,3.268877134453875,0.2598936830633529,3.160842113818403,3.706589982149014,v1.0.0,v1.0.0
Leroy Harris,10559,C,OL,2007,2.5844329182448638,3.251610396857331,-0.6671774786124671,3.275126536409845,-0.6906936181649814,3.051221929679205,3.412079333185662,v1.0.0,v1.0.0
Zak DeOssie,10560,ILB,LB,2007,4.654073528994502,3.6903467838207824,0.9637267451737195,3.7646097081912724,0.8894638208032295,3.442344942448524,3.9242253848315016,v1.0.0,v1.0.0
Manny Ramirez,10561,OG,OL,2007,3.83720811032256,3.460505874332048,0.3767022359905119,3.7119033874006875,0.12530472292187245,3.2329990693087822,3.712849942909519,v1.0.0,v1.0.0
Ryne Robinson,10562,WR,WR,2007,2.6554775013275047,3.177799237085695,-0.5223217357581902,3.2562475330027887,-0.600770031675284,2.983518234254066,3.384948434572428,v1.0.0,v1.0.0
Allen Barbre,10563,OT,OL,2007,3.1491418106994007,3.705659334150713,-0.5565175234513124,3.692719420523168,-0.5435776098237675,3.4730546154993482,3.914692117898091,v1.0.0,v1.0.0
Baraka Atkins,10564,DE,EDGE,2007,2.812538078173407,3.4154803626360555,-0.6029422844626486,3.4275081950003865,-0.6149701168269797,3.1542956864590526,3.658340903381053,v1.0.0,v1.0.0
Doug Free,10565,OT,OL,2007,3.658878062835087,3.476831900523021,0.18204616231206616,3.6707535200667603,-0.01187545723167327,3.299056640899611,3.631315225341999,v1.0.0,v1.0.0
Fred Bennett,10566,CB,DB,2007,3.5787954942557114,3.5929521952477708,-0.014156700992059346,3.5564711539505414,0.022324340305170054,3.449229864305498,3.748281694139098,v1.0.0,v1.0.0
Dashon Goldson,10569,S,DB,2007,4.299315022906287,3.1439560280885472,1.1553589948177394,3.2018149031404644,1.0975001197658223,2.931673756556874,3.3770224214428985,v1.0.0,v1.0.0
Chris Davis,10571,WR,WR,2007,2.586733052501921,3.364883717894891,-0.7781506653929697,3.3324290533195784,-0.7456960008176572,3.1891503379611277,3.5805206861131675,v1.0.0,v1.0.0
Scott Chandler,10572,TE,TE,2007,3.968663470456179,3.733248524659628,0.2354149457965513,3.5568983420713023,0.4117651283848769,3.4187840578731095,4.0732671766931166,v1.0.0,v1.0.0
Josh Beekman,10573,OG,OL,2007,3.064574191536438,3.243750372850498,-0.17917618131405977,3.299040187932877,-0.23446599639643884,3.0276110668290923,3.404850162539101,v1.0.0,v1.0.0
Ryan McBean,10575,DT,IDL,2007,3.4461896705496162,3.508503746612002,-0.062314076062385926,3.4222858775294887,0.023903793020127573,3.253384281888045,3.750888281993501,v1.0.0,v1.0.0
Martrez Milner,10576,TE,TE,2007,1.940930471343771,3.3473319955074285,-1.4064015241636576,3.3210096096069304,-1.3800791382631594,3.1258121820429077,3.5754896102389604,v1.0.0,v1.0.0
Antwan Barnes,10577,OLB,EDGE,2007,4.060565646904316,3.6032835768268474,0.4572820700774689,3.568415845605045,0.49214980129927133,3.398076716423847,3.818112474917758,v1.0.0,v1.0.0
Joe Cohen,10578,DT,IDL,2007,1.8158181812103182,3.452361077148467,-1.6365428959381487,3.331624362943049,-1.5158061817327309,3.143879045035388,3.7788326529818104,v1.0.0,v1.0.0
LeRon McClain,10580,FB,RB,2007,4.138925720161006,3.482390165597856,0.6565355545631499,3.4241412296980807,0.7147844904629252,3.148154931647121,3.814635815484871,v1.0.0,v1.0.0
Jay Richardson,10581,DE,EDGE,2007,3.5966048274779854,3.498073430179479,0.09853139729850646,3.3158494341754823,0.2807553933025031,3.285320193193513,3.724816844901753,v1.0.0,v1.0.0
Brandon McDonald,10583,CB,DB,2007,3.8834224701360887,2.8170495061586003,1.0663729639774884,2.8776961987942093,1.0057262713418793,2.543844418950781,3.097979310072568,v1.0.0,v1.0.0
Steve Breaston,10585,WR,WR,2007,3.946502233083245,3.0651949678519848,0.8813072652312601,3.2189199803541717,0.7275822527290732,2.8705748314516333,3.2603680901489733,v1.0.0,v1.0.0
Brandon Harris,10587,CB,DB,2011,3.4172722487377465,3.6572440789534704,-0.23997183021572388,3.5459634349850293,-0.12869118624728282,3.5027514507438737,3.831798554466331,v1.0.0,v1.0.0
Aundrae Allison,10589,WR,WR,2007,3.0404973649442106,3.2146619477667575,-0.17416458282254688,3.198470778602993,-0.15797341365878248,3.045172340645842,3.3857527790555504,v1.0.0,v1.0.0
Tarell Brown,10590,CB,DB,2007,4.22307223321896,3.357527856113906,0.8655443771050537,3.3790852059596,0.8439870272593599,3.2221786829569767,3.5327791346491035,v1.0.0,v1.0.0
Kolby Smith,10591,RB,RB,2007,2.995843821087393,3.40284793308269,-0.4070041119952972,3.5108080252555687,-0.5149642041681757,3.1576598997142686,3.6312345571168145,v1.0.0,v1.0.0
Uche Nwaneri,10592,OG,OL,2007,3.8703362986573775,3.2152750633981046,0.6550612352592728,3.567123841991299,0.30321245666607854,3.0130141329822653,3.3898302295671248,v1.0.0,v1.0.0
Josh Gattis,10593,S,DB,2007,1.345801546169376,3.6087864926369737,-2.262984946467598,3.588868138470745,-2.2430665923013686,3.4595824472613215,3.7509760123466482,v1.0.0,v1.0.0
Antonio Johnson,10595,DT,IDL,2007,3.9235586747305797,3.584939453877134,0.33861922085344576,3.5433606285644843,0.3801980461660954,3.415280195229847,3.722565514085619,v1.0.0,v1.0.0
Kevin Boss,10596,TE,TE,2007,3.849427795524237,3.6121561777639215,0.23727161776031558,3.3274163411857853,0.5220114543384518,3.3056199596003917,3.8836556083390295,v1.0.0,v1.0.0
Clifton Ryan,10597,DT,IDL,2007,3.5222380992124513,3.53550112377072,-0.013263024558268555,3.465195672271311,0.057042426941140256,3.347302715954904,3.688649387434072,v1.0.0,v1.0.0
Dante Rosario,10598,TE,TE,2007,4.215118006768925,3.5130430839227245,0.7020749228462009,3.4043182935195304,0.8107997132493949,3.225982064146257,3.7827069165829506,v1.0.0,v1.0.0
David Clowney,10600,WR,WR,2007,3.2615219073320834,3.167736160570328,0.09378574676175555,3.287309230107904,-0.02578732277582052,2.968770794376262,3.377511227661342,v1.0.0,v1.0.0
Justin Medlock,10603,K,ST,2007,1.5373628566898307,3.5576289264011454,-2.0202660697113144,3.3324519849448064,-1.7950891282549757,3.197240795782534,3.9292758861081647,v1.0.0,v1.0.0
Tim Shaw,10607,OLB,EDGE,2007,3.8997755338995894,3.6820481056138936,0.2177274282856958,3.6597883146012635,0.2399872192983259,3.5397744594465665,3.826363820201885,v1.0.0,v1.0.0
Eric Frampton,10608,S,DB,2007,4.058346492391621,3.57342473609799,0.4849217562936312,3.424702414040737,0.6336440783508839,3.4328832293795153,3.711878049210661,v1.0.0,v1.0.0
Derek Landri,10609,DT,IDL,2007,3.988761394884917,3.508982589706505,0.479778805178412,3.496510200255671,0.49225119462924605,3.293716464386523,3.7214376353661365,v1.0.0,v1.0.0
Kevin Payne,10610,S,DB,2007,3.183687955948746,3.5713244700910063,-0.3876365141422604,3.5914437173829588,-0.4077557614342129,3.3821798997731607,3.8032693691465034,v1.0.0,v1.0.0
Corey Graham,10611,CB,DB,2007,4.582850509945941,3.5537694817932453,1.0290810281526959,3.548306503233274,1.0345440067126672,3.3576845733510274,3.771825195387376,v1.0.0,v1.0.0
Legedu Naanee,10615,WR,WR,2007,3.840643878065867,3.621453754599434,0.2191901234664333,3.61432170397756,0.22632217408830702,3.377234561843926,3.92255589936148,v1.0.0,v1.0.0
Michael Coe,10616,CB,DB,2007,3.1644024097887096,3.4230989092234023,-0.25869649943469275,3.383744733140587,-0.21934232335187742,3.284959618355548,3.5520099206887696,v1.0.0,v1.0.0
Troy Smith,10617,QB,QB,2007,2.6253389429191434,3.2563924565205613,-0.6310535136014179,3.443273959772779,-0.8179350168536357,2.7259900427781893,3.703405106399893,v1.0.0,v1.0.0
Nick Folk,10621,K,ST,2007,4.636888746260136,3.8226786320012254,0.8142101142589109,3.421003185101649,1.2158855611584873,3.4944499732710312,4.19894146871371,v1.0.0,v1.0.0
H.B. Blades,10622,ILB,LB,2007,3.6942882594600555,3.4546300114298423,0.23965824803021318,3.514829642435838,0.1794586170242174,3.190662364990525,3.7433645538601947,v1.0.0,v1.0.0
Kasey Studdard,10626,OG,OL,2007,2.6554775013275047,3.3504675515946714,-0.6949900502671666,3.529957423796081,-0.8744799224685762,3.172716492807682,3.5698310050144673,v1.0.0,v1.0.0
John Wendling,10627,S,DB,2007,4.133069824698468,3.76020125730789,0.3728685673905776,3.7313620541767047,0.4017077705217629,3.610644929227244,3.921004449795704,v1.0.0,v1.0.0
Matt Toeaina,10630,DT,IDL,2007,3.1644024097887096,3.549972679878362,-0.3855702700896524,3.537478648826741,-0.37307623903803133,3.3897122601042087,3.7353550242020512,v1.0.0,v1.0.0
Adam Koets,10632,OT,OL,2007,1.940930471343771,3.5926847156021693,-1.6517542442583983,3.569668174621857,-1.628737703278086,3.435215101668989,3.751439707864804,v1.0.0,v1.0.0
Desmond Bishop,10635,ILB,LB,2007,3.885495962641629,3.3268435220051606,0.5586524406364686,3.5682095652667227,0.3172863973749065,2.892181205732292,3.7715586685932365,v1.0.0,v1.0.0
Mason Crosby,10636,K,ST,2007,4.858767783071576,3.4295427489446215,1.4292250341269543,3.2538928276138295,1.6048749554577464,2.7363637376928995,4.170698991278661,v1.0.0,v1.0.0
David Irons,10637,CB,DB,2007,2.759613832938619,3.287242398967002,-0.5276285660283833,3.2717974664351095,-0.5121836334964907,3.1075489289596616,3.501862006914429,v1.0.0,v1.0.0
Deon Anderson,10638,FB,RB,2007,3.319192988672008,3.452343096000602,-0.13315010732859411,3.4308579243201556,-0.11166493564814761,3.2326897350338446,3.6463054017797734,v1.0.0,v1.0.0
Courtney Taylor,10640,WR,WR,2007,2.6469482242548565,3.190470314512822,-0.5435220902579654,3.2002803138407496,-0.5533320895858931,2.9937503812389434,3.4101578014629164,v1.0.0,v1.0.0
Daren Stone,10646,S,DB,2007,2.759613832938619,3.3968275511340824,-0.6372137181954636,3.3966573652031835,-0.6370435322645647,3.1958190774013886,3.6381686072493324,v1.0.0,v1.0.0
Jacob Ford,10647,DE,EDGE,2007,3.4028402771254793,3.6041388916812593,-0.20129861455578002,3.531449643041359,-0.1286093659158798,3.446814115157019,3.812879710192694,v1.0.0,v1.0.0
Jordan Palmer,10648,QB,QB,2007,1.4400119924534576,2.323571196021931,-0.8835592035684734,3.180900291705185,-1.7408882992517276,1.8827723026188845,2.7971087492219064,v1.0.0,v1.0.0
Prescott Burgess,10650,OLB,EDGE,2007,3.3620814469560374,3.448819868591766,-0.08673842163572854,3.4187779817752184,-0.05669653481918102,3.2526070400842793,3.6325785675472977,v1.0.0,v1.0.0
Jordan Kent,10653,WR,WR,2007,2.3868469108371837,3.465230306885178,-1.0783833960479945,3.46894139766788,-1.0820944868306963,3.2667887571428964,3.6862897135251864,v1.0.0,v1.0.0
Ben Patrick,10658,TE,TE,2007,3.4172722487377465,3.536109193193961,-0.11883694445621451,3.3345797680586724,0.08269248067907409,3.216747867936349,3.8491857814043557,v1.0.0,v1.0.0
Kelvin Smith,10662,ILB,LB,2007,1.345801546169376,3.4609373167188267,-2.1151357705494505,3.3620978099013628,-2.016296263731987,3.157143181248362,3.7281740969966735,v1.0.0,v1.0.0
Marvin Mitchell,10663,ILB,LB,2007,4.058346492391621,3.543660135803422,0.5146863565881992,3.4445726371632692,0.6137738552283518,3.2827318981505456,3.7487616581011514,v1.0.0,v1.0.0
Trumaine McBride,10664,CB,DB,2007,3.915727254695066,3.3573992064488043,0.5583280482462616,3.228998295759884,0.6867289589351819,3.1963837044107293,3.4973959063045,v1.0.0,v1.0.0
Derek Schouman,10665,FB,RB,2007,2.7280462042748432,3.45211861638325,-0.7240724121084066,3.620614529421418,-0.8925683251465748,3.1625109208030913,3.6989460967846353,v1.0.0,v1.0.0
Michael Johnson,10667,S,DB,2007,3.5222380992124513,3.319537586421251,0.20270051279120027,3.3469186978327294,0.1753194013797219,3.1187700564425582,3.4669772091651625,v1.0.0,v1.0.0
Brandon Fields,10668,P,ST,2007,4.291279913785008,3.7016134394243467,0.5896664743606612,3.3483165342058316,0.9429633795791763,2.8264218448096945,4.435379500369754,v1.0.0,v1.0.0
C.J. Wilson,10669,CB,DB,2007,2.767401898851979,3.3529847423546317,-0.5855828435026527,3.2258927336555185,-0.45849083480353947,3.190690341465783,3.5166468564922173,v1.0.0,v1.0.0
Dallas Baker,10670,WR,WR,2007,1.940930471343771,3.2399164081549845,-1.2989859368112135,3.379674895948196,-1.4387444246044252,3.036281091084294,3.485612161161416,v1.0.0,v1.0.0
DeShawn Wynn,10671,RB,RB,2007,2.767401898851979,3.4211253453403923,-0.6537234464884132,3.263117053720524,-0.4957151548685448,3.1588821364746758,3.6786343633740484,v1.0.0,v1.0.0
Syndric Steptoe,10677,WR,WR,2007,2.6554775013275047,2.897214303568489,-0.24173680224098426,3.1861289130652137,-0.530651411737709,2.5000529008338215,3.323747708124256,v1.0.0,v1.0.0
Chansi Stuckey,10678,WR,WR,2007,3.678993436143429,3.290219536806036,0.38877389933739304,3.271209930291376,0.4077835058520529,3.1276630056154784,3.4337813579539462,v1.0.0,v1.0.0
C.J. Ah You,10682,DE,EDGE,2007,3.2183476152534807,3.8448812190122537,-0.626533603758773,3.6825146603330605,-0.46416704507957984,3.64735009470094,4.065601612389152,v1.0.0,v1.0.0
Brandon Siler,10683,ILB,LB,2007,3.819988560282025,3.5283411184551574,0.29164744182686775,3.223831598301595,0.5961569619804301,3.171174439490472,3.880676247819642,v1.0.0,v1.0.0
Clark Harris,10686,TE,TE,2007,4.586364032014431,3.7270818861263333,0.8592821458880975,3.4154365729998086,1.1709274590146221,3.25669032114034,4.160545671049124,v1.0.0,v1.0.0
Jason Snelling,10687,FB,RB,2007,4.045012691500104,3.284633892988509,0.7603787985115953,3.1937772591625957,0.8512354323375084,3.0541945980200866,3.5450577614179846,v1.0.0,v1.0.0
Kenneth Darby,10689,RB,RB,2007,3.389950372522161,3.21169249248522,0.17825788003694099,3.1782484483347253,0.2117019241874356,2.929968217157107,3.450099509406425,v1.0.0,v1.0.0
Ahmad Bradshaw,10693,RB,RB,2007,4.140608864647747,3.2701718268025046,0.870437037845242,3.3947757544465076,0.745833110201239,2.9701212807718336,3.54037939761284,v1.0.0,v1.0.0
Chad Nkang,10694,S,DB,2007,2.912533449240207,3.585731669201188,-0.6731982199609807,3.5932050231774646,-0.6806715739372575,3.426611355024382,3.7727103058948805,v1.0.0,v1.0.0
Chinedum Ndukwe,10696,S,DB,2007,3.628618092270494,3.4937999932528054,0.13481809901768838,3.4041669649739488,0.22445112729654504,3.2746367151896587,3.768182749463188,v1.0.0,v1.0.0
Jonathan Holland,10697,WR,WR,2007,2.586733052501921,3.1440990059704244,-0.5573659534685032,3.3181492224961753,-0.7314161699942541,2.9488195286613763,3.318908890273333,v1.0.0,v1.0.0
Jamaal Anderson,11116,DE,EDGE,2007,3.875089022657199,3.8996495387274805,-0.024560516070281757,3.532439034408043,0.3426499882491556,3.715616605382009,4.113286365625073,v1.0.0,v1.0.0
Jake Long,11234,OT,OL,2008,3.875089022657199,3.5499169188334174,0.32517210382378137,3.59378632478289,0.2813026978743087,3.3159683427061055,3.806211034168612,v1.0.0,v1.0.0
Chris Long,11236,DE,EDGE,2008,4.479101610784992,3.9007910599213136,0.5783105508636788,3.446130371606869,1.0329712391781234,3.7056888217042125,4.091417674504515,v1.0.0,v1.0.0
Matt Ryan,11237,QB,QB,2008,4.797891799490081,3.484961692091556,1.3129301073985253,3.41004448204561,1.387847317444471,2.773549146230862,4.063649125124184,v1.0.0,v1.0.0
Darren McFadden,11238,RB,RB,2008,4.1637609341758,3.402078468972961,0.7616824652028389,3.1895839245910897,0.97417700958471,3.1688518934829717,3.720477887063808,v1.0.0,v1.0.0
Glenn Dorsey,11239,DT,IDL,2008,4.1225172637771275,3.3514540694019463,0.7710631943751811,3.317670993014457,0.8048462707626705,3.147908667406511,3.5734206640761763,v1.0.0,v1.0.0
Vernon Gholston,11240,DE,EDGE,2008,3.4320586792359524,3.7125651528370245,-0.28050647360107206,3.632047389496533,-0.1999887102605804,3.477236307746378,3.9696987873402287,v1.0.0,v1.0.0
Derrick Harvey,11241,DE,EDGE,2008,3.5604844242273583,3.5702639148544675,-0.009779490627109144,3.471742508318418,0.08874191590894043,3.3595380222626208,3.787724692510892,v1.0.0,v1.0.0
Sedrick Ellis,11242,DT,IDL,2008,3.7841173901632863,3.534999002880929,0.24911838728235747,3.3616640831283777,0.4224533070349086,3.290448451556807,3.807163280613729,v1.0.0,v1.0.0
Keith Rivers,11243,OLB,EDGE,2008,3.849427795524237,3.557120941645357,0.29230685387888,3.5717867225484534,0.27764107297578366,3.382810789924176,3.7398189337235954,v1.0.0,v1.0.0
Jerod Mayo,11244,ILB,LB,2008,4.11626721562249,3.677228285761514,0.43903892986097626,3.3458671654751924,0.7704000501472978,3.3217318775151576,3.9492506384189636,v1.0.0,v1.0.0
Leodis McKelvin,11245,CB,DB,2008,4.189003300474334,3.540422799207503,0.6485805012668311,3.4835718546332037,0.7054314458411302,3.393267874665097,3.700863336937302,v1.0.0,v1.0.0
Ryan Clady,11246,OT,OL,2008,3.6942882594600555,3.2957840370545597,0.39850422240549577,3.532651252411691,0.16163700704836437,3.104189567805284,3.4993122148533717,v1.0.0,v1.0.0
Jonathan Stewart,11247,RB,RB,2008,4.356177639011858,3.5862792046085827,0.7698984344032755,3.5039708670803207,0.8522067719315376,3.295172885298681,3.9246755689256676,v1.0.0,v1.0.0
Chris Williams,11248,OT,OL,2008,2.4302874475538276,3.213644705191515,-0.7833572576376873,3.3942939518312567,-0.9640065042774291,3.0334575276084323,3.385617942429001,v1.0.0,v1.0.0
Branden Albert,11249,OG,OL,2008,3.965022004349544,3.2025261134946836,0.7624958908548605,3.34073389246307,0.6242881118864743,2.988554656455922,3.4053691121558165,v1.0.0,v1.0.0
Dominique Rodgers-Cromartie,11250,CB,DB,2008,4.500319059833927,3.6202342168311463,0.880084843002781,3.5979690111893103,0.902350048644617,3.4382845819022965,3.791385540495264,v1.0.0,v1.0.0
Gosder Cherilus,11251,OT,OL,2008,3.9018576261174744,3.22528645466405,0.6765711714534244,3.4544109070688,0.4474467190486746,3.0506395050730215,3.379037213402964,v1.0.0,v1.0.0
Joe Flacco,11252,QB,QB,2008,4.798311473889774,3.0373285027918437,1.76098297109793,3.4662474151163427,1.332064058773431,2.537773615636383,3.5176248903415694,v1.0.0,v1.0.0
Jeff Otah,11253,OT,OL,2008,3.0057495495866404,2.916894094379051,0.08885545520758953,3.1940572180813396,-0.18830766849469915,2.640191178396822,3.17371840083053,v1.0.0,v1.0.0
Aqib Talib,11254,CB,DB,2008,4.463283727251276,3.6106807778583736,0.8526029493929022,3.5334126730094666,0.9298710542418092,3.4589326184373443,3.772194898655861,v1.0.0,v1.0.0
Sam Baker,11255,OT,OL,2008,3.5604844242273583,3.2123418269551545,0.34814259727220387,3.4185031911502,0.14198123307715838,2.9879107290355544,3.4502081956451653,v1.0.0,v1.0.0
Felix Jones,11256,RB,RB,2008,3.8997755338995894,3.497909309605592,0.4018662242939972,3.3594844877571166,0.5402910461424728,3.346246973413493,3.733431937301316,v1.0.0,v1.0.0
Rashard Mendenhall,11257,RB,RB,2008,3.831739629233062,3.283818378889656,0.5479212503434057,3.5718539284328226,0.2598857008002393,2.9241241439981174,3.6413923249150497,v1.0.0,v1.0.0
Chris Johnson,11258,RB,RB,2008,4.314431983313061,3.437306777974949,0.8771252053381122,3.177049887594236,1.137382095718825,3.1971223784370544,3.8027491030737366,v1.0.0,v1.0.0
Mike Jenkins,11259,CB,DB,2008,4.103583886377161,3.3669596068888166,0.7366242794883449,3.399620532676728,0.7039633537004333,3.1921071075144534,3.5684523965534733,v1.0.0,v1.0.0
Duane Brown,11260,OT,OL,2008,4.103583886377161,3.4973299826152706,0.6062539037618908,3.623322587450894,0.48026129892626734,3.3613569908603895,3.617186720821009,v1.0.0,v1.0.0
Antoine Cason,11261,CB,DB,2008,4.121197348513228,3.4626385288310457,0.6585588196821819,3.397169793834374,0.7240275546788535,3.2391681662480334,3.6884117033732977,v1.0.0,v1.0.0
Lawrence Jackson,11262,DE,EDGE,2008,3.774831517952426,3.643095370866126,0.1317361470863001,3.564500818656151,0.21033069929627501,3.455511950635036,3.87492508328857,v1.0.0,v1.0.0
Kentwan Balmer,11263,DT,IDL,2008,3.4028402771254793,3.6944599382525114,-0.2916196611270321,3.3774655095623816,0.025374767563097755,3.441441472742419,3.9195609872414927,v1.0.0,v1.0.0
Dustin Keller,11264,TE,TE,2008,3.80230039399085,3.5622125503888498,0.2400878436020002,3.6694908006966176,0.13280959329423236,3.1848690549831997,3.847751189627399,v1.0.0,v1.0.0
Kenny Phillips,11265,S,DB,2008,3.6991019980368116,3.514373634835112,0.1847283632016996,3.539531268126828,0.15957072990998356,3.365508750735676,3.647607891970928,v1.0.0,v1.0.0
Phillip Merling,11266,DE,EDGE,2008,3.5779910376539963,3.8851236482232885,-0.3071326105692922,3.6161477698433466,-0.03815673218935034,3.6698149105237174,4.138283200807991,v1.0.0,v1.0.0
Donnie Avery,11267,WR,WR,2008,3.875089022657199,3.428861255449686,0.446227767207513,3.5493738737579217,0.3257151488992771,3.2313903229772727,3.646528177274668,v1.0.0,v1.0.0
Devin Thomas,11268,WR,WR,2008,3.5666456077978115,2.985330342780593,0.5813152650172184,3.2457613442384727,0.32088426355933874,2.5952011174338296,3.30044740412129,v1.0.0,v1.0.0
Brandon Flowers,11269,CB,DB,2008,4.234042957780739,3.264052087480913,0.9699908702998257,3.1404388247154054,1.0936041330653334,3.082446975943445,3.4543727398428206,v1.0.0,v1.0.0
Jordy Nelson,11270,WR,WR,2008,4.4114200421344,3.0405231371749184,1.3708969049594812,3.2312274821762754,1.1801925599581242,2.8152928260705554,3.288933645280439,v1.0.0,v1.0.0
Curtis Lofton,11271,ILB,LB,2008,4.256899455181893,3.4924624540064557,0.7644370011754371,3.1159254803338947,1.1409739748479981,3.055074944432485,3.9710636664243824,v1.0.0,v1.0.0
John Carlson,11272,TE,TE,2008,3.9758857669824756,3.4089005547643145,0.5669852122181611,3.389729587365651,0.5861561796168244,3.2061776648829214,3.5883848111620367,v1.0.0,v1.0.0
Chilo Rachal,11273,OG,OL,2008,2.8416172862401536,3.0940209057569303,-0.2524036195167767,3.3098162924522567,-0.4681990062121031,2.8833265088116864,3.2742929932841354,v1.0.0,v1.0.0
Tracy Porter,11274,CB,DB,2008,4.108424072704949,3.477398178782386,0.6310258939225628,3.4495654361798667,0.6588586365250824,3.2953120248706353,3.674770609083715,v1.0.0,v1.0.0
James Hardy,11275,WR,WR,2008,2.523550556078262,3.218057851309825,-0.694507295231563,3.5927045868662026,-1.0691540307879408,2.9734353080078764,3.482635940699589,v1.0.0,v1.0.0
Eddie Royal,11276,WR,WR,2008,4.217516643842962,3.112456069133684,1.1050605747092779,3.4259156432779725,0.7916010005649894,2.8627895094544136,3.387597294749883,v1.0.0,v1.0.0
Tyrell Johnson,11277,S,DB,2008,3.604762203817715,3.4753024696645745,0.12945973415314072,3.4540439879432956,0.15071821587441958,3.251244567707695,3.7154598730136055,v1.0.0,v1.0.0
Matt Forte,11278,RB,RB,2008,4.389605914414404,3.5307050224853618,0.8589008919290424,3.6214300158217427,0.7681758985926614,3.2987451987593914,3.7091912543994674,v1.0.0,v1.0.0
Jordon Dizon,11279,OLB,EDGE,2008,3.087790945227789,3.3807384959654714,-0.2929475507376824,3.188179645924408,-0.1003887006966191,3.169690878655594,3.6716092506961604,v1.0.0,v1.0.0
Jerome Simpson,11280,WR,WR,2008,3.717541111300135,2.8917201300298836,0.8258209812702515,3.1329831169843794,0.5845579943157557,2.5621681252959703,3.1695137706382224,v1.0.0,v1.0.0
Trevor Laws,11281,DT,IDL,2008,3.60821227878799,3.8149222706794457,-0.20670999189145567,3.6306117961946995,-0.022399517406709535,3.6255333038596853,4.043710801710045,v1.0.0,v1.0.0
Fred Davis,11282,TE,TE,2008,3.831739629233062,3.535706018124944,0.2960336111081179,3.6314055319827316,0.20033409725033025,3.208063343324651,3.835943029512174,v1.0.0,v1.0.0
DeSean Jackson,11283,WR,WR,2008,4.66960816728706,3.500155444473701,1.169452722813359,3.308914789845764,1.360693377441296,3.144416458588729,3.8954213375037443,v1.0.0,v1.0.0
Calais Campbell,11284,DE,EDGE,2008,4.963502247483836,3.6187291511169333,1.344773096366903,3.254470835858266,1.70903141162557,3.363790820589019,3.8871963312745366,v1.0.0,v1.0.0
Malcolm Kelly,11285,WR,WR,2008,2.812538078173407,3.41011979063609,-0.597581712462683,3.371002394977466,-0.5584643168040593,3.115393742863347,3.609292249988232,v1.0.0,v1.0.0
Quentin Groves,11286,OLB,EDGE,2008,4.071412258950327,3.7141817171523943,0.3572305417979331,3.51284623293472,0.5585660260156073,3.5211667578634622,3.94380688799255,v1.0.0,v1.0.0
Limas Sweed,11287,WR,WR,2008,2.759613832938619,3.057635933713767,-0.29802210077514824,3.2235879571796158,-0.46397412424099693,2.708793420308747,3.3953684089650755,v1.0.0,v1.0.0
Jason Jones,11288,DE,EDGE,2008,4.177238273405982,3.8557441924023665,0.32149408100361576,3.3846931358691466,0.7925451375368358,3.581771766172059,4.181012239672104,v1.0.0,v1.0.0
Ray Rice,11289,RB,RB,2008,3.9900939829605995,3.584199165555097,0.4058948174055024,3.5717594483109476,0.41833453464965187,3.363784286893384,3.888823066798873,v1.0.0,v1.0.0
Brian Brohm,11290,QB,QB,2008,1.1246303308484744,3.0767352041589864,-1.952104873310512,3.2529700058959845,-2.12833967504751,2.652368274626922,3.5016937106071113,v1.0.0,v1.0.0
Chad Henne,11291,QB,QB,2008,3.853179150489601,2.982350104922625,0.870829045566976,3.226476722935459,0.6267024275541422,2.4638621370564042,3.4630340138285245,v1.0.0,v1.0.0
Dexter Jackson,11292,WR,WR,2008,1.8158181812103182,2.9418874715921444,-1.1260692903818261,3.205935873150736,-1.3901176919404177,2.656442552884362,3.2903751053806536,v1.0.0,v1.0.0
Mike Pollak,11293,C,OL,2008,3.1102069596740494,3.468101611619287,-0.35789465194523773,3.562396742220899,-0.4521897825468497,3.3108746699695297,3.6508512435915677,v1.0.0,v1.0.0
Pat Lee,11294,CB,DB,2008,3.590722434390039,3.4072724049984426,0.18345002939159638,3.4145479860042807,0.17617444838575835,3.2455663724570503,3.564263346854463,v1.0.0,v1.0.0
Martellus Bennett,11295,TE,TE,2008,4.400604484781823,3.4430421822658883,0.9575623025159348,3.344090205807512,1.0565142789743112,3.0520565323211706,3.87266895178255,v1.0.0,v1.0.0
Terrence Wheatley,11296,CB,DB,2008,2.1486374407659596,3.646529064338588,-1.4978916235726283,3.5461044577235366,-1.397467016957577,3.4988457220987086,3.800387307943652,v1.0.0,v1.0.0
Terrell Thomas,11297,CB,DB,2008,3.65267405126285,3.3791219741679877,0.2735520770948625,3.3308530553901963,0.3218209958726539,3.1093149542439176,3.6389094514620752,v1.0.0,v1.0.0
Kevin Smith,11298,RB,RB,2008,3.61679958486642,3.579421075401492,0.037378509464927934,3.28847836816273,0.32832121670368997,3.212998523559736,3.9343430917565017,v1.0.0,v1.0.0
John Greco,11299,OT,OL,2008,3.8537756378222547,3.233789813125674,0.6199858246965806,3.2865492153742744,0.5672264224479804,3.0554082540082788,3.4083727097303025,v1.0.0,v1.0.0
Kendall Langford,11300,DE,EDGE,2008,4.3157188825970625,3.4847862204732984,0.830932662123764,3.2173757362605704,1.098343146336492,3.266531597292747,3.684162760455364,v1.0.0,v1.0.0
Charles Godfrey,11301,CB,DB,2008,4.029023070322787,3.324789106522695,0.7042339638000921,3.359808913300079,0.6692141570227084,3.1330048497038674,3.4999592510511004,v1.0.0,v1.0.0
Chevis Jackson,11302,CB,DB,2008,3.1528451932898274,3.486606018802542,-0.33376082551271447,3.395100100151507,-0.2422549068616795,3.4001567286628784,3.571603868564185,v1.0.0,v1.0.0
Jacob Hester,11303,FB,RB,2008,3.7363017214982253,3.466148106325192,0.27015361517303305,3.5349831312689024,0.20131859022932286,3.235208326771237,3.6978448940393465,v1.0.0,v1.0.0
Earl Bennett,11304,WR,WR,2008,3.8834224701360887,3.18091005920229,0.7025124109337986,3.386903150935965,0.4965193192001238,2.879537967740757,3.4834193179659976,v1.0.0,v1.0.0
Tavares Gooden,11305,ILB,LB,2008,3.6796400525393627,3.4855885267075766,0.1940515258317861,3.3167697570185304,0.3628702955208323,3.2817123483554873,3.7217799108557945,v1.0.0,v1.0.0
Chris Ellis,11306,DE,EDGE,2008,2.3868481303175892,3.4043925406488604,-1.0175444103312712,3.096645374943424,-0.7097972446258347,3.138665189492913,3.6648198953327484,v1.0.0,v1.0.0
Jamaal Charles,11307,RB,RB,2008,4.279316551026145,3.5236509538454963,0.755665597180649,3.3420503650893054,0.9372661859368399,3.291150283613792,3.795660736878843,v1.0.0,v1.0.0
Dan Connor,11308,ILB,LB,2008,3.765740956740437,3.2684936885862097,0.4972472681542275,3.304608913453831,0.4611320432866064,2.988563968197574,3.5514579077123583,v1.0.0,v1.0.0
Reggie Smith,11309,CB,DB,2008,3.467468875860921,3.509487709324885,-0.04201883346396418,3.4528460147050737,0.014622861155847211,3.321719737640628,3.705725400215074,v1.0.0,v1.0.0
Brad Cottam,11310,TE,TE,2008,2.9599211317095553,3.995306750422663,-1.0353856187131076,3.57557217194859,-0.6156510402390345,3.488994125957466,4.569022141797788,v1.0.0,v1.0.0
Pat Sims,11311,DT,IDL,2008,4.314431983313061,3.1803674972099283,1.1340644861031328,3.277682518323653,1.0367494649894082,2.8088628230619515,3.5200006085422673,v1.0.0,v1.0.0
Shawn Crable,11312,OLB,EDGE,2008,1.6770794524643968,3.419720534440364,-1.742641081975967,3.377902184552946,-1.7008227320885492,3.1481886102508385,3.6834824233157906,v1.0.0,v1.0.0
Antwaun Molden,11313,CB,DB,2008,3.57999730376674,3.6598786845567766,-0.0798813807900367,3.6431453564918024,-0.06314805272506252,3.5246704139761613,3.8341252288142558,v1.0.0,v1.0.0
Bryan Smith,11314,OLB,EDGE,2008,1.6770794524643968,3.381229571072212,-1.7041501186078152,3.2654687268065192,-1.5883892743421224,3.188930683722518,3.582120579351497,v1.0.0,v1.0.0
Early Doucet,11315,WR,WR,2008,3.61679958486642,3.3989130097936577,0.21788657507276232,3.3505066463509934,0.2662929385154267,3.1700212676275945,3.591836856030646,v1.0.0,v1.0.0
DaJuan Morgan,11316,S,DB,2008,3.111644679156027,3.3608085015839153,-0.24916382242788826,3.3916761477624986,-0.28003146860647155,3.210812149400132,3.4968066092800645,v1.0.0,v1.0.0
Jeremy Zuttah,11317,OT,OL,2008,3.790686771467528,3.577853398944911,0.21283337252261703,3.5992611336824383,0.1914256377850898,3.417508112291368,3.7590260631656824,v1.0.0,v1.0.0
Harry Douglas,11318,WR,WR,2008,4.228580740763092,3.1054302486913654,1.1231504920717263,3.255690590802772,0.9728901499603198,2.799860235230854,3.386883202773084,v1.0.0,v1.0.0
Craig Stevens,11319,TE,TE,2008,4.152896624380726,3.6758987089005446,0.47699791548018133,3.584909417206483,0.5679872071742431,3.308565319711342,4.069296724658868,v1.0.0,v1.0.0
Tom Zbikowski,11320,S,DB,2008,3.726301524252564,3.7215030591150873,0.004798465137476615,3.744223662681975,-0.01792213842941104,3.5049301626056675,3.9179595418384086,v1.0.0,v1.0.0
Andre Fluellen,11321,DT,IDL,2008,3.9447877314431503,3.596413152244491,0.34837457919865944,3.538694697901071,0.40609303354207915,3.4272447608776253,3.776014170928213,v1.0.0,v1.0.0
Bruce Davis,11322,OLB,EDGE,2008,2.057714358921055,3.4675573077421453,-1.4098429488210904,3.309790855024801,-1.2520764961037463,3.2904355566791876,3.639507843982983,v1.0.0,v1.0.0
Steve Slaton,11323,RB,RB,2008,3.488551805100471,3.2040678822713677,0.2844839228291032,3.2583323865262344,0.23021941857423656,2.992673215554487,3.4043895028219224,v1.0.0,v1.0.0
Marcus Harrison,11324,DT,IDL,2008,3.3063672737986014,3.5906704465022288,-0.28430317270362737,3.6073636107937195,-0.3009963369951181,3.4420477176118847,3.765650831925995,v1.0.0,v1.0.0
Jermichael Finley,11325,TE,TE,2008,3.8135566254054982,3.1685571272189597,0.6449994981865386,3.237748856397223,0.575807769008275,2.880876634023442,3.4613036936587163,v1.0.0,v1.0.0
Cliff Avril,11326,OLB,EDGE,2008,4.362424253620245,3.832726848542984,0.5296974050772607,3.595621000006161,0.7668032536140839,3.5751369601318057,4.038376492865799,v1.0.0,v1.0.0
Philip Wheeler,11327,ILB,LB,2008,4.306053276985419,3.46942865787789,0.8366246191075288,3.4954278012839795,0.8106254757014395,3.231319995406514,3.683541595479467,v1.0.0,v1.0.0
Kevin O'Connell,11328,QB,QB,2008,0.9146634597162007,2.9203322541202565,-2.005668794404056,3.4023259125298044,-2.4876624528136038,2.511726628874548,3.3435762980901527,v1.0.0,v1.0.0
Mario Manningham,11329,WR,WR,2008,3.785291302644668,2.974447313443384,0.8108439892012838,3.1203118522298356,0.6649794504148323,2.6342018897962904,3.2681379985493177,v1.0.0,v1.0.0
Chad Rinehart,11330,OG,OL,2008,3.1528451932898274,3.3899445260223144,-0.23709933273248707,3.468975245966965,-0.31613005267713756,3.2563102806428152,3.5193410525482647,v1.0.0,v1.0.0
Thomas DeCoud,11332,S,DB,2008,4.096781332489056,3.4165888998041303,0.6801924326849256,3.3668524839099008,0.7299288485791551,3.272781611498787,3.5784939668346634,v1.0.0,v1.0.0
Tyvon Branch,11334,CB,DB,2008,4.182333626264437,3.4374483475847977,0.7448852786796389,3.483540096649817,0.6987935296146195,3.1890126612273044,3.688856660246724,v1.0.0,v1.0.0
Justin King,11335,CB,DB,2008,3.304592901681356,3.408338271646003,-0.1037453699646469,3.4060761794830734,-0.10148327780171718,3.203058075439559,3.612561506961753,v1.0.0,v1.0.0
Jeremy Thompson,11336,DE,EDGE,2008,2.4570567304749815,3.8077976580099633,-1.3507409275349818,3.5922897672223737,-1.1352330367473922,3.7058265048533765,3.956361250044369,v1.0.0,v1.0.0
Beau Bell,11338,ILB,LB,2008,1.5216626918475837,3.214890178368014,-1.6932274865204304,3.494440118390203,-1.9727774265426192,2.8717224345979253,3.587670334340698,v1.0.0,v1.0.0
Will Franklin,11339,WR,WR,2008,2.4302874475538276,3.1287640022199295,-0.6984765546661018,3.2906393665723304,-0.8603519190185027,2.759542150286134,3.483748187991454,v1.0.0,v1.0.0
Marcus Smith,11340,WR,WR,2008,2.812538078173407,3.0629571461006084,-0.2504190679272016,3.4091596945554214,-0.5966216163820146,2.7477456001892495,3.3689439301383346,v1.0.0,v1.0.0
Kory Lichtensteiger,11342,C,OL,2008,3.508972332652167,3.0726920169999237,0.43628031565224346,3.196732942562248,0.31223939008991897,2.855203004474899,3.289067961335967,v1.0.0,v1.0.0
Mike McGlynn,11343,OG,OL,2008,3.4461896705496162,3.246174066370967,0.2000156041786494,3.398738336256506,0.047451334293110214,3.068749589969364,3.4212835237311197,v1.0.0,v1.0.0
Martin Rucker,11345,TE,TE,2008,1.8590985382447174,3.4455899368933034,-1.586491398648586,3.526632927465365,-1.6675343892206478,3.1603660503435247,3.752614659768272,v1.0.0,v1.0.0
Anthony Collins,11346,OT,OL,2008,2.5095420008001468,3.093380274662799,-0.5838382738626522,3.2961611907501753,-0.7866191899500286,2.899834234661543,3.27487983914387,v1.0.0,v1.0.0
Dwight Lowery,11347,CB,DB,2008,4.217516643842962,3.2686458597239874,0.9488707841189745,3.272825324633035,0.9446913192099267,3.1235392844643037,3.4454619517625797,v1.0.0,v1.0.0
Dre Moore,11349,DT,IDL,2008,1.8158181812103182,3.6799085878036086,-1.8640904065932904,3.587856237870392,-1.772038056660074,3.447822882013722,3.891691670172576,v1.0.0,v1.0.0
Kenny Iwebema,11350,DE,EDGE,2008,3.1481389932070876,3.3516315830430043,-0.20349258983591678,3.2309519306420045,-0.08281293743491691,3.1465137542873913,3.587989885833846,v1.0.0,v1.0.0
Quintin Demps,11351,S,DB,2008,4.206299474539849,3.4476708696343406,0.7586286049055082,3.459976125727567,0.7463233488122816,3.251716255612921,3.6408994413541396,v1.0.0,v1.0.0
Xavier Adibi,11352,OLB,EDGE,2008,3.3620814469560374,3.022125400347104,0.3399560466089335,3.0607114078298676,0.3013700391261698,2.7065931007847843,3.3911540749036067,v1.0.0,v1.0.0
Jack Williams,11354,S,DB,2000,2.812538078173407,3.131551004422329,-0.3190129262489223,3.1131894178342763,-0.30065133966086943,2.8888795337673026,3.3764663561254538,v1.0.0,v1.0.0
Craig Steltz,11356,S,DB,2008,3.875089022657199,3.4456304725886886,0.4294585500685102,3.3961143181670503,0.47897470449014845,3.2699422756142353,3.6245906210286467,v1.0.0,v1.0.0
Red Bryant,11358,DT,IDL,2008,3.9996395364235564,3.335281589044506,0.6643579473790506,3.476478999871655,0.5231605365519014,3.1091231070316696,3.581682910306177,v1.0.0,v1.0.0
Tashard Choice,11359,RB,RB,2008,4.017611319447864,3.6930500002400377,0.3245613192078265,3.4928281373210295,0.5247831821268347,3.416850220734869,4.0481790405548566,v1.0.0,v1.0.0
Bryan Kehl,11360,OLB,EDGE,2008,3.870881888228548,3.6534809562459487,0.21740093198259913,3.565076185023335,0.30580570320521305,3.518267126414481,3.836311673454588,v1.0.0,v1.0.0
Justin Tryon,11361,CB,DB,2008,3.746150394761617,3.2930875817497123,0.45306281301190454,3.2913747062291585,0.4547756885324583,3.0530641341725033,3.5376301413607023,v1.0.0,v1.0.0
Ryan Torain,11362,RB,RB,2008,2.674578458998522,3.1879251262623636,-0.5133466672638414,3.315971264285088,-0.6413928052865656,2.9770240023038306,3.3882981968006747,v1.0.0,v1.0.0
Gary Barnidge,11364,TE,TE,2008,4.23634438270206,3.679628785957989,0.5567155967440711,3.5362030498361072,0.7001413328659529,3.430394730911044,4.034120864182626,v1.0.0,v1.0.0
Zack Bowman,11365,CB,DB,2008,4.09064813607092,3.433581899901447,0.6570662361694728,3.4368463436797367,0.653801792391183,3.250351826934633,3.6411088310954938,v1.0.0,v1.0.0
Orlando Scandrick,11366,CB,DB,2008,4.398278682514417,3.4329079526051314,0.9653707299092855,3.328406070602314,1.069872611912103,3.1591914087722173,3.71283383263178,v1.0.0,v1.0.0
DeMario Pressley,11367,DT,IDL,2008,1.8526840240530842,3.343064633669837,-1.490380609616753,3.2713836545857413,-1.4186996305326571,3.0528319362594774,3.5884533091171487,v1.0.0,v1.0.0
Jerome Felton,11369,FB,RB,2008,4.334629307209144,3.5402185388087184,0.7944107684004256,3.502760713150445,0.8318685940586992,3.2611648928812755,3.7850618926079664,v1.0.0,v1.0.0
Lavelle Hawkins,11371,WR,WR,2008,3.598933940662449,3.5923064434102225,0.006627497252226444,3.4278475836504825,0.1710863570119665,3.2251066518184643,3.97384975158055,v1.0.0,v1.0.0
Alvin Bowen,11372,OLB,EDGE,2008,0.9146634597162007,3.2895246458923175,-2.374861186176117,3.2478657447185544,-2.3332022850023537,3.0660724534561457,3.5243712197042045,v1.0.0,v1.0.0
Jacob Tamme,11373,TE,TE,2008,4.291279913785008,3.597675944069357,0.6936039697156509,3.4426742176077227,0.8486056961772852,3.3290033139851025,3.92048813504226,v1.0.0,v1.0.0
Carlton Powell,11374,DT,IDL,2008,1.1451351194023418,3.206540214817678,-2.061405095415336,3.185671017665022,-2.0405358982626804,2.839827383994658,3.6207833940274137,v1.0.0,v1.0.0
Keenan Burton,11375,WR,WR,2008,2.863455195111033,3.480186362407262,-0.616731167296229,3.553870463887741,-0.6904152687767078,3.3163429445730497,3.6430336820273763,v1.0.0,v1.0.0
Jonathan Wilhite,11376,CB,DB,2008,3.5847863200739116,3.383614445857587,0.20117187421632465,3.3122239637023547,0.2725623563715569,3.174007402856612,3.5832932780292053,v1.0.0,v1.0.0
Derek Fine,11379,TE,TE,2008,2.6469482242548565,3.514657938203158,-0.8677097139483014,3.5407715775058306,-0.8938233532509741,3.109213363124952,3.8887149753127885,v1.0.0,v1.0.0
Stanford Keglar,11381,OLB,EDGE,2008,3.270741920076855,3.823763200660865,-0.55302128058401,3.7104355573759094,-0.43969363729905453,3.6056688434821615,4.099421337573118,v1.0.0,v1.0.0
Frank Okam,11385,DT,IDL,2008,2.9548883427539363,3.477467863097992,-0.5225795203440557,3.3449334247538025,-0.3900450819998662,3.1319846669966864,3.8166621786704975,v1.0.0,v1.0.0
Letroy Guion,11386,DT,IDL,2008,4.158805755986539,3.5384494740946018,0.6203562818919375,3.4356038965222897,0.7232018594642495,3.3308642972037923,3.77276296343482,v1.0.0,v1.0.0
Kroy Biermann,11388,OLB,EDGE,2008,4.181919302310256,3.3182803214575887,0.863638980852667,3.3512296804350306,0.8306896218752251,3.073826248409584,3.6433858907408245,v1.0.0,v1.0.0
Thomas Williams,11389,ILB,LB,2008,2.3124415619933303,3.254762935623539,-0.9423213736302087,3.1944992329419604,-0.8820576709486301,2.9843831227386466,3.55933499293604,v1.0.0,v1.0.0
Dennis Dixon,11390,QB,QB,2008,1.291546279055462,2.9470705467765423,-1.6555242677210804,3.2540040344093946,-1.9624577553539326,2.3157071704524017,3.6287821035136845,v1.0.0,v1.0.0
Kellen Davis,11392,TE,TE,2008,4.225832322291904,3.6665106256642392,0.5593216966276646,3.542882519313666,0.6829498029782379,3.3380459047604316,4.015420771971141,v1.0.0,v1.0.0
Josh Johnson,11394,QB,QB,2008,3.4600541751371052,2.5672697565547367,0.8927844185823686,3.222302149243975,0.23775202589313027,1.944220210274829,3.2284187294567985,v1.0.0,v1.0.0
Marcus Howard,11395,OLB,EDGE,2008,2.0548197685407565,3.336668914084777,-1.2818491455440206,3.388994630544238,-1.3341748620034815,2.9135350417193013,3.772611281405798,v1.0.0,v1.0.0
Owen Schmitt,11397,FB,RB,2008,3.819988560282025,3.530592676136885,0.28939588414514006,3.6497683355504,0.17022022473162535,3.2300348613413044,3.7800982579190197,v1.0.0,v1.0.0
Carl Nicks,11398,OT,OL,2008,3.173159346567495,3.3675421269192833,-0.19438278035178813,3.633079400096041,-0.4599200535285459,3.155010426743671,3.570287721052043,v1.0.0,v1.0.0
Jonathan Goff,11399,ILB,LB,2008,3.3063672737986014,3.6601181411305777,-0.35375086733197625,3.664927764755156,-0.35856049095655473,3.323601667357975,3.951834932523341,v1.0.0,v1.0.0
Marcus Thomas,11400,RB,RB,2008,1.1451351194023418,3.136942513348981,-1.9918073939466392,3.2477934066082943,-2.1026582872059523,2.887249683664982,3.3830930121587786,v1.0.0,v1.0.0
Durant Brooks,11402,P,ST,2008,1.1451351194023418,3.3069043285154414,-2.1617692091130998,3.206094836687237,-2.060959717284895,2.581085927017433,4.116630569349898,v1.0.0,v1.0.0
Barry Richardson,11404,OT,OL,2008,3.4735621360271987,3.0257596623914016,0.44780247363579706,3.2321118248595937,0.24145031116760496,2.8150503687346555,3.2073216000997977,v1.0.0,v1.0.0
Dominique Barber,11407,S,DB,2008,3.3336385885689284,3.3961942077211966,-0.06255561915226826,3.3684362288225698,-0.034797640253641404,3.253460647786448,3.548877214234011,v1.0.0,v1.0.0
Josh Morgan,11408,WR,WR,2008,4.02448466966741,3.531973458328558,0.4925112113388517,3.501390238205313,0.5230944314620967,3.291529373656714,3.739044298595398,v1.0.0,v1.0.0
Geno Hayes,11409,OLB,EDGE,2008,4.07784795508909,3.3294172746018926,0.7484306804871972,3.233199650176768,0.8446483049123219,3.070126630714491,3.6238868391260803,v1.0.0,v1.0.0
Jalen Parmele,11410,RB,RB,2008,3.194614020971638,3.6006700263981175,-0.4060560054264797,3.549537671173434,-0.3549236502017963,3.416301538369539,3.8001480967043837,v1.0.0,v1.0.0
Taylor Mehlhaff,11412,K,ST,2008,0.7854339968946757,2.918079796732891,-2.1326457998382153,3.358202773054245,-2.5727687761595694,1.6368235266762594,4.271047180869531,v1.0.0,v1.0.0
Xavier Omon,11413,RB,RB,2008,1.735795963476514,3.2745360745504177,-1.5387401110739036,3.375273697522618,-1.6394777340461038,3.0173410122461215,3.5377680979326778,v1.0.0,v1.0.0
Nick Hayden,11415,DT,IDL,2008,3.8940487176170118,3.651865137820119,0.24218357979689298,3.4265679307774297,0.46748078683958205,3.3817824500892986,3.9020755689390665,v1.0.0,v1.0.0
Kevin Robinson,11416,WR,WR,2008,1.940930471343771,2.525019706954204,-0.584089235610433,2.739432872969471,-0.7985024016256999,2.122461733424443,3.054323154515296,v1.0.0,v1.0.0
Spencer Larsen,11417,ILB,LB,2008,3.716145067615561,3.1833128159376436,0.5328322516779176,3.051853601035251,0.6642914665803104,2.7576955978235436,3.601286666717965,v1.0.0,v1.0.0
Mike Gibson,11418,OG,OL,2008,2.586733052501921,3.376429698155855,-0.7896966456539336,3.515027162598626,-0.9282941100967048,3.155963753150446,3.605109077781521,v1.0.0,v1.0.0
Chris Harrington,11419,DE,EDGE,2008,1.6069508975281073,3.458244146615617,-1.8512932490875098,3.530680264961459,-1.9237293674333515,3.0846780687653257,3.7869040076741785,v1.0.0,v1.0.0
John Sullivan,11421,C,OL,2008,3.747477771321016,3.406214709886963,0.34126306143405305,3.411820985878852,0.33565678544216393,3.2311465915359334,3.5499812865878533,v1.0.0,v1.0.0
Ahtyba Rubin,11424,DT,IDL,2008,4.367034202021414,3.576260146842718,0.7907740551786961,3.2948419298042957,1.0721922722171184,3.271111701609428,3.8766178234863444,v1.0.0,v1.0.0
Paul Hubbard,11425,WR,WR,2008,0.6417787318052229,3.0705352431823725,-2.4287565113771494,3.337518496786181,-2.695739764980958,2.774397007015539,3.373866801864689,v1.0.0,v1.0.0
Jaymar Johnson,11427,WR,WR,2008,1.6770794524643968,3.1663723357113143,-1.4892928832469174,3.369845838915432,-1.6927663864510352,2.948086832178044,3.3855634342321865,v1.0.0,v1.0.0
Donald Thomas,11429,OG,OL,2008,2.6554775013275047,3.380649268426644,-0.7251717670991393,3.5214692899834277,-0.865991788655923,3.1748144781422085,3.564755898355949,v1.0.0,v1.0.0
Tom Santi,11430,TE,TE,2008,1.9594796171115287,3.3525860539045924,-1.3931064367930637,3.4329615195188468,-1.473481902407318,2.9712247332888873,3.633907349457465,v1.0.0,v1.0.0
Mike Hart,11436,RB,RB,2008,2.7280462042748432,3.0513253462041203,-0.3232791419292771,3.1657529008946206,-0.43770669661977735,2.6945213134783317,3.313722313843584,v1.0.0,v1.0.0
Lex Hilliard,11438,FB,RB,2008,3.7428182531599177,3.3878597818706826,0.3549584712892351,3.3171690817451758,0.4256491714147419,3.143788404039863,3.665391389383252,v1.0.0,v1.0.0
Pierre Garcon,11439,WR,WR,2008,4.420541132492418,3.4077589464290616,1.0127821860633563,3.6386119473331187,0.7819291851592993,3.2414186966717304,3.6129436954454626,v1.0.0,v1.0.0
Matt Flynn,11443,QB,QB,2008,3.5741531265389073,3.0703778295399724,0.5037752969989349,3.3173620880340557,0.2567910385048515,2.636569492365396,3.471953020542688,v1.0.0,v1.0.0
Chauncey Washington,11447,RB,RB,2008,2.013481806880479,3.552709780510278,-1.539227973629799,3.4027730202901303,-1.3892912134096513,3.3595729487277985,3.735634079608716,v1.0.0,v1.0.0
Larry Grant,11448,OLB,EDGE,2008,3.7948502984479697,3.5913488833021527,0.203501415145817,3.477861070726057,0.31698922772191285,3.381478455444228,3.8891768689865427,v1.0.0,v1.0.0
Caleb Campbell,11452,S,DB,2008,1.1451351194023418,3.7428045349690198,-2.5976694155666777,3.7890505235836844,-2.6439154041813424,3.554620519847385,3.9756613397656175,v1.0.0,v1.0.0
Demetress Bell,11453,OT,OL,2008,3.2183476152534807,3.128711507434807,0.0896361078186736,3.3341503626981197,-0.11580274744463903,2.816516648045943,3.3729758937987557,v1.0.0,v1.0.0
Josh Barrett,11454,S,DB,2008,2.912610282873049,3.602378578083867,-0.689768295210818,3.678778892475561,-0.766168609602512,3.3687342148632164,3.8357445316259566,v1.0.0,v1.0.0
Brandon Keith,11459,OT,OL,2008,2.6204072052750687,2.960744110585815,-0.34033690531074656,3.5158231263035544,-0.8954159210284858,2.5957197648967787,3.3085484923370045,v1.0.0,v1.0.0
Peyton Hillis,11461,FB,RB,2008,3.935201699236324,3.6451022369046386,0.2900994623316855,3.4727541102435198,0.46244758899280436,3.308590923731266,3.9830672461306937,v1.0.0,v1.0.0
King Dunlap,11464,OT,OL,2008,3.4954301761653195,3.239708992690546,0.25572118347477346,3.4827155511425283,0.012714625022791193,2.9856232134127465,3.5274176168605345,v1.0.0,v1.0.0
Justin Forsett,11467,RB,RB,2008,4.2736089225873055,3.4802179820531784,0.7933909405341271,3.2533508012962766,1.0202581212910289,3.101950855639414,3.8159996651398447,v1.0.0,v1.0.0
Jamey Richard,11470,C,OL,2008,2.9599211317095553,3.2637921826209833,-0.30387105091142796,3.3374932664451613,-0.377572134735606,3.120922760980007,3.395289738402282,v1.0.0,v1.0.0
Adrian Arrington,11471,WR,WR,2008,1.4639229141164507,3.352816851690865,-1.8888939375744145,3.345925280594262,-1.8820023664778112,3.1454354774546873,3.5413760001533667,v1.0.0,v1.0.0
Geoff Schwartz,11475,OT,OL,2008,3.5479840389742314,2.957350852678057,0.5906331862961745,3.265495516804342,0.2824885221698894,2.7141004228392265,3.2029276513246994,v1.0.0,v1.0.0
Lionel Dotson,11479,DT,IDL,2008,2.1338180985725437,3.343599712813045,-1.2097816142405011,3.074853898233934,-0.9410357996613903,3.048706610170519,3.6704700622225013,v1.0.0,v1.0.0
Chris Horton,11483,S,DB,2008,3.0741435672906428,3.2735375477300486,-0.19939398043940582,3.3151449988440325,-0.2410014315533897,3.0709544556080806,3.501419497450549,v1.0.0,v1.0.0
Nathan Stupar,11784,OLB,EDGE,2012,3.131875632847984,3.7131588196119045,-0.5812831867639203,3.5122452891365885,-0.3803696562886043,3.541748740247556,3.9370507716577547,v1.0.0,v1.0.0
Darius Butler,12423,CB,DB,2009,4.2606860317273165,3.4461606677806653,0.8145253639466512,3.308489210127194,0.9521968216001224,3.275578122406266,3.615927995836271,v1.0.0,v1.0.0
Vontae Davis,12424,CB,DB,2009,4.267983656724666,3.8038625616930304,0.46412109503163546,3.7429776439377855,0.5250060127868803,3.6319593067863307,3.9676522601012723,v1.0.0,v1.0.0
Macho Harris,12425,CB,DB,2009,2.6469482242548565,3.6204572388395557,-0.9735090145846992,3.4865291775168012,-0.8395809532619447,3.456781399913423,3.819278806083209,v1.0.0,v1.0.0
Malcolm Jenkins,12426,CB,DB,2009,4.654073528994502,3.743104054659506,0.9109694743349959,3.6161281805828462,1.0379453484116556,3.5555122377376835,3.891927263158788,v1.0.0,v1.0.0
D.J. Moore,12429,CB,DB,2009,3.4530238369508592,3.4879945018450793,-0.03497066489422007,3.3946486465591463,0.058375190391712906,3.342413013900894,3.668269950617833,v1.0.0,v1.0.0
Sean Smith,12430,CB,DB,2009,4.325242862508528,3.6023922467974225,0.7228506157111054,3.60231497377383,0.7229278887346982,3.422102345782853,3.7874211830648368,v1.0.0,v1.0.0
Alphonso Smith,12431,CB,DB,2009,3.4172722487377465,3.3655272191268044,0.05174502961094207,3.279957244157575,0.13731500458017143,3.2018008547988948,3.540659305367434,v1.0.0,v1.0.0
Robert Ayers,12432,DE,EDGE,2009,4.239459655794183,3.600338469442541,0.6391211863516415,3.375003725336583,0.8644559304575994,3.3623089808877427,3.844467485857086,v1.0.0,v1.0.0
Everette Brown,12433,DE,EDGE,2009,3.4138311044771363,3.4744140981147615,-0.060582993637625204,3.368989121221513,0.044841983255623497,3.278986821548222,3.6705890854610557,v1.0.0,v1.0.0
Larry English,12434,OLB,EDGE,2009,3.755740759494776,3.5271623336120386,0.22857842588273725,3.512345555520109,0.24339520397466696,3.3421122477206033,3.6711423854536642,v1.0.0,v1.0.0
Tyson Jackson,12435,DE,EDGE,2009,4.225817836854073,3.5401955319814022,0.6856223048726711,3.143881468590869,1.0819363682632042,3.2795576084502036,3.7909847062415216,v1.0.0,v1.0.0
Michael Johnson,12436,DE,EDGE,2009,4.4283591114698115,3.7164710419546663,0.7118880695151453,3.564667689962728,0.8636914215070837,3.4453334718464306,3.9709251213786794,v1.0.0,v1.0.0
Paul Kruger,12437,DE,EDGE,2009,4.181919302310256,3.44585258095368,0.7360667213565755,3.3881306343000097,0.793788668010246,3.2710051208916155,3.61905831696707,v1.0.0,v1.0.0
Clay Matthews,12438,OLB,EDGE,2009,4.454647316121763,3.7464949365971045,0.7081523795246585,3.6053005155936493,0.8493468005281137,3.634349846690048,3.854741911900428,v1.0.0,v1.0.0
Brian Orakpo,12439,DE,EDGE,2009,4.3243181054443545,3.427997548744177,0.8963205567001773,3.5122575481049076,0.8120605573394468,3.0701948886025767,3.7932107493803535,v1.0.0,v1.0.0
Matt Shaughnessy,12440,DE,EDGE,2009,3.8580945905893893,3.2702339745502367,0.5878606160391526,3.153220034805652,0.7048745557837375,3.0160358850577107,3.5681272567652265,v1.0.0,v1.0.0
Ron Brace,12441,DT,IDL,2009,3.3336385885689284,3.603853040807797,-0.27021445223886875,3.329897008576375,0.003741579992553312,3.3531026129348214,3.8306496761207156,v1.0.0,v1.0.0
Ziggy Hood,12442,DT,IDL,2009,4.3686684977954,3.8211971483159406,0.5474713494794594,3.6801260837873113,0.6885424140080887,3.663010303877244,3.9919637500996217,v1.0.0,v1.0.0
Ricky Jean-Francois,12443,DT,IDL,2009,4.3392721840921915,3.372835110364228,0.9664370737279637,3.21892700656156,1.1203451775306315,3.022744802653954,3.641831159119544,v1.0.0,v1.0.0
Peria Jerry,12444,DT,IDL,2009,3.726301524252564,3.3966532048629814,0.3296483193895825,3.385482184827837,0.34081933942472675,3.229987861496292,3.5857163867194957,v1.0.0,v1.0.0
Sen'Derrick Marks,12445,DT,IDL,2009,4.11626721562249,3.2760429535915145,0.8402242620309757,3.2202780400364914,0.8959891755859988,2.9021747103210145,3.633127943815072,v1.0.0,v1.0.0
Fili Moala,12446,DT,IDL,2009,3.726301524252564,3.4160871260225445,0.3102143982300194,3.347081528781755,0.37921999547080887,3.165510634901846,3.6417246567751564,v1.0.0,v1.0.0
B.J. Raji,12447,DT,IDL,2009,3.9830286960066124,3.7172329474574406,0.26579574854917176,3.6159834781731237,0.36704521783348865,3.4663969158146015,3.9656225760233244,v1.0.0,v1.0.0
Vance Walker,12448,DT,IDL,2009,4.096781332489056,3.4537946646835955,0.6429866678054603,3.25948457718091,0.8372967553081461,3.13588424129916,3.8632666793164967,v1.0.0,v1.0.0
Connor Barwin,12449,OLB,EDGE,2009,4.343882132493361,4.09026384364457,0.25361828884879056,3.7684028032917176,0.5754793292016434,3.8803978664275802,4.266211425734788,v1.0.0,v1.0.0
Jasper Brinkley,12451,ILB,LB,2009,4.003998256448456,3.747745164755402,0.25625309169305455,3.6863494295701624,0.317648826878294,3.497106421224371,3.9819181932892067,v1.0.0,v1.0.0
Aaron Curry,12452,OLB,EDGE,2009,3.60821227878799,3.7792147557493823,-0.17100247696139226,3.5496067717225155,0.058605507065474516,3.5563349806254054,3.933968322705141,v1.0.0,v1.0.0
Brian Cushing,12453,OLB,EDGE,2009,4.146858912802384,3.663553651555389,0.4833052612469948,3.627591735380786,0.519267177421598,3.477195912812312,3.8718264712218216,v1.0.0,v1.0.0
James Laurinaitis,12454,ILB,LB,2009,4.1987305841937035,3.606262814548967,0.5924677696447365,3.5799955508804575,0.618735033313246,3.4252869085563438,3.7382657147789615,v1.0.0,v1.0.0
Rey Maualuga,12455,ILB,LB,2009,4.239459655794183,4.106757532844563,0.13270212294961947,3.670841992531818,0.5686176632623647,3.391519183018574,4.672976197388174,v1.0.0,v1.0.0
Aaron Maybin,12456,DE,EDGE,2009,3.5022365210790616,3.506930297841076,-0.004693776762014323,3.4142752946905985,0.08796122638846304,3.283974927107043,3.7669601707736073,v1.0.0,v1.0.0
Tyrone McKenzie,12457,OLB,EDGE,2009,2.704490561053983,3.195802900638776,-0.4913123395847929,3.51647616448733,-0.8119856034333468,2.7875736435551035,3.5820029879654434,v1.0.0,v1.0.0
Clint Sintim,12458,OLB,EDGE,2009,2.9599211317095553,3.492624539839128,-0.5327034081295725,3.242399434516835,-0.2824783028072799,3.3167330764981067,3.6730452267845637,v1.0.0,v1.0.0
David Buehler,12459,K,ST,2009,3.288798636746454,4.133621022578603,-0.8448223858321486,3.8494713110258605,-0.5606726742794064,3.2807907761235913,6.714820866159107,v1.0.0,v1.0.0
Tom Brandstater,12466,QB,QB,2009,0.6417787318052229,2.614274652846655,-1.972495921041432,3.2747819550464494,-2.6330032232412264,2.1320327930296474,3.085325631047323,v1.0.0,v1.0.0
Josh Freeman,12473,QB,QB,2009,3.755740759494776,3.2477302903206064,0.5080104691741694,3.4399267279857337,0.3158140315090421,2.8232477568019565,3.6694530780805277,v1.0.0,v1.0.0
Stephen McGee,12478,QB,QB,2009,1.1246303308484744,2.726671341544398,-1.6020410106959238,3.307851366796589,-2.1832210359481143,2.2661630980490983,3.1780436372618737,v1.0.0,v1.0.0
Curtis Painter,12479,QB,QB,2009,2.319330128167699,2.339587236035121,-0.020257107867422075,3.281144013967427,-0.961813885799728,1.8482057791004327,2.920059272951856,v1.0.0,v1.0.0
Mark Sanchez,12482,QB,QB,2009,3.9447877314431503,3.198671518317418,0.7461162131257324,3.340868850353593,0.6039188810895575,2.8399190560660377,3.5293210701864988,v1.0.0,v1.0.0
Matthew Stafford,12483,QB,QB,2009,4.848001491384987,2.5762508637469548,2.271750627638032,3.2932140585376684,1.5547874328473186,2.1205244694166305,2.967060728094884,v1.0.0,v1.0.0
Pat White,12485,QB,QB,2009,2.4302874475538276,2.7038826325818404,-0.2735951850280127,3.2039527199063516,-0.7736652723525239,2.155423672498196,3.209823557567985,v1.0.0,v1.0.0
Donald Brown,12489,RB,RB,2009,3.996064842508419,3.413319327451266,0.582745515057153,3.4808092844967815,0.5152555580116376,3.1125242994227307,3.688840116132753,v1.0.0,v1.0.0
Andre Brown,12490,RB,RB,2009,2.8464875562016982,3.5696965148427413,-0.7232089586410431,3.592233781738524,-0.7457462255368257,3.243919992095089,3.9313542901784344,v1.0.0,v1.0.0
Glen Coffee,12491,RB,RB,2009,2.5095420008001468,3.458361375009815,-0.9488193742096684,3.3311437389662757,-0.8216017381661289,3.1597427170301495,3.7720553417912126,v1.0.0,v1.0.0
James Davis,12493,RB,RB,2009,2.1486374407659596,3.460637936949603,-1.3120004961836433,3.4796044337081478,-1.3309669929421881,3.2043664825623184,3.721043833567623,v1.0.0,v1.0.0
Tony Fiammetta,12496,FB,RB,2009,3.568768435951485,3.661240551400777,-0.09247211544929179,3.549240696050985,0.019527739900500052,3.358154448976862,3.933052548763733,v1.0.0,v1.0.0
Cody Glenn,12498,OLB,EDGE,2009,2.704490561053983,3.478028961885964,-0.7735384008319808,3.527890428854884,-0.8233998678009007,3.292652944058385,3.6581791047552423,v1.0.0,v1.0.0
Mike Goodson,12499,RB,RB,2009,3.3623612069545383,3.3595595609330484,0.002801646021489912,3.5948968975693307,-0.2325356906147924,3.1315025372406007,3.593459441161217,v1.0.0,v1.0.0
Shonn Greene,12500,RB,RB,2009,3.938944008386418,3.546704472655209,0.3922395357312092,3.493773406057004,0.44517060232941397,3.36260397139491,3.738017374796316,v1.0.0,v1.0.0
Rashad Jennings,12503,RB,RB,2009,4.02448466966741,3.6012287734624207,0.42325589620498905,3.6963783416075287,0.32810632805988105,3.3869898371130738,3.808987188664943,v1.0.0,v1.0.0
Gartrell Johnson,12507,RB,RB,2009,2.704490561053983,3.1081419482518498,-0.40365138719786664,3.285205529900702,-0.5807149688467188,2.8066760755911826,3.3168080211182165,v1.0.0,v1.0.0
Quinn Johnson,12508,FB,RB,2009,3.4138311044771363,3.1652886720046234,0.24854243247251295,3.3574883753672506,0.05634272910988569,2.8804325590099817,3.461700809104936,v1.0.0,v1.0.0
LeSean McCoy,12514,RB,RB,2009,4.531556301553884,3.43024639895656,1.101309902597324,3.3034220448197265,1.2281342567341578,3.185749278156325,3.6665356087324694,v1.0.0,v1.0.0
Knowshon Moreno,12516,RB,RB,2009,3.745584302857773,3.5270912889165738,0.21849301394119935,3.6243554625511134,0.1212288403066597,3.3005868788061723,3.726049936427974,v1.0.0,v1.0.0
Chris Ogbonnaya,12517,RB,RB,2009,3.705827390663973,3.383117528319128,0.322709862344845,3.5701002562371436,0.13572713442682938,3.1314186353574196,3.5994726118147193,v1.0.0,v1.0.0
Cedric Peerman,12519,RB,RB,2009,4.036165999346924,3.7078069841176937,0.32835901522923017,3.715401933032575,0.32076406631434873,3.3699198937632855,4.014077027346986,v1.0.0,v1.0.0
Javon Ringer,12520,RB,RB,2009,3.274913274630675,3.3892366027820104,-0.11432332815133561,3.5845008591045593,-0.30958758447388446,3.194681459008957,3.5347952081272576,v1.0.0,v1.0.0
Beanie Wells,12525,RB,RB,2009,3.5479840389742314,3.579462391422653,-0.031478352448421454,3.4979145592003076,0.05006947977392384,3.30345294103998,3.9127025954912074,v1.0.0,v1.0.0
Javarris Williams,12526,RB,RB,2009,1.345801546169376,3.3844093205762684,-2.0386077744068922,3.408700812111496,-2.0628992659421197,3.1014482249752944,3.6498866638263565,v1.0.0,v1.0.0
Patrick Chung,12527,S,DB,2009,4.442066278202341,3.521354871669227,0.9207114065331137,3.480468229318048,0.961598048884293,3.343304505694616,3.7169969720436704,v1.0.0,v1.0.0
Louis Delmas,12528,S,DB,2009,3.8834224701360887,3.7006947782476227,0.18272769188846594,3.5575674524459773,0.3258550176901114,3.5613971582291972,3.856279179423587,v1.0.0,v1.0.0
Nic Harris,12529,OLB,EDGE,2009,3.131875632847984,3.3994358510230716,-0.26756021817508735,3.308766179530353,-0.17689054668236892,3.2064781002107,3.608673182300676,v1.0.0,v1.0.0
William Moore,12530,S,DB,2009,3.8940487176170118,3.7400093725487102,0.15403934506830153,3.689199465538936,0.20484925207807558,3.5931437318993313,3.9346726495672875,v1.0.0,v1.0.0
Travis Beckum,12532,TE,TE,2009,3.508972332652167,3.499839500626037,0.009132832026129911,3.576104550585388,-0.06713221793322077,3.1323578665116103,3.9684055986361706,v1.0.0,v1.0.0
James Casey,12535,FB,RB,2009,3.9900939829605995,3.5223233453018556,0.4677706376587438,3.5945999809965876,0.39549400196401185,3.119862524549689,3.8347864293388523,v1.0.0,v1.0.0
Chase Coffman,12536,TE,TE,2009,3.2529746770177805,3.2527979864140955,0.00017669060368508127,3.247885864568459,0.005088812449321356,2.9209139235862525,3.593421137824328,v1.0.0,v1.0.0
Jared Cook,12537,TE,TE,2009,4.6375751813680814,3.8133766386771053,0.8241985426909761,3.478458427110287,1.1591167542577945,3.403748078406455,4.2804724412722335,v1.0.0,v1.0.0
Dan Gronkowski,12539,TE,TE,2009,2.3868469108371837,3.5756521367886,-1.1888052259514161,3.5748920530356156,-1.188045142198432,3.283700694097392,3.8752725883696466,v1.0.0,v1.0.0
Anthony Hill,12541,TE,TE,2009,2.2332680792706037,3.597213975418866,-1.3639458961482624,3.390781891217415,-1.1575138119468114,3.3689315321954543,3.897757718720733,v1.0.0,v1.0.0
Cameron Morrah,12545,TE,TE,2009,2.995843821087393,3.6405424372266215,-0.6446986161392285,3.5153856242122075,-0.5195418031248145,3.430283571082255,3.8474072099075642,v1.0.0,v1.0.0
Shawn Nelson,12547,TE,TE,2009,2.6469482242548565,3.7287434922727822,-1.0817952680179257,3.4670450811024356,-0.820096856847579,3.46490980080308,4.0692355821446755,v1.0.0,v1.0.0
Bear Pascoe,12548,TE,TE,2009,3.915727254695066,3.0919724647557043,0.8237547899393616,2.9392344223391493,0.9764928323559166,2.7519507656963316,3.4794925081818513,v1.0.0,v1.0.0
Brandon Pettigrew,12549,TE,TE,2009,4.02448466966741,3.603220849730783,0.42126381993662676,3.541132679394423,0.4833519902729866,3.407588386359849,3.7713685622056405,v1.0.0,v1.0.0
John Phillips,12550,TE,TE,2009,4.278706987936972,3.740280531043621,0.538426456893351,3.5700259878567207,0.7086810000802513,3.4315323687696955,4.0072051798517165,v1.0.0,v1.0.0
Richard Quinn,12552,TE,TE,2009,3.1102069596740494,3.278100663459037,-0.16789370378498747,3.3030674348303517,-0.19286047515630234,2.8803709430724775,3.6944419679915814,v1.0.0,v1.0.0
Eddie Williams,12554,FB,RB,2009,1.8799136423825475,3.406636037606101,-1.5267223952235536,3.556102407674883,-1.6761887652923353,3.0886349034483427,3.661586056033947,v1.0.0,v1.0.0
Ramses Barden,12555,WR,WR,2009,3.009975397161222,3.430263678949471,-0.42028828178824895,3.5096256447053324,-0.49965024754411047,3.096426368324233,3.77434757307952,v1.0.0,v1.0.0
Kenny Britt,12556,WR,WR,2009,4.25015948587933,3.262438645352798,0.9877208405265319,3.455643842294934,0.7945156435843956,2.9137714530233536,3.638373928183973,v1.0.0,v1.0.0
Deon Butler,12557,WR,WR,2009,3.252169227988219,3.14826344431255,0.10390578367566894,3.3415313002509035,-0.08936207226268467,2.888440594922082,3.366760674270953,v1.0.0,v1.0.0
Austin Collie,12561,WR,WR,2009,3.5345302867139483,3.258772361923381,0.27575792479056727,3.4854573678845915,0.049072918829356826,3.10424807285742,3.4451614743239674,v1.0.0,v1.0.0
Michael Crabtree,12563,WR,WR,2009,4.398278682514417,3.454471579615605,0.9438071028988118,3.420909863595652,0.977368818918765,3.24738708721126,3.6426004656890343,v1.0.0,v1.0.0
Jarett Dillard,12564,WR,WR,2009,2.812538078173407,3.2653447761994596,-0.4528066980260528,3.3171325184270737,-0.5045944402536668,3.0157004451392817,3.52967513529552,v1.0.0,v1.0.0
Brandon Gibson,12567,WR,WR,2009,3.8580945905893893,3.4053603827862733,0.452734207803116,3.3561777538608037,0.5019168367285856,3.1799890116898153,3.6058285691992302,v1.0.0,v1.0.0
Brian Hartline,12568,WR,WR,2009,4.096781332489056,3.325806602625166,0.77097472986389,3.396947096436538,0.699834236052518,3.1489409443388174,3.5112478147917416,v1.0.0,v1.0.0
Percy Harvin,12569,WR,WR,2009,3.9649131780857294,3.434240675323403,0.5306725027623265,3.6030435693329643,0.3618696087527651,3.232928919743956,3.6817896393830614,v1.0.0,v1.0.0
Darrius Heyward-Bey,12570,WR,WR,2009,4.380671065826391,3.555962828850199,0.8247082369761918,3.750382537364029,0.630288528462362,3.384574704069042,3.722473408396584,v1.0.0,v1.0.0
Juaquin Iglesias,12571,WR,WR,2009,0.6417787318052229,3.3169442832634037,-2.6751655514581807,3.226815599505921,-2.585036867700698,2.8892137454692977,3.6609892549789307,v1.0.0,v1.0.0
Manuel Johnson,12572,WR,WR,2009,0.9146634597162007,3.3269538381152817,-2.412290378399081,3.302124480475687,-2.387461020759486,3.1293156451036195,3.5056027451628253,v1.0.0,v1.0.0
Brandon LaFell,12576,WR,WR,2010,4.265886059460916,3.40549503851404,0.8603910209468761,3.3655347600681385,0.9003512993927778,3.2059472713233883,3.595410350282437,v1.0.0,v1.0.0
Quinten Lawrence,12577,WR,WR,2009,1.6770794524643968,3.362639219376064,-1.6855597669116673,3.5588182217951188,-1.881738769330722,3.0960783326342165,3.6382519388858103,v1.0.0,v1.0.0
Jeremy Maclin,12579,WR,WR,2009,4.181919302310256,3.412406329777959,0.7695129725322967,3.4040290997507325,0.7778902025595231,3.2099306975959103,3.6069452800547532,v1.0.0,v1.0.0
Mohamed Massaquoi,12581,WR,WR,2009,3.5847863200739116,3.200734255798977,0.38405206427493477,3.17341553852927,0.4113707815446417,3.011689092931817,3.3871186484290985,v1.0.0,v1.0.0
Kenny McKinley,12582,WR,WR,2009,1.940930471343771,3.5303503234925295,-1.5894198521487586,3.419916979280387,-1.4789865079366162,3.2772297938904753,3.7633314542823633,v1.0.0,v1.0.0
Marko Mitchell,12584,WR,WR,2009,2.1593671492279647,3.318167208204793,-1.1588000589768281,3.465063551478728,-1.305696402250763,3.0601121096093364,3.5634146784924763,v1.0.0,v1.0.0
Louis Murphy,12585,WR,WR,2009,4.063977728230309,3.550267329377517,0.5137103988527922,3.658984898490472,0.4049928297398373,3.303733106145682,3.815049954634002,v1.0.0,v1.0.0
Hakeem Nicks,12586,WR,WR,2009,4.017495355012839,3.0879419871362774,0.9295533678765615,3.1970462483367608,0.8204491066760782,2.737914099796532,3.4254342124127644,v1.0.0,v1.0.0
Brian Robiskie,12592,WR,WR,2009,3.2529746770177805,3.256829322623043,-0.0038546456052626077,3.4726775783944723,-0.2197029013766918,2.891318387937976,3.643843954099089,v1.0.0,v1.0.0
Jordan Shipley,12594,WR,WR,2010,3.0158545178923437,3.2753306884345315,-0.25947617054218775,3.2386917901186196,-0.22283727222627592,3.019102073010119,3.4539719294858067,v1.0.0,v1.0.0
Sammie Stroughter,12595,WR,WR,2009,3.1491418106994007,3.2216001640403187,-0.07245835334091799,3.3427398365313175,-0.19359802583191676,3.0126408027282086,3.4413573030353315,v1.0.0,v1.0.0
Brandon Tate,12597,WR,WR,2009,4.299315022906287,3.268212622005749,1.0311024009005378,3.2537661293492746,1.045548893557012,3.050860489661453,3.4774637212366843,v1.0.0,v1.0.0
Mike Thomas,12598,WR,WR,2009,3.7428182531599177,3.496911418658384,0.24590683450153383,3.5167504097169373,0.22606784344298037,3.1875878205820287,3.7910564928040027,v1.0.0,v1.0.0
Patrick Turner,12599,WR,WR,2009,2.7767614632340885,3.441650355235496,-0.6648888920014073,3.430684018655365,-0.6539225554212766,3.1991917121655207,3.6597876979677557,v1.0.0,v1.0.0
Tiquan Underwood,12600,WR,WR,2009,3.4011484169814743,3.5865879178594477,-0.18543950087797345,3.633819437218513,-0.23267102023703856,3.305729220325621,3.8477293107827935,v1.0.0,v1.0.0
Mike Wallace,12601,WR,WR,2009,4.380671065826391,3.425979817737445,0.9546912480889458,3.5855945669561655,0.7950764988702255,3.256720016912139,3.6154660596962644,v1.0.0,v1.0.0
Derrick Williams,12602,WR,WR,2009,2.6469482242548565,2.9519975607319147,-0.3050493364770581,3.2569077792223435,-0.609959554967487,2.58847550872772,3.315858148455221,v1.0.0,v1.0.0
Will Beatty,12610,OT,OL,2009,3.819988560282025,3.57942045949058,0.24056810079144508,3.5737892513484604,0.2461993089335648,3.4066186469056277,3.7392335347917895,v1.0.0,v1.0.0
Eben Britton,12611,OT,OL,2009,3.0281160382132595,3.347904355211794,-0.3197883169985345,3.416645265357877,-0.38852922714461746,3.191814304680609,3.4767263098940546,v1.0.0,v1.0.0
Jairus Byrd,12613,CB,DB,2009,4.228580740763092,3.439391495161189,0.7891892456019027,3.3093353055704156,0.9192454351926762,3.2492947465945172,3.669309538984328,v1.0.0,v1.0.0
Andy Levitre,12614,OG,OL,2009,4.343882132493361,3.3522988188799903,0.9915833136133707,3.3475926946807917,0.9962894378125693,3.0677876598364016,3.63731698726601,v1.0.0,v1.0.0
Phil Loadholt,12615,OT,OL,2009,3.7381250919771514,3.2467821354147426,0.4913429565624088,3.375593129064129,0.36253196291302237,3.0388030342184815,3.4382130982914707,v1.0.0,v1.0.0
Alex Mack,12616,C,OL,2009,4.417824034822357,3.1153166891118893,1.3025073457104677,3.3898324158259427,1.0279916189964142,2.9236972572293407,3.307185217924283,v1.0.0,v1.0.0
Sherrod Martin,12617,CB,DB,2009,3.9312968613596864,3.795373489237318,0.1359233721223685,3.6937666365989132,0.23753022476077312,3.6411338052354973,3.9577874890438127,v1.0.0,v1.0.0
Darcel McBath,12618,S,DB,2009,3.274913274630675,3.615823239778682,-0.3409099651480072,3.537343228592429,-0.26242995396175406,3.5106072098232066,3.7230910218612654,v1.0.0,v1.0.0
Eugene Monroe,12620,OT,OL,2009,3.372246395067789,3.2807658245152664,0.09148057055252234,3.3928432738491616,-0.02059687878137284,3.146347994814054,3.4030653935934914,v1.0.0,v1.0.0
Michael Oher,12621,OT,OL,2009,3.3161995716724166,3.478616271607339,-0.16241669993492236,3.5045329193918286,-0.18833334771941201,3.3324484487535964,3.5969844956128085,v1.0.0,v1.0.0
Andre Smith,12622,OT,OL,2009,4.021800773796491,3.097931175065023,0.9238695987314678,3.494664595975055,0.5271361778214358,2.8683127985119614,3.3211128210950416,v1.0.0,v1.0.0
Jason Smith,12623,OT,OL,2009,3.340141104103564,3.4973754148433938,-0.15723431073982974,3.572999018586833,-0.2328579144832692,3.2790246327301533,3.710959606611157,v1.0.0,v1.0.0
Max Unger,12624,C,OL,2009,4.121197348513228,3.446350320017721,0.6748470284955066,3.5439835556381563,0.5772137928750714,3.2332483356539323,3.644858760679321,v1.0.0,v1.0.0
David Veikune,12625,DE,EDGE,2009,1.345801546169376,3.4395377820907647,-2.093736235921389,3.516503719126468,-2.1707021729570917,3.1971248146408837,3.702132248149558,v1.0.0,v1.0.0
Eric Wood,12627,C,OL,2009,3.8156114393641514,3.6737990650890033,0.14181237427514803,3.636164006426666,0.17944743293748555,3.483864028900864,3.843898408401882,v1.0.0,v1.0.0
Asher Allen,12630,CB,DB,2009,3.288798636746454,3.5154068564952077,-0.22660821974875356,3.470755660824531,-0.181957024078077,3.3554243842278795,3.6986400179203383,v1.0.0,v1.0.0
Stanley Arnoux,12631,ILB,LB,2009,2.0548197685407565,3.5085731250980823,-1.4537533565573257,3.3273915804872876,-1.272571811946531,3.277794796215285,3.714148382544535,v1.0.0,v1.0.0
Kevin Barnes,12632,CB,DB,2009,3.0741435672906428,3.574436776126505,-0.500293208835862,3.4271225691936746,-0.3529790019030319,3.443115378461701,3.713433010207934,v1.0.0,v1.0.0
David Bruton,12638,S,DB,2009,4.146933279801299,3.8567457574285275,0.2901875223727717,3.837982681836777,0.3089505979645222,3.6362850590062523,4.100643044140922,v1.0.0,v1.0.0
Joe Burnett,12639,CB,DB,2009,2.5844329182448638,3.5933974684179435,-1.0089645501730797,3.468918401008244,-0.8844854827633801,3.3888971456803256,3.801518830396028,v1.0.0,v1.0.0
Victor Butler,12641,OLB,EDGE,2009,3.7363017214982253,3.50280772205064,0.2334939994475853,3.4333707736066494,0.3029309478915758,3.395566706909952,3.6293523267828234,v1.0.0,v1.0.0
Antoine Caldwell,12642,C,OL,2009,2.523550556078262,3.0779624400883625,-0.5544118840101007,3.2636560016329534,-0.7401054455546916,2.861241397231965,3.2647562524964013,v1.0.0,v1.0.0
Chris Clemons,12645,S,DB,2009,3.8916504281028392,3.463498144676328,0.428152283426511,3.5265847293332917,0.36506569876954753,3.259739761841877,3.6910251882513054,v1.0.0,v1.0.0
Will Davis,12647,DE,EDGE,2009,2.812538078173407,3.444623461687114,-0.632085383513707,3.388891689464174,-0.576353611290767,3.310127324875715,3.5847431738200597,v1.0.0,v1.0.0
Kevin Ellison,12650,OLB,EDGE,2009,2.4302874475538276,3.1156396126288852,-0.6853521650750576,3.4414597424591014,-1.0111722949052737,2.8304408349652346,3.4140701198868317,v1.0.0,v1.0.0
Bradley Fletcher,12652,CB,DB,2009,3.868045250118107,3.4848427601469663,0.3832024899711408,3.493779587629092,0.37426566248901505,3.366889162703781,3.6250669853136963,v1.0.0,v1.0.0
Moise Fokou,12653,OLB,EDGE,2009,3.840643878065867,3.635793993625683,0.20484988444018404,3.3428112009515165,0.49783267711435064,3.3602407776893672,3.8869214073696634,v1.0.0,v1.0.0
Zack Follett,12654,OLB,EDGE,2009,2.586733052501921,3.1827579537734976,-0.5960249012715764,3.1804897240285204,-0.5937566715265992,2.848424335315969,3.4855415907396092,v1.0.0,v1.0.0
Coye Francies,12656,CB,DB,2009,2.8236674677521854,3.4187456124122617,-0.5950781446600764,3.33782436357982,-0.5141568958276346,3.218019032323432,3.619477760465832,v1.0.0,v1.0.0
Andrew Gardner,12659,OT,OL,2009,2.617192100909877,3.2142135603113307,-0.5970214594014536,3.428536071803564,-0.8113439708936867,2.9761582502683046,3.509013820428594,v1.0.0,v1.0.0
Jarron Gilbert,12660,DE,EDGE,2009,1.4639229141164507,3.6233436568936157,-2.159420742777165,3.4428861429917004,-1.9789632288752497,3.386892094109132,3.8348364074860983,v1.0.0,v1.0.0
Tyronne Green,12661,OG,OL,2009,2.4302874475538276,3.151672551917934,-0.7213851043641064,3.4287676208857194,-0.9984801733318918,2.9354565612888965,3.3384551457836853,v1.0.0,v1.0.0
Courtney Greene,12662,S,DB,2009,3.111644679156027,3.465115971001333,-0.353471291845306,3.474778320242085,-0.36313364108605795,3.2841725230497483,3.6916358002078904,v1.0.0,v1.0.0
Cary Harris,12664,CB,DB,2009,1.6069508975281073,3.4270856583517704,-1.820134760823663,3.348581736560779,-1.7416308390326716,3.214853924589552,3.6219398729631997,v1.0.0,v1.0.0
Kevin Huber,12669,P,ST,2009,4.726927025132731,3.829898730002399,0.8970282951303323,3.4332505550963592,1.293676470036372,3.529997800681735,4.156521377480633,v1.0.0,v1.0.0
Brandon Hughes,12670,CB,DB,2009,3.081436392723624,3.4740749607024437,-0.3926385679788198,3.3560876141562743,-0.2746512214326504,3.305858740919772,3.630433881665012,v1.0.0,v1.0.0
Corvey Irvin,12672,DT,IDL,2009,2.8112821446849234,3.5642076736846326,-0.7529255289997092,3.47396917420469,-0.6626870295197667,3.3007979981866753,3.8261032050465347,v1.0.0,v1.0.0
Rashad Johnson,12674,S,DB,2009,4.181919302310256,3.5232041270601275,0.6587151752501281,3.479251148131552,0.7026681541787037,3.4253088675397487,3.642124545031581,v1.0.0,v1.0.0
Terrance Knighton,12677,DT,IDL,2009,4.121197348513228,3.365242841367656,0.7559545071455718,3.3375974822106116,0.783599866302616,3.134411564536215,3.6006449755365946,v1.0.0,v1.0.0
Johnny Knox,12678,WR,WR,2009,3.4320586792359524,3.3081503408733526,0.12390833836259985,3.3819340226192014,0.05012465661675103,3.1633805030763607,3.4824245224466295,v1.0.0,v1.0.0
DeAndre Levy,12682,OLB,EDGE,2009,4.031399628500696,3.405016852423276,0.6263827760774205,3.509473306189755,0.5219263223109412,3.0041383788195226,3.7487009613531868,v1.0.0,v1.0.0
Keenan Lewis,12683,CB,DB,2009,3.9509600467828196,3.4373439703132798,0.5136160764695399,3.4050459988731823,0.5459140479096374,3.3078844594441708,3.605372007163031,v1.0.0,v1.0.0
Alex Magee,12686,DT,IDL,2009,3.131875632847984,3.7317192423448597,-0.5998436094968755,3.6262944042069623,-0.49441877135897805,3.536057102116713,3.8772062202418347,v1.0.0,v1.0.0
Kaluka Maiava,12687,OLB,EDGE,2009,3.745584302857773,3.6389201154868975,0.10666418737087557,3.7800787232756496,-0.03449442041787654,3.1774493248366262,4.04421042512822,v1.0.0,v1.0.0
Scott McKillop,12693,ILB,LB,2009,2.6554775013275047,3.5104933095041226,-0.8550158081766179,3.548704379107712,-0.8932268777802075,3.2313361173117348,3.783171526285847,v1.0.0,v1.0.0
Gerald McRath,12694,ILB,LB,2009,3.356391950537085,3.5659547910853364,-0.20956284054825147,3.3951485119593996,-0.03875656142231465,3.349494141094261,3.7710931172184474,v1.0.0,v1.0.0
Roy Miller,12698,DT,IDL,2009,4.234042957780739,3.7533771422989433,0.48066581548179554,3.538082549308977,0.6959604084717617,3.528313676174844,3.956627220893608,v1.0.0,v1.0.0
Kyle Moore,12700,DE,EDGE,2009,3.081436392723624,3.641401029250386,-0.5599646365267619,3.4546590504901724,-0.3732226577665485,3.45080076060165,3.8471032439048094,v1.0.0,v1.0.0
Thomas Morstead,12701,P,ST,2009,4.948393260618706,3.697998981333508,1.2503942792851985,3.6622619484089745,1.286131312209732,2.8962623772752703,4.547857672126032,v1.0.0,v1.0.0
Captain Munnerlyn,12703,CB,DB,2009,4.424165548536845,3.4653866712236963,0.9587788773131485,3.392762256186865,1.0314032923499798,3.305930678764081,3.6570225230469258,v1.0.0,v1.0.0
Troy Nolan,12707,S,DB,2009,3.252169227988219,3.3840932039286606,-0.1319239759404418,3.3366231402104285,-0.08445391222220966,3.2477245086004607,3.5211761981412617,v1.0.0,v1.0.0
Chris Owens,12713,CB,DB,2009,4.027951344551395,3.469882053401622,0.5580692911497733,3.4219303082313175,0.6060210363200778,3.30224308417259,3.653066050625401,v1.0.0,v1.0.0
Jerraud Powers,12714,CB,DB,2009,4.097148190238399,3.555632353708279,0.5415158365301203,3.4518367359158617,0.6453114543225373,3.42874916355873,3.6999366732756958,v1.0.0,v1.0.0
Myron Pryor,12715,DT,IDL,2009,2.868907891409407,3.2204789241109983,-0.3515710327015915,3.251335875246049,-0.3824279838366422,2.934189402201782,3.508803841409155,v1.0.0,v1.0.0
Glover Quin,12716,S,DB,2009,4.444867935363458,3.3159173368117862,1.128950598551672,3.365405117358645,1.0794628180048131,3.1225887418212244,3.554998113034995,v1.0.0,v1.0.0
Garrett Reynolds,12718,OT,OL,2009,3.340141104103564,3.111646889353772,0.22849421474979215,3.2674543181602593,0.07268678594330469,2.901578580486132,3.3261485268736712,v1.0.0,v1.0.0
Jamarca Sanford,12721,S,DB,2009,4.068170356968152,3.690447769092064,0.37772258787608815,3.7004802765382685,0.3676900804298837,3.4525082760981776,3.9234563410220957,v1.0.0,v1.0.0
Bernard Scott,12724,RB,RB,2009,3.5345302867139483,3.4164548179910814,0.1180754687228669,3.586087446393444,-0.0515571596794957,3.2669190298833892,3.5780628643959345,v1.0.0,v1.0.0
Darell Scott,12725,DT,IDL,2009,3.2183476152534807,3.501914669027433,-0.2835670537739525,3.397068542557323,-0.17872092730384237,3.2463414317451162,3.7157494617308133,v1.0.0,v1.0.0
Lawrence Sidbury,12727,DE,EDGE,2009,3.438250473750448,3.7548768242389605,-0.31662635048851273,3.5624848425348716,-0.12423436878442384,3.533154025465058,3.961775090263286,v1.0.0,v1.0.0
Matt Slauson,12728,OG,OL,2009,3.938944008386418,3.22789742849429,0.7110465798921282,3.2994569864250916,0.6394870219613265,3.040857600018746,3.3972606034711452,v1.0.0,v1.0.0
DeAngelo Smith,12729,CB,DB,2009,1.8158181812103182,3.2444339186816653,-1.428615737471347,3.280861959403342,-1.4650437781930237,3.0381434233589926,3.449172902757877,v1.0.0,v1.0.0
Curtis Taylor,12734,S,DB,2009,2.2332680792706037,3.4428541360409177,-1.209586056770314,3.4362057325395505,-1.2029376532689469,3.2590526260077834,3.6315132394086755,v1.0.0,v1.0.0
Morgan Trent,12739,CB,DB,2009,3.270741920076855,3.574906288052385,-0.30416436797553015,3.5268976767712195,-0.25615575669436463,3.401437154602669,3.7715894290760783,v1.0.0,v1.0.0
Brandon Underwood,12741,S,DB,2009,2.912533449240207,3.4971680225009942,-0.5846345732607872,3.4656165902124103,-0.5530831409722032,3.406784280636222,3.5959076566965207,v1.0.0,v1.0.0
Kraig Urbik,12742,OG,OL,2009,3.340141104103564,3.3117753298630905,0.028365774240473485,3.5067210862243394,-0.1665799821207754,3.1617152535253,3.4478304635634003,v1.0.0,v1.0.0
Louis Vasquez,12744,OG,OL,2009,3.131875632847984,3.4819901681430707,-0.3501145352950865,3.765989687217245,-0.6341140543692609,3.280086458603681,3.733154193399364,v1.0.0,v1.0.0
Chip Vaughn,12745,S,DB,2009,1.1451351194023418,3.7532327278572475,-2.608097608454906,3.7553706416652326,-2.610235522262891,3.5979588066465555,3.921517951584157,v1.0.0,v1.0.0
Donald Washington,12746,CB,DB,2009,3.183687955948746,3.653458555401934,-0.469770599453188,3.5195311882142923,-0.33584323226554647,3.448673837683909,3.896114771137727,v1.0.0,v1.0.0
Lardarius Webb,12747,CB,DB,2009,4.2761629533782335,3.618636429001227,0.6575265243770065,3.5345977305330094,0.7415652228452241,3.4844574371944113,3.7697775487821805,v1.0.0,v1.0.0
Jarius Wynn,12752,DE,EDGE,2009,3.870881888228548,3.5450812514603434,0.3258006367682045,3.3323731642810954,0.5385087239474524,3.3593397489593406,3.7114264709296996,v1.0.0,v1.0.0
Sam Bradford,13197,QB,QB,2010,3.9766959780708913,3.2713870428782736,0.7053089351926176,3.506129847254368,0.4705661308165232,2.9035139575517994,3.6080301213493406,v1.0.0,v1.0.0
Jimmy Clausen,13198,QB,QB,2010,2.8236674677521854,3.171323897018426,-0.3476564292662405,3.4029882929914486,-0.5793208252392632,2.8249096171349346,3.501052315288255,v1.0.0,v1.0.0
Colt McCoy,13199,QB,QB,2010,3.5043624618362283,3.24038040974134,0.26398205209488834,3.3366399748853293,0.16772248695089909,2.4216587536373027,3.83462920161726,v1.0.0,v1.0.0
Tim Tebow,13200,QB,QB,2010,3.270741920076855,2.713871614598458,0.5568703054783968,3.7002214518082264,-0.42947953173137154,2.0273524963463774,3.4386000196454143,v1.0.0,v1.0.0
Tony Pike,13201,QB,QB,2010,0.6417787318052229,2.639763380898434,-1.997984649093211,3.19187114594673,-2.550092414141507,2.0859919386052668,3.1696152774161277,v1.0.0,v1.0.0
C.J. Spiller,13203,RB,RB,2010,4.050220600955481,3.5027943910753185,0.5474262098801628,3.5251597249907585,0.5250608759647228,3.2828123144266455,3.769474389185134,v1.0.0,v1.0.0
Ryan Mathews,13204,RB,RB,2010,3.973903605135485,3.605323607280585,0.3685799978548996,3.5859862025933964,0.3879174025420884,3.4367721785421175,3.806623922612278,v1.0.0,v1.0.0
Jahvid Best,13205,RB,RB,2010,2.863455195111033,3.485239263801935,-0.6217840686909017,3.6117428257784225,-0.7482876306673893,3.237944884501187,3.748246493096269,v1.0.0,v1.0.0
Jonathan Dwyer,13206,RB,RB,2010,3.2529746770177805,3.3622139357242506,-0.10923925870647011,3.221067167690004,0.03190750932777675,2.9732480370167678,3.695029737466036,v1.0.0,v1.0.0
Dexter McCluster,13207,WR,WR,2010,3.996064842508419,3.415897212993257,0.5801676295151621,3.3295276144770587,0.6665372280313604,3.028330656474827,3.7741567946843806,v1.0.0,v1.0.0
Montario Hardesty,13208,RB,RB,2010,2.912533449240207,3.489464688536481,-0.576931239296274,3.7219087637501187,-0.8093753145099116,3.278630516655604,3.657366120254896,v1.0.0,v1.0.0
Joe McKnight,13209,RB,RB,2010,3.389950372522161,3.1993776780971412,0.19057269442501967,3.3130158597732384,0.07693451274892249,2.940895598689938,3.394801592254194,v1.0.0,v1.0.0
Ben Tate,13210,RB,RB,2010,3.6139391880813907,3.6565991539908396,-0.04265996590944887,3.796166527616491,-0.18222733953510017,3.4140631927401834,3.8790374291180982,v1.0.0,v1.0.0
Toby Gerhart,13211,RB,RB,2010,3.915727254695066,3.549247749550489,0.36647950514457683,3.6838403978970335,0.23188685679803234,3.361037728295363,3.7109707600004205,v1.0.0,v1.0.0
James Starks,13214,RB,RB,2010,3.8940487176170118,3.355108863001315,0.5389398546156969,3.568278428129651,0.32577028948736064,3.15309359892862,3.568399404409889,v1.0.0,v1.0.0
Dez Bryant,13215,WR,WR,2010,4.234042957780739,3.5199919371136885,0.7140510206670503,3.492265391628117,0.7417775661526216,3.300995220339546,3.7211440337154604,v1.0.0,v1.0.0
Demaryius Thomas,13216,WR,WR,2010,4.409271279846975,3.504039388830117,0.9052318910168582,3.4867506575517124,0.9225206222952629,3.297183210466057,3.7247550017181688,v1.0.0,v1.0.0
Golden Tate,13217,WR,WR,2010,4.500737496246746,3.245359619538228,1.255377876708518,3.420163062667533,1.080574433579213,3.0782053981897564,3.438427462825635,v1.0.0,v1.0.0
Arrelious Benn,13218,WR,WR,2010,3.695343292409548,3.406923325598039,0.28841996681150883,3.438779976927742,0.2565633154818059,3.1444195345156776,3.6469502738750816,v1.0.0,v1.0.0
Damian Williams,13219,WR,WR,2010,3.628618092270494,3.4107456110039185,0.21787248126657532,3.54828263198966,0.08033546028083371,3.197685361589449,3.618873009889122,v1.0.0,v1.0.0
Mardy Gilyard,13221,WR,WR,2010,2.863455195111033,3.206926047096912,-0.3434708519858787,3.134468570338602,-0.27101337522756896,2.939109402107332,3.51349634158955,v1.0.0,v1.0.0
Carlton Mitchell,13222,WR,WR,2010,2.523550556078262,3.1654384257445938,-0.6418878696663319,3.4422461269893696,-0.9186955709111078,2.8907024019916028,3.371943410935674,v1.0.0,v1.0.0
Taylor Price,13223,WR,WR,2010,1.90724039853142,3.49011770132615,-1.5828773027947303,3.603209015999003,-1.6959686174675832,3.2670979141809977,3.7026582180980174,v1.0.0,v1.0.0
Marcus Easley,13224,WR,WR,2010,3.4172722487377465,3.047901523682186,0.36937072505556046,3.4204551365304194,-0.0031828877926729504,2.7429562222079946,3.3203202731876376,v1.0.0,v1.0.0
Riley Cooper,13225,WR,WR,2010,3.961360022832677,3.3165909064955845,0.6447691163370926,3.239271517670979,0.7220885051616981,3.0381809203945265,3.53345892235167,v1.0.0,v1.0.0
Andre Roberts,13226,WR,WR,2010,4.624068201848447,3.46593602418103,1.1581321776674165,3.600720304302346,1.0233478975461008,3.363755246784075,3.602517914012803,v1.0.0,v1.0.0
Dezmon Briscoe,13227,WR,WR,2010,2.912610282873049,3.01168948681993,-0.0990792039468813,3.133008120449826,-0.220397837576777,2.732553514122268,3.31506583445159,v1.0.0,v1.0.0
Jermaine Gresham,13228,TE,TE,2010,4.301166035916301,3.8689128559416006,0.4322531799747007,3.5830407014825307,0.7181253344337706,3.597511367925627,4.207146919484583,v1.0.0,v1.0.0
Rob Gronkowski,13229,TE,TE,2010,4.398278682514417,3.733600931271827,0.6646777512425901,3.7158630262502474,0.6824156562641694,3.422124662323147,4.034814658934334,v1.0.0,v1.0.0
Aaron Hernandez,13230,TE,TE,2010,3.3234735242048945,3.335153273868097,-0.011679749663202621,3.3616124888086927,-0.038138964603798176,2.9586547043926545,3.6677316917625036,v1.0.0,v1.0.0
Dennis Pitta,13231,TE,TE,2010,3.7755896300038287,3.858263156698509,-0.08267352669468009,3.6865473382231677,0.08904229178066103,3.4483394418470783,4.231741773996967,v1.0.0,v1.0.0
Jimmy Graham,13232,TE,TE,2010,4.647524355201821,3.9992900450411812,0.6482343101606394,3.5730789286549705,1.0744454265468502,3.5573502763439757,4.360042859129103,v1.0.0,v1.0.0
Tyson Alualu,13233,DE,EDGE,2010,4.653923552400471,4.004593679071263,0.6493298733292079,3.601095631828179,1.052827920572292,3.7757532602429387,4.226049427132309,v1.0.0,v1.0.0
Ndamukong Suh,13234,DT,IDL,2010,4.654073528994502,3.9426157731072853,0.7114577558872166,3.7597083165188607,0.8943652124756412,3.647944002806854,4.225319793698296,v1.0.0,v1.0.0
Dan Williams,13235,DT,IDL,2010,4.0842205551518935,3.6787756887507386,0.40544486640115496,3.482696372199418,0.6015241829524753,3.3321933272252875,3.998846759221807,v1.0.0,v1.0.0
Devin McCourty,13236,CB,DB,2010,4.673334197438644,3.7347485100634485,0.9385856873751952,3.635635685982019,1.0376985114566248,3.6056328059943166,3.8639028566433136,v1.0.0,v1.0.0
Kyle Wilson,13237,CB,DB,2010,4.010840424889998,3.617197824892343,0.39364259999765494,3.6220223195630465,0.38881810532695127,3.401135552368954,3.846605431307233,v1.0.0,v1.0.0
Patrick Robinson,13238,CB,DB,2010,4.300717661078848,3.5723802384905787,0.7283374225882695,3.471444300968857,0.8292733601099913,3.343762833300842,3.7970061496480607,v1.0.0,v1.0.0
Brandon Graham,13239,OLB,EDGE,2010,4.761436102410085,3.6614625260557485,1.0999735763543361,3.6601594602741407,1.101276642135944,3.4658587209001888,3.8854156264974438,v1.0.0,v1.0.0
Gerald McCoy,13240,DT,IDL,2010,4.357781376737197,3.4729021007142413,0.8848792760229558,3.521129645520654,0.8366517312165431,3.28387487357207,3.6487787666301146,v1.0.0,v1.0.0
Trent Williams,13241,OT,OL,2010,4.4356832481847075,3.6701753263667887,0.7655079218179188,3.7395671635834815,0.696116084601226,3.481655536901089,3.866374873584478,v1.0.0,v1.0.0
Russell Okung,13242,OT,OL,2010,3.5787954942557114,3.454371848814599,0.12442364544111228,3.59054779972942,-0.011752305473708535,3.2168286034625515,3.740820451803733,v1.0.0,v1.0.0
Sean Weatherspoon,13243,OLB,EDGE,2010,3.805340138153295,3.5023867501653116,0.30295338798798355,3.5962542223861584,0.20908591576713675,3.2444893958407284,3.779109784998949,v1.0.0,v1.0.0
Jared Odrick,13244,DT,IDL,2010,3.981374951762213,3.6625979531296586,0.31877699863255415,3.581674495384024,0.39970045637818874,3.4477722206507755,3.839242977990344,v1.0.0,v1.0.0
Jerry Hughes,13245,OLB,EDGE,2010,4.772453770676741,3.7963457201349344,0.9761080505418063,3.6491502274963947,1.123303543180346,3.6953756765077106,3.9317906214712766,v1.0.0,v1.0.0
Mike Iupati,13246,OG,OL,2010,3.9235586747305797,3.4014725592825084,0.5220861154480714,3.5662731427262164,0.3572855320043633,3.204754203503073,3.558878029867278,v1.0.0,v1.0.0
Bryan Bulaga,13247,OT,OL,2010,3.6331830176432742,3.4246783305264668,0.20850468711680747,3.5116719601816717,0.12151105746160251,3.2898185687278763,3.5320589132163156,v1.0.0,v1.0.0
Derrick Morgan,13248,DE,EDGE,2010,4.228580740763092,3.6702919935014404,0.5582887472616513,3.355622729472189,0.8729580112909026,3.4936701222546347,3.843877551260267,v1.0.0,v1.0.0
Joe Haden,13249,CB,DB,2010,4.4841188443398305,3.4109385711923217,1.0731802731475089,3.347365442580738,1.1367534017590923,3.2831248088345912,3.523963342754462,v1.0.0,v1.0.0
Maurkice Pouncey,13250,C,OL,2010,4.167569933705776,3.5034092432446924,0.6641606904610837,3.4442585207284044,0.7233114129773717,3.024785369838143,3.8886636869633944,v1.0.0,v1.0.0
Earl Thomas,13251,CB,DB,2010,4.362424253620245,3.656900610254594,0.7055236433656509,3.75042946335758,0.6119947902626648,3.2946044634750002,3.947246098795488,v1.0.0,v1.0.0
Eric Berry,13252,S,DB,2010,4.014497326172989,3.8027338823697865,0.2117634438032021,3.761781519926691,0.2527158062462975,3.6482334647331967,3.9808387556761478,v1.0.0,v1.0.0
Anthony Davis,13253,OT,OL,2010,3.340141104103564,3.3369822590646714,0.0031588450388926326,3.3934496861983487,-0.05330858209478473,3.1344445712875557,3.4826927136555397,v1.0.0,v1.0.0
Kareem Jackson,13254,CB,DB,2010,4.727711341893547,3.652306708158313,1.0754046337352334,3.5837393013448575,1.143972040548689,3.530417402760327,3.79466788216275,v1.0.0,v1.0.0
Rolando McClain,13255,ILB,LB,2010,3.7363017214982253,3.580201484423456,0.15610023707476905,3.720826262547739,0.01547545895048641,3.2717164568304575,3.940298288336045,v1.0.0,v1.0.0
Jason Pierre-Paul,13256,DE,EDGE,2010,4.63848520123547,3.781966074419566,0.8565191268159045,3.401526901944792,1.2369582992906785,3.544273479603357,3.9899155841130036,v1.0.0,v1.0.0
Nate Allen,13257,S,DB,2010,4.097148190238399,3.6257543187216763,0.47139387151672274,3.6187582350851115,0.4783899551532875,3.4674315156006523,3.801706131256456,v1.0.0,v1.0.0
Pat Angerer,13258,ILB,LB,2010,3.5847863200739116,3.661322198132925,-0.0765358780590133,3.5080318500475616,0.07675447002635005,3.384948255540645,3.8951710988949846,v1.0.0,v1.0.0
Javier Arenas,13259,CB,DB,2010,3.774831517952426,3.357904966006802,0.416926551945624,3.3353813298717854,0.43945018808064074,3.0632615154530303,3.6426497022923927,v1.0.0,v1.0.0
Jon Asamoah,13260,OG,OL,2010,3.65267405126285,3.146672573359907,0.5060014779029434,3.3887295575637553,0.2639444936990949,2.9562912903595637,3.335843248226783,v1.0.0,v1.0.0
Zane Beadles,13261,OG,OL,2010,3.8703362986573775,3.2772681749878476,0.5930681236695299,3.5128350062741815,0.35750129238319595,3.111790002878718,3.4426859365862392,v1.0.0,v1.0.0
Navorro Bowman,13262,OLB,EDGE,2010,4.112148478476132,3.5310984333719917,0.5810500451041403,3.384382326906106,0.7277661515700258,3.2246709506145144,3.857397788617726,v1.0.0,v1.0.0
Charles Brown,13263,OT,OL,2010,1.1451351194023418,2.9824116522940534,-1.8372765328917116,3.269762447194779,-2.124627327792437,2.508526766549855,3.374561803976015,v1.0.0,v1.0.0
Morgan Burnett,13264,S,DB,2010,4.267983656724666,3.6163134186748174,0.6516702380498485,3.6272877756193074,0.6406958811053585,3.442404426158254,3.7853443916860416,v1.0.0,v1.0.0
Donald Butler,13265,ILB,LB,2010,3.938944008386418,3.6269163633924975,0.31202764499392055,3.7434899760062716,0.19545403238014636,3.1803787418831515,4.074636032417214,v1.0.0,v1.0.0
Alex Carrington,13266,DE,EDGE,2010,3.6991019980368116,3.719548083867201,-0.020446085830389205,3.6160615344097633,0.08304046362704831,3.5577921766494045,3.9198921352949734,v1.0.0,v1.0.0
Terrence Cody,13267,DT,IDL,2010,3.60821227878799,3.2604979535742453,0.3477143252137447,2.99460373484479,0.6136085439432,2.885618710732116,3.6594104963587304,v1.0.0,v1.0.0
Chris Cook,13268,CB,DB,2010,3.3088110969247433,3.6258322929463085,-0.3170211960215652,3.5612775703110597,-0.25246647338631645,3.416613393210315,3.830761818851598,v1.0.0,v1.0.0
Jermaine Cunningham,13269,DE,EDGE,2010,3.288798636746454,3.518755101729094,-0.22995646498264,3.3536568582422954,-0.0648582214958413,3.346330699235945,3.7067903637834965,v1.0.0,v1.0.0
Rennie Curran,13270,OLB,EDGE,2010,2.0548197685407565,3.075836235440079,-1.0210164668993222,3.2209780961634196,-1.166158327622663,2.7138339867092673,3.60680927888207,v1.0.0,v1.0.0
Eric Decker,13271,WR,WR,2010,4.1646616514490775,3.4992313586394053,0.6654302928096723,3.6038614391238295,0.560800212325248,3.2901530075056025,3.7093971888563644,v1.0.0,v1.0.0
Ed Dickson,13272,TE,TE,2010,4.310904045766452,3.6030196749217107,0.7078843708447411,3.4051575099994276,0.9057465357670242,3.3563087288923414,3.90856866090856,v1.0.0,v1.0.0
Vladimir Ducasse,13273,OT,OL,2010,3.0404973649442106,3.3549721085752258,-0.31447474363101513,3.4922286334334447,-0.45173126848923406,3.1389002130449115,3.557376564476823,v1.0.0,v1.0.0
Carlos Dunlap,13274,DE,EDGE,2010,4.671750761820022,3.85012033919613,0.8216304226238917,3.5023290339328743,1.1694217278871473,3.6297621359940724,4.0676135283121475,v1.0.0,v1.0.0
Armanti Edwards,13275,WR,WR,2010,3.4172722487377465,3.361542205013028,0.05573004372471857,3.35597862321037,0.061293625527376605,3.1569969244536398,3.5764326114742144,v1.0.0,v1.0.0
Brandon Ghee,13276,CB,DB,2010,3.009975397161222,3.700254765696072,-0.6902793685348501,3.6234155573248996,-0.6134401601636776,3.576816431601415,3.807447485054754,v1.0.0,v1.0.0
Lamarr Houston,13277,DT,IDL,2010,4.128707786759444,3.6242898918971616,0.5044178948622822,3.590941167824226,0.5377666189352177,3.4681943923293197,3.808346180231823,v1.0.0,v1.0.0
John Jerry,13278,OT,OL,2010,3.8286553553471774,3.25794224290209,0.5707131124450875,3.422180051780382,0.4064753035667952,3.10933024892718,3.4130394786504836,v1.0.0,v1.0.0
Mike Johnson,13279,OG,OL,2010,2.6554775013275047,3.0024994136324747,-0.34702191230497004,3.0901482145927175,-0.4346707132652128,2.7662783629523,3.19025381220944,v1.0.0,v1.0.0
Linval Joseph,13281,DT,IDL,2010,4.705728570537686,3.8650968920798916,0.8406316784577945,3.5489698686158895,1.1567587019217966,3.6008497891916575,4.134396900332318,v1.0.0,v1.0.0
Sergio Kindle,13282,OLB,EDGE,2010,0.6417787318052229,3.5364443189498407,-2.8946655871446176,3.4499033060791455,-2.8081245742739225,3.3642039940153703,3.699773258169043,v1.0.0,v1.0.0
Shawn Lauvao,13283,OG,OL,2010,3.6633300276170395,3.554550415524122,0.10877961209291742,3.6170541677724364,0.04627585984460314,3.389176279452804,3.713466483858351,v1.0.0,v1.0.0
Sean Lee,13284,ILB,LB,2010,4.251732810291145,3.3472308364279266,0.9045019738632183,3.321685710116276,0.9300471001748689,3.0770769523193073,3.6429178908642066,v1.0.0,v1.0.0
Myron Lewis,13285,S,DB,2010,3.035568106998676,3.42168122376369,-0.38611311676501403,3.383545581029899,-0.3479774740312229,3.2459307877608246,3.606301917092326,v1.0.0,v1.0.0
Taylor Mays,13286,S,DB,2010,3.8997755338995894,3.7388762390476926,0.1608992948518968,3.824228621471042,0.0755469124285475,3.5018821863110836,4.030705602158814,v1.0.0,v1.0.0
Koa Misi,13287,OLB,EDGE,2010,3.9586982334119263,3.617120670672529,0.3415775627393973,3.345280720544034,0.6134175128678923,3.404692102515095,3.823005280971154,v1.0.0,v1.0.0
Earl Mitchell,13288,DT,IDL,2010,4.291279913785008,3.501893633878097,0.7893862799069109,3.5601084771502913,0.7311714366347166,3.2782960896535354,3.7304697636601576,v1.0.0,v1.0.0
Tony Moeaki,13289,TE,TE,2010,3.4954301761653195,3.535288212049722,-0.03985803588440273,3.4148470325608913,0.0805831436044282,3.3586491899890882,3.724724706413887,v1.0.0,v1.0.0
Jerome Murphy,13290,CB,DB,2010,3.183687955948746,3.6525135364954893,-0.4688255805467434,3.5469024656403825,-0.3632145096916366,3.5730679301335857,3.738372168634959,v1.0.0,v1.0.0
Mike Neal,13291,DT,IDL,2010,3.7948502984479697,3.6678934766455127,0.12695682180245704,3.600765165219163,0.19408513322880694,3.562462207064767,3.789306657322097,v1.0.0,v1.0.0
Corey Peters,13292,DT,IDL,2010,4.508270229317089,3.580081413773005,0.9281888155440843,3.371787442496376,1.1364827868207135,3.2384126447654658,3.9077134814668155,v1.0.0,v1.0.0
Brian Price,13293,DT,IDL,2010,2.759613832938619,3.546338033605346,-0.7867242006667272,3.3500586583618777,-0.5904448254232588,3.2121905722076085,3.8310083326813764,v1.0.0,v1.0.0
Rodger Saffold,13294,OT,OL,2010,3.7841173901632863,3.4035273059183244,0.3805900842449619,3.56866125114143,0.21545613902185634,3.2681236773316065,3.5329227928639195,v1.0.0,v1.0.0
Emmanuel Sanders,13295,WR,WR,2010,4.570401429006349,3.5203595171010567,1.0500419119052924,3.6061942589887535,0.9642071700175956,3.333934389180605,3.690854666493716,v1.0.0,v1.0.0
D'Anthony Smith,13296,DT,IDL,2010,2.171652080276462,3.397711216595353,-1.226059136318891,3.3976087910098958,-1.225956710733434,3.222697520436984,3.5964168737731357,v1.0.0,v1.0.0
Amari Spievey,13297,CB,DB,2010,3.270741920076855,3.2193235544999967,0.05141836557685808,3.1225205551704973,0.1482213649063575,3.0591542814751516,3.4034448311178127,v1.0.0,v1.0.0
Brandon Spikes,13298,ILB,LB,2010,3.8834224701360887,2.9695245698765746,0.913897900259514,3.1389585884019806,0.744463881734108,2.401265476947276,3.416575109596381,v1.0.0,v1.0.0
Daniel Te'o-Nesheim,13299,DE,EDGE,2010,3.3336385885689284,3.820055491487096,-0.4864169029181675,3.6939334936475277,-0.3602949050785993,3.6658378911987777,3.9799049448962096,v1.0.0,v1.0.0
Kevin Thomas,13300,CB,DB,2010,2.0548197685407565,3.568621241073384,-1.5138014725326276,3.521282244379726,-1.4664624758389695,3.446575048283005,3.7293163405189973,v1.0.0,v1.0.0
Torell Troup,13301,DT,IDL,2010,2.812538078173407,3.816458515262608,-1.0039204370892012,3.537463965434534,-0.724925887261127,3.586888292447235,3.993377813313572,v1.0.0,v1.0.0
Jared Veldheer,13302,OT,OL,2010,3.946502233083245,3.7867457440570886,0.15975648902615625,3.7447096968780054,0.20179253620523951,3.58666960267351,3.991788124913554,v1.0.0,v1.0.0
J.D. Walton,13303,C,OL,2010,3.173159346567495,3.360755411436694,-0.187596064869199,3.4224954391335576,-0.24933609256606237,3.2151875979526596,3.468670898332888,v1.0.0,v1.0.0
T.J. Ward,13304,S,DB,2010,4.140914718282981,3.489923394779111,0.6509913235038702,3.374447621066036,0.7664670972169452,3.300087623610198,3.6783990385817225,v1.0.0,v1.0.0
Daryl Washington,13305,OLB,EDGE,2010,3.6418404671474622,3.094341829266433,0.5474986378810294,3.2141739370318945,0.42766653011556777,2.8429461818474064,3.3667062673220123,v1.0.0,v1.0.0
Jason Worilds,13306,OLB,EDGE,2010,3.8112046428236552,3.777710812794817,0.0334938300288381,3.6541938912689464,0.15701075155470878,3.6134598006367917,3.953849792102132,v1.0.0,v1.0.0
Major Wright,13307,S,DB,2010,3.8580945905893893,3.5528806637605643,0.305213926828825,3.5352224631166655,0.32287212747272376,3.395280805163071,3.7231059528967667,v1.0.0,v1.0.0
Larry Asante,13310,S,DB,2010,3.1817213513599807,3.592015944770573,-0.41029459341059216,3.5128792772434356,-0.33115792588345494,3.4625870525976805,3.722819193041433,v1.0.0,v1.0.0
Geno Atkins,13311,DT,IDL,2010,4.47508925236539,3.6915867393625152,0.7835025130028743,3.7173267047612084,0.7577625476041812,3.5076065409060595,3.912132373252638,v1.0.0,v1.0.0
Levi Brown,13319,QB,QB,2010,0.6417787318052229,1.9094502279438206,-1.2676714961385978,3.3193349136454136,-2.6775561818401905,0.5973119908088569,3.5609767622183575,v1.0.0,v1.0.0
Crezdon Butler,13324,CB,DB,2010,3.296829440791208,3.4749543987480034,-0.17812495795679517,3.473566046270854,-0.17673660547964598,3.3497507915907563,3.6349631713496073,v1.0.0,v1.0.0
Nolan Carroll,13333,CB,DB,2010,4.11626721562249,3.5079186431755005,0.6083485724469897,3.484496487358821,0.6317707282636693,3.345660923689318,3.6645148859301235,v1.0.0,v1.0.0
Kam Chancellor,13336,S,DB,2010,4.152896624380726,3.3411312127185164,0.8117654116622095,3.440361633828665,0.712534990552061,3.1044740869821594,3.5534408380705074,v1.0.0,v1.0.0
Jamar Chaney,13337,ILB,LB,2010,3.5727489390252067,3.68686582706602,-0.11411688804081344,3.7172876905367205,-0.14453875151151374,3.4228659469888303,3.9132651452276557,v1.0.0,v1.0.0
Keenan Clayton,13339,OLB,EDGE,2010,3.288798636746454,2.9918086684741367,0.2969899682723174,3.344033488375277,-0.05523485162882302,2.746054217296069,3.2285526687048285,v1.0.0,v1.0.0
Kurt Coleman,13340,S,DB,2010,4.389605914414404,3.5361640215058925,0.8534418929085117,3.4783664669274903,0.9112394474869139,3.356260311912037,3.7159611095684966,v1.0.0,v1.0.0
John Conner,13341,FB,RB,2010,3.7313208542136054,3.520915931199748,0.21040492301385738,3.6120468404355295,0.1192740137780759,3.2996635670710455,3.7441719706077916,v1.0.0,v1.0.0
Kavell Conner,13342,OLB,EDGE,2010,3.8834224701360887,3.432328415466892,0.4510940546691966,3.380975114293908,0.5024473558421807,3.196941088143805,3.653971831817529,v1.0.0,v1.0.0
Erik Cook,13343,C,OL,2010,1.6770794524643968,3.0344078636082163,-1.3573284111438195,3.1688705483714554,-1.4917910959070586,2.8296296466418376,3.2091040004354228,v1.0.0,v1.0.0
Perrish Cox,13344,CB,DB,2010,3.942734106588433,3.3037591832670365,0.6389749233213964,3.203427438754059,0.739306667834374,3.1306412848666514,3.484730406794597,v1.0.0,v1.0.0
Chris DeGeare,13350,OG,OL,2010,1.940930471343771,3.49231135655969,-1.5513808852159192,3.601530256403802,-1.6605997850600311,3.311812750836037,3.67215418611839,v1.0.0,v1.0.0
Brandon Deaderick,13351,DT,IDL,2010,3.6846873160553586,3.4430701751864072,0.24161714086895136,3.4182296944923607,0.2664576215629979,3.2616262930938813,3.6448993341287657,v1.0.0,v1.0.0
Dorin Dickerson,13353,TE,TE,2010,2.8236674677521854,3.657512062981131,-0.8338445952289457,3.577845841983383,-0.7541783742311976,3.263436668299686,4.05425384561999,v1.0.0,v1.0.0
Phillip Dillard,13354,ILB,LB,2010,1.8158181812103182,3.6819986522440264,-1.8661804710337082,3.317218581367068,-1.5014004001567496,3.292073368026837,4.085993287749726,v1.0.0,v1.0.0
Matt Dodge,13356,P,ST,2010,2.6554775013275047,3.724853147351709,-1.0693756460242043,3.1220161963178983,-0.4665386949903936,3.4347671429631284,4.085420938504518,v1.0.0,v1.0.0
Jim Dray,13357,TE,TE,2010,3.953973579709973,3.2862277565144464,0.6677458231955264,3.4179515930811277,0.5360219866288451,2.917403995867727,3.646133926101438,v1.0.0,v1.0.0
A.J. Edds,13358,OLB,EDGE,2010,2.786338238179417,3.698999507912925,-0.9126612697335084,3.459362815295263,-0.6730245771158461,3.5658091218161982,3.869211870065422,v1.0.0,v1.0.0
Brody Eldridge,13359,TE,TE,2010,3.064574191536438,3.6006131803520645,-0.5360389888156263,3.224772863595017,-0.16019867205857885,3.160031676651547,4.095417144165922,v1.0.0,v1.0.0
Dedrick Epps,13360,TE,TE,2010,1.1451351194023418,3.412643047768875,-2.267507928366533,3.5370008276158886,-2.3918657082135466,3.0948308624792715,3.7093259458268344,v1.0.0,v1.0.0
Jacoby Ford,13363,WR,WR,2010,3.3234735242048945,3.2231523073524735,0.10032121685242101,3.430771042504035,-0.10729751829914047,2.960460197279017,3.4373121783396843,v1.0.0,v1.0.0
Dominique Franks,13365,CB,DB,2010,3.5924976890198668,3.2603854490787594,0.3321122399411074,3.2556343369315446,0.3368633520883222,3.0798779192568775,3.4445410534011036,v1.0.0,v1.0.0
Clifton Geathers,13366,DE,EDGE,2010,3.111644679156027,3.493737976213043,-0.3820932970570161,3.4493107806486507,-0.33766610149262366,3.0856386314940845,3.865281703080258,v1.0.0,v1.0.0
Thaddeus Gibson,13368,OLB,EDGE,2010,0.9146634597162007,3.4949980058373322,-2.5803345461211316,3.536406356649735,-2.6217428969335344,3.266055084083945,3.841401751169557,v1.0.0,v1.0.0
Travis Goethel,13369,ILB,LB,2010,2.523550556078262,3.414027424025396,-0.8904768679471342,3.3786342655484045,-0.8550837094701427,3.0280578783607783,3.7968246363719205,v1.0.0,v1.0.0
Garrett Graham,13371,TE,TE,2010,3.6599020999991216,3.5501748035387184,0.10972729646040325,3.4386174745531166,0.22128462544600502,3.3640478699885374,3.755205681264884,v1.0.0,v1.0.0
Everson Griffen,13373,DE,EDGE,2010,4.557709254478619,3.753476268426869,0.8042329860517494,3.7202782822400744,0.8374309722385442,3.5679041061568277,3.9675172327893895,v1.0.0,v1.0.0
Cody Grimm,13374,S,DB,2010,2.8236674677521854,3.6640298191084613,-0.8403623513562759,3.51768368025146,-0.6940162124992746,3.378115465253188,3.9266977135159697,v1.0.0,v1.0.0
Clay Harbor,13376,FB,RB,2010,4.038241796942238,3.2708699676261634,0.7673718293160743,3.61524519307658,0.42299660386565785,2.7792232622572226,3.7281177753621755,v1.0.0,v1.0.0
Greg Hardy,13377,DE,EDGE,2010,3.8580945905893893,3.77880349674529,0.07929109384409916,3.4483690689120468,0.40972552167734255,3.565821757955891,3.9380071922952093,v1.0.0,v1.0.0
Joe Hawley,13385,C,OL,2010,3.804270753194638,3.397641830611538,0.4066289225831001,3.429086372176324,0.3751843810183142,3.1937068044764656,3.612657019542289,v1.0.0,v1.0.0
Trindon Holliday,13386,WR,WR,2010,3.376085926188841,3.4742973509840813,-0.09821142479524037,3.46714475058802,-0.091058824399179,3.0568501058180484,3.915976082989109,v1.0.0,v1.0.0
Michael Hoomanawanui,13387,TE,TE,2010,3.966345380438658,3.5891825624804405,0.3771628179582174,3.6790293785175767,0.2873160019210812,3.261592540803191,3.902829083787692,v1.0.0,v1.0.0
Josh Hull,13390,ILB,LB,2010,3.3336385885689284,3.323608300830686,0.01003028773824255,3.500110879665573,-0.16647229109664474,3.031106671596665,3.619953064797255,v1.0.0,v1.0.0
Arthur Jones,13394,DT,IDL,2010,3.695343292409548,3.412356208852767,0.2829870835567809,3.3707752826521955,0.32456800975735245,3.244848571114668,3.6006515050833823,v1.0.0,v1.0.0
Reshad Jones,13395,S,DB,2010,4.304393173735203,3.2902776917350565,1.0141154820001468,3.4165318384625936,0.8878613352726097,3.045359697245112,3.605819886541203,v1.0.0,v1.0.0
Mike Kafka,13397,QB,QB,2010,1.345801546169376,2.6842218212642632,-1.3384202750948873,3.31220828427699,-1.966406738107614,2.3643114629320308,3.048805501367099,v1.0.0,v1.0.0
Ted Larsen,13403,C,OL,2010,4.064912204782848,3.3528807870420385,0.7120314177408096,3.412076519086482,0.652835685696366,3.179179458695718,3.48373931799695,v1.0.0,v1.0.0
Kendrick Lewis,13404,S,DB,2010,4.11626721562249,3.3223873122560623,0.7938799033664279,3.2285163075971086,0.8877509080253816,3.1440572271349656,3.487956467977679,v1.0.0,v1.0.0
Trevard Lindley,13405,CB,DB,2010,2.2560511899300453,3.455749749419684,-1.1996985594896388,3.3736487835471354,-1.11759759361709,3.2638361055556633,3.6594762896333357,v1.0.0,v1.0.0
Erik Lorig,13407,DE,EDGE,2010,3.746150394761617,3.7278245184362344,0.018325876325382406,3.443159010620524,0.3029913841410927,3.561169627396357,3.9103789776703817,v1.0.0,v1.0.0
Anthony McCoy,13414,TE,TE,2010,3.252169227988219,3.7968613636774573,-0.5446921356892385,3.541348136259902,-0.28917890827168335,3.4756287843022906,4.172322907047429,v1.0.0,v1.0.0
Sherrick McManis,13419,CB,DB,2010,4.393733209445286,3.412377680283491,0.981355529161795,3.3668090230820242,1.0269241863632619,3.268179383969065,3.5437692823308806,v1.0.0,v1.0.0
Zoltan Mesko,13421,P,ST,2010,3.5966048274779854,3.862699624970766,-0.26609479749278053,3.7228009417018733,-0.12619611422388788,2.968845000340641,4.725821254018236,v1.0.0,v1.0.0
Arthur Moats,13422,OLB,EDGE,2010,4.220489938171356,3.592912221458491,0.6275777167128651,3.4763396165335205,0.7441503216378358,3.413845475941679,3.7357614534647805,v1.0.0,v1.0.0
Joshua Moore,13423,CB,DB,2010,1.1451351194023418,3.6027447123517478,-2.4576095929494057,3.431353841843434,-2.2862187224410926,3.3921526691404686,3.8201964628294784,v1.0.0,v1.0.0
Roddrick Muckelroy,13427,OLB,EDGE,2010,2.704490561053983,3.5464437066252406,-0.8419531455712574,3.39761382425891,-0.6931232632049267,3.3875911563537446,3.708053528236878,v1.0.0,v1.0.0
Marshall Newhouse,13428,OG,OL,2010,3.5373387424002383,3.514467486253039,0.022871256147199315,3.704607393549576,-0.16726865114933753,3.3137724663979453,3.704245295392546,v1.0.0,v1.0.0
Eric Norwood,13429,OLB,EDGE,2010,3.087790945227789,3.549907904621328,-0.46211695939353925,3.374606434659996,-0.286815489432207,3.3592422524144756,3.7278429871644234,v1.0.0,v1.0.0
Akwasi Owusu-Ansah,13433,CB,DB,2010,2.4907412797031414,3.4900605879100706,-0.9993193082069292,3.49511306357354,-1.0043717838703987,3.2791701911002984,3.7002195594382634,v1.0.0,v1.0.0
Andrew Quarless,13440,TE,TE,2010,3.6846873160553586,3.6865691018079696,-0.0018817857526109982,3.3882269111248817,0.2964604049304769,3.3807801612207276,4.072282280236504,v1.0.0,v1.0.0
David Reed,13442,WR,WR,2010,3.244566149848478,3.275952452904282,-0.03138630305580392,3.3466797605849696,-0.10211361073649172,3.0668014219288566,3.472799903096724,v1.0.0,v1.0.0
Perry Riley,13443,OLB,EDGE,2010,4.003287139034716,3.553484811074541,0.4498023279601746,3.347254994608538,0.6560321444261774,3.389105203156994,3.7467353610555056,v1.0.0,v1.0.0
Ricky Sapp,13447,OLB,EDGE,2010,2.6469482242548565,3.5804786655159377,-0.9335304412610812,3.467734849691458,-0.8207866254366016,3.434954906267952,3.729366612028987,v1.0.0,v1.0.0
O'Brien Schofield,13449,OLB,EDGE,2010,3.915727254695066,3.205239949415701,0.710487305279365,3.2566271556278155,0.6591000990672504,3.005995528160515,3.4431716417726115,v1.0.0,v1.0.0
George Selvie,13452,DE,EDGE,2010,3.942734106588433,3.1748256051255517,0.7679085014628813,3.1932661660737103,0.7494679405147227,2.9447984677167507,3.4547627255967606,v1.0.0,v1.0.0
Darryl Sharpton,13453,ILB,LB,2010,3.4875223938306,3.3230769476172735,0.16444544621332646,3.5254543527300957,-0.037931958899495744,2.9686522476625834,3.6802414571619604,v1.0.0,v1.0.0
Cameron Sheffield,13454,OLB,EDGE,2010,2.6554775013275047,3.376264435078532,-0.7207869337510271,3.152739350586772,-0.4972618492592673,3.1874664941333477,3.6411752652811002,v1.0.0,v1.0.0
John Skelton,13458,QB,QB,2010,2.6773591454928125,2.6448224736847634,0.03253667180804909,3.47860425161639,-0.8012451061235777,2.228723952644928,3.0853514544946514,v1.0.0,v1.0.0
Darrell Stuckey,13465,S,DB,2010,3.961360022832677,3.5293993051281385,0.4319607177045386,3.4683165910370612,0.4930434317956158,3.329990144999953,3.6945387925332467,v1.0.0,v1.0.0
Stevenson Sylvester,13466,OLB,EDGE,2010,3.535238532571787,3.2969097067152355,0.23832882585655168,3.433201342044408,0.10203719052737936,3.1126424274540416,3.5109473775022813,v1.0.0,v1.0.0
Cam Thomas,13470,DT,IDL,2010,4.11626721562249,3.7093184666607955,0.40694874896169475,3.539487407122749,0.5767798084997411,3.5333546417204293,3.8705725311463013,v1.0.0,v1.0.0
Syd'Quan Thompson,13472,CB,DB,2010,2.4302874475538276,3.2532333842239196,-0.822945936670092,3.0355924511491055,-0.6053050035952778,2.987504365711599,3.5148086027400223,v1.0.0,v1.0.0
Walter Thurmond,13473,CB,DB,2010,3.5567188671810097,3.3443634953261423,0.21235537185486741,3.280701914689905,0.2760169524911049,3.1948756106758895,3.467519565021378,v1.0.0,v1.0.0
Adrian Tracy,13475,OLB,EDGE,2010,2.6554775013275047,3.5630360779441594,-0.9075585766166547,3.4864249692689424,-0.8309474679414377,3.3891017830176806,3.6984426866646976,v1.0.0,v1.0.0
Nate Triplett,13476,OLB,EDGE,2010,1.5216626918475837,3.681080153123142,-2.159417461275558,3.481003600535955,-1.9593409086883713,3.5598989493246886,3.8075813558124296,v1.0.0,v1.0.0
Alterraun Verner,13478,CB,DB,2010,4.241544410435659,3.5756045196732087,0.6659398907624503,3.4347529582868574,0.8067914521488015,3.3796775601770324,3.7368404726214473,v1.0.0,v1.0.0
Jamar Wall,13479,CB,DB,2010,0.6417787318052229,3.6328040958539223,-2.9910253640486992,3.573095161722469,-2.931316429917246,3.478188296430042,3.828950696434343,v1.0.0,v1.0.0
Dekoda Watson,13482,OLB,EDGE,2010,4.1591815567363835,3.764890746822347,0.39429080991403653,3.611653075061834,0.5475284816745494,3.5367537491777954,3.954018696214985,v1.0.0,v1.0.0
Kyle Williams,13488,WR,WR,2010,3.304592901681356,3.3026872066869104,0.0019056949944458168,3.4076620728632596,-0.1030691711819034,3.123788449438814,3.544153643413434,v1.0.0,v1.0.0
Mike Williams,13489,WR,WR,2010,3.716145067615561,3.4122121066374773,0.30393296097808387,3.473473781651729,0.24267128596383225,3.1930751079620103,3.6515099913209936,v1.0.0,v1.0.0
C.J. Wilson,13491,DE,EDGE,2010,4.003287139034716,3.4884273239657646,0.514859815068951,3.4078623592419963,0.5954247797927192,3.096870241620491,3.8303472365323676,v1.0.0,v1.0.0
E.J. Wilson,13492,DE,EDGE,2010,0.9146634597162007,3.5155396368600917,-2.600876177143891,3.2973402042162485,-2.382676744500048,3.053184862324052,4.068322916121643,v1.0.0,v1.0.0
Al Woods,13493,DT,IDL,2010,4.516722618110817,3.53963072794012,0.9770918901706973,3.4052507624139197,1.1114718556968977,3.1290346397060658,3.9197690187587124,v1.0.0,v1.0.0
Corey Wootton,13494,DE,EDGE,2010,3.6846873160553586,3.6000699783355765,0.08461733771978208,3.509463756762728,0.17522355929263078,3.3871534422315137,3.820183540228024,v1.0.0,v1.0.0
Doug Worthington,13495,DT,IDL,2010,1.8526840240530842,3.4658989348432114,-1.6132149107901272,3.467747117016811,-1.6150630929637269,3.2396430574715107,3.7302912609968115,v1.0.0,v1.0.0
Willie Young,13497,DE,EDGE,2010,4.045012691500104,3.3355272333962684,0.7094854581038357,3.355410487234558,0.6896022042655461,3.083523433731746,3.600595339075551,v1.0.0,v1.0.0
Antonio Brown,13934,WR,WR,2010,4.4329448871806925,3.421468378317514,1.0114765088631783,3.3701819743946695,1.062762912786023,3.1580429966877146,3.6568936602517037,v1.0.0,v1.0.0
Jason Phillips,13937,ILB,LB,2009,3.0741435672906428,3.6015393841187775,-0.5273958168281347,3.388591987089206,-0.3144484197985631,3.3457748644460614,3.903252734238707,v1.0.0,v1.0.0
Jimmy Smith,13963,CB,DB,2011,4.326514697452557,3.7259873227756977,0.6005273746768589,3.743990408682267,0.5825242887702897,3.5595071105572624,3.9139255680808773,v1.0.0,v1.0.0
Nate Solder,13964,OT,OL,2011,3.981401189647786,3.7295850883207535,0.25181610132703236,3.7978795256263167,0.1835216640214692,3.5292215045346715,3.9566961252397244,v1.0.0,v1.0.0
Adrian Clayborn,13965,DE,EDGE,2011,4.289038128988969,3.841161869612518,0.44787625937645137,3.465131193175341,0.8239069358136284,3.624401530924452,4.066591813579693,v1.0.0,v1.0.0
Christian Ponder,13966,QB,QB,2011,3.304592901681356,3.1728704939420154,0.13172240773934085,3.59296159636325,-0.28836869468189397,2.844918550904532,3.4999253119433447,v1.0.0,v1.0.0
Gabe Carimi,13967,OT,OL,2011,3.173159346567495,3.2883940324252485,-0.11523468585775332,3.3863292641229266,-0.21316991755543135,3.086482787056424,3.5213371723855054,v1.0.0,v1.0.0
Phil Taylor,13968,DT,IDL,2011,3.4530238369508592,3.7303534321525484,-0.2773295952016892,3.590270981205452,-0.1372471442545926,3.5414847578905553,3.897506236025199,v1.0.0,v1.0.0
Jake Locker,13969,QB,QB,2011,3.0462048841137985,3.3264159026910924,-0.2802110185772939,3.666097794879169,-0.6198929107653703,2.9435318192151056,3.704997621218495,v1.0.0,v1.0.0
Anthony Castonzo,13970,OT,OL,2011,4.102971855471372,3.650819066339359,0.45215278913201296,3.680335439565168,0.42263641590620393,3.4897772998899694,3.851120775097478,v1.0.0,v1.0.0
Cameron Jordan,13971,DE,EDGE,2011,4.822371680003683,4.022698787969672,0.7996728920340113,3.628578701652419,1.1937929783512642,3.8688215300916426,4.194937528398462,v1.0.0,v1.0.0
Derek Sherrod,13972,OT,OL,2011,2.0548197685407565,3.502881546542966,-1.4480617780022094,3.651857804775051,-1.5970380362342946,3.3172689548607415,3.6815973599374483,v1.0.0,v1.0.0
Ryan Kerrigan,13973,DE,EDGE,2011,4.517919113341048,3.737489500120404,0.7804296132206439,3.5717568721328985,0.9461622412081492,3.6015812521564645,3.8853639462049157,v1.0.0,v1.0.0
Mike Pouncey,13974,OG,OL,2011,3.996064842508419,3.250410783603398,0.7456540589050209,3.3108761446671173,0.6851886978413018,3.068120222016713,3.4127758109367146,v1.0.0,v1.0.0
Prince Amukamara,13975,CB,DB,2011,4.200559160388169,3.7210061902314155,0.47955297015675313,3.6655627535775794,0.5349964068105892,3.5993745905702634,3.866273244959961,v1.0.0,v1.0.0
Von Miller,13976,OLB,EDGE,2011,4.713274247831885,4.114238130504894,0.5990361173269907,3.7906557802071847,0.9226184676247002,3.932375878087061,4.298353433725289,v1.0.0,v1.0.0
Cameron Heyward,13977,DE,EDGE,2011,4.781044204081232,3.5740442401494352,1.2069999639317972,3.187703766237455,1.5933404378437772,3.1879523686608646,4.03925883147937,v1.0.0,v1.0.0
Tyron Smith,13978,OT,OL,2011,3.9312968613596864,3.441447098820368,0.48984976253931833,3.6491012342193834,0.282195627140303,3.240661716966803,3.672660385657223,v1.0.0,v1.0.0
J.J. Watt,13979,DE,EDGE,2011,4.454759014900688,4.01302323059386,0.4417357843068279,3.817746771547958,0.6370122433527299,3.7824252816594264,4.2481270340062744,v1.0.0,v1.0.0
Patrick Peterson,13980,CB,DB,2011,4.660557373281435,4.016675209819099,0.6438821634623357,3.9537479625843193,0.7068094106971157,3.825741454214588,4.283325894111952,v1.0.0,v1.0.0
Mark Ingram,13981,RB,RB,2011,4.504306802402812,3.541450376941126,0.9628564254616863,3.2547847810415313,1.249522021361281,3.222573153480514,3.832833610653808,v1.0.0,v1.0.0
Julio Jones,13982,WR,WR,2011,4.536541226503379,3.4204713789180197,1.1160698475853597,3.763384040518716,0.7731571859846635,3.1539211924186734,3.7068718213508514,v1.0.0,v1.0.0
A.J. Green,13983,WR,WR,2011,4.462901395290896,3.2496144593105045,1.213286935980391,3.5437105383056395,0.919190856985256,3.0677215787638503,3.4704456944976063,v1.0.0,v1.0.0
Robert Quinn,13984,DE,EDGE,2011,4.552192955458361,3.8550660645210137,0.6971268909373474,3.5768560117580024,0.9753369437003587,3.7178061270280445,3.985183544487198,v1.0.0,v1.0.0
Muhammad Wilkerson,13985,DT,IDL,2011,4.146933279801299,3.6032834082747462,0.543649871526553,3.6131870444579657,0.5337462353433335,3.3729270914176404,3.832097563694099,v1.0.0,v1.0.0
Blaine Gabbert,13987,QB,QB,2011,3.733150212406146,3.3224033212865596,0.4107468911195866,3.5660488104505665,0.16710140195557965,2.975841488574174,3.6455571250791703,v1.0.0,v1.0.0
Aldon Smith,13988,DE,EDGE,2011,3.8580945905893893,3.7067375293145988,0.15135706127479054,3.441376259906006,0.41671833068338326,3.576761598132968,3.8187482596421503,v1.0.0,v1.0.0
Corey Liuget,13989,DT,IDL,2011,4.309431958658009,3.588681880643424,0.7207500780145848,3.495448124126439,0.81398383453157,3.399213602633098,3.749242636223756,v1.0.0,v1.0.0
Nick Fairley,13990,DT,IDL,2011,3.875089022657199,3.447113757215972,0.42797526544122677,3.4540055011971633,0.42108352146003547,3.235029247160225,3.6958719382834553,v1.0.0,v1.0.0
Marcell Dareus,13992,DT,IDL,2011,4.28124110420715,3.5208275031993193,0.7604136010078308,3.5190476386148046,0.7621934655923455,3.168834399084897,3.806023402853077,v1.0.0,v1.0.0
James Carpenter,13993,OT,OL,2011,3.60821227878799,3.264921616914056,0.343290661873934,3.596508851433469,0.011703427354520901,3.073316492708731,3.42650298037532,v1.0.0,v1.0.0
Cam Newton,13994,QB,QB,2011,4.420541132492418,3.7621251478356177,0.6584159846568003,3.704497218645265,0.716043913847153,3.2067512900709922,4.2505562620322905,v1.0.0,v1.0.0
Kelvin Sheppard,13995,ILB,LB,2011,4.140914718282981,3.7814559676505453,0.3594587506324358,3.509740246141795,0.6311744721411863,3.441563098939215,4.0599201658805235,v1.0.0,v1.0.0
Orlando Franklin,13996,OT,OL,2011,3.8112046428236552,3.0056839007125946,0.8055207421110606,3.39400961568579,0.41719502713786527,2.5832616290792028,3.3143751558959407,v1.0.0,v1.0.0
Brooks Reed,13997,OLB,EDGE,2011,4.319393839468857,3.751964996122769,0.5674288433460881,3.6091771650351308,0.7102166744337262,3.595969107570556,3.9537446818508766,v1.0.0,v1.0.0
Marcus Gilbert,13998,OT,OL,2011,3.1481389932070876,3.3049739276079686,-0.15683493440088103,3.6180812882791664,-0.46994229507207885,3.114697132627146,3.5536531100079793,v1.0.0,v1.0.0
Jah Reid,13999,OT,OL,2011,2.704490561053983,3.4194265069382643,-0.7149359458842812,3.560456577220134,-0.8559660161661511,3.242934053665323,3.599624463081463,v1.0.0,v1.0.0
Jonas Mouton,14000,OLB,EDGE,2011,1.1451351194023418,3.3423920826031273,-2.1972569632007852,3.184328255798018,-2.039193136395676,3.148859321054069,3.6262751445267196,v1.0.0,v1.0.0
Colin Kaepernick,14001,QB,QB,2011,3.804270753194638,3.1324552040993217,0.6718155490953164,3.6213402517187316,0.1829305014759064,2.6905934048146753,3.5491801100550284,v1.0.0,v1.0.0
Dontay Moch,14002,OLB,EDGE,2011,1.735795963476514,3.9282769828398,-2.192481019363286,3.6593291174170437,-1.9235331539405296,3.6338499150310963,4.193089168158967,v1.0.0,v1.0.0
Sione Fua,14003,DT,IDL,2011,3.274913274630675,3.5398427505093433,-0.26492947587866844,3.423236338884033,-0.14832306425335817,3.2869990340562025,3.8425103029050183,v1.0.0,v1.0.0
Nate Irving,14004,ILB,LB,2011,3.705827390663973,3.2652002656806616,0.44062712498331136,3.3558252204927927,0.3500021701711802,2.98749649011875,3.52616531325705,v1.0.0,v1.0.0
DeMarco Murray,14005,RB,RB,2011,4.064912204782848,3.471095489175878,0.59381671560697,3.525946578527075,0.5389656262557732,3.178704904819946,3.823124981003057,v1.0.0,v1.0.0
Akeem Dent,14006,ILB,LB,2011,3.9758857669824756,3.320816962692319,0.6550688042901567,3.3593607287744467,0.616525038208029,3.06094417926139,3.5915603837514256,v1.0.0,v1.0.0
Lance Kendricks,14007,TE,TE,2011,4.325242862508528,3.5423680267622744,0.7828748357462536,3.581878026645084,0.7433648358634439,3.2751960353828506,3.7717812033647493,v1.0.0,v1.0.0
Rob Housler,14009,TE,TE,2011,3.7841173901632863,4.018443319194193,-0.234325929030907,3.7589416200436103,0.025175770119675978,3.766984645254867,4.331078500609377,v1.0.0,v1.0.0
Shareece Wright,14010,CB,DB,2011,4.036165999346924,3.333608569884434,0.7025574294624897,3.3041058594466675,0.7320601399002564,3.155791819655046,3.508247600740476,v1.0.0,v1.0.0
Johnny Patrick,14011,CB,DB,2011,3.3063672737986014,3.319753518471391,-0.013386244672789704,3.243934970912909,0.06243230288569235,3.0632222359636465,3.5684464035111128,v1.0.0,v1.0.0
Andy Dalton,14012,QB,QB,2011,4.624159552517381,2.636375061424559,1.987784491092822,3.2958602072,1.3282993453173808,2.2036671702533437,3.008409374489977,v1.0.0,v1.0.0
Rodney Hudson,14013,C,OL,2011,4.389155725738767,3.2118184579848825,1.177337267753885,3.242085644447433,1.1470700812913344,2.9971830523886367,3.4163477324880174,v1.0.0,v1.0.0
Terrell McClain,14014,DT,IDL,2011,4.032604346599917,3.622851007814081,0.40975333878583564,3.5328821405194972,0.4997222060804196,3.4756609616746683,3.778138721793181,v1.0.0,v1.0.0
Akeem Ayers,14015,OLB,EDGE,2011,4.087383578425157,3.4864857443327377,0.6008978340924189,3.322268155352339,0.7651154230728174,3.28271887662656,3.710060306011115,v1.0.0,v1.0.0
Chris Conte,14016,S,DB,2011,4.1225172637771275,3.4452871507464806,0.6772301130306468,3.4187210107265305,0.703796253050597,3.294886204377543,3.590966219339463,v1.0.0,v1.0.0
Shane Vereen,14017,RB,RB,2011,3.919051800155079,3.5524542826069054,0.3665975175481737,3.574108207831212,0.34494359232386707,3.269997768808991,3.808672808955616,v1.0.0,v1.0.0
Marcus Gilchrist,14018,CB,DB,2011,4.304393173735203,3.7213099371760605,0.5830832365591427,3.6660422623093374,0.6383509114258659,3.5479467544565395,3.9086707707433503,v1.0.0,v1.0.0
Jarvis Jenkins,14019,DT,IDL,2011,4.109103976423055,3.4584375748020406,0.650666401621014,3.4488126252980034,0.6602913511250512,3.1584820464165055,3.737471603164225,v1.0.0,v1.0.0
Allen Bailey,14020,DE,EDGE,2011,4.329205346513472,3.8034043466155603,0.5258009998979118,3.5576595671064917,0.7715457794069804,3.59493864919899,3.975942351713104,v1.0.0,v1.0.0
Leonard Hankerson,14021,WR,WR,2011,3.2811927282397457,3.5154476326892388,-0.23425490444949304,3.6052583389844206,-0.3240656107446749,3.3560384371161303,3.6771724161765884,v1.0.0,v1.0.0
Demarcus Van Dyke,14022,CB,DB,2011,2.912610282873049,3.4285870083083054,-0.5159767254352565,3.4086748321856444,-0.49606454931259547,3.192054004982748,3.6640269861993775,v1.0.0,v1.0.0
Mason Foster,14023,OLB,EDGE,2011,4.140914718282981,3.4768203661162613,0.6640943521667197,3.381230545007817,0.759684173275164,3.3190128063243485,3.6444407966604846,v1.0.0,v1.0.0
Greg Little,14024,WR,WR,2011,3.5847863200739116,3.529369301841873,0.05541701823203882,3.8076898709940785,-0.2229035509201669,3.2170958616522234,3.8428327362846284,v1.0.0,v1.0.0
Marvin Austin,14025,DT,IDL,2011,3.0158545178923437,3.8269370342473317,-0.811082516354988,3.7757551935479428,-0.759900675655599,3.640900286874895,4.038721585488831,v1.0.0,v1.0.0
Bruce Carter,14026,OLB,EDGE,2011,4.103583886377161,3.5244696472923494,0.5791142390848121,3.5621972048432644,0.541386681533897,3.3529105778220747,3.7154531765678542,v1.0.0,v1.0.0
Vincent Brown,14027,WR,WR,2011,3.304592901681356,3.1237307148378255,0.18086218684353073,3.291912484061308,0.012680417620048345,2.835649027912804,3.3848133732433614,v1.0.0,v1.0.0
Stevan Ridley,14028,RB,RB,2011,3.870679296108311,3.371801331296555,0.49887796481175606,3.5795196368094544,0.2911596592988568,3.1506815564451,3.6079540642423105,v1.0.0,v1.0.0
Drake Nevis,14029,DT,IDL,2011,3.183687955948746,3.510295379046394,-0.3266074230976481,3.4193212969824813,-0.23563334103373546,3.3295400682245293,3.709672164348827,v1.0.0,v1.0.0
Joe Barksdale,14030,OT,OL,2011,3.288798636746454,3.4024252554028704,-0.11362661865641632,3.4473377944727708,-0.15853915772631666,3.2546595492972195,3.541988125174203,v1.0.0,v1.0.0
Curtis Marsh,14031,CB,DB,2011,2.863455195111033,3.668450865014714,-0.8049956699036809,3.5939935659512994,-0.7305383708402662,3.567995558767666,3.772222805751929,v1.0.0,v1.0.0
Torrey Smith,14032,WR,WR,2011,4.209701308755482,3.5954522300423335,0.6142490787131489,3.739613871649413,0.4700874371060695,3.424218206680332,3.7779045409671843,v1.0.0,v1.0.0
Curtis Brown,14033,CB,DB,2011,3.252169227988219,3.7108856461980895,-0.45871641820987064,3.536906456976701,-0.2847372289884822,3.5445764796001122,3.8921539976397277,v1.0.0,v1.0.0
Titus Young,14034,WR,WR,2011,3.0404973649442106,3.4351234097466636,-0.394626044802453,3.2664744579031812,-0.22597709295897062,3.121676245691314,3.8064591440928734,v1.0.0,v1.0.0
Austin Pettis,14035,WR,WR,2011,3.4954301761653195,3.5589454660396513,-0.06351528987433186,3.666904463552181,-0.17147428738686132,3.2924802571597085,3.817596116971366,v1.0.0,v1.0.0
Jabaal Sheard,14036,DE,EDGE,2011,4.429236914357432,3.310064494099586,1.1191724202578461,3.1969781921182685,1.2322587222391634,3.098128037812935,3.567338686439162,v1.0.0,v1.0.0
Ryan Mallett,14037,QB,QB,2011,2.813320502293719,2.6622004186955546,0.15112008359816453,3.1193094431741386,-0.3059889408804195,1.8545328634319656,3.4770076100089535,v1.0.0,v1.0.0
Ras-I Dowling,14038,CB,DB,2011,2.171652080276462,3.585605095893486,-1.4139530156170244,3.641633468266684,-1.4699813879902224,3.4004537340179652,3.7593431835897504,v1.0.0,v1.0.0
Martez Wilson,14039,ILB,LB,2011,3.2183476152534807,3.8515117239693124,-0.6331641087158317,3.7750514778570805,-0.5567038626035998,3.575607304078093,4.106124641224801,v1.0.0,v1.0.0
Jerrel Jernigan,14040,WR,WR,2011,3.1817213513599807,3.2807657834164754,-0.09904443205649471,3.330375568726057,-0.1486542173660763,3.101973605085077,3.4852467908008458,v1.0.0,v1.0.0
Jaiquawn Jarrett,14043,S,DB,2011,3.3877233167187057,3.4301415307616234,-0.04241821404291768,3.350358783847305,0.03736453287140096,3.2587900763951945,3.5681052714181307,v1.0.0,v1.0.0
Chris Culliver,14044,CB,DB,2011,3.5604844242273583,3.571590039697974,-0.011105615470615504,3.5145703596974456,0.04591406452991276,3.426250570859141,3.7175160504651648,v1.0.0,v1.0.0
Aaron Williams,14045,CB,DB,2011,3.6991019980368116,3.7405374057056764,-0.04143540766886478,3.615152820896592,0.08394917714021943,3.6337976310607623,3.8699765894850047,v1.0.0,v1.0.0
Da'Quan Bowers,14046,DE,EDGE,2011,3.604762203817715,3.714586202452196,-0.10982399863448089,3.5693637267889358,0.03539847702877941,3.5363512961435766,3.917062564387675,v1.0.0,v1.0.0
Jurrell Casey,14047,DT,IDL,2011,4.371611685727933,3.535196784676759,0.8364149010511737,3.4371094476040596,0.9345022381238732,3.339522306910806,3.7511540379677637,v1.0.0,v1.0.0
Justin Houston,14048,OLB,EDGE,2011,4.551972218250377,3.94597135610291,0.6060008621474671,3.693254368315077,0.8587178499352999,3.765070515001104,4.1250696023138484,v1.0.0,v1.0.0
Stephen Paea,14049,DT,IDL,2011,3.9509600467828196,4.028608265739503,-0.07764821895668295,3.683282078755016,0.26767796802780364,3.6361600606066626,4.486571340861199,v1.0.0,v1.0.0
Rahim Moore,14050,S,DB,2011,3.726301524252564,3.625910496372592,0.10039102787997178,3.517758057468545,0.2085434667840187,3.465412676333677,3.7816447691874084,v1.0.0,v1.0.0
Ryan Williams,14051,RB,RB,2011,1.5216626918475837,3.3431140548130176,-1.8214513629654339,3.5373654664727523,-2.0157027746251686,3.134478076002432,3.5640757127316065,v1.0.0,v1.0.0
Mikel Leshoure,14052,RB,RB,2011,2.586733052501921,3.5775329038197636,-0.9907998513178424,3.5790542626245574,-0.9923212101226362,3.3116364441628137,3.813224535774955,v1.0.0,v1.0.0
Randall Cobb,14053,WR,WR,2011,4.536541226503379,3.2051660393983346,1.3313751871050448,3.353147488001241,1.1833937385021382,3.0303055576037146,3.37413181332376,v1.0.0,v1.0.0
Kyle Rudolph,14054,TE,TE,2011,4.512209635314689,3.432460592693726,1.0797490426209633,3.3984348245915847,1.1137748107231045,3.145652509549418,3.6717415671962286,v1.0.0,v1.0.0
Alex Green,14055,RB,RB,2011,3.0741435672906428,3.4898440676908957,-0.41570050040025297,3.684689294727767,-0.6105457274371244,3.274920148000292,3.6818462009712123,v1.0.0,v1.0.0
Daniel Thomas,14056,RB,RB,2011,3.5604844242273583,3.513246597377503,0.047237826849855225,3.589853328844083,-0.02936890461672448,3.3091763308801845,3.7030765418179907,v1.0.0,v1.0.0
Kenrick Ellis,14057,DT,IDL,2011,3.6402255435804984,3.648013805173532,-0.007788261593033585,3.696345503145041,-0.05611995956454274,3.383960307837046,3.910213543423555,v1.0.0,v1.0.0
Brandon Harrison,14058,S,DB,2007,2.5844329182448638,3.7207265728569263,-1.1362936546120626,3.7594613709017812,-1.1750284526569175,3.5390493290111538,3.9458715967656857,v1.0.0,v1.0.0
DeMarco Sampson,14060,WR,WR,2011,2.3460445734134283,3.4987487989191215,-1.1527042255056932,3.6159220059613975,-1.2698774325479691,3.2759255870787323,3.706218007929735,v1.0.0,v1.0.0
Jerrell Powe,14061,DT,IDL,2011,2.995843821087393,3.4995037461512326,-0.5036599250638396,3.3012726005087982,-0.3054287794214052,3.1861096129103066,3.728936483799809,v1.0.0,v1.0.0
Jalil Brown,14066,CB,DB,2011,3.4875223938306,3.5655074798598827,-0.07798508602928278,3.580130995298431,-0.0926086014678309,3.3988624602887882,3.70633964482724,v1.0.0,v1.0.0
Chris Neild,14067,DT,IDL,2011,2.9599211317095553,3.6446017774586354,-0.6846806457490802,3.6326416856862798,-0.6727205539767245,3.4569913123087646,3.810972854136532,v1.0.0,v1.0.0
Justin Rogers,14071,CB,DB,2011,3.2529746770177805,3.3013637833068077,-0.04838910628902715,3.2682003223251717,-0.015225645307391122,3.138107552281476,3.492490984868225,v1.0.0,v1.0.0
Matt Bosher,14073,P,ST,2011,4.291279913785008,3.2465667188869896,1.0447131948980184,3.492913864317222,0.798366049467786,1.072501062364088,4.482526629411655,v1.0.0,v1.0.0
Colin McCarthy,14074,ILB,LB,2011,3.288798636746454,3.70611822565149,-0.41731958890503584,3.6482220879888274,-0.3594234512423733,3.531755935912345,3.8551967174891435,v1.0.0,v1.0.0
D'Aundre Reed,14075,DE,EDGE,2011,1.1451351194023418,3.5026596448602176,-2.357524525457876,3.497408403225355,-2.3522732838230134,3.3328737572370595,3.7160703901876837,v1.0.0,v1.0.0
Delone Carter,14077,RB,RB,2011,2.9755254667513045,3.498241786444055,-0.5227163196927505,3.6942206263202975,-0.718695159568993,3.285518427781809,3.690282993589133,v1.0.0,v1.0.0
Maurice Hurt,14078,OG,OL,2011,1.940930471343771,3.1265075484311833,-1.1855770770874123,3.477255185386187,-1.5363247140424159,2.876558408283864,3.314581739035789,v1.0.0,v1.0.0
Karl Klug,14079,DE,EDGE,2011,4.127160693092654,3.7154135313666323,0.411747161726022,3.578772476168866,0.5483882169237884,3.549120117238785,3.898253767325446,v1.0.0,v1.0.0
Bruce Miller,14083,OLB,EDGE,2011,3.938944008386418,3.4608965018122744,0.47804750657414363,3.5130985186571415,0.4258454897292765,3.2144846195286023,3.791757725393879,v1.0.0,v1.0.0
Virgil Green,14085,TE,TE,2011,4.348394932036581,3.735860727174893,0.6125342048616882,3.667152938506756,0.6812419935298251,3.390408923189206,4.043890965047202,v1.0.0,v1.0.0
Richard Sherman,14086,CB,DB,2011,4.402792589543744,3.4224317590269284,0.9803608305168159,3.4172290232984452,0.9855635662452991,3.2413110778010545,3.5901434855708474,v1.0.0,v1.0.0
Da'Rel Scott,14087,RB,RB,2011,2.6773591454928125,3.4329824668733755,-0.755623321380563,3.5361213212851816,-0.8587621757923691,3.2225875942549798,3.6630804900962475,v1.0.0,v1.0.0
Quinton Carter,14091,S,DB,2011,3.111644679156027,3.589322090729076,-0.4776774115730489,3.5511722058196566,-0.4395275266636296,3.4273166474145658,3.7607736001870036,v1.0.0,v1.0.0
Shaun Chapas,14094,FB,RB,2011,1.6069508975281073,3.2893263382145435,-1.6823754406864362,3.4443011067474445,-1.8373502092193372,2.9476969834420252,3.5993600682848013,v1.0.0,v1.0.0
Mike Mohamed,14097,ILB,LB,2011,2.8236674677521854,3.762707232472988,-0.9390397647208029,3.734026211957771,-0.9103587442055856,3.519856423817894,4.014254806656906,v1.0.0,v1.0.0
Luke Stocker,14099,TE,TE,2011,4.389605914414404,3.8137716968382147,0.5758342175761895,3.616969322705394,0.7726365917090101,3.587299089157209,4.073024092149639,v1.0.0,v1.0.0
Dwayne Harris,14100,WR,WR,2011,4.170010982330437,3.5035827376939075,0.6664282446365295,3.499158771577899,0.6708522107525381,3.2976767732111827,3.7551198445019907,v1.0.0,v1.0.0
Greg McElroy,14101,QB,QB,2011,0.9146634597162007,2.372472007068476,-1.4578085473522755,3.265090036715902,-2.3504265769997015,1.8970052403063593,2.82104084761616,v1.0.0,v1.0.0
Allen Bradford,14103,RB,RB,2011,2.4192345457655224,3.761275222985394,-1.3420406772198716,3.614002057150081,-1.1947675113845584,3.4886508736458994,4.107844075973501,v1.0.0,v1.0.0
Stanley Havili,14104,FB,RB,2011,3.087790945227789,3.4592694766201895,-0.3714785313924005,3.3855694457852823,-0.29777850055749333,3.2558835708124603,3.6823523166959515,v1.0.0,v1.0.0
Evan Royster,14105,RB,RB,2011,3.183687955948746,3.1629690858658095,0.02071887008293638,3.4535916414093895,-0.2699036854606436,2.8960380111433497,3.3913644467314366,v1.0.0,v1.0.0
Greg Salas,14106,WR,WR,2011,2.9296168230141895,3.568797207997798,-0.6391803849836086,3.6642264822563346,-0.7346096592421452,3.4080122679423406,3.744216432613491,v1.0.0,v1.0.0
Chimdi Chekwa,14107,CB,DB,2011,3.1644024097887096,3.220489205161706,-0.056086795372996434,3.149489935183622,0.014912474605087489,3.067986832014745,3.3794642105023907,v1.0.0,v1.0.0
Cortez Allen,14109,CB,DB,2011,3.6402255435804984,3.6813169193369575,-0.04109137575645905,3.575503917787533,0.06472162579296548,3.537544150921184,3.8169933692470135,v1.0.0,v1.0.0
Daniel Kilgore,14110,OG,OL,2011,3.4263951146954534,3.4573880148496063,-0.030992900154152903,3.493993860548941,-0.06759874585348769,3.2657982274528075,3.5951567969513176,v1.0.0,v1.0.0
Chykie Brown,14113,CB,DB,2011,3.7510193313855686,3.6437351222232004,0.10728420916236825,3.4775548451326403,0.2734644862529283,3.462129073880432,3.848959218639789,v1.0.0,v1.0.0
T.J. Yates,14114,QB,QB,2011,2.657816438056875,2.6447271704822257,0.013089267574649455,3.286469898717688,-0.628653460660813,2.122207511388274,3.151440132196918,v1.0.0,v1.0.0
Johnny White,14115,RB,RB,2011,2.786338238179417,3.4319950859595814,-0.6456568477801645,3.2639385988383607,-0.47760036065894385,3.2855641319547124,3.598342631413578,v1.0.0,v1.0.0
Marcus Cannon,14116,OT,OL,2011,3.3877233167187057,3.432554484820558,-0.04483116810185228,3.7137782356325655,-0.32605491891385974,3.1872881730577514,3.6241646333803437,v1.0.0,v1.0.0
Roc Carmichael,14118,CB,DB,2011,2.704490561053983,3.677802869022947,-0.9733123079689641,3.5693041799103766,-0.8648136188563935,3.464513244351291,3.8465673342414104,v1.0.0,v1.0.0
Shiloh Keo,14122,S,DB,2011,3.6572570856366133,3.9187508155852395,-0.2614937299486262,3.7517133587051665,-0.0944562730685532,3.6107268388848457,4.228532664051941,v1.0.0,v1.0.0
Alex Henery,14123,K,ST,2011,3.5222380992124513,3.244976050329745,0.2772620488827062,3.226066472671513,0.2961716265409384,2.6269247735616306,3.8256986695072603,v1.0.0,v1.0.0
Jason Kelce,14124,C,OL,2011,4.415696373348128,3.5999235038594413,0.8157728694886868,3.4810778987824134,0.9346184745657147,3.392295014429809,3.833208250243361,v1.0.0,v1.0.0
Christian Ballard,14125,DE,EDGE,2011,3.173159346567495,3.690474946873208,-0.5173156003057127,3.2941314912810724,-0.1209721447135772,3.5001751675257555,3.916291180666992,v1.0.0,v1.0.0
Tyler Sash,14126,S,DB,2011,2.912533449240207,3.505799174412261,-0.5932657251720541,3.4583690611380415,-0.5458356118978345,3.310186750894785,3.6987800651226923,v1.0.0,v1.0.0
Bilal Powell,14129,RB,RB,2011,4.177238273405982,3.470344091033542,0.7068941823724404,3.5077993608182734,0.6694389125877089,3.26483176490579,3.653467650698566,v1.0.0,v1.0.0
Owen Marecic,14130,FB,RB,2011,2.9599211317095553,3.3720814393635523,-0.412160307653997,3.3660494004429755,-0.40612826873342023,2.927529658836448,3.681944963851012,v1.0.0,v1.0.0
Ryan Whalen,14131,WR,WR,2011,2.3868481303175892,3.5152988321634546,-1.1284507018458654,3.6472921123255344,-1.2604439820079452,3.3594815413790626,3.7163807568301293,v1.0.0,v1.0.0
Brandon Burton,14132,CB,DB,2011,2.4570567304749815,3.5021736810798094,-1.045116950604828,3.442748028325783,-0.9856912978508015,3.3704273909602143,3.6443634125706676,v1.0.0,v1.0.0
Byron Maxwell,14133,CB,DB,2011,3.9850786654867267,3.4339203974067423,0.5511582680799845,3.4066838491576323,0.5783948163290944,3.262124567410778,3.6324541400699952,v1.0.0,v1.0.0
Chris Hairston,14134,OT,OL,2011,3.064574191536438,3.5447810338719177,-0.4802068423354795,3.5606579048933553,-0.49608371335691714,3.357808684141566,3.7140144558246098,v1.0.0,v1.0.0
Anthony Sherman,14135,FB,RB,2011,4.4199447544849875,3.5304446154905493,0.8895001389944381,3.493073661127528,0.9268710933574593,3.2491542361957193,3.825453564124637,v1.0.0,v1.0.0
Brandon Hogan,14137,CB,DB,2011,1.1451351194023418,3.588006537858006,-2.442871418455664,3.570152053418562,-2.42501693401622,3.4060590614782242,3.7504226426832266,v1.0.0,v1.0.0
Buster Skrine,14139,CB,DB,2011,4.4587874575073245,3.953546122646986,0.5052413348603384,3.7898925227801166,0.668894934727208,3.727688142942165,4.133257569377175,v1.0.0,v1.0.0
K.J. Wright,14140,OLB,EDGE,2011,4.47508925236539,3.5205664765195572,0.9545227758458323,3.3353455757025947,1.1397436766627949,3.3806715247477563,3.6651969360815,v1.0.0,v1.0.0
Da'Norris Searcy,14143,S,DB,2011,4.152896624380726,3.8016995925735912,0.3511970318071347,3.736264713348924,0.41663191103180175,3.6208858355663374,4.000540992092361,v1.0.0,v1.0.0
Charles Clay,14145,FB,RB,2011,4.2761629533782335,3.296243593275051,0.9799193601031826,3.587771125229713,0.6883918281485206,2.9918763894705425,3.561027845379356,v1.0.0,v1.0.0
Ahmad Black,14146,S,DB,2011,2.868907891409407,3.4304696060255147,-0.5615617146161078,3.2541474086917304,-0.38523951728232353,3.2215307588034583,3.6270409696904395,v1.0.0,v1.0.0
Doug Hogue,14149,OLB,EDGE,2011,3.2119768491235505,3.540809050145199,-0.32883220102164845,3.363075343869329,-0.1510984947457783,3.3209168313177577,3.7185752541999317,v1.0.0,v1.0.0
Kealoha Pilares,14150,WR,WR,2011,2.759613832938619,3.473049757268341,-0.7134359243297221,3.6208528292167954,-0.8612389962781766,3.272617574736571,3.7342821072231884,v1.0.0,v1.0.0
Jeremy Kerley,14151,WR,WR,2011,4.09064813607092,3.154992433864621,0.9356557022062986,3.201991832509742,0.8886563035611776,2.8909478341769543,3.3644786769092403,v1.0.0,v1.0.0
Sam Acho,14152,OLB,EDGE,2011,4.183147405011796,3.9652014360597767,0.2179459689520189,3.687172491373892,0.49597491363790347,3.7029839351485054,4.1819054331879935,v1.0.0,v1.0.0
Denarius Moore,14153,WR,WR,2011,3.6516293448535895,3.473319416078884,0.17830992877470564,3.562451869474781,0.0891774753788086,3.3530303115045013,3.6198434490152636,v1.0.0,v1.0.0
Eric Hagg,14154,S,DB,2011,2.863455195111033,3.618100904151684,-0.7546457090406506,3.5346307125858725,-0.6711755174748393,3.494723004306447,3.7533754988455974,v1.0.0,v1.0.0
Brandyn Thompson,14155,CB,DB,2011,1.6770794524643968,3.6444720227256537,-1.967392570261257,3.5021677970869027,-1.825088344622506,3.4623438175101824,3.825775297990986,v1.0.0,v1.0.0
Niles Paul,14156,WR,WR,2011,3.988761394884917,3.535792491095683,0.45296890378923393,3.7595935792400104,0.22916781564490663,3.3225964417736638,3.799043777294302,v1.0.0,v1.0.0
Davon House,14157,CB,DB,2011,4.007110883050284,3.7008793037449386,0.30623157930534584,3.666409863749778,0.3407010193005062,3.517546953747974,3.9107652895598743,v1.0.0,v1.0.0
D.J. Williams,14158,TE,TE,2011,3.348317312538023,3.5554916582054714,-0.20717434566744863,3.3964396639577554,-0.048122351419732645,3.2456214688280065,3.856885524013878,v1.0.0,v1.0.0
Kendall Hunter,14159,RB,RB,2011,3.467468875860921,3.5611412393273456,-0.09367236346642471,3.555861893791438,-0.08839301793051701,3.3301810747319123,3.8238548119643196,v1.0.0,v1.0.0
Cheta Ozougwu,14160,DE,EDGE,2011,1.9594796171115287,3.4685253396752014,-1.5090457225636726,3.441569520024191,-1.4820899029126624,3.291707571655391,3.6932147677027625,v1.0.0,v1.0.0
Josh Thomas,14162,CB,DB,2011,3.557448840607585,3.564373547149328,-0.006924706541743042,3.452370469924473,0.10507837068311199,3.455383183584587,3.682219863659247,v1.0.0,v1.0.0
Tyrod Taylor,14163,QB,QB,2011,4.102498436673818,3.434754981658507,0.667743455015311,3.5834625139657597,0.5190359227080581,2.9793657042463755,3.8380295307344343,v1.0.0,v1.0.0
Aldrick Robinson,14164,WR,WR,2011,3.915727254695066,3.5412335879523784,0.37449366674268747,3.679365629232657,0.23636162546240902,3.3672092695380136,3.733582807403507,v1.0.0,v1.0.0
Taiwan Jones,14167,RB,RB,2011,4.414509170732238,3.454986471001028,0.9595226997312101,3.509464206380806,0.9050449643514318,3.176387162875128,3.7780643720642764,v1.0.0,v1.0.0
D.J. Smith,14170,OLB,EDGE,2011,2.8236674677521854,3.359146219957445,-0.5354787522052598,3.3316377728111854,-0.5079703050590001,3.154868496736865,3.5706764515652756,v1.0.0,v1.0.0
Greg Jones,14172,ILB,LB,2011,2.863455195111033,3.4757905464228203,-0.6123353513117871,3.3896230837852377,-0.5261678886742045,3.276336752528402,3.703623692442891,v1.0.0,v1.0.0
Chris Rucker,14173,CB,DB,2011,2.5844329182448638,3.5019269654411316,-0.9174940471962678,3.4565209167422024,-0.8720879984973386,3.3229786722314145,3.6846050077379635,v1.0.0,v1.0.0
Chris Carter,14174,OLB,EDGE,2011,3.919051800155079,3.752813690267956,0.1662381098871233,3.651254103536246,0.2677976966188331,3.539598491322652,3.9489484705988467,v1.0.0,v1.0.0
Clint Boling,14178,OG,OL,2011,4.109103976423055,3.5364095929543873,0.5726943834686673,3.5115310531998642,0.5975729232231903,3.36287653770624,3.6557541957676607,v1.0.0,v1.0.0
Brian Rolle,14180,OLB,EDGE,2011,2.759613832938619,3.5910081993313203,-0.8313943663927015,3.570040585979878,-0.8104267530412592,3.375857385778072,3.878795790202955,v1.0.0,v1.0.0
Casey Matthews,14181,ILB,LB,2011,3.6942882594600555,3.256805406488965,0.43748285297109035,3.349723886660153,0.3445643727999026,2.9037577075585603,3.704921513004418,v1.0.0,v1.0.0
Cliff Matthews,14182,DE,EDGE,2011,3.183687955948746,3.6117273079904426,-0.42803935204169674,3.398879767618677,-0.21519181166993118,3.480483347504384,3.7689367847802386,v1.0.0,v1.0.0
Jermale Hines,14183,S,DB,2011,2.5844329182448638,3.64749878699637,-1.0630658687515062,3.5299044810035367,-0.945471562758673,3.4110705734302114,3.962224012990904,v1.0.0,v1.0.0
Cecil Shorts,14184,WR,WR,2011,3.8135566254054982,3.576412590981894,0.2371440344236042,3.7620889247011458,0.05146770070435247,3.3151319878565038,3.894756258491987,v1.0.0,v1.0.0
Lawrence Guy,14185,DT,IDL,2011,4.603266426642435,3.713966103354371,0.8893003232880639,3.590468259906527,1.0127981667359078,3.4010667156699923,4.006170253959596,v1.0.0,v1.0.0
Jordan Todman,14186,RB,RB,2011,3.8450506746063633,3.482020347538593,0.3630303270677704,3.5180188085629718,0.3270318660433915,3.2078456848495343,3.766621722874571,v1.0.0,v1.0.0
Jamie Harper,14188,RB,RB,2011,2.912533449240207,3.6120402839673305,-0.6995068347271234,3.551889354819779,-0.6393559055795719,3.4219613565216265,3.8136769221923115,v1.0.0,v1.0.0
Jordan Cameron,14189,TE,TE,2011,3.7755896300038287,4.050159464295459,-0.27456983429163007,3.8788557466265763,-0.10326611662274754,3.7306604027734855,4.354075372950276,v1.0.0,v1.0.0
Tandon Doss,14190,WR,WR,2011,3.270741920076855,3.368612749880994,-0.09787082980413908,3.446783848671924,-0.1760419285950694,3.1379797771500746,3.590904563060526,v1.0.0,v1.0.0
Roy Helu,14192,RB,RB,2011,3.6516293448535895,3.440896334506301,0.21073301034728864,3.7552518526420036,-0.10362250778841409,3.149006381395445,3.8109192370202227,v1.0.0,v1.0.0
Jacquizz Rodgers,14193,RB,RB,2011,4.158805755986539,3.2319179957897757,0.9268877601967636,3.12180823925323,1.0369975167333094,2.88121157405223,3.5104280380875585,v1.0.0,v1.0.0
Derek Newton,14197,OT,OL,2011,3.4461896705496162,3.263255933132595,0.18293373741702101,3.4483719429036253,-0.0021822723540090294,3.060894105375662,3.425294077113198,v1.0.0,v1.0.0
Dion Lewis,14198,RB,RB,2011,4.109956486439965,3.2364716770354716,0.8734848094044936,3.4355588846220435,0.6743976018179216,2.993960713583153,3.4362185525692674,v1.0.0,v1.0.0
DeJon Gomes,14200,S,DB,2011,3.4461896705496162,3.4231976681548013,0.022992002394814914,3.3669926023152104,0.07919706823440587,3.2188786575707833,3.6167054369092053,v1.0.0,v1.0.0
Chris White,14201,ILB,LB,2011,3.5479840389742314,3.6539823798274194,-0.10599834085318793,3.548144361737802,-0.0001603227635706972,3.4645054890217275,3.832198190166723,v1.0.0,v1.0.0
Pernell McPhee,14202,DE,EDGE,2011,4.389155725738767,3.713146904919038,0.6760088208197295,3.394666090676475,0.9944896350622923,3.5032091602187583,3.923169117985119,v1.0.0,v1.0.0
Julius Thomas,14204,TE,TE,2011,3.785291302644668,3.8019863218559284,-0.016695019211260487,3.5508718481061274,0.23441945453854052,3.5387217159514694,4.129431501769974,v1.0.0,v1.0.0
Clyde Gates,14209,WR,WR,2011,3.183687955948746,3.3139579448010097,-0.13026998885226382,3.4226095705338087,-0.23892161458506278,3.1194295995777614,3.5535426685144813,v1.0.0,v1.0.0
Stephen Burton,14210,WR,WR,2011,2.62451553749674,3.368497143177102,-0.7439816056803616,3.548926647690837,-0.924411110194097,3.190114904586057,3.5415150669451383,v1.0.0,v1.0.0
Anthony Allen,14212,RB,RB,2011,2.812538078173407,3.400550463543382,-0.588012385369975,3.790180251791356,-0.9776421736179493,3.0876164314207784,3.6711875129316622,v1.0.0,v1.0.0
Lee Smith,14215,TE,TE,2011,4.42490356497461,3.6612403363487895,0.7636632286258203,3.541128380650423,0.883775184324187,3.3933710234063796,3.96399302620143,v1.0.0,v1.0.0
J.T. Thomas,14216,OLB,EDGE,2011,3.512573842349263,3.521536600220858,-0.008962757871595173,3.4283977566073105,0.08417608574195246,3.3777165029823553,3.7045639352739093,v1.0.0,v1.0.0
Brandon Taylor,14350,S,DB,2012,1.345801546169376,3.1908488629149847,-1.8450473167456087,3.1733630461103917,-1.8275614999410157,2.960582723342566,3.4083851971118335,v1.0.0,v1.0.0
Andrew Luck,14874,QB,QB,2012,3.946502233083245,3.3589065299597975,0.5875957031234473,3.5940041194636656,0.3524981136195793,2.9620728736767394,3.711840801687936,v1.0.0,v1.0.0
Robert Griffin,14875,QB,QB,2012,3.6040935902907383,2.476126712931632,1.1279668773591065,3.417516532779384,0.18657705751135412,1.8249852795458188,3.3430744292664314,v1.0.0,v1.0.0
Ryan Tannehill,14876,QB,QB,2012,4.450480635187165,3.1486422344346825,1.3018384007524824,3.439585331818116,1.0108953033690486,2.699331845089295,3.5510785887479503,v1.0.0,v1.0.0
Nick Foles,14877,QB,QB,2012,3.7769066472220314,2.6940299154132066,1.0828767318088248,3.17761325035759,0.5992933968644416,2.1571353963315945,3.2872611725657848,v1.0.0,v1.0.0
Brandon Weeden,14878,QB,QB,2012,3.2529746770177805,3.156730231417791,0.09624444559998935,3.342036590698187,-0.0890619136804065,2.7506949069736164,3.505985087843842,v1.0.0,v1.0.0
Brock Osweiler,14879,QB,QB,2012,3.4580761165880167,3.2638301793262823,0.19424593726173445,3.539842375664389,-0.08176625907637236,2.766054176315725,3.684756882795084,v1.0.0,v1.0.0
Kirk Cousins,14880,QB,QB,2012,4.58674425136269,2.705632695149948,1.8811115562127423,3.150666043347618,1.436078208015072,2.192289635220632,3.143408016643534,v1.0.0,v1.0.0
Russell Wilson,14881,QB,QB,2012,4.693033091353665,3.165794685022328,1.5272384063313367,3.3888362027483176,1.3041968886053472,2.6831594206795253,3.5719014317921354,v1.0.0,v1.0.0
Ryan Lindley,14883,QB,QB,2012,2.003094559837425,2.8128328073970175,-0.8097382475595927,3.1777756385422307,-1.1746810787048059,2.384034976201033,3.2214919146180003,v1.0.0,v1.0.0
Trent Richardson,14884,RB,RB,2012,3.549376123448943,3.69869434755473,-0.14931822410578688,3.479160120229055,0.07021600321988819,3.4472376236199946,3.931659390480508,v1.0.0,v1.0.0
Doug Martin,14885,RB,RB,2012,3.9586982334119263,3.676110970178485,0.2825872632334412,3.7362759200160642,0.22242231339586205,3.4442265502634766,3.903794248529461,v1.0.0,v1.0.0
Lamar Miller,14886,RB,RB,2012,4.134839907711126,3.475388013791037,0.6594518939200893,3.2232853503307064,0.9115545573804198,3.084361210847857,3.85582018018217,v1.0.0,v1.0.0
David Wilson,14887,RB,RB,2012,2.812538078173407,3.478633884337373,-0.6660958061639661,3.419431320843519,-0.6068932426701124,3.1838350759070955,3.8064685420946787,v1.0.0,v1.0.0
Isaiah Pead,14888,RB,RB,2012,3.0462048841137985,3.4773419792239015,-0.431137095110103,3.2959161293673023,-0.24971124525350374,3.2678122551668305,3.7224069487342453,v1.0.0,v1.0.0
Bernard Pierce,14891,RB,RB,2012,3.5604844242273583,3.474543173122187,0.08594125110517137,3.529807481482982,0.03067694274437649,3.333952198815282,3.6438267019885524,v1.0.0,v1.0.0
Edwin Baker,14892,RB,RB,2012,1.6069508975281073,3.4055118234981405,-1.7985609259700333,3.4428458007582003,-1.835894903230093,3.122944600432512,3.6857037373670756,v1.0.0,v1.0.0
Robert Turbin,14894,RB,RB,2012,4.003385944489444,3.677880270771324,0.32550567371811967,3.5910378693701337,0.41234807511931004,3.442072555864928,3.9424679938260185,v1.0.0,v1.0.0
Ronnie Hillman,14895,RB,RB,2012,3.6846873160553586,3.307087830739276,0.37759948531608245,3.3139882239563643,0.3706990920989943,2.877291589144813,3.644747173631222,v1.0.0,v1.0.0
Chris Rainey,14896,RB,RB,2012,2.6469482242548565,3.3195987974894114,-0.6726505732345549,3.660479090706059,-1.0135308664512026,3.0558719194341233,3.6165699875039223,v1.0.0,v1.0.0
Cyrus Gray,14897,RB,RB,2012,3.270741920076855,3.620274928349824,-0.34953300827296907,3.421700286896428,-0.1509583668195731,3.3028489107530787,3.9458207906202074,v1.0.0,v1.0.0
Vick Ballard,14898,RB,RB,2012,2.586733052501921,3.3848205726824596,-0.7980875201805384,3.5277209863184025,-0.9409879338164813,3.240214321410283,3.5120458381538993,v1.0.0,v1.0.0
Coby Fleener,14900,TE,TE,2012,3.953973579709973,3.744000988681892,0.20997259102808075,3.6654916738584955,0.28848190585147737,3.401581158564028,4.2704256332832005,v1.0.0,v1.0.0
Dwayne Allen,14901,TE,TE,2012,3.973903605135485,3.569724220455507,0.4041793846799777,3.4890566942387617,0.48484691089672305,3.225722600454085,3.860184504929289,v1.0.0,v1.0.0
Orson Charles,14902,TE,TE,2012,3.4954301761653195,3.494168325596084,0.0012618505692354454,3.636485077105847,-0.14105490094052753,2.8899933384844934,4.104234149077668,v1.0.0,v1.0.0
Michael Egnew,14903,TE,TE,2012,2.6554775013275047,3.6140760578857094,-0.9585985565582047,3.6035930229427735,-0.9481155216152688,3.250934996546289,3.8990277130324587,v1.0.0,v1.0.0
Ladarius Green,14904,TE,TE,2012,3.604762203817715,3.561931137982968,0.04283106583474705,3.395892718272037,0.2088694855456783,3.18862532095632,4.006272751231511,v1.0.0,v1.0.0
James Hanna,14906,TE,TE,2012,3.8539832348938767,4.03286794084777,-0.17888470595389316,3.8725896911089315,-0.018606456215054745,3.7547645759202957,4.303361357173118,v1.0.0,v1.0.0
Justin Blackmon,14907,WR,WR,2012,2.759613832938619,3.501216586030714,-0.7416027530920952,3.596558756305032,-0.836944923366413,3.2863019343407505,3.703780025411705,v1.0.0,v1.0.0
Michael Floyd,14908,WR,WR,2012,4.130121973840963,3.425794060804918,0.7043279130360451,3.511318131784256,0.6188038420567072,3.2093739630150884,3.6170230377667574,v1.0.0,v1.0.0
Kendall Wright,14909,WR,WR,2012,3.915727254695066,3.4117997027504923,0.5039275519445736,3.3329276070900344,0.5827996476050314,3.247995720896704,3.5809711373208324,v1.0.0,v1.0.0
Stephen Hill,14910,WR,WR,2012,2.912533449240207,3.246124604381263,-0.33359115514105575,3.5501588144030114,-0.6376253651628043,2.967332210628836,3.5302623062694907,v1.0.0,v1.0.0
Rueben Randle,14911,WR,WR,2012,3.6942882594600555,3.0549938415276046,0.6392944179324509,3.3512368830200527,0.3430513764400027,2.8434216390166234,3.2687581649112865,v1.0.0,v1.0.0
Alshon Jeffery,14912,WR,WR,2012,4.177238273405982,3.47356401061496,0.7036742627910222,3.4703579564751426,0.7068803169308397,3.284831286463946,3.691356502452361,v1.0.0,v1.0.0
Brian Quick,14914,WR,WR,2012,3.9586982334119263,3.363421609324566,0.5952766240873602,3.509751721475639,0.44894651193628743,3.1952956285636,3.5278196912415556,v1.0.0,v1.0.0
Marvin McNutt,14915,WR,WR,2012,1.4639229141164507,3.4709997444397187,-2.007076830323268,3.406080661062014,-1.942157746945563,3.3002915804855513,3.686270204118276,v1.0.0,v1.0.0
Keshawn Martin,14916,WR,WR,2012,3.6628365190360186,3.5208065626334077,0.14202995640261085,3.5483203199200033,0.1145161991160153,3.3839730271090893,3.673523406754265,v1.0.0,v1.0.0
Joe Adams,14917,WR,WR,2012,2.0548197685407565,2.9855401681629,-0.9307203996221434,3.057821631871705,-1.0030018633309483,2.6658361374844723,3.3197202533517496,v1.0.0,v1.0.0
Jarius Wright,14918,WR,WR,2012,4.1646616514490775,3.5523581406537668,0.6123035107953108,3.5250904708862,0.6395711805628777,3.3478429285658025,3.7577653781929303,v1.0.0,v1.0.0
Ryan Broyles,14919,WR,WR,2012,2.7280462042748432,3.3382968342803694,-0.6102506300055262,3.48895683810637,-0.7609106338315268,3.10189745055288,3.5988093451326137,v1.0.0,v1.0.0
Nick Toon,14921,WR,WR,2012,2.523550556078262,3.198922457687204,-0.6753719016089423,3.4437034538727693,-0.9201528977945075,2.827438885722327,3.5324966246496445,v1.0.0,v1.0.0
Mohamed Sanu,14922,WR,WR,2012,4.394027700174193,3.2522358701423912,1.1417918300318015,3.474559561973802,0.9194681382003909,3.0514622773502436,3.4682122488898814,v1.0.0,v1.0.0
Devon Wylie,14923,WR,WR,2012,1.8526840240530842,3.363139386974754,-1.5104553629216697,3.3877895060082017,-1.5351054819551175,3.1450851389733305,3.5662436271028373,v1.0.0,v1.0.0
T.Y. Hilton,14924,WR,WR,2012,4.4117274381317575,3.3916943736445706,1.020033064487187,3.383689724557666,1.0280377135740917,3.130828292255966,3.6414849802891225,v1.0.0,v1.0.0
Melvin Ingram,14926,OLB,EDGE,2012,4.473784763395762,3.8798374926135804,0.5939472707821816,3.749701963738778,0.7240827996569839,3.6691744757432363,4.091490326986274,v1.0.0,v1.0.0
Chandler Jones,14927,DE,EDGE,2012,4.446287072254198,3.7744766781736927,0.6718103940805054,3.5261990813139077,0.9200879909402904,3.654615737416369,3.892775550035341,v1.0.0,v1.0.0
Matt Kalil,14928,OT,OL,2012,3.4735621360271987,3.3523564100857435,0.12120572594145518,3.643352888319227,-0.16979075229202856,2.9904154246798944,3.6651341372479385,v1.0.0,v1.0.0
Nick Perry,14929,DE,EDGE,2012,3.935201699236324,3.7617104410696833,0.1734912581666408,3.6165845766783016,0.31861712255802255,3.4176549089568606,4.054973649819758,v1.0.0,v1.0.0
Riley Reiff,14930,OT,OL,2012,4.147611818238914,3.3730537716220588,0.7745580466168556,3.460411929425813,0.6871998888131015,3.2550033200990414,3.506170364702122,v1.0.0,v1.0.0
Kevin Zeitler,14931,OG,OL,2012,4.496856887705518,3.5269791273098092,0.9698777603957089,3.524588121705332,0.9722687660001861,3.3791582901533075,3.652408047359668,v1.0.0,v1.0.0
Mark Barron,14932,S,DB,2012,4.251821304352977,3.484512359852774,0.7673089445002033,3.4649535080353533,0.7868677963176238,3.3186328490998966,3.6622769486306317,v1.0.0,v1.0.0
Dont'a Hightower,14933,ILB,LB,2012,4.22307223321896,3.474511691783696,0.7485605414352641,3.4242332473463106,0.7988389858726492,2.9934957738061003,3.937473843671544,v1.0.0,v1.0.0
Quinton Coples,14934,DE,EDGE,2012,3.63082325424351,3.6800781079950142,-0.04925485375150407,3.416122803717122,0.2147004505263883,3.3971409388351996,3.966294336952365,v1.0.0,v1.0.0
David DeCastro,14935,OG,OL,2012,4.170465261432873,3.65400436754725,0.5164608938856228,3.6737737244702893,0.4966915369625835,3.400411221950292,3.911792932441185,v1.0.0,v1.0.0
Whitney Mercilus,14936,DE,EDGE,2012,4.376157158797064,3.659390526600364,0.7167666321966997,3.469154319319807,0.9070028394772565,3.5078027337405286,3.8112451572924195,v1.0.0,v1.0.0
Shea McClellin,14937,OLB,EDGE,2012,3.746150394761617,3.8857885297273995,-0.1396381349657827,3.5359848186213583,0.21016557614025855,3.729740807605726,4.065789475762174,v1.0.0,v1.0.0
Luke Kuechly,14938,ILB,LB,2012,4.204239091737835,3.696559860607005,0.5076792311308305,3.7666603795495726,0.43757871218826283,3.4908928285339385,3.8886316602409696,v1.0.0,v1.0.0
Dontari Poe,14939,DT,IDL,2012,4.28124110420715,3.9698087286017674,0.3114323756053827,3.8116250318136156,0.46961607239353453,3.634518365132224,4.2916334609707105,v1.0.0,v1.0.0
Dre Kirkpatrick,14940,CB,DB,2012,4.257195027308792,3.095917100499784,1.1612779268090079,3.0499714509128544,1.2072235763959376,2.9176565152662715,3.2729557680491044,v1.0.0,v1.0.0
Fletcher Cox,14941,DT,IDL,2012,4.596792063160805,3.7711334875170626,0.8256585756437427,3.702864657296436,0.8939274058643694,3.4547335856756627,4.056177408297305,v1.0.0,v1.0.0
Stephon Gilmore,14942,CB,DB,2012,4.5890192809324635,3.801896290271244,0.7871229906612194,3.699364279538672,0.8896550013937916,3.652499542990456,3.9533909074760225,v1.0.0,v1.0.0
Morris Claiborne,14943,CB,DB,2012,3.9920813117267295,3.321877014694699,0.6702042970320305,3.2315044404771793,0.7605768712495502,3.1737679428468124,3.478385767648807,v1.0.0,v1.0.0
Michael Brockers,14944,DT,IDL,2012,4.471051972305173,3.3702930647042293,1.100758907600944,3.2412460725798367,1.2298058997253367,3.1172782491418363,3.679019952394999,v1.0.0,v1.0.0
Harrison Smith,14945,S,DB,2012,4.702453546100333,3.740661390695672,0.9617921554046611,3.682344390324001,1.020109155776332,3.5744759616951742,3.8981187693951562,v1.0.0,v1.0.0
Bruce Irvin,14946,OLB,EDGE,2012,4.446121014023545,4.087248408400579,0.35887260562296586,3.781069433981062,0.6650515800424825,3.8960057850851535,4.302057410974384,v1.0.0,v1.0.0
A.J. Jenkins,14947,WR,WR,2012,3.035568106998676,3.3412313753415943,-0.3056632683429181,3.346202279872637,-0.3106341728739608,3.15590044776484,3.5224802122809455,v1.0.0,v1.0.0
Josh Robinson,14948,CB,DB,2012,4.050220600955481,3.992138397920081,0.05808220303540024,3.8486769070172837,0.2015436939381976,3.7946860141188012,4.205154115290478,v1.0.0,v1.0.0
Bryan Anger,14950,P,ST,2012,4.75914082424923,3.6610898058021686,1.0980510184470615,3.3804764977952075,1.3786643264540226,3.0516676715649815,4.172815780467733,v1.0.0,v1.0.0
Mitchell Schwartz,14951,OT,OL,2012,3.5728020821630215,3.3126140931666437,0.26018798899637785,3.4078447392811624,0.16495734288185915,3.1034764922184035,3.482824513980362,v1.0.0,v1.0.0
Andre Branch,14952,DE,EDGE,2012,4.038241796942238,3.7980846712462135,0.2401571256960242,3.507869026013739,0.5303727709284987,3.676037091417385,3.9476051679149045,v1.0.0,v1.0.0
Kendall Reyes,14953,DT,IDL,2012,3.886288019452854,3.859088188405116,0.027199831047738154,3.7098012852557196,0.17648673419713434,3.6641007928089984,4.0458269496173065,v1.0.0,v1.0.0
John Hughes,14954,DT,IDL,2012,3.765740956740437,3.563473663668444,0.20226729307199331,3.470376980247705,0.29536397649273205,3.371601735469132,3.79359256888021,v1.0.0,v1.0.0
Jamell Fleming,14955,CB,DB,2012,3.3234735242048945,3.859753401969036,-0.5362798777641413,3.7588502243154522,-0.43537670011055774,3.683448537693646,4.035506132963034,v1.0.0,v1.0.0
Kelechi Osemele,14957,OT,OL,2012,3.252169227988219,3.352509693063266,-0.10034046507504701,3.559434913882689,-0.30726568589447023,3.2027032891027023,3.4729214464370832,v1.0.0,v1.0.0
Demario Davis,14958,OLB,EDGE,2012,4.75914082424923,3.5288488018927815,1.2302920223564486,3.5916926479740576,1.1674481762751725,3.324341215570917,3.7412201069190565,v1.0.0,v1.0.0
Vinny Curry,14959,DE,EDGE,2012,4.334056115294505,3.6776348046445504,0.6564213106499546,3.3546975504155623,0.9793585648789427,3.4686652568361267,3.93378902887924,v1.0.0,v1.0.0
Devon Still,14963,DT,IDL,2012,3.1491418106994007,3.427352829891133,-0.2782110191917324,3.3250715499767485,-0.17592973927734779,3.158922001875813,3.7266455196686525,v1.0.0,v1.0.0
Derek Wolfe,14964,DT,IDL,2012,4.25015948587933,3.8913733387593963,0.3587861471199334,3.7006713651102454,0.5494881207690843,3.6877477747976566,4.107206178034509,v1.0.0,v1.0.0
Brandon Thompson,14965,DT,IDL,2012,3.3336385885689284,3.7529839549084247,-0.4193453663394964,3.4584023019446914,-0.12476371337576309,3.5408157593643708,3.959586392994029,v1.0.0,v1.0.0
Casey Hayward,14966,CB,DB,2012,4.437817897065481,3.7466523242283967,0.6911655728370847,3.631359790329649,0.8064581067358323,3.569445009671171,3.8978838201435315,v1.0.0,v1.0.0
Jerel Worthy,14967,DT,IDL,2012,3.2529746770177805,3.349085843167535,-0.09611116614975446,3.3675538768094944,-0.11457919979171383,3.1866781909401958,3.5489227620892057,v1.0.0,v1.0.0
DeVier Posey,14969,WR,WR,2012,2.9548883427539363,3.4800754025439056,-0.5251870597899693,3.6004046569905124,-0.6455163142365761,3.3162895768891074,3.6483027737637306,v1.0.0,v1.0.0
Courtney Upshaw,14970,DE,EDGE,2012,3.9758857669824756,3.7810301274690516,0.194855639513424,3.617563609708359,0.35832215727411665,3.597501908296231,3.9834166481921063,v1.0.0,v1.0.0
Cordy Glenn,14971,OT,OL,2012,3.372246395067789,3.3569421371103783,0.015304257957410528,3.627087124187275,-0.2548407291194863,3.125513752635354,3.582955980668972,v1.0.0,v1.0.0
Sean Spence,14972,OLB,EDGE,2012,3.535238532571787,3.444241113191357,0.09099741938043016,3.274104663169432,0.26113386940235506,3.103055371645399,3.7381475880856114,v1.0.0,v1.0.0
Zach Brown,14973,OLB,EDGE,2012,4.064912204782848,3.289607325920161,0.7753048788626873,3.2406154898095565,0.8242967149732916,2.9897129168316394,3.584886479142766,v1.0.0,v1.0.0
Janoris Jenkins,14974,CB,DB,2012,4.4356832481847075,3.425789375815619,1.0098938723690885,3.3283301633114664,1.1073530848732411,3.269096936016918,3.59761253107912,v1.0.0,v1.0.0
Jonathan Martin,14975,OT,OL,2012,2.914727975467502,3.086820301574921,-0.17209232610741898,3.3551975642982166,-0.44046958883071463,2.8833031079612677,3.286951479485206,v1.0.0,v1.0.0
Mychal Kendricks,14978,ILB,LB,2012,4.11626721562249,3.803604163712971,0.31266305190951904,3.6120629650685583,0.5042042505539319,3.4125145978101736,4.182837080647466,v1.0.0,v1.0.0
Bill Bentley,14980,CB,DB,2012,2.62451553749674,3.222890416694756,-0.5983748791980159,3.224521541651712,-0.600006004154972,3.011799921898058,3.453989072204041,v1.0.0,v1.0.0
Olivier Vernon,14982,DE,EDGE,2012,4.2761629533782335,3.505639079789941,0.7705238735882927,3.4355479580866395,0.840614995291594,3.333750586299755,3.6817460292038136,v1.0.0,v1.0.0
Jayron Hosley,14983,CB,DB,2012,3.438250473750448,3.483016612501812,-0.04476613875136426,3.448827588668941,-0.010577114918493002,3.291344421886741,3.673438680184754,v1.0.0,v1.0.0
Lavonte David,14985,OLB,EDGE,2012,4.723917760498549,3.545394930757885,1.1785228297406638,3.4663516491617967,1.257566111336752,3.36602222430811,3.701927235137515,v1.0.0,v1.0.0
Lamar Holmes,14986,OT,OL,2012,2.6554775013275047,3.2511554628467323,-0.5956779615192276,3.465443791102951,-0.8099662897754465,3.1169248748999654,3.360678304594876,v1.0.0,v1.0.0
Tyrone Crawford,14987,DE,EDGE,2012,4.170465261432873,3.7295968713563012,0.4408683900765715,3.556969276050334,0.6134959853825386,3.605201952767756,3.8819365154017524,v1.0.0,v1.0.0
Mike Martin,14988,DT,IDL,2012,3.4815998671745847,3.8565033749567137,-0.374903507782129,3.8776155129334575,-0.3960156457588728,3.605442870545807,4.152001282315747,v1.0.0,v1.0.0
Trumaine Johnson,14989,CB,DB,2012,4.109956486439965,3.4572931730839738,0.6526633133559914,3.4755133070095074,0.6344431794304577,3.3057393276759792,3.628054336718126,v1.0.0,v1.0.0
Jeff Allen,14990,OT,OL,2012,3.1528451932898274,3.289353843983011,-0.1365086506931834,3.3545361799918543,-0.2016909867020269,3.146800308983409,3.411219135879039,v1.0.0,v1.0.0
Jordan White,14991,WR,WR,2012,1.1451351194023418,3.405138610823955,-2.260003491421613,3.4772031133949244,-2.332067993992583,3.233538492164867,3.5917634199423403,v1.0.0,v1.0.0
Mike Daniels,14994,DT,IDL,2012,4.28383810125537,3.3638108648680882,0.9200272363872815,3.4035443423536944,0.8802937589016753,3.1151695945659017,3.638938525283734,v1.0.0,v1.0.0
Adam Gettis,14995,OG,OL,2012,1.7483263242842864,3.3182103504792946,-1.5698840261950082,3.279724104971809,-1.5313977806875225,3.062902950037521,3.54520836397169,v1.0.0,v1.0.0
Omar Bolden,14997,CB,DB,2012,3.60821227878799,3.6422336223703518,-0.03402134358236175,3.618663431462752,-0.010451152674761932,3.4365753717575553,3.842509133092872,v1.0.0,v1.0.0
Coty Sensabaugh,14998,CB,DB,2012,4.195958724982506,3.782623775567216,0.41333494941529025,3.700440172711268,0.4955185522712382,3.623762915620769,3.957706612891958,v1.0.0,v1.0.0
Evan Rodriguez,15000,FB,RB,2012,2.704490561053983,3.5475825689455447,-0.8430920078915616,3.6507022250098604,-0.9462116639558773,3.362370186875581,3.725138253508537,v1.0.0,v1.0.0
Brandon Marshall,15002,OLB,EDGE,2012,3.876829167576477,3.5126654181139316,0.36416374946254537,3.5569974150674843,0.31983175250899265,3.3208125118384735,3.778077934079672,v1.0.0,v1.0.0
Rhett Ellison,15003,TE,TE,2012,4.176217511362912,3.54451633967006,0.6317011716928524,3.1257463623406663,1.050471149022246,3.243982019820595,3.9475792872329287,v1.0.0,v1.0.0
Jaye Howard,15005,DT,IDL,2012,3.438250473750448,3.5723557106473205,-0.1341052368968727,3.6586802370117306,-0.22042976326128283,3.3360800837721505,3.788878894993811,v1.0.0,v1.0.0
Miles Burris,15006,OLB,EDGE,2012,3.3234735242048945,3.0703166760543956,0.2531568481504989,3.3749380628518217,-0.05146453864692724,2.8493638946053763,3.3216068373955947,v1.0.0,v1.0.0
Ron Brooks,15008,CB,DB,2012,3.604762203817715,3.442945886259396,0.16181631755831916,3.3674865404516137,0.2372756633661015,3.2419830476684983,3.6171283913548256,v1.0.0,v1.0.0
Alfred Morris,15009,RB,RB,2012,4.206260951335513,3.2816966132840806,0.9245643380514323,3.4934886196198964,0.7127723317156165,3.099698808216389,3.4480985602954246,v1.0.0,v1.0.0
Frank Alexander,15010,DE,EDGE,2012,3.0741435672906428,3.6416063745871003,-0.5674628072964576,3.417958465288715,-0.3438148979980724,3.497641770430558,3.8257098134107066,v1.0.0,v1.0.0
Travis Lewis,15011,OLB,EDGE,2012,3.4172722487377465,3.0424576843386415,0.374814564399105,3.226293104963024,0.19097914377472236,2.789473681192181,3.290577759610131,v1.0.0,v1.0.0
Travian Robertson,15012,DT,IDL,2012,2.2477734902339046,3.385380244665933,-1.1376067544320283,3.2725155001194057,-1.0247420098855011,3.0804027782609453,3.6194582393474732,v1.0.0,v1.0.0
Matt McCants,15013,OT,OL,2012,2.4302874475538276,2.976789023940118,-0.5465015763862904,3.162067605259897,-0.7317801577060692,2.71629455217827,3.2290969779072825,v1.0.0,v1.0.0
Tank Carder,15014,ILB,LB,2012,3.8539832348938767,3.638781255751937,0.21520197914193995,3.594958281162393,0.2590249537314837,3.4987018964361645,3.805681086224448,v1.0.0,v1.0.0
Trevin Wade,15016,CB,DB,2012,3.4954301761653195,3.646684541734473,-0.1512543655691534,3.531469859088404,-0.03603968292308446,3.5178450538244355,3.784626742874464,v1.0.0,v1.0.0
Keenan Robinson,15017,ILB,LB,2012,3.6628365190360186,3.3588314096133964,0.30400510942262216,3.3730137363466777,0.2898227826893409,3.0984519294304773,3.6191731607096163,v1.0.0,v1.0.0
Jared Crick,15019,DE,EDGE,2012,3.8622111928606273,3.529531620831162,0.3326795720294653,3.271127704889691,0.5910834879709363,3.3336213743193155,3.753551190513792,v1.0.0,v1.0.0
Billy Winn,15021,DE,EDGE,2012,3.849427795524237,3.8348069567446568,0.014620838779580314,3.4933211518292615,0.3561066436949756,3.656664885726095,4.039258555391678,v1.0.0,v1.0.0
Audie Cole,15023,ILB,LB,2012,3.5604844242273583,3.554511797390328,0.005972626837030148,3.526553270258357,0.03393115396900148,3.302695477718913,3.7723807310815674,v1.0.0,v1.0.0
Markus Kuhn,15024,DT,IDL,2012,3.3336385885689284,3.7332474380235583,-0.39960884945462993,3.692354727007936,-0.3587161384390076,3.5387593252363194,3.92011113606117,v1.0.0,v1.0.0
J.R. Sweezy,15025,DT,IDL,2012,3.8286553553471774,3.5920934647389346,0.23656189060824273,3.6331576229943776,0.19549773235279977,3.2994843505368596,3.8568161159128866,v1.0.0,v1.0.0
Scott Solomon,15028,DE,EDGE,2012,2.995843821087393,3.505139508405608,-0.5092956873182151,3.518844199331576,-0.5230003782441832,3.268263605647048,3.7923911860641817,v1.0.0,v1.0.0
Junior Hemingway,15029,WR,WR,2012,3.131875632847984,3.642010404647282,-0.5101347717992977,3.868112249331101,-0.7362366164831169,3.3631357668081763,3.9645591506629545,v1.0.0,v1.0.0
James-Michael Johnson,15032,ILB,LB,2012,3.467468875860921,3.5067687588755367,-0.039299883014615844,3.4541645728722323,0.013304302988688566,3.3330020467123562,3.7005332574021446,v1.0.0,v1.0.0
LaVon Brazill,15033,WR,WR,2012,3.0057495495866404,2.962691826197611,0.043057723389029245,3.235280581154683,-0.22953103156804255,2.587168715536587,3.3216293724780233,v1.0.0,v1.0.0
Kelvin Beachum,15035,OG,OL,2012,3.561194630853017,3.211392771114772,0.34980185973824485,3.28862720036735,0.2725674304856671,3.0365160454942015,3.328441404204235,v1.0.0,v1.0.0
Jerron McMillian,15036,S,DB,2012,3.087790945227789,3.6988730021608363,-0.6110820569330473,3.625517180134332,-0.5377262349065433,3.574220955743122,3.8528518886106267,v1.0.0,v1.0.0
Kyle Wilber,15038,OLB,EDGE,2012,4.306053276985419,3.562839138511768,0.7432141384736508,3.484124335698589,0.82192894128683,3.4410070652424807,3.701351664545409,v1.0.0,v1.0.0
Josh Chapman,15039,DT,IDL,2012,3.1102069596740494,3.3870353746591952,-0.2768284149851459,3.452046457074532,-0.3418394974004828,3.178707494538058,3.6330582465444823,v1.0.0,v1.0.0
David Paulson,15043,TE,TE,2012,3.173159346567495,3.4439414704770144,-0.27078212390951917,3.3631812231866216,-0.1900218766191264,3.260084694169876,3.6367134869058564,v1.0.0,v1.0.0
Juron Criner,15044,WR,WR,2012,2.3124415619933303,3.422473070562544,-1.1100315085692136,3.4467833713167764,-1.134341809323446,3.1783453045075474,3.635415683515459,v1.0.0,v1.0.0
Emmanuel Acho,15045,OLB,EDGE,2012,2.759613832938619,3.069672697204251,-0.3100588642656321,3.3002203212736707,-0.5406064883350519,2.857799364408461,3.280039187356801,v1.0.0,v1.0.0
Kheeston Randall,15046,DT,IDL,2012,2.3460445734134283,3.6524845890991315,-1.3064400156857032,3.457985609029809,-1.1119410356163808,3.37595336986003,3.9388118935383125,v1.0.0,v1.0.0
Malik Jackson,15047,DE,EDGE,2012,4.343882132493361,3.699116097508326,0.644766034985035,3.4812953749308067,0.8625867575625543,3.53870690082096,3.8917243992212667,v1.0.0,v1.0.0
Shaun Prater,15048,CB,DB,2012,2.6469482242548565,3.530860489875253,-0.8839122656203964,3.4707261776216525,-0.8237779533667959,3.3724813803534825,3.7044771458615124,v1.0.0,v1.0.0
Bradie Ewing,15050,FB,RB,2012,0.9146634597162007,3.2302568387705684,-2.3155933790543677,3.514920244580536,-2.600256784864335,2.9465485047610165,3.485999784735085,v1.0.0,v1.0.0
Brad Nortman,15051,P,ST,2012,4.017611319447864,3.8143244228913984,0.2032868965564658,3.4405712534714867,0.5770400659763775,3.453947218417188,4.209673257663539,v1.0.0,v1.0.0
Alfonzo Dennard,15053,CB,DB,2012,3.0741435672906428,3.350615103963039,-0.2764715366723962,3.230258301318536,-0.15611473402789322,3.1351635341748025,3.521796238429684,v1.0.0,v1.0.0
Brandon Boykin,15057,CB,DB,2012,3.6942882594600555,3.370280195053275,0.3240080644067804,3.2932528687308844,0.40103539072917105,3.2136434132077576,3.5301155171857435,v1.0.0,v1.0.0
Blair Walsh,15058,K,ST,2012,3.5673968745386397,3.316337899885113,0.2510589746535268,3.2326980391187816,0.3346988354198581,2.735402648661621,4.1986213075364835,v1.0.0,v1.0.0
DeAngelo Tyson,15059,DT,IDL,2012,3.252169227988219,3.411247372365645,-0.15907814437742607,3.455644200326252,-0.20347497233803313,3.2251478180110045,3.6384956947074003,v1.0.0,v1.0.0
Charles Mitchell,15060,S,DB,2012,2.1593671492279647,3.564189905987641,-1.4048227567596765,3.4651268650404563,-1.3057597158124916,3.467424748337098,3.6802685979770566,v1.0.0,v1.0.0
Antonio Allen,15061,S,DB,2012,3.535238532571787,3.4820357922216534,0.05320274035013384,3.460343664421661,0.07489486815012603,3.3904383409217456,3.5757494862560995,v1.0.0,v1.0.0
Travis Benjamin,15062,WR,WR,2012,4.189003300474334,3.3228089762455095,0.8661943242288244,3.319066308963773,0.8699369915105608,3.0938344988833446,3.5452517731495985,v1.0.0,v1.0.0
Tommy Streeter,15063,WR,WR,2012,0.9146634597162007,3.161097342841259,-2.2464338831250585,3.531320364798037,-2.6166569050818365,2.8067008496297023,3.552510122785996,v1.0.0,v1.0.0
Cam Johnson,15064,DE,EDGE,2012,2.912610282873049,3.661429255999477,-0.7488189731264283,3.4118360892922457,-0.4992258064191968,3.4441851660668097,3.900521815967636,v1.0.0,v1.0.0
Terrence Frederick,15065,CB,DB,2012,1.4639229141164507,3.739693631515458,-2.2757707173990074,3.5992086056821817,-2.135285691565731,3.5680645374164115,3.8831797698331987,v1.0.0,v1.0.0
Najee Goode,15068,ILB,LB,2012,3.946502233083245,3.5774302258257866,0.36907200725745826,3.299810236472896,0.646691996610349,3.3240351252349503,3.813670703863509,v1.0.0,v1.0.0
Tahir Whitehead,15070,OLB,EDGE,2012,4.371611685727933,3.522654371177578,0.8489573145503546,3.423397780668537,0.9482139050593958,3.341564709797792,3.675860895444705,v1.0.0,v1.0.0
Marvin Jones,15072,WR,WR,2012,4.433541565851753,3.427911538353667,1.005630027498086,3.638505531032293,0.7950360348194598,3.1870826019803293,3.6754824181973036,v1.0.0,v1.0.0
Winston Guy,15073,S,DB,2012,3.115730318842433,3.488628296015783,-0.3728979771733498,3.4436490453920063,-0.3279187265495733,3.3041218483567865,3.6900854175210127,v1.0.0,v1.0.0
Danny Trevathan,15074,OLB,EDGE,2012,4.246224302747013,2.9372235974035146,1.3090007053434984,3.1442375688563295,1.1019867338906835,2.6918079735201887,3.247836969063206,v1.0.0,v1.0.0
Nigel Bradham,15075,OLB,EDGE,2012,4.187571511839166,3.604895767483059,0.582675744356107,3.5108645501687272,0.6767069616704386,3.4663878544443762,3.7280379259905954,v1.0.0,v1.0.0
Chris Givens,15078,WR,WR,2012,3.7286358723534025,3.336450385303803,0.39218548704959977,3.5658799810820048,0.16275589127139778,3.169731147822726,3.5367888005795,v1.0.0,v1.0.0
Robert Blanton,15079,CB,DB,2012,3.831739629233062,3.710989289185995,0.12075034004706708,3.571113204696817,0.26062642453624507,3.520981310286971,3.8854954349472206,v1.0.0,v1.0.0
Darius Fleming,15080,OLB,EDGE,2012,2.1486374407659596,3.548899920012444,-1.4002624792464844,3.5257590101169547,-1.377121569350995,3.418330379825475,3.7177454795918075,v1.0.0,v1.0.0
Asa Jackson,15081,CB,DB,2012,2.6844552627905296,3.5999351912546294,-0.9154799284640998,3.508981694799894,-0.8245264320093644,3.4726683717057805,3.7331824986313187,v1.0.0,v1.0.0
Tom Compton,15082,OT,OL,2012,3.460019979540351,3.4850884313403263,-0.0250684517999753,3.6152135142102906,-0.15519353466993957,3.3327703837045037,3.625868594274603,v1.0.0,v1.0.0
George Iloka,15085,S,DB,2012,4.11626721562249,3.6644458675701648,0.45182134805232543,3.6524397568029316,0.46382745881955856,3.4467755750897515,3.871615423305343,v1.0.0,v1.0.0
Corey White,15086,S,DB,2012,3.716145067615561,3.690707602008871,0.025437465606690246,3.570624183327494,0.1455208842880671,3.5728809588491197,3.8432772638690347,v1.0.0,v1.0.0
Justin Bethel,15089,S,DB,2012,4.640141456584941,3.5856414851078533,1.054499971477088,3.505938476018236,1.1342029805667053,3.4455500837227513,3.7450456230040823,v1.0.0,v1.0.0
Jack Crawford,15090,DE,EDGE,2012,4.177238273405982,3.828951737044057,0.3482865363619254,3.4354980236030794,0.7417402498029029,3.6634861145262194,3.9954522022285004,v1.0.0,v1.0.0
Randy Bullock,15091,K,ST,2012,4.139705020633017,3.486370917917739,0.6533341027152781,3.029799823156174,1.1099051974768432,2.8496301203952537,4.2717263773023655,v1.0.0,v1.0.0
Ronnell Lewis,15095,OLB,EDGE,2012,1.940930471343771,3.5383895704710606,-1.5974590991272897,3.566224547960676,-1.625294076616905,3.269595916412285,3.8143721872462995,v1.0.0,v1.0.0
Bobby Massie,15096,OT,OL,2012,3.9274392832718066,3.2443131207859532,0.6831261624858533,3.437123765619284,0.49031551765252246,3.0880383699832605,3.367276905787365,v1.0.0,v1.0.0
Jonathan Massaquoi,15099,OLB,EDGE,2012,3.340141104103564,3.587648863195201,-0.2475077590916368,3.3408982848366238,-0.000757180733059748,3.4043130919298337,3.763242716494035,v1.0.0,v1.0.0
Alameda Ta'amu,15101,DT,IDL,2012,2.5095420008001468,3.455417264951849,-0.9458752641517023,3.4437471834363467,-0.9342051826361999,3.124282487991459,3.711619835196793,v1.0.0,v1.0.0
Rishard Matthews,15102,WR,WR,2012,3.992423376401784,3.236902026368453,0.7555213500333311,3.601454781866678,0.390968594535106,2.857800583327224,3.6634868159526977,v1.0.0,v1.0.0
Brandon Mosley,15105,OT,OL,2012,2.4907412797031414,3.4382129147528464,-0.947471635049705,3.575663393131145,-1.0849221134280036,3.254370824716922,3.5893977503849697,v1.0.0,v1.0.0
Mike Harris,15106,CB,DB,2012,3.288798636746454,3.4631070484040283,-0.17430841165757416,3.3213631664392698,-0.03256452969281565,3.297866560042858,3.6142837497881493,v1.0.0,v1.0.0
Ben Jones,15109,C,OL,2012,3.761259206293908,3.389255372837739,0.3720038334561693,3.3475538415787613,0.41370536471514674,3.225486322826174,3.517009187613558,v1.0.0,v1.0.0
Terrell Manning,15110,OLB,EDGE,2012,1.5216626918475837,3.4108061366231928,-1.889143444775609,3.36023786072354,-1.8385751688759564,3.2578528163529343,3.5587130775082216,v1.0.0,v1.0.0
Senio Kelemete,15123,OG,OL,2012,2.8882144816102446,3.25192255097286,-0.36370806936261557,3.3465875100269438,-0.45837302841669914,3.095376158753778,3.3815027656395062,v1.0.0,v1.0.0
Josh Norman,15124,CB,DB,2012,4.405763226386533,3.3521896272117413,1.0535735991747917,3.2641629647166597,1.1416002616698733,3.2229274724275503,3.483968342378842,v1.0.0,v1.0.0
Tavon Austin,15786,WR,WR,2013,4.200559160388169,3.3728401456271975,0.8277190147609712,3.3715122259283326,0.8290469344598361,3.0378997262760925,3.7839412332591538,v1.0.0,v1.0.0
Tyler Eifert,15788,TE,TE,2013,3.886129470194538,3.713265914226588,0.1728635559679499,3.580181526784062,0.3059479434104757,3.50564790814605,3.89720185858411,v1.0.0,v1.0.0
Matt Elam,15789,S,DB,2013,3.372246395067789,3.537255775765706,-0.16500938069791715,3.470379010867406,-0.09813261579961718,3.3500833570886805,3.71063664340837,v1.0.0,v1.0.0
Eric Fisher,15790,OT,OL,2013,3.7794910361135243,3.520553099247434,0.25893793686609046,3.5720017565124267,0.20748927960109764,3.290653836451403,3.758585033183249,v1.0.0,v1.0.0
Sharrif Floyd,15791,DT,IDL,2013,3.4028402771254793,3.4332514084959915,-0.030411131370512212,3.3503207896484186,0.0525194874770607,3.216505524566136,3.6762911746465825,v1.0.0,v1.0.0
D.J. Fluker,15792,OT,OL,2013,3.283281145340226,3.2362162855633176,0.04706485977690855,3.6780478879868013,-0.3947667426465751,2.9983474750079573,3.4467797555321864,v1.0.0,v1.0.0
Travis Frederick,15793,C,OL,2013,3.931920787590465,3.236660087674187,0.695260699916278,3.303426824713311,0.6284939628771542,3.0378190161936725,3.4069804254669562,v1.0.0,v1.0.0
D.J. Hayden,15794,CB,DB,2013,4.036165999346924,3.4159972668666994,0.6201687324802245,3.3960906713955117,0.6400753279514122,3.271901968868187,3.5522306451067585,v1.0.0,v1.0.0
DeAndre Hopkins,15795,WR,WR,2013,4.666977178553777,3.3226375695782266,1.3443396089755506,3.3081339202418607,1.3588432583119165,2.8955385745514013,3.6718852524983148,v1.0.0,v1.0.0
Luke Joeckel,15796,OT,OL,2013,3.372246395067789,3.3994936185302684,-0.027247223462479653,3.475971364202783,-0.10372496913499418,3.255130344976614,3.548474608225572,v1.0.0,v1.0.0
Lane Johnson,15797,OT,OL,2013,3.755852067402456,3.7672569486710175,-0.011404881268561429,3.786404591510509,-0.030552524108053092,3.5981155534376943,3.999618995643838,v1.0.0,v1.0.0
Datone Jones,15798,DE,EDGE,2013,3.8227117063286284,3.760261401669512,0.062450304659116274,3.581203586359735,0.24150811996889354,3.6194188039082356,3.8957173045669182,v1.0.0,v1.0.0
Jarvis Jones,15799,OLB,EDGE,2013,3.535238532571787,3.4004796755422513,0.13475885702953594,3.3223260690919534,0.21291246347983384,3.251117552982365,3.583024958647732,v1.0.0,v1.0.0
Dion Jordan,15800,OLB,EDGE,2013,3.745584302857773,3.739817949659792,0.005766353197981022,3.3733547361851004,0.3722295666726727,3.5370878751387185,3.9508996140956842,v1.0.0,v1.0.0
Kyle Long,15801,OG,OL,2013,3.5222380992124513,3.3331542842600763,0.18908381495237503,3.433975366437246,0.08826273277520524,3.1778417895981286,3.505597525768726,v1.0.0,v1.0.0
Star Lotulelei,15802,DT,IDL,2013,4.215118006768925,3.386214135173323,0.8289038715956023,3.3782780783096076,0.8368399284593178,3.218456008801466,3.5754580258765745,v1.0.0,v1.0.0
E.J. Manuel,15803,QB,QB,2013,3.0013730766564164,3.255500735605014,-0.25412765894859746,3.5433723487514026,-0.5419992720949862,2.8989772308426365,3.542968086771272,v1.0.0,v1.0.0
Dee Milliner,15804,CB,DB,2013,2.7280462042748432,3.383116937879642,-0.655070733604799,3.3738514998610447,-0.6458052955862015,3.209210406468543,3.551949204167167,v1.0.0,v1.0.0
Barkevious Mingo,15805,OLB,EDGE,2013,4.246703167672888,3.7157480052024114,0.5309551624704767,3.379848919739176,0.8668542479337122,3.499249909271115,3.899265672617729,v1.0.0,v1.0.0
Alec Ogletree,15806,OLB,EDGE,2013,4.189003300474334,3.5508553153966407,0.6381479850776932,3.3782011671886134,0.8108021332857205,3.399464766212952,3.688243819015468,v1.0.0,v1.0.0
Cordarrelle Patterson,15807,WR,WR,2013,4.579317892555069,3.280691102441724,1.2986267901133446,3.2747980330878828,1.3045198594671858,3.099324930750014,3.4727626209700415,v1.0.0,v1.0.0
Justin Pugh,15808,OT,OL,2013,4.299315022906287,3.299336292464147,0.9999787304421397,3.39846168382298,0.9008533390833064,3.1336876924869874,3.4553264168728344,v1.0.0,v1.0.0
Eric Reid,15809,S,DB,2013,4.064912204782848,3.63400542461331,0.4309067801695381,3.5631411779332995,0.5017710268495486,3.4791342564525807,3.8204276682460603,v1.0.0,v1.0.0
Xavier Rhodes,15810,CB,DB,2013,4.338870952125116,3.5433451828268505,0.7955257692982651,3.4767054825376382,0.8621654695874774,3.359287035290483,3.7477315492461716,v1.0.0,v1.0.0
Sheldon Richardson,15811,DT,IDL,2013,4.329953028047027,3.2670519921715915,1.0629010358754352,3.295526465365701,1.0344265626813258,3.014172125722694,3.5086957382243606,v1.0.0,v1.0.0
Desmond Trufant,15812,CB,DB,2013,4.228580740763092,3.6357825120498872,0.5927982287132045,3.5525388234344186,0.6760419173286731,3.3798257300813606,3.834990791515539,v1.0.0,v1.0.0
Kenny Vaccaro,15813,S,DB,2013,4.158805755986539,3.7650451260179727,0.39376062996856653,3.6333755262373977,0.5254302297491416,3.6274674531665805,3.9068977304182373,v1.0.0,v1.0.0
Chance Warmack,15814,OG,OL,2013,3.283281145340226,3.1387089506647494,0.14457219467547677,3.2767241116331354,0.00655703370709082,2.76474100961238,3.503485873385464,v1.0.0,v1.0.0
Bjoern Werner,15815,DE,EDGE,2013,3.3234735242048945,3.5643849950902546,-0.24091147088536013,3.4363889060783706,-0.11291538187347605,3.4435388890071277,3.6948214525896774,v1.0.0,v1.0.0
Sylvester Williams,15816,DT,IDL,2013,4.152896624380726,3.501672904541545,0.651223719839181,3.4010234078014383,0.7518732165792876,3.301273915995324,3.6498314383138837,v1.0.0,v1.0.0
Robert Alford,15817,CB,DB,2013,4.07784795508909,3.591880417567595,0.4859675375214949,3.498121201136755,0.5797267539523348,3.4507755683595858,3.7503476282102035,v1.0.0,v1.0.0
Keenan Allen,15818,WR,WR,2013,4.555773398673951,3.365836441665342,1.1899369570086091,3.341050110438852,1.2147232882350991,3.131367322504011,3.5368281151166356,v1.0.0,v1.0.0
Kiko Alonso,15819,ILB,LB,2013,3.946502233083245,3.2225108180798783,0.7239914150033666,3.3357576700622507,0.6107445630209942,2.9138712693865774,3.5086861536399248,v1.0.0,v1.0.0
David Amerson,15820,CB,DB,2013,3.915727254695066,3.441913463874431,0.473813790820635,3.389869740098839,0.5258575145962268,3.301423510329483,3.61959029082912,v1.0.0,v1.0.0
Terron Armstead,15821,OT,OL,2013,3.5416425252597445,3.7597697615950416,-0.21812723633529707,3.7407469252307948,-0.19910439997105023,3.5435538742260935,4.021214572679036,v1.0.0,v1.0.0
Stedman Bailey,15822,WR,WR,2013,3.3234735242048945,3.4473631259938737,-0.12388960178897923,3.475555483494764,-0.15208195928986967,3.293620756010487,3.655339024364796,v1.0.0,v1.0.0
Montee Ball,15823,RB,RB,2013,2.812538078173407,3.3639773608180117,-0.5514392826446048,3.350856674066504,-0.5383185958930969,3.1116021422821705,3.624473153626548,v1.0.0,v1.0.0
Johnthan Banks,15824,CB,DB,2013,3.5924976890198668,3.246580137344452,0.3459175516754147,3.1739726672786452,0.4185250217412215,3.0648533137141225,3.421403114820506,v1.0.0,v1.0.0
Le'Veon Bell,15825,RB,RB,2013,4.131781078536808,3.513650868209186,0.6181302103276223,3.6114983050057763,0.520282773531032,3.2741155168685663,3.7395768209222364,v1.0.0,v1.0.0
Giovani Bernard,15826,RB,RB,2013,4.338870952125116,3.3633848170830714,0.9754861350420443,3.4805994912708673,0.8582714608542483,3.2229062217162414,3.5560192453584434,v1.0.0,v1.0.0
Jon Bostic,15827,OLB,EDGE,2013,4.244831587196613,3.7596690389901206,0.4851625482064921,3.5532048624714765,0.6916267247251362,3.6249489629048735,3.9335367620597483,v1.0.0,v1.0.0
Arthur Brown,15828,OLB,EDGE,2013,3.3877233167187057,3.325787291657432,0.061936025061273714,3.3717289217894324,0.015994394929273348,2.940878695672294,3.6613035804633967,v1.0.0,v1.0.0
Tank Carradine,15829,DE,EDGE,2013,3.4214189545848313,3.6100067004363643,-0.18858774585153304,3.5914641340192084,-0.17004517943437714,3.4563741485869586,3.8152829397420125,v1.0.0,v1.0.0
Jamie Collins,15830,OLB,EDGE,2013,4.355447442452224,3.8060756359682464,0.5493718064839777,3.5096101341592565,0.8458373082929675,3.5154853431196873,4.051469860962394,v1.0.0,v1.0.0
Jonathan Cyprien,15831,S,DB,2013,3.939177246797658,3.4200823666887876,0.5190948801088702,3.224663840252023,0.7145134065456347,3.1040862763882684,3.742062693226952,v1.0.0,v1.0.0
Knile Davis,15832,RB,RB,2013,3.678993436143429,3.86008888754249,-0.1810954513990608,3.6620672731041446,0.016926163039284514,3.5791630074539533,4.189914839897928,v1.0.0,v1.0.0
Will Davis,15833,CB,DB,2013,2.6253389429191434,3.720637996307841,-1.0952990533886977,3.5448277076532806,-0.9194887647341372,3.528514218400782,3.882067015970702,v1.0.0,v1.0.0
Aaron Dobson,15834,WR,WR,2013,2.868907891409407,3.4929146884051288,-0.6240067969957219,3.5160157486715415,-0.6471078572621347,3.2750302155003674,3.724267895140726,v1.0.0,v1.0.0
Zach Ertz,15835,TE,TE,2013,4.622359922284371,3.5881300630315534,1.0342298592528176,3.4067223981977777,1.2156375240865933,3.3252728835322265,3.868013673369808,v1.0.0,v1.0.0
Gavin Escobar,15836,TE,TE,2013,3.6738141258714645,3.499290073512207,0.17452405235925728,3.2941816172884018,0.37963250858306274,3.225955418184129,3.7345241787418937,v1.0.0,v1.0.0
Mike Glennon,15837,QB,QB,2013,3.219804462828165,2.510435270216711,0.709369192611454,3.081888828208606,0.13791563461955914,1.9433202698555736,3.1501076253754503,v1.0.0,v1.0.0
Zaviar Gooden,15838,OLB,EDGE,2013,3.288798636746454,3.856770771680029,-0.5679721349335747,3.6398374904711215,-0.35103885372466737,3.6456593535485147,4.148349459810625,v1.0.0,v1.0.0
Marquise Goodwin,15839,WR,WR,2013,4.229413020863566,3.5212631755108292,0.7081498453527368,3.548940795795,0.680472225068566,3.096445772360907,3.953299755415461,v1.0.0,v1.0.0
Dwayne Gratz,15840,CB,DB,2013,3.3620814469560374,3.7494024587156414,-0.387321011759604,3.6642384667454317,-0.30215701978939435,3.6300325010515473,3.8811734497724086,v1.0.0,v1.0.0
Johnathan Hankins,15841,DT,IDL,2013,4.546629440751175,3.3262329334735674,1.220396507277608,3.2651933638980633,1.2814360768531121,3.105605634548763,3.5712655948682426,v1.0.0,v1.0.0
Jordan Hill,15843,DT,IDL,2013,2.995843821087393,3.450255497444411,-0.45441167635701785,3.4032052518092746,-0.4073614307218816,3.1310483081138387,3.8006426885069335,v1.0.0,v1.0.0
Margus Hunt,15844,DE,EDGE,2013,4.242151171027103,3.817334063893165,0.42481710713393817,3.6874145608250237,0.5547366102020796,3.4988038906777863,4.177512968813228,v1.0.0,v1.0.0
Justin Hunter,15845,WR,WR,2013,3.6991019980368116,3.1303648341366825,0.5687371639001291,3.153870270765773,0.5452317272710387,2.762206849379468,3.4469831556887134,v1.0.0,v1.0.0
John Jenkins,15846,DT,IDL,2013,4.523886596048634,3.7072632196838113,0.8166233763648223,3.7073280998317855,0.8165584962168482,3.4754687608082198,3.9259787757263918,v1.0.0,v1.0.0
Travis Kelce,15847,TE,TE,2013,4.607055434287018,3.5640300277063237,1.043025406580694,3.468257680890374,1.138797753396644,3.282245354910887,3.849384050975777,v1.0.0,v1.0.0
Eddie Lacy,15848,RB,RB,2013,3.6846873160553586,3.602894963668284,0.08179235238707472,3.4572402372036977,0.22744707885166093,3.4046890543823056,3.7883711181861868,v1.0.0,v1.0.0
Corey Lemonier,15849,DE,EDGE,2013,3.5416425252597445,3.7075900257680807,-0.16594750050833618,3.5370363267357545,0.004606198523990024,3.588683071998627,3.8388329231119958,v1.0.0,v1.0.0
Bennie Logan,15850,DT,IDL,2013,3.968663470456179,3.5568888970284434,0.4117745734277358,3.472734775179874,0.4959286952763051,3.3363110607126796,3.806614559489998,v1.0.0,v1.0.0
Tyrann Mathieu,15851,CB,DB,2013,4.56860336423597,3.5091929688757078,1.059410395360262,3.346415414760723,1.2221879494752468,3.2960902498438247,3.708181713465144,v1.0.0,v1.0.0
T.J. McDonald,15852,S,DB,2013,3.8580945905893893,3.6852140643289473,0.17288052626044204,3.621842735424746,0.2362518551646433,3.5402572159988406,3.853694024448928,v1.0.0,v1.0.0
Vance McDonald,15853,TE,TE,2013,4.103583886377161,3.80634796138223,0.29723592499493146,3.650682446179885,0.45290144019727663,3.3974295922719366,4.229955714102222,v1.0.0,v1.0.0
Leon McFadden,15854,CB,DB,2013,3.1817213513599807,3.493305376595328,-0.31158402523534745,3.3707397733160303,-0.18901842195604956,3.3342155435719345,3.6607979008335993,v1.0.0,v1.0.0
Christine Michael,15855,RB,RB,2013,3.4388430247339876,3.490686508645095,-0.05184348391110749,3.811042399177893,-0.3721993744439054,3.1437966307918135,3.7995394084714564,v1.0.0,v1.0.0
Kevin Minter,15856,ILB,LB,2013,4.255444067833442,3.3071521716561825,0.9482918961772593,3.319301740448808,0.9361423273846339,3.032326011897344,3.5746646376168223,v1.0.0,v1.0.0
Damontre Moore,15858,DE,EDGE,2013,3.870679296108311,3.084266718688044,0.786412577420267,3.128638030993234,0.7420412651150774,2.7835552991587176,3.3894763714329796,v1.0.0,v1.0.0
Sio Moore,15859,OLB,EDGE,2013,3.535238532571787,3.425790823340082,0.10944770923170521,3.445080243908213,0.09015828866357412,3.20187335600935,3.6599406501233522,v1.0.0,v1.0.0
Jordan Reed,15860,TE,TE,2013,3.885495962641629,3.1657316014728014,0.7197643611688278,3.3652904393361154,0.5202055233055138,2.7787873568709376,3.5310594743044654,v1.0.0,v1.0.0
Logan Ryan,15861,CB,DB,2013,4.446287072254198,3.605419838081559,0.8408672341726389,3.4726625366585777,0.9736245355956203,3.453064059959866,3.753729858751435,v1.0.0,v1.0.0
Kawann Short,15862,DT,IDL,2013,4.09064813607092,3.4042640099772936,0.6863841260936261,3.3444699357422265,0.7461782003286932,3.2207923882325735,3.5936677731024025,v1.0.0,v1.0.0
Darius Slay,15863,CB,DB,2013,4.613750524896858,3.541304097032707,1.072446427864151,3.514541339141224,1.099209185755634,3.4074919453892916,3.6636885892317803,v1.0.0,v1.0.0
Geno Smith,15864,QB,QB,2013,4.236932942688641,3.073983758202347,1.1629491844862945,3.191218313449901,1.0457146292387405,2.5176057178070255,3.6189847042781165,v1.0.0,v1.0.0
D.J. Swearinger,15865,S,DB,2013,4.215118006768925,3.737583904471593,0.4775341022973323,3.544366089005367,0.6707519177635581,3.5684952842029567,3.9324763141596,v1.0.0,v1.0.0
Jamar Taylor,15866,CB,DB,2013,4.1646616514490775,3.680972781333389,0.48368887011568873,3.6061757693188383,0.5584858821302392,3.529004973930104,3.8480615512395975,v1.0.0,v1.0.0
Manti Te'o,15867,ILB,LB,2013,3.717541111300135,3.3376090048454135,0.37993210645472164,3.2515518133884638,0.4659892979116713,3.072337406709446,3.558355913668107,v1.0.0,v1.0.0
Dallas Thomas,15868,OT,OL,2013,2.6554775013275047,3.1528112161308863,-0.4973337148033816,3.3919592721228256,-0.7364817707953208,2.948588762719498,3.3556504305615693,v1.0.0,v1.0.0
Hugh Thornton,15869,OG,OL,2013,3.3063672737986014,3.6308098042673596,-0.32444253046875815,3.893955309897329,-0.5875880360987278,3.367766249517667,3.8975833451539175,v1.0.0,v1.0.0
Larry Warford,15870,OG,OL,2013,3.4176136403258908,2.9917426488858667,0.42587099144002405,3.3223265614611557,0.09528707886473509,2.7177256824532674,3.2267747062319647,v1.0.0,v1.0.0
Menelik Watson,15871,OT,OL,2013,3.0741435672906428,2.8912701642012384,0.18287340308940436,3.023559729287949,0.05058383800269395,2.684247555385748,3.0710211872144386,v1.0.0,v1.0.0
Kayvon Webster,15872,CB,DB,2013,3.831672125246878,3.4311797912915023,0.40049233395537565,3.328129169272482,0.503542955974396,3.2579255326077643,3.626019182165876,v1.0.0,v1.0.0
Markus Wheaton,15873,WR,WR,2013,3.6628365190360186,3.5014693608785246,0.16136715815749403,3.6290073194817363,0.03382919955428232,3.3440608217644945,3.7274155474569444,v1.0.0,v1.0.0
J.J. Wilcox,15874,S,DB,2013,3.903800314560738,3.6351750739259,0.26862524063483795,3.5457508527814454,0.3580494617792924,3.512386187374349,3.7666458779274454,v1.0.0,v1.0.0
Brandon Williams,15875,DT,IDL,2013,4.304393173735203,3.685969224887692,0.6184239488475112,3.3910142856113703,0.9133788881238329,3.4097393235423716,3.9456677252466443,v1.0.0,v1.0.0
Shawn Williams,15877,S,DB,2013,4.265886059460916,3.6243273308325006,0.6415587286284157,3.644876924066061,0.6210091353948552,3.486534858566594,3.7729234970650043,v1.0.0,v1.0.0
Terrance Williams,15878,WR,WR,2013,3.9235586747305797,3.200033142166517,0.7235255325640626,3.366503031803502,0.5570556429270779,3.023482903311841,3.3736006320336536,v1.0.0,v1.0.0
Brian Winters,15879,OG,OL,2013,3.4735621360271987,3.0939709980952177,0.37959113793198096,3.516783882760817,-0.04322174673361845,2.7568661395612524,3.350661265024739,v1.0.0,v1.0.0
Robert Woods,15880,WR,WR,2013,4.535357481977458,3.0976164388726612,1.437741043104797,3.2718586214358427,1.2634988605416155,2.870709446749762,3.283402916148609,v1.0.0,v1.0.0
Blidi Wreh-Wilson,15881,CB,DB,2013,3.876829167576477,3.500196730545763,0.37663243703071414,3.414368367035491,0.46246080054098604,3.381019962288012,3.629796347323257,v1.0.0,v1.0.0
Duke Williams,15884,S,DB,2013,3.619616080061081,3.6188749616361404,0.0007411184249406233,3.4956116741560845,0.1240044059049965,3.429990557736141,3.8588210495303574,v1.0.0,v1.0.0
Phillip Thomas,15886,S,DB,2012,1.940930471343771,3.293023711201631,-1.3520932398578602,3.131833309468532,-1.190902838124761,3.114431647836802,3.4826425899871714,v1.0.0,v1.0.0
Khaseem Greene,15889,OLB,EDGE,2013,3.0057495495866404,3.4139442951010954,-0.408194745514455,3.2934247811925097,-0.2876752316058693,3.135826408927079,3.7106749456264736,v1.0.0,v1.0.0
Ryan Nassib,15891,QB,QB,2013,1.4639229141164507,2.615380069921599,-1.1514571558051485,3.0978452927064897,-1.633922378590039,2.208151068641659,3.012638617649203,v1.0.0,v1.0.0
Andre Ellington,15893,RB,RB,2013,3.7932724710864165,3.089667674466043,0.7036047966203736,3.0040118510722813,0.7892606200141352,2.8224586399710305,3.3590133462714937,v1.0.0,v1.0.0
Sean Renfree,15894,QB,QB,2013,0.9146634597162007,3.1454866650350444,-2.2308232053188437,3.3783222279276646,-2.463658768211464,2.7863584437225537,3.476307405220884,v1.0.0,v1.0.0
Ricky Wagner,15900,OT,OL,2013,3.6688782600807484,3.364974657332924,0.3039036027478246,3.395685372676561,0.27319288740418735,3.172342503484914,3.541832123291022,v1.0.0,v1.0.0
Earl Watford,15901,OG,OL,2013,3.4320586792359524,3.2776791312088034,0.15437954802714904,3.3692032451166063,0.06285543411934613,3.0294978478053345,3.4625205855736985,v1.0.0,v1.0.0
Michael Mauti,15903,OLB,EDGE,2013,3.6628365190360186,3.2802943811881704,0.3825421378478482,3.460851166610176,0.20198535242584237,3.0939097400491855,3.5264929241630507,v1.0.0,v1.0.0
Landry Jones,15904,QB,QB,2013,2.569304362334845,3.124747353017387,-0.555442990682542,3.190619574626635,-0.62131521229179,2.681369659901621,3.5214653482925047,v1.0.0,v1.0.0
Stacy McGee,15906,DT,IDL,2013,3.919051800155079,3.428880452328424,0.49017134782665517,3.4298367592414776,0.4892150409136016,3.241714735711987,3.624116060029004,v1.0.0,v1.0.0
Lavar Edwards,15909,DE,EDGE,2013,3.009975397161222,3.8208020901934767,-0.8108266930322547,3.352001447646902,-0.34202605048568024,3.6350348043563177,4.017418994483118,v1.0.0,v1.0.0
Tavarres King,15911,WR,WR,2013,2.511483348890144,3.219622756188434,-0.7081394072982898,3.356092745276478,-0.8446093963863341,3.0763961157751245,3.3666364835450855,v1.0.0,v1.0.0
Bacarri Rambo,15912,S,DB,2013,3.4530238369508592,3.6330618584541385,-0.1800380215032793,3.610760166987504,-0.15773633003664456,3.46775357627283,3.8150784117913523,v1.0.0,v1.0.0
Sanders Commings,15913,CB,DB,2013,0.9146634597162007,3.4149023482958927,-2.500238888579692,3.426637342396561,-2.51197388268036,3.2111301947481814,3.62951413974652,v1.0.0,v1.0.0
Cornelius Washington,15914,DE,EDGE,2013,3.467468875860921,3.3655196080227263,0.10194926783819458,3.5461091238507367,-0.07864024798981584,3.073185749290388,3.6550568623085997,v1.0.0,v1.0.0
Devin Taylor,15916,DE,EDGE,2013,3.716145067615561,4.0256335462535136,-0.30948847863795237,3.5480461060327175,0.16809896158284365,3.8060050030671735,4.272138359100478,v1.0.0,v1.0.0
Earl Wolff,15917,S,DB,2013,2.6469482242548565,3.5158132063158702,-0.8688649820610137,3.3783105070803097,-0.7313622828254531,3.2819710094989363,3.758835070730957,v1.0.0,v1.0.0
Caleb Sturgis,15918,K,ST,2013,3.5779910376539963,3.5036293707484933,0.07436166690550294,3.323987791255996,0.2540032463980002,3.006713118012156,4.024603998736593,v1.0.0,v1.0.0
Kenjon Barner,15921,RB,RB,2013,3.9365597734764,3.3521767965904705,0.5843829768859297,3.461051801524649,0.475507971951751,3.1972133044369655,3.511176038619857,v1.0.0,v1.0.0
Mychal Rivera,15923,TE,TE,2013,3.6633300276170395,3.279064232563929,0.38426579505311054,3.2545646727854476,0.40876535483159193,3.0832681436455713,3.489459618668879,v1.0.0,v1.0.0
Johnathan Franklin,15925,RB,RB,2013,2.2560511899300453,3.4322930356696446,-1.1762418457395993,3.451024412635109,-1.1949732227050638,3.263720555838597,3.6096702128715896,v1.0.0,v1.0.0
Jeff Locke,15926,P,ST,2013,3.774831517952426,3.727288823754943,0.047542694197483026,3.4029615648524567,0.3718699530999694,3.435340819710917,4.035904351277841,v1.0.0,v1.0.0
Nick Moody,15933,OLB,EDGE,2013,2.7280462042748432,3.296890678164004,-0.5688444738891607,3.4289389951399083,-0.7008927908650651,2.919268033291696,3.635640822233677,v1.0.0,v1.0.0
Kapron Lewis-Moore,15937,DT,IDL,2013,1.5216626918475837,3.4446988799929312,-1.9230361881453475,3.3934526306879085,-1.8717899388403247,3.2379892140382474,3.6494373771010524,v1.0.0,v1.0.0
B.W. Webb,15939,CB,DB,2013,3.8997755338995894,3.7652442697484183,0.13453126415117111,3.5449772489805786,0.3547982849190108,3.587355822454775,3.945344022969079,v1.0.0,v1.0.0
Chris Gragg,15940,TE,TE,2013,3.183687955948746,3.564637566117131,-0.3809496101683849,3.4701158021129084,-0.2864278461641625,3.24806665182192,3.872715618497121,v1.0.0,v1.0.0
Matt Barkley,15948,QB,QB,2013,2.546843024315474,3.2266148161114447,-0.6797717917959707,3.383054823807159,-0.8362117994916849,2.8007360260120597,3.5811712960098228,v1.0.0,v1.0.0
Brandon McGee,15949,CB,DB,2013,2.586733052501921,3.6234260358585555,-1.0366929833566343,3.556194531148203,-0.9694614786462816,3.478265512995026,3.772371982946084,v1.0.0,v1.0.0
Denard Robinson,15951,WR,WR,2013,3.5966048274779854,3.3022586839707015,0.29434614350728383,3.2910462809152525,0.30555854656273285,3.143962654825023,3.5038777459649233,v1.0.0,v1.0.0
Mike Gillislee,15952,RB,RB,2013,3.194614020971638,3.3586323926591937,-0.16401837168755584,3.2957168867767357,-0.10110286580509786,3.1452990559526106,3.5807217724613207,v1.0.0,v1.0.0
Trevardo Williams,15953,OLB,EDGE,2013,1.1451351194023418,3.125199658279968,-1.9800645388776263,3.387718896455647,-2.242583777053305,2.890645584118281,3.379302575731661,v1.0.0,v1.0.0
Sam Barrington,15954,ILB,LB,2013,2.93425051167076,3.1948903292425097,-0.2606398175717497,3.2420388756595897,-0.3077883639888297,2.9006341126795014,3.5104319655859486,v1.0.0,v1.0.0
Malliciah Goodman,15957,DE,EDGE,2013,3.244566149848478,3.2853689494258096,-0.04080279957733168,3.355712120409708,-0.1111459705612301,3.0603611291857815,3.5252840283925067,v1.0.0,v1.0.0
Akeem Spence,15958,DT,IDL,2013,4.28644331516377,3.6736779031780036,0.6127654119857664,3.442968455067206,0.8434748600965638,3.452775090234973,3.8963643802233663,v1.0.0,v1.0.0
Michael Buchanan,15959,DE,EDGE,2013,2.6469482242548565,3.6615084517571272,-1.0145602275022707,3.4894536016241884,-0.8425053773693318,3.4798016053651133,3.86208850812249,v1.0.0,v1.0.0
Micah Hyde,15960,CB,DB,2013,4.462901395290896,3.513406883540537,0.9494945117503586,3.4094940679235974,1.0534073273672981,3.3829958655191184,3.6317769790153367,v1.0.0,v1.0.0
Nick Kasa,15962,TE,TE,2013,2.6554775013275047,3.859561047278115,-1.2040835459506103,3.505253285691076,-0.8497757843635712,3.5293930196464394,4.239123067695448,v1.0.0,v1.0.0
David Bakhtiari,15963,OT,OL,2013,3.741244711098618,3.344985475751111,0.39625923534750696,3.3881498677325634,0.35309484336605435,3.192988748387079,3.46778324370521,v1.0.0,v1.0.0
A.J. Klein,15964,ILB,LB,2013,4.371611685727933,3.819967565557415,0.551644120170518,3.686892413167829,0.6847192725601037,3.4846388493024962,4.2319892437190845,v1.0.0,v1.0.0
Dustin Hopkins,15965,K,ST,2013,4.306917448752361,4.166945891800482,0.13997155695187935,3.25868834789439,1.048229100857971,3.3484579621941712,4.690292788561554,v1.0.0,v1.0.0
Chris Thompson,15966,RB,RB,2013,3.8550541226303148,3.549601490457741,0.3054526321725737,3.4909132388573245,0.36414088377299025,3.2115243075724598,3.7999308690571003,v1.0.0,v1.0.0
Brandon Jenkins,15967,DE,EDGE,2013,1.5216626918475837,3.2800232733965253,-1.7583605815489416,3.3296384013780216,-1.8079757095304378,2.9996468364765043,3.6154420022687326,v1.0.0,v1.0.0
Mike James,15968,RB,RB,2013,2.8236674677521854,3.36342598742567,-0.5397585196734846,3.359157598143038,-0.5354901303908526,2.9795726013492287,3.830282415436872,v1.0.0,v1.0.0
Rex Burkhead,15971,RB,RB,2013,4.2322452693533865,3.214829754766373,1.0174155145870136,3.525384173181029,0.7068610961723576,2.888850272844755,3.4998260694954877,v1.0.0,v1.0.0
Oday Aboushi,15972,OT,OL,2013,3.340141104103564,3.0303756072810937,0.30976549682247034,3.2073168209879057,0.1328242831156583,2.825751640684432,3.2086459089824877,v1.0.0,v1.0.0
Tommy Bohanon,15973,FB,RB,2013,3.765411063205758,3.4178181769112954,0.3475928862944624,3.44140346511397,0.3240075980917876,2.9641272466730446,3.7821946873009975,v1.0.0,v1.0.0
Dion Sims,15974,TE,TE,2013,3.8834224701360887,3.685217027620092,0.19820544251599648,3.48399155876906,0.3994309113670287,3.417830903175078,3.960230602253919,v1.0.0,v1.0.0
Alex Okafor,15976,DE,EDGE,2013,4.1591815567363835,3.6493980326924333,0.5097835240439501,3.553140252263842,0.6060413044725417,3.503043533025438,3.82969198500953,v1.0.0,v1.0.0
Gerald Hodges,15977,OLB,EDGE,2013,3.961360022832677,3.26733658620505,0.694023436627627,3.4522563763436893,0.5091036464889878,2.922320060640265,3.582690991018179,v1.0.0,v1.0.0
Brian Schwenke,15978,C,OL,2013,3.087790945227789,3.4435903918252606,-0.35579944659747165,3.6515905515860916,-0.5637996063583026,3.2505619216050574,3.653161068077442,v1.0.0,v1.0.0
Jordan Poyer,15979,CB,DB,2013,4.608529613293635,3.4113005862661057,1.1972290270275296,3.3133320762393774,1.2951975370542579,3.252326041629423,3.5628465131448035,v1.0.0,v1.0.0
Levine Toilolo,15980,TE,TE,2013,4.23634438270206,3.6106351082265378,0.6257092744755224,3.371026909815477,0.8653174728865833,3.1922688539140536,3.96088285671307,v1.0.0,v1.0.0
Stepfan Taylor,15981,RB,RB,2013,3.6633300276170395,3.2565953664162084,0.4067346612008311,3.2125177185101386,0.45081230910690095,2.9751699199112394,3.491869527742864,v1.0.0,v1.0.0
Nico Johnson,15982,ILB,LB,2013,2.586733052501921,3.3377976071201663,-0.7510645546182451,3.4444077293615307,-0.8576746768596095,3.054568058872598,3.6348793570221565,v1.0.0,v1.0.0
Cobi Hamilton,15983,WR,WR,2013,2.3868469108371837,3.346441597365097,-0.9595946865279132,3.303042632654541,-0.9161957218173571,2.9905606868205012,3.756519642694555,v1.0.0,v1.0.0
Josh Evans,15984,S,DB,2013,3.5222380992124513,3.5545497029400623,-0.032311603727610994,3.4220456241628177,0.10019247504963369,3.369745865395585,3.7325937111458436,v1.0.0,v1.0.0
Jelani Jenkins,15985,ILB,LB,2013,3.6846873160553586,3.562224210859121,0.12246310519623771,3.6447321382450837,0.03995517781027491,3.3055161019517962,3.837942523127692,v1.0.0,v1.0.0
Steve Beauharnais,15988,ILB,LB,2013,1.4639229141164507,3.3656074074929605,-1.9016844933765098,3.435968420478976,-1.9720455063625253,3.1556705806083567,3.6244939475115845,v1.0.0,v1.0.0
Josh Boyd,15989,DT,IDL,2013,2.9548883427539363,3.7167170588483227,-0.7618287160943864,3.5674295961715683,-0.612541253417632,3.4852562174563264,3.9541014159776413,v1.0.0,v1.0.0
DeVonte Holloman,15990,OLB,EDGE,2013,2.0548197685407565,3.508094461164117,-1.4532746926233604,3.3650198022282694,-1.3102000336875128,3.307571904425869,3.696919144464111,v1.0.0,v1.0.0
Justice Cunningham,15991,TE,TE,2013,0.6417787318052229,3.2534410063688344,-2.6116622745636113,3.193251107806102,-2.551472376000879,2.823171330400655,3.590939038291975,v1.0.0,v1.0.0
Shamarko Thomas,15992,S,DB,2013,3.7755896300038287,3.6811670749756407,0.09442255502818808,3.6139816184368962,0.1616080115669325,3.418467684221549,4.002881142055183,v1.0.0,v1.0.0
Zeke Motta,15993,S,DB,2013,2.1593671492279647,3.577203275294985,-1.4178361260670203,3.4240417092517195,-1.2646745600237548,3.3831318660356997,3.7914193041649313,v1.0.0,v1.0.0
Theo Riddick,15994,RB,RB,2013,3.988761394884917,2.9966811196326515,0.9920802752522655,2.96975751127366,1.0190038836112572,2.6745501160517398,3.2641631784057346,v1.0.0,v1.0.0
Montori Hughes,15995,DT,IDL,2013,2.8236674677521854,3.4025326949658736,-0.5788652272136883,3.413477696237626,-0.5898102284854407,3.1936523555101335,3.5957218271590645,v1.0.0,v1.0.0
Zac Stacy,15996,RB,RB,2013,3.270741920076855,3.6042982228558595,-0.3335563027790047,3.6185756229027297,-0.3478337028258749,3.372827936195303,3.8833760181038524,v1.0.0,v1.0.0
Quanterus Smith,15997,DE,EDGE,2013,2.5844329182448638,3.445812935972464,-0.8613800177276003,3.3478862585688196,-0.7634533403239558,3.264781175835716,3.652148522847282,v1.0.0,v1.0.0
Josh Boyce,15998,WR,WR,2013,2.0548197685407565,3.3214747569805994,-1.2666549884398428,3.712145681323615,-1.6573259127828583,3.009843793781125,3.6445428273179803,v1.0.0,v1.0.0
Stansly Maponga,15999,DE,EDGE,2013,2.9599211317095553,3.459867009283734,-0.4999458775741785,3.5608665959127084,-0.6009454642031531,3.2882927286335653,3.6807362878345162,v1.0.0,v1.0.0
Tourek Williams,16000,DE,EDGE,2013,3.4176136403258908,3.0536980533509386,0.3639155869749522,3.2717120996578166,0.14590154066807415,2.8341091275243007,3.293054775469357,v1.0.0,v1.0.0
J.C. Tretter,16001,OG,OL,2013,3.8916504281028392,3.4805329157101466,0.4111175123926927,3.5632716144572343,0.32837881364560495,3.361700137530445,3.5994547401714225,v1.0.0,v1.0.0
Jordan Mills,16004,OT,OL,2013,3.627919830992071,3.2053588881080737,0.42256094288399737,3.3088815890226058,0.3190382419694653,3.066340941173634,3.322642290408254,v1.0.0,v1.0.0
Demetrius McCray,16005,CB,DB,2013,3.5222380992124513,3.2129603154696755,0.3092777837427758,3.1482828177463955,0.37395528146605583,3.002299425584354,3.4401420000173406,v1.0.0,v1.0.0
Chris Harper,16007,WR,WR,2013,1.345801546169376,3.4075446797022004,-2.0617431335328247,3.598234019914084,-2.252432473744708,3.153416047481148,3.6419394089077004,v1.0.0,v1.0.0
John Simon,16010,OLB,EDGE,2013,4.114989785096177,3.657536404730944,0.45745338036523275,3.4408086549665073,0.6741811301296696,3.4835114378281324,3.8459737465524597,v1.0.0,v1.0.0
Joseph Randle,16013,RB,RB,2013,3.270741920076855,3.035006632169716,0.23573528790713905,3.0284500601029434,0.24229185997391145,2.7517566759254706,3.326395696837611,v1.0.0,v1.0.0
Corey Fuller,16014,WR,WR,2013,3.087790945227789,3.1828483995784436,-0.0950574543506546,3.3110695539346207,-0.2232786087068317,2.9320898702942038,3.4084353867096624,v1.0.0,v1.0.0
Kenny Stills,16016,WR,WR,2013,4.291279913785008,3.1786419528568035,1.1126379609282044,3.3324906143997026,0.9587892993853053,2.8717312660637204,3.487559408921958,v1.0.0,v1.0.0
William Gholston,16019,DE,EDGE,2013,4.589858664088078,3.6375355579045854,0.9523231061834929,3.3726851114617773,1.217173552626301,3.4534994339933394,3.8467142168195347,v1.0.0,v1.0.0
Spencer Ware,16020,RB,RB,2013,3.3883443891304488,3.5353150354159024,-0.14697064628545364,3.401752821191715,-0.013408432061266407,3.302425109305778,3.748544405481683,v1.0.0,v1.0.0
Tharold Simon,16021,CB,DB,2013,2.704490561053983,3.335529793927317,-0.6310392328733339,3.2526661054411017,-0.5481755443871186,3.168207697335252,3.556460351752339,v1.0.0,v1.0.0
Ace Sanders,16022,WR,WR,2013,3.064574191536438,3.03940996410259,0.025164227433848385,3.13646130177999,-0.07188711024355188,2.7328992162069183,3.357063036017736,v1.0.0,v1.0.0
Marquess Wilson,16023,WR,WR,2013,3.081436392723624,3.2084148961860364,-0.12697850346241246,3.3858759808832954,-0.30443958815967154,2.9318494275030313,3.4666810607797998,v1.0.0,v1.0.0
Kerwynn Williams,16024,RB,RB,2013,3.23863124377998,3.2642346776234907,-0.025603433843510714,3.4193849115380828,-0.18075366775810275,3.033132220905368,3.4646699826787923,v1.0.0,v1.0.0
David Bass,16025,DE,EDGE,2013,3.7887110488582967,3.67369846917436,0.11501257968393652,3.4591094980053985,0.3296015508528982,3.5435640836100726,3.821265439569342,v1.0.0,v1.0.0
Quinton Patton,16026,WR,WR,2013,3.3620814469560374,3.4806033059351957,-0.11852185897915835,3.4841780799795674,-0.12209663302353002,3.2653779180013567,3.7121324709812846,v1.0.0,v1.0.0
Quinton Dial,16028,DT,IDL,2013,3.6738537319399707,3.4388440531539786,0.2350096787859921,3.351435949937117,0.32241778200285376,3.2080046180438537,3.6594010797183287,v1.0.0,v1.0.0
Daimion Stafford,16030,S,DB,2013,3.6738141258714645,3.489200567242794,0.18461355862867057,3.4273711977463885,0.24644292812507596,3.238952035768405,3.774909166763588,v1.0.0,v1.0.0
Ty Powell,16036,OLB,EDGE,2013,2.704490561053983,3.6687416887528737,-0.9642511276988905,3.568253084586937,-0.8637625235329538,3.483496541973389,3.8270679841334623,v1.0.0,v1.0.0
Armonty Bryant,16037,DE,EDGE,2013,3.244566149848478,3.358296026352989,-0.11372987650451094,3.0039665573811307,0.2405995924673472,3.050525634445764,3.686719579158854,v1.0.0,v1.0.0
Dee Ford,16707,DE,EDGE,2014,3.9920813117267295,3.1307654603673014,0.8613158513594281,3.0437061624559867,0.9483751492707428,2.892178858306803,3.378883662514965,v1.0.0,v1.0.0
Taylor Lewan,16708,OT,OL,2014,3.63082325424351,3.652454036334253,-0.021630782090742873,3.7253397554122882,-0.09451650116877808,3.5044253021271206,3.8512634773608423,v1.0.0,v1.0.0
Zack Martin,16709,OG,OL,2014,3.4735621360271987,3.45847138911182,0.015090746915378705,3.5044238811864203,-0.030861745159221687,3.370633680501847,3.5553762812484897,v1.0.0,v1.0.0
Khalil Mack,16710,OLB,EDGE,2014,4.564992243836979,3.7638355669054917,0.8011566769314875,3.6078586881109835,0.9571335557259957,3.611374985819056,3.9164639266835275,v1.0.0,v1.0.0
Anthony Barr,16711,OLB,EDGE,2014,4.240668713371015,3.9646339997509887,0.2760347136200263,3.610836860558387,0.6298318528126279,3.7768672988331975,4.167517200101283,v1.0.0,v1.0.0
Marcus Smith,16712,DE,EDGE,2014,3.4028402771254793,3.4955127503004806,-0.09267247317500127,3.375266870222227,0.027573406903252273,3.3275833275377615,3.6847959879438306,v1.0.0,v1.0.0
Jake Matthews,16713,OT,OL,2014,4.183965377467411,3.62563134780112,0.5583340296662906,3.6714651751342475,0.5125002023331633,3.504239308127429,3.7536247144959214,v1.0.0,v1.0.0
Justin Gilbert,16714,CB,DB,2014,3.270741920076855,3.5942398433083147,-0.32349792323145987,3.5605813668504243,-0.28983944677356943,3.3768496115826836,3.863013202460911,v1.0.0,v1.0.0
Kyle Fuller,16715,CB,DB,2014,4.176217511362912,3.5130777326863205,0.6631397786765918,3.418409122312417,0.7578083890504952,3.4096489221890853,3.621445314778102,v1.0.0,v1.0.0
Aaron Donald,16716,DT,IDL,2014,4.424165548536845,3.752416109408103,0.6717494391287415,3.7613417108535256,0.6628238376833191,3.53792541149808,4.035577008231617,v1.0.0,v1.0.0
Jimmie Ward,16717,S,DB,2014,4.316318409943551,3.4831599003882836,0.8331585095552674,3.396112600495104,0.9202058094484471,3.272903123928118,3.6945416961481006,v1.0.0,v1.0.0
Darqueze Dennard,16718,CB,DB,2014,4.014497326172989,3.573534746279554,0.44096257989343446,3.5334332014399403,0.48106412473304827,3.4071922956797054,3.751040439484397,v1.0.0,v1.0.0
Bradley Roby,16719,CB,DB,2014,4.338870952125116,3.586494163511106,0.7523767886140096,3.521725893788072,0.8171450583370437,3.392047463158107,3.789157686422658,v1.0.0,v1.0.0
C.J. Mosley,16720,ILB,LB,2014,4.329205346513472,3.33293250203258,0.9962728444808922,3.1717353040142098,1.1574700424992623,3.0982618118358136,3.5671631996588946,v1.0.0,v1.0.0
Dominique Easley,16721,DT,IDL,2014,3.389950372522161,3.555685958680863,-0.1657355861587022,3.5186285163512974,-0.12867814382913645,3.336219876342798,3.7554185256384227,v1.0.0,v1.0.0
Ja'Wuan James,16722,OT,OL,2014,3.6363552025276507,3.4649303966191085,0.17142480590854214,3.5513091850847505,0.08504601744290019,3.3309438686628745,3.60106534529536,v1.0.0,v1.0.0
Deone Bucannon,16723,S,DB,2014,3.9830286960066124,3.581410666932703,0.40161802907390953,3.5670669840577154,0.415961711948897,3.482562074428865,3.6829996639488667,v1.0.0,v1.0.0
Blake Bortles,16724,QB,QB,2014,3.8834224701360887,3.127111991678157,0.7563104784579315,3.381152764950016,0.5022697051860727,2.8131146373835976,3.445188423516518,v1.0.0,v1.0.0
Sammy Watkins,16725,WR,WR,2014,4.22307223321896,3.1948373170208155,1.0282349161981443,3.48937683817027,0.7336953950486897,3.016943083964641,3.385287139768273,v1.0.0,v1.0.0
Jason Verrett,16726,CB,DB,2014,3.2433613315564123,3.6768616181156886,-0.4335002865592763,3.4952035163184223,-0.25184218476201004,3.5215111307800044,3.855228318966645,v1.0.0,v1.0.0
Ryan Shazier,16727,OLB,EDGE,2014,3.4815998671745847,3.7140305792704176,-0.23243071209583288,3.630697561458451,-0.1490976942838662,3.4917835728073436,3.8908650648304715,v1.0.0,v1.0.0
Teddy Bridgewater,16728,QB,QB,2014,3.9662207253250834,2.6450167971129708,1.3212039282121126,2.9093184887999173,1.0569022365251661,2.0908260230011346,3.129824603749426,v1.0.0,v1.0.0
Calvin Pryor,16729,S,DB,2014,3.4815998671745847,3.4344309484565265,0.04716891871805817,3.3490033768775764,0.13259649029700826,3.2640843543494724,3.6043409089518135,v1.0.0,v1.0.0
Kelvin Benjamin,16730,WR,WR,2014,3.800932535175048,3.2146750665861097,0.5862574685889381,3.3672037435811135,0.4337287915939343,2.9399234834263974,3.5109426568906836,v1.0.0,v1.0.0
Brandin Cooks,16731,WR,WR,2014,4.570401429006349,3.7183740951107067,0.8520273338956423,3.770934084120608,0.7994673448857412,3.477090433750882,4.008782678193852,v1.0.0,v1.0.0
Eric Ebron,16732,TE,TE,2014,4.134839907711126,3.5693317451969144,0.5655081625142118,3.3629642573846414,0.7718756503264848,3.2464318758845048,3.899896687454922,v1.0.0,v1.0.0
Odell Beckham Jr.,16733,WR,WR,2014,4.294196886226198,3.7666351070624855,0.5275617791637122,3.703043383281881,0.5911535029443167,3.4942097823220113,4.035800473743369,v1.0.0,v1.0.0
Jadeveon Clowney,16734,DE,EDGE,2014,4.463283727251276,3.9130557330567575,0.5502279941945183,3.5868658276095924,0.8764178996416834,3.7025798227763036,4.1086977902563735,v1.0.0,v1.0.0
Ha Ha Clinton-Dix,16735,S,DB,2014,4.069379960436816,3.4361124231763394,0.6332675372604766,3.385597880545524,0.6837820798912921,3.2871619852599605,3.586284516396874,v1.0.0,v1.0.0
Johnny Manziel,16736,QB,QB,2014,2.3868469108371837,3.0491859672080484,-0.6623390563708647,3.4176492915278174,-1.0308023806906337,2.528363903525778,3.4722560045146347,v1.0.0,v1.0.0
Mike Evans,16737,WR,WR,2014,4.554036928326241,3.2788960610038482,1.2751408673223925,3.541899852281819,1.012137076044422,2.894326288734364,3.691854662071134,v1.0.0,v1.0.0
Will Sutton,16738,DT,IDL,2014,3.288798636746454,3.3965037452744737,-0.10770510852801962,3.2304405498641,0.05835808688235433,3.1381448706044903,3.6715326755515916,v1.0.0,v1.0.0
Joel Bitonio,16740,OG,OL,2014,4.462901395290896,3.6149355457332932,0.8479658495576023,3.665764244530733,0.7971371507601628,3.446059592762766,3.788251508732958,v1.0.0,v1.0.0
Michael Schofield,16741,OT,OL,2014,3.60821227878799,3.3355293556110963,0.2726829231768937,3.37033428483473,0.23787799395325981,3.1123749010693498,3.5379805413201337,v1.0.0,v1.0.0
Justin Britt,16742,OT,OL,2014,3.6363552025276507,3.404842625006633,0.23151257752101762,3.5028232383005404,0.13353196422711022,3.2328141932392525,3.563466988447959,v1.0.0,v1.0.0
Spencer Long,16743,OG,OL,2014,3.467468875860921,3.138655315632386,0.3288135602285349,3.4590426095491376,0.008426266311783337,2.9336110138314635,3.325977823675546,v1.0.0,v1.0.0
Ra'Shede Hageman,16744,DT,IDL,2014,3.4176136403258908,3.746104634632711,-0.3284909943068204,3.6308058907165806,-0.21319225039068979,3.430031559326408,4.014187871084136,v1.0.0,v1.0.0
Jack Mewhort,16745,OT,OL,2014,3.131875632847984,3.3633948899948263,-0.23151925714684207,3.3976538186200496,-0.26577818577206536,3.2225128507625262,3.520589688512268,v1.0.0,v1.0.0
Weston Richburg,16746,C,OL,2014,3.1528451932898274,3.326122847976901,-0.17327765468707357,3.3649594291654306,-0.21211423587560319,3.146307452454056,3.4710089518428995,v1.0.0,v1.0.0
Dezmen Southward,16747,S,DB,2014,2.704490561053983,3.558756405339775,-0.8542658442857918,3.571155950614997,-0.8666653895610139,3.353794179669935,3.7369487334706957,v1.0.0,v1.0.0
Chris Borland,16748,ILB,LB,2014,2.5095420008001468,3.5027827230140605,-0.9932407222139137,3.4779850809569104,-0.9684430801567636,3.1684091209622127,3.8200199657312703,v1.0.0,v1.0.0
Charles Sims,16749,RB,RB,2014,3.4954301761653195,3.4155126225318138,0.07991755363350572,3.4593941186745565,0.036036057490762996,3.2224850403059193,3.6198320772179127,v1.0.0,v1.0.0
Phillip Gaines,16750,CB,DB,2014,3.889786407262008,3.75964650538863,0.13013990187337798,3.6659282067520533,0.22385820050995475,3.6146069922218316,3.9216892864035735,v1.0.0,v1.0.0
Trent Murphy,16751,DE,EDGE,2014,3.946502233083245,3.691766716715906,0.2547355163673388,3.531602896510505,0.41489933657274003,3.4975632269096297,3.920925008165342,v1.0.0,v1.0.0
Travis Swanson,16752,C,OL,2014,3.3877233167187057,3.3519821751171524,0.035741141601553394,3.4485035431671784,-0.060780226448472696,3.18518799509282,3.4751187435675828,v1.0.0,v1.0.0
Gabe Jackson,16753,OG,OL,2014,3.760649137145911,3.3353257317995677,0.4253234053463433,3.4937886593370666,0.26686047780884437,3.1372409822615053,3.524253529719425,v1.0.0,v1.0.0
Chris Watt,16754,OG,OL,2014,2.422444344869869,3.2080575168936507,-0.7856131720237816,3.4303973704977673,-1.0079530256278981,3.009399175040273,3.4332034886118055,v1.0.0,v1.0.0
Dri Archer,16755,WR,WR,2014,2.523550556078262,3.4943130994264227,-0.9707625433481608,3.6433553107757333,-1.1198047546974714,3.3037816102991884,3.7808435871637927,v1.0.0,v1.0.0
Khyri Thornton,16756,DT,IDL,2014,2.8236674677521854,3.4407159303177344,-0.617048462565549,3.3882339990635404,-0.564566531311355,3.266718780315259,3.6134610177407738,v1.0.0,v1.0.0
Derek Carr,16757,QB,QB,2014,4.506515312067956,2.3569101087692945,2.1496052032986612,3.2733155156346543,1.2331997964333015,1.2059665056093036,3.3979678277913994,v1.0.0,v1.0.0
Will Clarke,16758,DE,EDGE,2014,3.535238532571787,3.677490998712873,-0.14225246614108578,3.436662650112437,0.09857588245935034,3.5338235109918017,3.8328968654852478,v1.0.0,v1.0.0
Billy Turner,16759,OT,OL,2014,2.3868469108371837,3.357062053193721,-0.9702151423565373,3.4647893644135306,-1.0779424535763469,3.246507533628739,3.46028883265751,v1.0.0,v1.0.0
Jimmy Garoppolo,16760,QB,QB,2014,3.958576732200458,2.925226614097881,1.033350118102577,3.302003472451233,0.6565732597492251,2.5832681453889945,3.2532073883418677,v1.0.0,v1.0.0
Jeremiah Attaochu,16761,OLB,EDGE,2014,3.9474188308663103,3.1255848259245016,0.8218340049418087,3.0439166586912223,0.903502172175088,2.899127053347917,3.368738199323025,v1.0.0,v1.0.0
Preston Brown,16762,ILB,LB,2014,3.946502233083245,3.4551967882512518,0.4913054448319931,3.5474436007565546,0.39905863232669025,3.162449469214068,3.680834561003021,v1.0.0,v1.0.0
Jordan Matthews,16763,WR,WR,2014,3.8940487176170118,3.4036106527906322,0.4904380648263795,3.6267260682489595,0.2673226493680523,3.219793117584271,3.578908024562289,v1.0.0,v1.0.0
Kareem Martin,16764,DE,EDGE,2014,3.875089022657199,3.8765442157973014,-0.001455193140102562,3.5360686378116672,0.33902038484553154,3.704605761405155,4.040494257010459,v1.0.0,v1.0.0
C.J. Fiedorowicz,16766,TE,TE,2014,3.5479840389742314,3.7198191878617606,-0.17183514888752915,3.6424750176858027,-0.0944909787115713,3.5367405397901495,3.923732259227405,v1.0.0,v1.0.0
Christian Kirksey,16767,OLB,EDGE,2014,4.206260951335513,3.0486625022341634,1.1575984491013496,3.135665361178476,1.070595590157037,2.781810392977437,3.3214275066165944,v1.0.0,v1.0.0
Terrence Brooks,16768,S,DB,2014,4.128707786759444,3.396370741653172,0.7323370451062718,3.362098389763222,0.7666093969962215,3.113313573727143,3.715908838217798,v1.0.0,v1.0.0
Lamarcus Joyner,16769,CB,DB,2014,4.183147405011796,3.246580737018928,0.9365666679928677,3.1433760001933257,1.0397714048184699,3.0469089415795563,3.460740875524555,v1.0.0,v1.0.0
Brandon Linder,16770,OG,OL,2014,3.6139391880813907,3.1583933644306117,0.455545823650779,3.2723572381993735,0.3415819498820172,2.9209430063631694,3.4065975693790107,v1.0.0,v1.0.0
Morgan Moses,16771,OT,OL,2014,3.8703362986573775,2.809256483832909,1.0610798148244687,3.069110160459247,0.8012261381981305,2.5642478273513634,3.0445568639410028,v1.0.0,v1.0.0
Kyle Van Noy,16772,OLB,EDGE,2014,4.56860336423597,3.518208516305811,1.0503948479301588,3.459641332384189,1.1089620318517808,3.377432768855764,3.670248616088573,v1.0.0,v1.0.0
Kony Ealy,16773,DE,EDGE,2014,3.7363017214982253,3.8004051530418206,-0.06410343154359532,3.498798254707708,0.23750346679051715,3.5720098162128933,4.030515025319838,v1.0.0,v1.0.0
Stanley Jean-Baptiste,16774,CB,DB,2014,0.6417787318052229,3.452041673272101,-2.810262941466878,3.425407226888788,-2.783628495083565,3.145742086207543,3.814527470868911,v1.0.0,v1.0.0
Crockett Gillmore,16775,TE,TE,2014,3.183687955948746,3.252685255520401,-0.06899729957165501,3.169200092913849,0.014487863034896797,2.914217516293769,3.6209123192722017,v1.0.0,v1.0.0
Jay Bromley,16776,DT,IDL,2014,3.6516293448535895,3.5626092694363303,0.0890200754172592,3.4297740025492973,0.22185534230429216,3.33653712229219,3.787291367531962,v1.0.0,v1.0.0
Carlos Hyde,16777,RB,RB,2014,4.152896624380726,3.1790326148019137,0.9738640095788123,3.3741422830482297,0.7787543413324962,2.886764377138906,3.3667809986953734,v1.0.0,v1.0.0
Ego Ferguson,16778,DT,IDL,2014,2.759613832938619,3.5579969772558346,-0.7983831443172158,3.62082851827989,-0.8612146853412712,3.385261118647644,3.737288656852618,v1.0.0,v1.0.0
Josh Huff,16779,WR,WR,2014,3.3877233167187057,3.380152089967729,0.007571226750976656,3.34847733454681,0.039245982171895566,3.160343249427396,3.580809735096027,v1.0.0,v1.0.0
Scott Crichton,16780,DE,EDGE,2014,2.812538078173407,3.7124469706451095,-0.8999088924717027,3.5426038984674046,-0.7300658202939978,3.5866499585637683,3.8301839504382045,v1.0.0,v1.0.0
Paul Richardson,16781,WR,WR,2014,3.755740759494776,3.0670156139750975,0.6887251455196783,3.135990410690512,0.6197503488042639,2.7464807309040475,3.3774811313599638,v1.0.0,v1.0.0
Jerick McKinnon,16782,RB,RB,2014,4.1931749948177055,3.680370349717938,0.5128046450997674,3.7165679584003914,0.47660703641731406,3.343407823844105,4.019379867712728,v1.0.0,v1.0.0
Terrance West,16783,RB,RB,2014,3.4954301761653195,3.287464294528598,0.20796588163672158,3.326705348747389,0.16872482741793027,3.026718167560066,3.5423635280770456,v1.0.0,v1.0.0
Tre Mason,16784,RB,RB,2014,3.0057495495866404,3.0630977306539413,-0.057348181067300885,3.251302304496,-0.24555275490935946,2.6930257961559,3.4578417768330727,v1.0.0,v1.0.0
Timmy Jernigan,16785,DT,IDL,2014,3.876829167576477,3.388921502998551,0.4879076645779259,3.3083721703317455,0.5684569972447315,3.003613885009498,3.704247766938294,v1.0.0,v1.0.0
Richard Rodgers,16786,TE,TE,2014,4.077449713066436,3.3176537761879494,0.7597959368784863,3.3213554436672923,0.7560942693991435,2.9925240704630056,3.5646942864660605,v1.0.0,v1.0.0
Marqise Lee,16787,WR,WR,2014,3.6738537319399707,3.4152527283797673,0.2586010035602033,3.2264634658257574,0.4473902661142133,3.1527295956573687,3.722492157781553,v1.0.0,v1.0.0
Marcus Martin,16788,C,OL,2014,2.863455195111033,3.1933612502280644,-0.3299060551170312,3.52175717871045,-0.6583019835994168,2.993711178908586,3.3585565051918356,v1.0.0,v1.0.0
Trai Turner,16789,OG,OL,2014,3.6738141258714645,3.007674594570931,0.6661395313005336,3.4084769740957883,0.2653371517756762,2.5871628655712926,3.3834011335164487,v1.0.0,v1.0.0
Jarvis Landry,16790,WR,WR,2014,4.301166035916301,3.142715457645505,1.1584505782707963,3.162217189989725,1.1389488459265764,2.827621916798401,3.443121222194231,v1.0.0,v1.0.0
Donte Moncrief,16791,WR,WR,2014,3.9271769059518293,3.4108999428452833,0.516276963106546,3.5811359473000532,0.3460409586517761,3.214645240541222,3.6434239927619783,v1.0.0,v1.0.0
Jace Amaro,16792,TE,TE,2014,2.586733052501921,3.6047129657175905,-1.0179799132156693,3.5780016437299063,-0.991268591227985,3.346597373610857,3.9027776784118293,v1.0.0,v1.0.0
Cody Latimer,16793,WR,WR,2014,3.7755896300038287,3.46446242853588,0.3111272014679489,3.6727003610334403,0.10288926897038841,3.2229996971173516,3.711998635235538,v1.0.0,v1.0.0
Bishop Sankey,16794,RB,RB,2014,3.1102069596740494,3.4937241002448944,-0.38351714057084507,3.6740266362648226,-0.5638196765907733,3.279532979137987,3.749885744458074,v1.0.0,v1.0.0
Austin Seferian-Jenkins,16795,TE,TE,2014,3.499425694004923,3.577342514831699,-0.07791682082677598,3.6370354981489905,-0.13760980414406765,3.2616548146295514,3.8616421976249895,v1.0.0,v1.0.0
Cyrus Kouandjio,16796,OT,OL,2014,2.3460445734134283,3.214234762212256,-0.8681901887988275,3.3603442273962334,-1.014299653982805,3.0056209074601408,3.421932171449786,v1.0.0,v1.0.0
Troy Niklas,16797,TE,TE,2014,3.389950372522161,3.5462261620544995,-0.15627578953233856,3.4301034267087376,-0.040153054186576664,3.2307239168369892,3.921400171900139,v1.0.0,v1.0.0
Stephon Tuitt,16798,DT,IDL,2014,4.010430068058852,3.747478531588201,0.26295153647065117,3.6262601446679477,0.3841699233909046,3.4718678813635453,3.9748137517195565,v1.0.0,v1.0.0
Allen Robinson,16799,WR,WR,2014,4.37990290045455,3.5079315510088045,0.871971349445746,3.4231863410606236,0.9567165593939269,3.337666334554856,3.7147997131094774,v1.0.0,v1.0.0
Davante Adams,16800,WR,WR,2014,4.586364032014431,3.4431955763391353,1.1431684556752955,3.5257827318610424,1.0605813001533884,3.241940601668728,3.627665719850943,v1.0.0,v1.0.0
Xavier Su'a-Filo,16801,OG,OL,2014,3.480228861135872,3.5045560673564955,-0.024327206220623676,3.583380331808594,-0.10315147067272212,3.3446426276741565,3.666567665261318,v1.0.0,v1.0.0
Jeremy Hill,16803,RB,RB,2014,3.628618092270494,3.2690464769875844,0.3595716152829094,3.369919337055232,0.25869875521526176,3.0072152445426688,3.5547354144503283,v1.0.0,v1.0.0
John Brown,16804,WR,WR,2014,4.1530494357847,3.384970040513426,0.7680793952712741,3.3600516432269663,0.7929977925577338,3.2379478244999396,3.5645391301904565,v1.0.0,v1.0.0
Dexter McDougle,16805,CB,DB,2014,3.2291310569401093,3.445025148569001,-0.21589409162889162,3.3822110395582494,-0.15307998261814015,3.2921813323768645,3.5875423763868652,v1.0.0,v1.0.0
A.J. McCarron,16810,QB,QB,2014,2.4729989767561227,2.3316175838162434,0.14138139293987928,3.211471536868911,-0.7384725601127884,1.8693630464390394,2.744477983772077,v1.0.0,v1.0.0
Logan Thomas,16813,QB,QB,2014,4.057135559788768,3.239834952159928,0.81730060762884,3.6869862984109787,0.37014926137778925,2.7648596149325635,3.695197030955629,v1.0.0,v1.0.0
Zach Mettenberger,16814,QB,QB,2014,2.3868469108371837,2.669252651433602,-0.2824057405964182,3.071318829128154,-0.6844719182909702,2.276892614129089,3.166540321055142,v1.0.0,v1.0.0
Devin Street,16815,WR,WR,2014,3.288798636746454,3.3753952754752294,-0.08659663872877532,3.3535973579895684,-0.06479872124311425,3.2053697865107886,3.5816772019780667,v1.0.0,v1.0.0
Devon Kennard,16820,OLB,EDGE,2014,4.247500995465838,3.5434148609921854,0.7040861344736529,3.4238561955359725,0.8236447999298657,3.4131657688524477,3.7087553760566006,v1.0.0,v1.0.0
David Fales,16821,QB,QB,2014,1.4400119924534576,2.4697887353270094,-1.0297767428735518,2.9600266394699632,-1.5200146470165057,2.0019235358338845,2.9297884766034983,v1.0.0,v1.0.0
Bryan Stork,16826,C,OL,2014,2.812538078173407,3.0161632533619205,-0.20362517518851364,3.305021783137972,-0.49248370496456495,2.7786807512048575,3.2522066929707725,v1.0.0,v1.0.0
Brent Urban,16831,DE,EDGE,2014,4.351326870230825,3.7717767374639255,0.5795501327668999,3.454937157461704,0.8963897127691216,3.5603224868892465,4.026931483048201,v1.0.0,v1.0.0
Michael Campanaro,16832,WR,WR,2014,2.8112821446849234,3.590467176312415,-0.7791850316274918,3.6690037458868607,-0.8577216012019373,3.4037643130609365,3.8111858310334337,v1.0.0,v1.0.0
Antone Exum,16833,CB,DB,2014,3.57999730376674,3.5920462213987263,-0.012048917631986455,3.534133285402606,0.045864018364133674,3.492231413969133,3.7104056720575285,v1.0.0,v1.0.0
Trevor Reilly,16834,OLB,EDGE,2014,3.274913274630675,3.4529128190591845,-0.17799954442850963,3.5392656787800942,-0.2643524041494194,3.242516553710032,3.677931538603878,v1.0.0,v1.0.0
Jared Abbrederis,16836,WR,WR,2014,2.7767614632340885,3.3401337575156105,-0.563372294281522,3.400954353192454,-0.6241928899583655,3.1008960466467013,3.642064447318587,v1.0.0,v1.0.0
Ed Stinson,16840,DE,EDGE,2014,3.1491418106994007,3.6950990132213466,-0.5459572025219459,3.414209251286906,-0.2650674405875053,3.4857728969426187,3.926756802426849,v1.0.0,v1.0.0
Kevin Norwood,16841,WR,WR,2014,2.057714358921055,3.2162714764904154,-1.1585571175693605,3.418197122287982,-1.3604827633669272,2.9593059362485454,3.4546303400619403,v1.0.0,v1.0.0
Jon Halapio,16842,OG,OL,2014,2.1593671492279647,2.9019176879286634,-0.7425505387006988,3.1312011368889046,-0.9718339876609399,2.693829653032484,3.1448443839549673,v1.0.0,v1.0.0
Ross Cockrell,16843,CB,DB,2014,4.051713781778364,3.2316224410942738,0.8200913406840904,3.1905173368632154,0.8611964449151488,3.0844670298194155,3.4208801598055216,v1.0.0,v1.0.0
Ryan Grant,16845,WR,WR,2014,3.8997755338995894,3.433409555401698,0.4663659784978913,3.4358484647748453,0.46392706912474413,3.163617235398024,3.6627004248335777,v1.0.0,v1.0.0
Wesley Johnson,16846,C,OL,2014,3.0404973649442106,3.427824916262697,-0.3873275513184864,3.4830979338849946,-0.4426005689407839,3.3173268976408106,3.5513793448195505,v1.0.0,v1.0.0
Matt Paradis,16847,C,OL,2014,3.63082325424351,3.3653440811766235,0.2654791730668866,3.4420861994201855,0.1887370548233247,3.2071380131460407,3.5047832900768436,v1.0.0,v1.0.0
Charles Leno,16848,OG,OL,2014,3.7702871291983415,3.4554376406988117,0.3148494884995299,3.4882005774676887,0.2820865517306528,3.2920796980522384,3.59785324512272,v1.0.0,v1.0.0
Nat Berhe,16850,S,DB,2014,3.4172722487377465,3.3633488735616033,0.05392337517614321,3.2308231949147532,0.18644905382299326,3.218897995869218,3.5251484120732184,v1.0.0,v1.0.0
Ryan Carrethers,16851,DT,IDL,2014,2.868907891409407,3.7508140067307187,-0.8819061153213119,3.4796921355606187,-0.6107842441512119,3.386984751143411,4.001195524058959,v1.0.0,v1.0.0
Lamin Barrow,16852,ILB,LB,2014,3.173159346567495,3.4366352524482076,-0.26347590588071235,3.4013124034582827,-0.22815305689078746,3.2844016331461194,3.5956063993513254,v1.0.0,v1.0.0
Caraun Reid,16853,DT,IDL,2014,3.5779910376539963,3.364382455658119,0.21360858199587707,3.4871177251491687,0.09087331250482755,3.110752348666131,3.6017093826150015,v1.0.0,v1.0.0
Tyler Starr,16856,OLB,EDGE,2014,0.6417787318052229,3.6281864752090445,-2.9864077434038214,3.531006491145624,-2.8892277593404008,3.3448433872433116,4.004407220465527,v1.0.0,v1.0.0
Justin Ellis,16857,DT,IDL,2014,4.22307223321896,3.6101918657949144,0.6128803674240455,3.491989422517575,0.7310828107013849,3.2909675283229527,3.8940226187704576,v1.0.0,v1.0.0
I.K. Enemkpali,16858,DE,EDGE,2014,2.586733052501921,3.2379658366603943,-0.6512327841584731,3.269847690741856,-0.6831146382399349,3.014812358620667,3.4651675054827606,v1.0.0,v1.0.0
Dakota Dozier,16861,OG,OL,2014,3.4320586792359524,3.0662681490320733,0.3657905302038791,3.215011075251241,0.21704760398471157,2.909198885948604,3.225546528463898,v1.0.0,v1.0.0
Jordan Tripp,16862,OLB,EDGE,2014,3.3318607373482347,3.6544100656477876,-0.32254932829955285,3.6295652485179004,-0.2977045111696657,3.475224531156927,3.8549346404963276,v1.0.0,v1.0.0
Pat O'Donnell,16863,P,ST,2014,4.462901395290896,3.5166577865429094,0.9462436087479862,3.3951864001494867,1.0677149951414089,1.741387002478045,4.6272232500567005,v1.0.0,v1.0.0
Corey Linsley,16864,C,OL,2014,3.964158799331058,2.9899164236858464,0.9742423756452117,3.228088943781827,0.7360698555492311,2.5164833536103925,3.341989054631874,v1.0.0,v1.0.0
Taylor Hart,16865,DE,EDGE,2014,2.4570567304749815,3.7226073352400206,-1.2655506047650391,3.5696439270540767,-1.1125871965790952,3.52113258671585,3.921782510706633,v1.0.0,v1.0.0
Shamar Stephen,16866,DT,IDL,2014,4.187571511839166,3.371782037133594,0.8157894747055718,3.2812664347805405,0.9063050770586254,3.144104446697493,3.595755526735397,v1.0.0,v1.0.0
Jonathan Newsome,16867,OLB,EDGE,2014,3.131875632847984,3.4293962606971147,-0.29752062784913047,3.3026675276335378,-0.17079189478555357,3.2304934086687096,3.602752682662923,v1.0.0,v1.0.0
John Urschel,16868,OG,OL,2014,2.2560511899300453,3.5683277978363543,-1.312276607906309,3.589571440906818,-1.3335202509767727,3.411299952188148,3.7256192172128824,v1.0.0,v1.0.0
Larry Webster,16869,TE,TE,2014,0.6417787318052229,3.58915439035187,-2.947375658546647,3.465747567136921,-2.823968835331698,3.2405367426758303,3.967194786803641,v1.0.0,v1.0.0
Matt Hazel,16870,WR,WR,2014,1.345801546169376,3.3734597152522054,-2.0276581690828293,3.4396915698985113,-2.093890023729135,3.216910722423767,3.5418900520371963,v1.0.0,v1.0.0
Bene' Benwikere,16872,CB,DB,2014,3.700606479060751,3.4226296738361337,0.27797680522461743,3.330769841772537,0.36983663728821403,3.219068484307869,3.6510350239580465,v1.0.0,v1.0.0
Cassius Marsh,16873,DE,EDGE,2014,4.143930964994707,3.577124949263774,0.5668060157309336,3.406663734727211,0.7372672302674963,3.3735313473829294,3.786889036207925,v1.0.0,v1.0.0
Russell Bodine,16876,OG,OL,2014,3.535238532571787,3.562482963546286,-0.0272444309744988,3.4642120900212023,0.07102644255058488,3.3054604842742283,3.8661057918471586,v1.0.0,v1.0.0
Tre Boston,16877,S,DB,2014,4.096781332489056,3.4278621966688108,0.6689191358202451,3.4090561949285165,0.6877251375605393,3.3258216232658078,3.5467727897669894,v1.0.0,v1.0.0
Jabari Price,16878,CB,DB,2014,2.5095420008001468,3.650730165656851,-1.1411881648567044,3.6821978220237113,-1.1726558212235645,3.3968215719122345,3.913819559317295,v1.0.0,v1.0.0
T.J. Jones,16880,WR,WR,2014,3.4388430247339876,3.1370090425037356,0.30183398223025204,3.2464042663987196,0.19243875833526802,2.9677231042380376,3.3172209036944778,v1.0.0,v1.0.0
Prince Shembo,16881,OLB,EDGE,2014,2.6554775013275047,3.5701673645157053,-0.9146898631882006,3.514492039702571,-0.8590145383750665,3.4022591150716672,3.7255274611250035,v1.0.0,v1.0.0
Ricardo Allen,16882,CB,DB,2014,4.010430068058852,3.369144160421575,0.6412859076372772,3.217466794441188,0.7929632736176644,3.1282939295519325,3.6371083828531923,v1.0.0,v1.0.0
Anthony Hitchens,16883,OLB,EDGE,2014,4.209701308755482,3.4369070033398135,0.772794305415669,3.346279729515977,0.8634215792395055,3.2405557926146753,3.6531779471872685,v1.0.0,v1.0.0
Storm Johnson,16884,RB,RB,2014,1.6770794524643968,3.032311054521377,-1.3552316020569803,3.248642567553368,-1.5715631150889713,2.7683952415636934,3.22072426031425,v1.0.0,v1.0.0
Martavis Bryant,16886,WR,WR,2014,3.4530238369508592,3.4866176089778063,-0.03359377202694702,3.574408861133064,-0.12138502418220476,3.2330086096967903,3.7377454611188163,v1.0.0,v1.0.0
Ronald Powell,16887,OLB,EDGE,2014,2.5095420008001468,3.0622136451946083,-0.5526716443944615,3.290250612343687,-0.7807086115435404,2.8512386445738507,3.273797008146062,v1.0.0,v1.0.0
Kevin Pierre-Louis,16888,OLB,EDGE,2014,4.088319377255566,3.720918019523868,0.3674013577316977,3.688625450662556,0.3996939265930095,3.552169059225525,3.903930734869204,v1.0.0,v1.0.0
Andre Williams,16889,RB,RB,2014,3.389950372522161,3.3784367845593315,0.011513587962829419,3.4064049790928577,-0.01645460657069675,3.0325904857925474,3.8350898676606526,v1.0.0,v1.0.0
Bashaud Breeland,16890,CB,DB,2014,4.140914718282981,3.3420115487858397,0.7989031694971414,3.236371486173592,0.9045432321093889,3.2149981520047346,3.489727793401899,v1.0.0,v1.0.0
Telvin Smith,16891,OLB,EDGE,2014,3.83720811032256,2.9059535348343952,0.9312545754881647,3.036392811659383,0.8008152986631769,2.6620383584209946,3.1604117002805987,v1.0.0,v1.0.0
Seantrel Henderson,16892,OT,OL,2014,2.704490561053983,3.222562525216478,-0.5180719641624947,3.4056550542680672,-0.7011644932140841,3.0183076259069708,3.451738242571317,v1.0.0,v1.0.0
Dontae Johnson,16893,CB,DB,2014,4.071412258950327,3.587735076993744,0.48367718195658327,3.5802494195267114,0.49116283942361605,3.4409401213242368,3.7289849874847016,v1.0.0,v1.0.0
Ahmad Dixon,16895,S,DB,2014,1.5216626918475837,3.0998032260058235,-1.5781405341582397,3.1510637757953504,-1.6294010839477666,2.8662479872526383,3.3673482609760166,v1.0.0,v1.0.0
Jeremiah George,16897,ILB,LB,2014,3.3063672737986014,3.1421108117700287,0.1642564620285727,3.1689448339429607,0.13742243985564073,2.7938434460089354,3.4764643403769293,v1.0.0,v1.0.0
E.J. Gaines,16898,CB,DB,2014,3.438250473750448,3.55906845497496,-0.12081798122451204,3.522604953334555,-0.08435447958410736,3.3998678642326237,3.7198108302496777,v1.0.0,v1.0.0
Quincy Enunwa,16899,WR,WR,2014,3.3620814469560374,3.607936655343963,-0.24585520838792574,3.776171157955963,-0.41408971099992575,3.3707104980379645,3.827549325490702,v1.0.0,v1.0.0
Stefen Wisniewski,169,C,OL,2011,3.99708329761517,3.5005963068253654,0.4964869907898044,3.562292504335868,0.4347907932793018,3.341569556204799,3.6690951898370483,v1.0.0,v1.0.0
Aaron Colvin,16900,CB,DB,2014,3.7995775920118717,3.2601776417635584,0.5393999502483133,3.200273284396736,0.5993043076151356,3.06894674823509,3.3937486948077926,v1.0.0,v1.0.0
Robert Herron,16903,WR,WR,2014,1.940930471343771,3.220268369956451,-1.2793378986126802,3.4550233568177147,-1.5140928854739437,3.0290160727813227,3.474715906400458,v1.0.0,v1.0.0
Marqueston Huff,16904,S,DB,2014,3.372246395067789,3.4051737112265017,-0.032927316158712916,3.3767535892348044,-0.004507194167015616,3.2709480395294426,3.570572700083268,v1.0.0,v1.0.0
Brock Vereen,16906,S,DB,2014,2.6554775013275047,3.637744640612773,-0.9822671392852684,3.619160999907392,-0.9636834985798872,3.4656783156789683,3.811286164956647,v1.0.0,v1.0.0
Khairi Fortt,16909,OLB,EDGE,2014,1.1451351194023418,3.0773870554698317,-1.93225193606749,3.3508018459432067,-2.2056667265408647,2.8733032298616927,3.3310963285108914,v1.0.0,v1.0.0
DaQuan Jones,16910,DT,IDL,2014,4.520017537005891,3.5193698910812414,1.0006476459246492,3.3674831935134355,1.152534343492455,3.293617369949969,3.707457647424302,v1.0.0,v1.0.0
James White,16913,RB,RB,2014,4.063977728230309,3.315954875493303,0.7480228527370065,3.4396764967636857,0.6243012314666236,3.135856430785392,3.4732811993628854,v1.0.0,v1.0.0
Zach Hocker,16916,K,ST,2014,2.2560511899300453,3.3849903948285043,-1.128939204898459,3.2700908534486377,-1.0140396635185924,2.935169130007626,3.8567268011762645,v1.0.0,v1.0.0
Chris Smith,16917,OLB,EDGE,2014,3.8550541226303148,3.6017303460597114,0.25332377657060334,3.4863659814904815,0.3686881411398333,3.40342013541525,3.801327333588227,v1.0.0,v1.0.0
Jonathan Dowling,16918,S,DB,2014,1.8158181812103182,3.283047287399082,-1.467229106188764,3.284691440728404,-1.4688732595180858,3.1004675054331985,3.4987160948675404,v1.0.0,v1.0.0
Jaylen Watkins,16919,CB,DB,2014,3.5779910376539963,3.5983863876701268,-0.020395350016130465,3.619585937977627,-0.04159490032363067,3.379223191735897,3.775852467851927,v1.0.0,v1.0.0
Avery Williamson,16920,ILB,LB,2014,4.053640692658429,3.654224898921496,0.3994157937369329,3.6297964132011997,0.42384427945722924,3.3381733949353887,3.92624136488482,v1.0.0,v1.0.0
Alfred Blue,16921,RB,RB,2014,3.8112046428236552,3.344705830268338,0.46649881255531733,3.2859314068974204,0.5252732359262349,3.0717016256948635,3.6234253013649904,v1.0.0,v1.0.0
Zach Fulton,16923,OG,OL,2014,2.936430038305891,3.122202856038781,-0.1857728177328899,3.3510454881046408,-0.41461544979874976,2.914377908736247,3.305135926406008,v1.0.0,v1.0.0
Carl Bradford,16926,OLB,EDGE,2014,2.0548197685407565,3.544242163058997,-1.4894223945182405,3.4602024772286413,-1.4053827086878847,3.3728754153227394,3.702094288841914,v1.0.0,v1.0.0
Terrance Mitchell,16927,CB,DB,2014,4.084082423679693,3.5399626732342755,0.5441197504454172,3.3446110474925654,0.7394713761871272,3.309598128996342,3.7711096066249206,v1.0.0,v1.0.0
Jalen Saunders,16928,WR,WR,2014,2.470496394329539,2.9690811268400314,-0.4985847325104924,2.9582828935473215,-0.4877864992177825,2.7652007468244677,3.1848330838066734,v1.0.0,v1.0.0
Nevin Lawson,16929,CB,DB,2014,4.097148190238399,3.309450487337016,0.787697702901383,3.256651805121536,0.8404963851168632,3.165565408644058,3.475226291460963,v1.0.0,v1.0.0
Keith Reaser,16930,CB,DB,2014,3.0741435672906428,3.5510683545470227,-0.47692478725638,3.5644024118784152,-0.49025884458777247,3.3382546056432516,3.738753243501944,v1.0.0,v1.0.0
Andrew Jackson,16931,OG,OL,2011,2.4302874475538276,3.440890828472674,-1.0106033809188464,3.4329301192229527,-1.002642671669125,3.2620094177277728,3.57454044994565,v1.0.0,v1.0.0
Ed Reynolds,16933,S,DB,2014,2.523550556078262,3.365930353855606,-0.842379797777344,3.308484414029032,-0.7849338579507701,3.2167381016532075,3.522546773015159,v1.0.0,v1.0.0
Vinnie Sunseri,16938,S,DB,2014,2.4570567304749815,3.4898472879518794,-1.0327905574768979,3.3338504500560093,-0.8767937195810278,3.2542234011729576,3.7227147084490655,v1.0.0,v1.0.0
Keith McGill,16940,CB,DB,2014,3.5847863200739116,3.3176346299294304,0.26715169014448126,3.312048906352019,0.27273741372189253,3.079277128065679,3.573385120623547,v1.0.0,v1.0.0
Aaron Lynch,16941,DE,EDGE,2014,3.935201699236324,3.513385200688175,0.4218164985481492,3.472364260444371,0.46283743879195294,3.3217599680163854,3.722918990730546,v1.0.0,v1.0.0
Ka'Deem Carey,16942,RB,RB,2014,3.3063672737986014,3.2645117365205394,0.041855537278062016,3.291685930762887,0.014681343035714445,3.0901994826340924,3.46608308731062,v1.0.0,v1.0.0
Tom Savage,16943,QB,QB,2014,2.2477734902339046,2.835123252706182,-0.5873497624722774,3.184693318044844,-0.9369198278109394,2.4336403808761196,3.196596911834672,v1.0.0,v1.0.0
Devonta Freeman,16944,RB,RB,2014,4.084082423679693,3.3559457390825838,0.7281366845971089,3.196192656424951,0.8878897672547414,3.1580031461604925,3.5744688898233203,v1.0.0,v1.0.0
De'Anthony Thomas,16945,RB,RB,2014,3.866647345564772,3.0303581074809807,0.8362892380837912,3.0634656471074924,0.8031816984572795,2.700090058281801,3.3625933937937895,v1.0.0,v1.0.0
Bruce Ellington,16946,WR,WR,2014,3.4815998671745847,3.760365881691519,-0.2787660145169344,3.729356871930636,-0.2477570047560511,3.5152505795717075,4.001646115109721,v1.0.0,v1.0.0
Jeoffrey Pagan,16947,DE,EDGE,2014,2.863455195111033,4.028012617373575,-1.1645574222625417,3.558313374963741,-0.6948581798527078,3.7490568480787734,4.326147917107922,v1.0.0,v1.0.0
Pierre Desir,16948,CB,DB,2014,4.036165999346924,3.416853848787798,0.6193121505591259,3.299581950510174,0.7365840488367499,3.2422948451879323,3.618064456482417,v1.0.0,v1.0.0
Demetri Goodson,16949,CB,DB,2014,2.9548883427539363,3.484570852911089,-0.5296825101571527,3.390803440826385,-0.4359150980724489,3.333805212697732,3.649852455637647,v1.0.0,v1.0.0
Lorenzo Taliaferro,16950,RB,RB,2014,2.62451553749674,3.44272929976318,-0.8182137622664398,3.5760820609354944,-0.9515665234387543,3.28393747000715,3.633370882522973,v1.0.0,v1.0.0
Daniel McCullers,16952,DT,IDL,2014,3.8940487176170118,3.391765083605392,0.5022836340116199,3.4295038196723717,0.46454489794464005,2.8859330459685206,3.8104585625645258,v1.0.0,v1.0.0
Marion Grice,16956,RB,RB,2014,2.1593671492279647,3.2874649621103567,-1.128097812882392,3.2645341272105672,-1.1051669779826025,3.0247033841207296,3.606877369410152,v1.0.0,v1.0.0
Brandon Dixon,16957,CB,DB,2014,2.704490561053983,3.4596103602760935,-0.7551197992221104,3.470684598061706,-0.7661940370077227,3.3076967061886475,3.6174825233008208,v1.0.0,v1.0.0
Zach Moore,16959,DE,EDGE,2014,2.9599211317095553,3.587254845823609,-0.6273337141140538,3.3718825904628043,-0.41196145875324897,3.4196608191987665,3.7608047316722164,v1.0.0,v1.0.0
Jeff Janis,16960,WR,WR,2014,3.5479840389742314,3.7018680523216867,-0.15388401334745527,3.8831812235754875,-0.335197184601256,3.4617806846921164,3.9188845451527823,v1.0.0,v1.0.0
Andre Hal,17467,CB,DB,2014,3.774831517952426,3.361378127378735,0.41345339057369124,3.3043822979416304,0.4704492200107957,3.252645514814884,3.50385895642778,v1.0.0,v1.0.0
Corey Hall,1818,S,DB,2001,3.953973579709973,3.3306804786410407,0.6232931010689322,3.295836984162394,0.6581365955475791,3.152195834031404,3.4883998306970883,v1.0.0,v1.0.0
Courtney Brown,2132,DE,EDGE,2000,3.72478252765176,3.6418799910134485,0.08290253663831137,3.4229939214128873,0.3017886062388726,3.486462408513961,3.851358194825722,v1.0.0,v1.0.0
LaVar Arrington,2133,OLB,EDGE,2000,3.966345380438658,3.641281682877204,0.32506369756145403,3.450477616551613,0.5158677638870448,3.4598044927139986,3.8848490606153945,v1.0.0,v1.0.0
Chris Samuels,2134,OT,OL,2000,4.256899455181893,3.175381578206796,1.0815178769750968,3.528678833591813,0.7282206215900797,2.9785667303284216,3.389830184752281,v1.0.0,v1.0.0
Peter Warrick,2135,WR,WR,2000,3.8916504281028392,3.3169834916268233,0.574666936476016,3.272527700020912,0.6191227280819271,3.073303529097664,3.4974874567397927,v1.0.0,v1.0.0
Jamal Lewis,2136,RB,RB,2000,4.296241769940804,3.6470017632086655,0.6492400067321382,3.677807945061997,0.6184338248788066,3.4316465168802743,3.856164322824817,v1.0.0,v1.0.0
Corey Simon,2137,DT,IDL,2000,4.038241796942238,3.4165823308851953,0.6216594660570425,3.4375690272074393,0.6006727697347984,3.205718475875709,3.6593627617565416,v1.0.0,v1.0.0
Thomas Jones,2138,RB,RB,2000,4.56860336423597,3.6144370851696586,0.9541662790663112,3.430048978049582,1.1385543861863878,3.402104565641634,3.810097620911868,v1.0.0,v1.0.0
Plaxico Burress,2139,WR,WR,2000,4.420541132492418,3.308765999942686,1.1117751325497318,3.242826685316142,1.177714447176276,3.0296445079145906,3.5317681491049027,v1.0.0,v1.0.0
Brian Urlacher,2140,OLB,EDGE,2000,4.596181887844711,3.8944883417337945,0.7016935461109166,3.679917183028598,0.916264704816113,3.7634475753047827,4.038827646058267,v1.0.0,v1.0.0
Travis Taylor,2141,WR,WR,2000,4.103583886377161,3.240431432941825,0.8631524534353363,3.2444931993214334,0.859090687055728,2.9365898642281087,3.4902784943196012,v1.0.0,v1.0.0
Ron Dayne,2142,RB,RB,2000,4.045012691500104,3.7128753690526035,0.3321373224475006,3.555667608884876,0.48934508261522813,3.3814903451136624,4.022644454862762,v1.0.0,v1.0.0
Shaun Ellis,2143,DE,EDGE,2000,4.582850509945941,3.7192834930521492,0.8635670168937919,3.4432891167231126,1.1395613932228286,3.5699953001531077,3.9017746831481306,v1.0.0,v1.0.0
John Abraham,2144,OLB,EDGE,2000,4.647170244898533,3.6428218303169793,1.0043484145815533,3.450848893052145,1.1963213518463878,3.452165668010497,3.8878598784261484,v1.0.0,v1.0.0
Bubba Franks,2145,TE,TE,2000,4.25015948587933,3.4830948131384756,0.7670646727408541,3.4476318854648422,0.8025276004144875,3.1835758796582048,3.7212722020183207,v1.0.0,v1.0.0
Deltha O'Neal,2146,CB,DB,2000,4.301166035916301,3.3450641184389447,0.9561019174773566,3.2590690652506735,1.0420969706656278,3.183295790194416,3.483334426904164,v1.0.0,v1.0.0
Julian Peterson,2147,OLB,EDGE,2000,4.462901395290896,3.2673751645523494,1.1955262307385461,3.28258929576792,1.1803120995229754,3.0238220155698454,3.5417421910702713,v1.0.0,v1.0.0
Sebastian Janikowski,2148,K,ST,2000,4.813186264881605,4.2145558559148615,0.5986304089667431,3.2954726374177694,1.5177136274638352,3.4809357220057997,4.995127144593088,v1.0.0,v1.0.0
Chad Pennington,2149,QB,QB,2000,4.025269592819003,2.874098938294983,1.1511706545240203,3.438920968806928,0.5863486240120754,2.5351224279559306,3.1950772196231534,v1.0.0,v1.0.0
Shaun Alexander,2150,RB,RB,2000,4.255444067833442,3.4515815750602536,0.8038624927731881,3.3693741736749963,0.8860698941584455,3.2660473964874392,3.6799032528965587,v1.0.0,v1.0.0
Sylvester Morris,2152,WR,WR,2000,2.5844329182448638,3.303045054455825,-0.7186121362109614,3.2876697451147257,-0.7032368268698619,3.1637801880080736,3.4734450797135636,v1.0.0,v1.0.0
Rashard Anderson,2154,CB,DB,2000,3.064574191536438,3.284034515771328,-0.21946032423488981,3.246005414942478,-0.1814312234060398,3.0708948426676645,3.493446183107767,v1.0.0,v1.0.0
Ahmed Plummer,2155,CB,DB,2000,3.8135566254054982,3.403036637778671,0.4105199876268273,3.3731442747727445,0.44041235063275375,3.2549258098922564,3.5295824416472543,v1.0.0,v1.0.0
Chris Hovan,2156,DT,IDL,2000,4.43252579240441,4.004065170123232,0.428460622281178,3.8905073382048303,0.5420184541995794,3.65191943119739,4.369980845016832,v1.0.0,v1.0.0
Erik Flowers,2157,DE,EDGE,2000,3.6628365190360186,3.8074824453964164,-0.14464592636039786,3.6130986486830947,0.049737870352923874,3.691114812511838,3.938425557568429,v1.0.0,v1.0.0
Anthony Becht,2158,TE,TE,2000,4.498800087956956,3.6900284209741794,0.8087716669827762,3.59481502517364,0.9039850627833155,3.2816703388495116,4.052861194745437,v1.0.0,v1.0.0
Rob Morris,2159,ILB,LB,2000,4.09064813607092,3.664138040008218,0.42651009606270174,3.6263180570419387,0.46433007902898105,3.4450837370519167,3.853509725708945,v1.0.0,v1.0.0
R. Jay Soward,2160,WR,WR,2000,2.4302874475538276,3.1057979592559026,-0.675510511702075,3.102782817793912,-0.6724953702400844,2.913355059829687,3.2937808113992904,v1.0.0,v1.0.0
Keith Bulluck,2161,OLB,EDGE,2000,4.510338852504949,3.668819555650208,0.8415192968547411,3.461693838815346,1.0486450136896033,3.378122864332949,3.961648853703373,v1.0.0,v1.0.0
Trung Canidate,2162,RB,RB,2000,3.4815998671745847,3.440650033777338,0.04094983339724667,3.4865013989507196,-0.004901531776134949,3.1882753979736815,3.6996108606932423,v1.0.0,v1.0.0
Dennis Northcutt,2163,WR,WR,2000,4.380671065826391,3.3378737165709165,1.0427973492554745,3.284847508933709,1.095823556892682,3.15839151490839,3.535353185880429,v1.0.0,v1.0.0
Darren Howard,2164,DE,EDGE,2000,4.38515384221478,3.6323578579297253,0.7527959842850551,3.2956564800098396,1.0894973622049409,3.3931212735379335,3.9617260356036748,v1.0.0,v1.0.0
Mark Roman,2165,CB,DB,2000,4.389605914414404,3.3279875531879064,1.0616183612264978,3.257427131271253,1.1321787831431513,3.1727672103744804,3.465554596052047,v1.0.0,v1.0.0
John Engelberger,2166,DE,EDGE,2000,4.334629307209144,3.775240596820671,0.5593887103884732,3.5969374874181077,0.7376918197910363,3.6636786154190326,3.8892290186148264,v1.0.0,v1.0.0
Todd Pinkston,2167,WR,WR,2000,3.8539832348938767,3.1958703595473135,0.6581128753465633,3.225391649332089,0.6285915855617876,2.876626176950752,3.5139247689851207,v1.0.0,v1.0.0
Travis Claridge,2168,OG,OL,2000,3.084200046068617,3.510133829566628,-0.42593378349801103,3.4658827983803757,-0.38168275231175874,3.2846784981371977,3.702622909780243,v1.0.0,v1.0.0
Marvel Smith,2169,OT,OL,2000,3.746150394761617,3.27401552585922,0.47213486890239675,3.409046421524852,0.3371039732367649,3.167761722701997,3.370265120394441,v1.0.0,v1.0.0
Mike Brown,2170,S,DB,2000,4.240668713371015,3.688314529509629,0.5523541838613859,3.5472249427406966,0.6934437706303185,3.5711808243425356,3.819273280192777,v1.0.0,v1.0.0
Ian Gold,2171,OLB,EDGE,2000,4.187571511839166,3.5132385909950163,0.6743329208441495,3.4823010717754905,0.7052704400636753,3.345404373354675,3.6967497444588497,v1.0.0,v1.0.0
Raynoch Thompson,2172,OLB,EDGE,2000,3.726301524252564,3.1702549986003077,0.5560465256522562,3.242041211665651,0.4842603125869127,2.9074752737924556,3.4265386435062424,v1.0.0,v1.0.0
Cornelius Griffin,2173,DE,EDGE,2000,4.389605914414404,3.6313102574409752,0.7582956569734289,3.428626336251836,0.9609795781625681,3.451859542310225,3.8348926242534724,v1.0.0,v1.0.0
Rogers Beckett,2174,S,DB,2000,3.7932724710864165,3.7007945682502115,0.09247790283620505,3.6100214630917593,0.1832510079946572,3.4701332062338386,3.980094120797532,v1.0.0,v1.0.0
Chad Clifton,2175,OT,OL,2000,3.8112046428236552,3.549890564869506,0.2613140779541494,3.758546719899644,0.05265792292401139,3.3752132683559544,3.7401377096758814,v1.0.0,v1.0.0
Kenoy Kennedy,2176,S,DB,2000,4.187571511839166,3.3845074951843563,0.8030640166548095,3.3373032691475393,0.8502682426916266,3.1620846660425324,3.6444210233302887,v1.0.0,v1.0.0
Jerry Porter,2178,WR,WR,2000,4.211913160864422,3.5153060508689933,0.696607109995429,3.4985571205907884,0.7133560402736339,3.3189491026304045,3.714215010835108,v1.0.0,v1.0.0
Jason Webster,2179,CB,DB,2000,4.0533647193480435,3.6831630534631166,0.370201665884927,3.535823119209605,0.5175416001384385,3.5271303064755557,3.8294177467306816,v1.0.0,v1.0.0
Dwayne Goodrich,2180,CB,DB,2000,2.350202038725623,3.4253383093715195,-1.0751362706458965,3.3897554197047923,-1.0395533809791693,3.2782680635006383,3.556478509659626,v1.0.0,v1.0.0
Barrett Green,2181,OLB,EDGE,2000,3.726301524252564,3.119631845341707,0.606669678910857,3.3015734227030418,0.4247281015495221,2.9037296246020112,3.37090164196679,v1.0.0,v1.0.0
Cosey Coleman,2182,OG,OL,2000,3.6633300276170395,3.0081569746085077,0.6551730530085318,3.1575006008576127,0.5058294267594268,2.803426316894588,3.150429732386604,v1.0.0,v1.0.0
Ike Charlton,2183,CB,DB,2000,3.5727489390252067,3.582269059044477,-0.009520120019270273,3.6118439772483906,-0.03909503822318383,3.2575302909481447,3.8310340749922047,v1.0.0,v1.0.0
Todd Wade,2184,OT,OL,2000,3.6418404671474622,3.5013511528372816,0.14048931431018064,3.617511249263515,0.024329217883947152,3.3524244383628297,3.6647761155831646,v1.0.0,v1.0.0
William Bartee,2185,CB,DB,2000,3.953973579709973,3.592385503380726,0.3615880763292467,3.4929729143432864,0.4610006653666865,3.4355293802036893,3.7392927396296236,v1.0.0,v1.0.0
Fred Robbins,2186,DT,IDL,2000,4.56860336423597,3.7018435082266015,0.8667598560093683,3.4983422152056782,1.0702611490302916,3.3656825122385654,3.987601261003304,v1.0.0,v1.0.0
Deon Grant,2188,S,DB,2000,4.532819479277306,3.5977551856038925,0.9350642936734133,3.6291745600943677,0.9036449191829381,3.4130275163823875,3.769544127949563,v1.0.0,v1.0.0
Travares Tillman,2189,S,DB,2000,3.876829167576477,3.392372384265891,0.48445678331058595,3.3356559515030106,0.5411732160734664,3.2453719896159567,3.5030588495898494,v1.0.0,v1.0.0
Brad Meester,2191,C,OL,2000,4.200081905566002,3.661628472164954,0.5384534334010476,3.594404225110561,0.6056776804554409,3.503339438202845,3.817033698915063,v1.0.0,v1.0.0
Jacoby Shepherd,2193,CB,DB,2000,3.252169227988219,3.2977966565297194,-0.04562742854150059,3.2040465637538795,0.04812266423433931,3.097495071623974,3.511997515148354,v1.0.0,v1.0.0
Travis Prentice,2194,RB,RB,2000,3.131875632847984,3.5789736154502805,-0.4470979826022963,3.6037308853193175,-0.4718552524713333,3.3176930341084496,3.818426384595911,v1.0.0,v1.0.0
Lloyd Harrison,2195,CB,DB,2000,2.3460445734134283,3.4235991948223288,-1.0775546214089005,3.3671115592084404,-1.021066985795012,3.3152914286902786,3.574497576449176,v1.0.0,v1.0.0
Ron Dugans,2197,WR,WR,2000,3.4461896705496162,3.634403499352066,-0.18821382880244997,3.3656018986691745,0.08058777188044175,3.270198234773459,4.032242837865434,v1.0.0,v1.0.0
Mark Simoneau,2198,OLB,EDGE,2000,4.2606860317273165,3.6242216957818063,0.6364643359455102,3.592547043607555,0.6681389881197615,3.4878428384333557,3.7911161700478266,v1.0.0,v1.0.0
Erron Kinney,2199,TE,TE,2000,3.9235586747305797,3.513860307567878,0.4096983671627017,3.490331758968983,0.43322691576159666,3.154418872436395,3.77112444482326,v1.0.0,v1.0.0
Dez White,2200,WR,WR,2000,3.915727254695066,3.443112920879422,0.4726143338156441,3.382416993405236,0.53331026128983,3.275054329514628,3.6351019462683647,v1.0.0,v1.0.0
Chris Cole,2201,WR,WR,2000,3.270741920076855,3.4206033777004237,-0.14986145762356884,3.454296008638578,-0.18355408856172328,3.3041014020482327,3.561597111704793,v1.0.0,v1.0.0
Darwin Walker,2202,DT,IDL,2000,4.146933279801299,3.4136711922963103,0.7332620875049889,3.4220914756825613,0.7248418041187379,3.199814353850813,3.658097852356134,v1.0.0,v1.0.0
Kendrick Clancy,2203,DT,IDL,2000,4.2003903429340355,3.2893690589185876,0.9110212840154479,3.1799392302817933,1.0204511126522422,3.0594732062163974,3.6142963145160265,v1.0.0,v1.0.0
Steve Warren,2205,DT,IDL,2000,3.0057495495866404,3.542833621402679,-0.5370840718160386,3.4582911953913342,-0.4525416458046938,3.34817694327847,3.735907900899573,v1.0.0,v1.0.0
Chris Redman,2206,QB,QB,2000,2.9282729752368306,2.14998965006972,0.7782833251671106,2.7282259489684137,0.20004702626841686,1.4310281052974814,2.85238914814112,v1.0.0,v1.0.0
J.R. Redmond,2207,RB,RB,2000,3.557448840607585,3.2988459078301893,0.25860293277739554,3.1566439947332556,0.4008048458743292,3.1239313982850967,3.488337325863052,v1.0.0,v1.0.0
Hank Poteat,2208,CB,DB,2000,4.214720940608358,3.7737708251812716,0.4409501154270865,3.576211881905082,0.638509058703276,3.6323996461490995,3.9326410523175985,v1.0.0,v1.0.0
Laveranues Coles,2209,WR,WR,2000,4.4199447544849875,3.1969414204802815,1.223003334004706,3.2623783722104225,1.157566382274565,2.9582753827375123,3.4121955491629024,v1.0.0,v1.0.0
JaJuan Dawson,2210,WR,WR,2000,3.111644679156027,3.2749230419032487,-0.16327836274722163,3.265940242748377,-0.15429556359234997,3.1370449425117752,3.419320471292066,v1.0.0,v1.0.0
Darrell Jackson,2211,WR,WR,2000,4.255444067833442,3.3373722381765982,0.9180718296568435,3.3041854754847053,0.9512585923487364,3.117586774491618,3.503858470110016,v1.0.0,v1.0.0
Reuben Droughns,2212,RB,RB,2000,4.181919302310256,3.2109290588187407,0.970990243491515,3.2125261873900786,0.9693931149201771,2.9334235798271724,3.45533794748197,v1.0.0,v1.0.0
Leander Jordan,2213,OG,OL,2000,3.0404973649442106,3.355907069844422,-0.31540970490021136,3.4874613675067647,-0.4469640025625541,3.197771807306992,3.490584319542469,v1.0.0,v1.0.0
Ben Kelly,2215,CB,DB,2000,2.09034096025844,3.7364406704456257,-1.6460997101871855,3.5591654482298947,-1.4688244879714545,3.558011256159476,3.942438493539454,v1.0.0,v1.0.0
Jeff Ulbrich,2217,ILB,LB,2000,4.262611725322236,3.8437899858488533,0.4188217394733824,3.577593818316331,0.6850179070059048,3.542104442217502,4.117279732253386,v1.0.0,v1.0.0
Dustin Lyman,2218,ILB,LB,2000,3.628618092270494,3.7823374970916213,-0.15371940482112745,3.8663506527980913,-0.2377325605275975,3.508744545993343,4.042115481959226,v1.0.0,v1.0.0
Doug Chapman,2219,RB,RB,2000,2.9548883427539363,3.4200596113377575,-0.4651712685838212,3.53951072232609,-0.5846223795721537,3.219779671046106,3.6898979297116914,v1.0.0,v1.0.0
Corey Moore,2220,OLB,EDGE,2000,2.0548197685407565,3.3347884146736484,-1.2799686461328919,3.4359687251526725,-1.381148956611916,3.0989431187714698,3.5461075501240966,v1.0.0,v1.0.0
David Macklin,2222,CB,DB,2000,4.1931749948177055,3.4911123505066293,0.7020626443110762,3.325445219660942,0.8677297751567634,3.324153346162394,3.6363500622339044,v1.0.0,v1.0.0
T.J. Slaughter,2223,ILB,LB,2000,3.9312016866129778,3.471645387124403,0.4595562994885749,3.454655284311273,0.47654640230170475,3.2164830303823404,3.708859870803312,v1.0.0,v1.0.0
Byron Frisch,2224,DE,EDGE,2000,2.912533449240207,3.8098901203899342,-0.8973566711497272,3.6439644817881827,-0.7314310325479756,3.652560754249192,3.9685964776725458,v1.0.0,v1.0.0
Lewis Sanders,2226,CB,DB,2000,4.077449713066436,3.4221973980020355,0.6552523150644003,3.3557399061778908,0.721709806888545,3.1950304133113008,3.5950685919253655,v1.0.0,v1.0.0
Terrelle Smith,2227,FB,RB,2000,4.389605914414404,3.0682160279053172,1.321389886509087,2.8577147298742323,1.531891184540172,2.1988681208639456,3.657598067097175,v1.0.0,v1.0.0
Curtis Keaton,2228,RB,RB,2000,2.912610282873049,3.50500831335491,-0.5923980304818612,3.7879205787699055,-0.8753102958968566,3.25647336385158,3.773654747087401,v1.0.0,v1.0.0
Na'il Diggs,2229,OLB,EDGE,2000,4.531556301553884,3.2901850826160195,1.2413712189378647,3.2921894995758523,1.239366801978032,3.066675711960167,3.526363500197661,v1.0.0,v1.0.0
Gari Scott,2230,WR,WR,2000,1.1451351194023418,3.075477233818101,-1.9303421144157593,3.0212170336769635,-1.8760819142746217,2.8625014903155406,3.2575968167968563,v1.0.0,v1.0.0
Michael Thompson,2231,OT,OL,2000,1.1451351194023418,3.1458187902835135,-2.0006836708811715,3.2674449580160303,-2.1223098386136883,2.924417243377101,3.3172932895172536,v1.0.0,v1.0.0
Jerry Johnson,2232,DT,IDL,2000,2.0548197685407565,3.268164988842252,-1.2133452203014956,3.2761758271094754,-1.2213560585687189,2.9729082906248894,3.579519995097474,v1.0.0,v1.0.0
David Barrett,2233,CB,DB,2000,4.296241769940804,3.768732828138623,0.5275089418021808,3.6779937072345907,0.618248062706213,3.6311609156564515,3.894835267340392,v1.0.0,v1.0.0
Danny Farmer,2234,WR,WR,2000,3.2183476152534807,3.4272523692931567,-0.208904754039676,3.40358866648017,-0.18524105122668955,3.1908115495469036,3.617420778137424,v1.0.0,v1.0.0
Brandon Short,2236,ILB,LB,2000,4.071412258950327,3.374735438138639,0.6966768208116885,3.4917791666577753,0.5796330922925521,3.080596406268446,3.6770340068766165,v1.0.0,v1.0.0
Antonio Wilson,2237,OLB,EDGE,2000,2.4570567304749815,3.7362358327699052,-1.2791791022949237,3.512537611389824,-1.0554808809148426,3.47043487848373,4.066388425866638,v1.0.0,v1.0.0
Junior Ioane,2238,DT,IDL,2000,3.1491418106994007,3.4257769409483374,-0.2766351302489367,3.450487918346479,-0.3013461076470785,3.2521352612961,3.621825567216066,v1.0.0,v1.0.0
Kareem Larrimore,2240,CB,DB,2000,2.704490561053983,3.21007401437314,-0.505583453319157,3.1082553780775917,-0.40376481702360856,3.054347672110653,3.3673868659360835,v1.0.0,v1.0.0
Aaron Shea,2241,FB,RB,2000,3.765740956740437,3.3439705373404407,0.4217704193999965,3.499469895085097,0.2662710616553401,2.8660269114231554,3.7920282470216873,v1.0.0,v1.0.0
Trevor Gaylor,2242,WR,WR,2000,3.252169227988219,3.212510745853757,0.03965848213446188,3.2090671875218595,0.04310204046635935,3.0208127164491967,3.4065402014998893,v1.0.0,v1.0.0
Cooper Carlisle,2243,OG,OL,2000,4.2209672363848165,3.6632353293949467,0.5577319069898699,3.505074074626342,0.7158931617584745,3.459783720166683,3.8416542391097184,v1.0.0,v1.0.0
Leonardo Carson,2244,DE,EDGE,2000,3.7510193313855686,3.2940220160621707,0.45699731532339793,3.130743582651584,0.6202757487339845,3.0295363828581072,3.5961651767071907,v1.0.0,v1.0.0
Frank Moreau,2246,RB,RB,2000,2.3868469108371837,3.2609341853889147,-0.874087274551731,3.4341955597224034,-1.0473486488852197,2.982020526519138,3.4570355247349904,v1.0.0,v1.0.0
Marcus Bell,2247,ILB,LB,2000,3.4320586792359524,3.4753325941242164,-0.04327391488826393,3.347287481070197,0.08477119816575529,3.257715605210609,3.6935667389639213,v1.0.0,v1.0.0
Deon Dyer,2248,FB,RB,2000,3.4320586792359524,3.2894435115495817,0.14261516768637073,2.8705847695086186,0.5614739097273338,2.7221438721948177,3.70453412993827,v1.0.0,v1.0.0
Tyrone Carter,2249,S,DB,2000,4.462901395290896,3.6932123301253927,0.7696890651655028,3.541732606921489,0.9211687883694064,3.5190475587518524,3.9290594989993286,v1.0.0,v1.0.0
Alvin McKinley,2251,DT,IDL,2000,4.077449713066436,3.4623402358137807,0.6151094772526551,3.3485910349366352,0.7288586781298005,3.24350319672992,3.6272576132250722,v1.0.0,v1.0.0
Josh Williams,2253,DT,IDL,2000,3.840643878065867,3.4451861784719595,0.39545769959390764,3.468182761503975,0.37246111656189207,3.211651186177086,3.672432185778572,v1.0.0,v1.0.0
Bobby Myers,2255,S,DB,2000,2.586733052501921,3.2517060364318375,-0.6649729839299163,3.164108899835002,-0.577375847333081,3.056135628839006,3.4275305254553032,v1.0.0,v1.0.0
Reggie Austin,2256,CB,DB,2000,2.6469482242548565,3.426630648125925,-0.7796824238710687,3.3386545470573847,-0.6917063228025282,3.284844165074976,3.595772336594366,v1.0.0,v1.0.0
Gary Berry,2257,S,DB,2000,0.9146634597162007,3.451755917127378,-2.5370924574111773,3.3850621019934937,-2.470398642277293,3.2915621169254514,3.601779217664185,v1.0.0,v1.0.0
Greg Randall,2258,OT,OL,2000,2.912533449240207,3.0266555423702868,-0.1141220931300797,3.261781868315983,-0.3492484190757761,2.812282124222473,3.2269374571952705,v1.0.0,v1.0.0
Peter Sirmon,2259,ILB,LB,2000,3.858110232885005,3.436626928487817,0.4214833043971882,3.435757029139479,0.422353203745526,3.2248400680392266,3.6349708009245485,v1.0.0,v1.0.0
Anthony Malbrough,2261,CB,DB,2000,2.0548197685407565,3.7136348128252767,-1.6588150442845202,3.592172116719322,-1.5373523481785654,3.523777645030902,3.899860871144138,v1.0.0,v1.0.0
Paul Smith,2263,FB,RB,2000,3.919051800155079,3.4716469768105216,0.44740482334455756,3.539736354925057,0.37931544523002225,3.2088209316799516,3.685758540284296,v1.0.0,v1.0.0
Robert Bean,2264,CB,DB,2000,3.183687955948746,3.253987531963415,-0.07029957601466919,3.144583444200907,0.0391045117478388,3.0941504583910038,3.4094333946489375,v1.0.0,v1.0.0
Aric Morris,2266,S,DB,2000,3.5479840389742314,3.710844014449542,-0.1628599754753104,3.6519901400545614,-0.10400610108032993,3.4933413828253954,3.9509194455200207,v1.0.0,v1.0.0
Mao Tosi,2267,DT,IDL,2000,3.0404973649442106,3.48803498506558,-0.44753762012136944,3.3960842046289836,-0.355586839684773,3.218833357025571,3.7452052404047755,v1.0.0,v1.0.0
Clark Haggans,2268,OLB,EDGE,2000,4.531556301553884,3.452147173778265,1.079409127775619,3.397753532570651,1.1338027689832333,3.2846348345370315,3.68517181578041,v1.0.0,v1.0.0
Brian Young,2270,DE,EDGE,2000,4.255444067833442,3.6049082335103493,0.6505358343230925,3.4557318383209767,0.799712229512465,3.432425593362877,3.80992654472778,v1.0.0,v1.0.0
Ralph Brown,2271,CB,DB,2000,4.2761629533782335,3.4614349999695193,0.8147279534087142,3.3686523250302027,0.9075106283480308,3.276558548790576,3.6615319083620874,v1.0.0,v1.0.0
Dave Stachelski,2272,TE,TE,2000,1.5216626918475837,3.75303415551407,-2.2313714636664863,3.6818754342255406,-2.160212742377957,3.40134651068705,4.028279708156259,v1.0.0,v1.0.0
Shane Lechler,2273,P,ST,2000,4.981910557395683,3.855888683042327,1.1260218743533557,3.17036602060206,1.8115445367936225,3.436063659639056,4.2617259068518285,v1.0.0,v1.0.0
Windrell Hayes,2274,WR,WR,2000,1.940930471343771,3.4532858566167137,-1.5123553852729428,3.4317005353633543,-1.4907700640195833,3.1107045837484617,3.795783298643114,v1.0.0,v1.0.0
Michael Wiley,2275,RB,RB,2000,3.3877233167187057,3.3685190942971794,0.019204222421526307,3.2761460870602748,0.11157722965843098,3.098551095991881,3.6353569339009524,v1.0.0,v1.0.0
Todd Franz,2276,S,DB,2000,3.4011484169814743,3.517103938581309,-0.11595552159983491,3.5049487584861483,-0.10380034150467399,3.3438028675995755,3.694406613851005,v1.0.0,v1.0.0
Kabeer Gbaja-Biamila,2280,OLB,EDGE,2000,4.2606860317273165,3.7136527600048166,0.5470332717224999,3.5280895456645087,0.7325964860628078,3.575605396944925,3.8588903543851916,v1.0.0,v1.0.0
Arturo Freeman,2283,S,DB,2000,3.849427795524237,3.346262924696811,0.5031648708274261,3.3024950218412945,0.5469327736829426,3.224385219387462,3.4724095453190813,v1.0.0,v1.0.0
Sammy Morris,2287,FB,RB,2000,4.424010038592679,3.2849504677415786,1.1390595708511007,3.536759632995086,0.8872504055975932,3.0411554519635624,3.4543864620610116,v1.0.0,v1.0.0
James Whalen,2288,TE,TE,2000,2.912533449240207,3.0195752429352662,-0.10704179369505917,3.0082981850469213,-0.09576473580671419,2.6440522432107745,3.4657855325677773,v1.0.0,v1.0.0
Tee Martin,2294,QB,QB,2000,1.1246303308484744,2.4041485747709492,-1.2795182439224748,3.318901677461457,-2.1942713466129824,1.8388272534629764,3.0425707357486407,v1.0.0,v1.0.0
Jay Tant,2295,TE,TE,2000,1.5216626918475837,3.5201205988974746,-1.998457907049891,3.6393055733858186,-2.117642881538235,3.058212165116119,4.013736127505278,v1.0.0,v1.0.0
Troy Walters,2296,WR,WR,2000,4.084082423679693,3.5653231456208543,0.5187592780588384,3.3814810858363944,0.7026013378432983,3.1819346646707207,3.9220065033572014,v1.0.0,v1.0.0
Chad Morton,2297,RB,RB,2000,3.970135478640673,3.0623144965478084,0.9078209820928644,3.159140528382233,0.8109949502584399,2.7754926970606144,3.3339937076301154,v1.0.0,v1.0.0
Ernest Grant,2298,DT,IDL,2000,2.868907891409407,3.529782017341768,-0.6608741259323612,3.2511339016410603,-0.3822260102316535,3.1600228332611953,3.841072274544411,v1.0.0,v1.0.0
Marc Bulger,2299,QB,QB,2000,4.070748622788176,2.7414170502465813,1.3293315725415944,3.302883579551073,0.7678650432371028,1.8870995836275113,3.3730853966024266,v1.0.0,v1.0.0
Chris Combs,2304,DT,IDL,2000,1.8526840240530842,3.5020911489501714,-1.6494071248970872,3.395190169883911,-1.5425061458308267,3.257173649883811,3.752757077638084,v1.0.0,v1.0.0
James Williams,2306,WR,WR,2000,3.0741435672906428,3.0891933528232314,-0.015049785532588622,3.044374300467601,0.029769266823041818,2.8370112299810373,3.324938598821982,v1.0.0,v1.0.0
Jabari Issa,2307,DT,IDL,2000,2.912533449240207,3.4707179048727874,-0.5581844556325803,3.396735707935638,-0.4842022586954311,3.237931680225911,3.7118593663217756,v1.0.0,v1.0.0
Dhani Jones,2308,OLB,EDGE,2000,4.436665933789971,3.3697815411678302,1.066884392622141,3.524600728830805,0.9120652049591662,3.194113216346166,3.5844038215532428,v1.0.0,v1.0.0
Tony Scott,2310,CB,DB,2000,2.912533449240207,3.264370916850286,-0.35183746761007884,3.2312054204179264,-0.3186719711777193,3.0560077008282165,3.484565176769549,v1.0.0,v1.0.0
Tyler Johnson,2310331,WR,WR,2020,3.6738537319399707,3.392022588931902,0.2818311430080689,3.0923420364803658,0.5815116954596049,3.136906831543682,3.583171461003317,v1.0.0,v1.0.0
Mario Edwards,2311,CB,DB,2000,3.8112046428236552,3.3088956354509254,0.5023090073727299,3.361825433936225,0.44937920888743044,3.015069733402349,3.5562359732606232,v1.0.0,v1.0.0
Jeno James,2313,OG,OL,2000,3.5966048274779854,2.929615579634963,0.6669892478430222,3.067325984286464,0.5292788431915212,2.645710101379203,3.115874194726829,v1.0.0,v1.0.0
Spergon Wynn,2314,QB,QB,2000,2.057714358921055,2.4218467507004195,-0.36413239177936463,3.116759517061559,-1.059045158140504,1.7780643687906925,3.010795756528037,v1.0.0,v1.0.0
Shannon Taylor,2315,OLB,EDGE,2000,3.3620814469560374,3.150057604997257,0.21202384195878032,3.1788733994675202,0.18320804748851716,2.9695931757384426,3.371875031935679,v1.0.0,v1.0.0
Adalius Thomas,2317,DE,EDGE,2000,4.301166035916301,3.6402269956444577,0.6609390402718436,3.3932060678004388,0.9079599681158625,3.298712821510357,3.9873671233141708,v1.0.0,v1.0.0
Antwan Harris,2318,CB,DB,2000,3.5604844242273583,3.7915906856088255,-0.23110626138146717,3.6800874576139697,-0.11960303338661138,3.627755496555269,3.9522008024924116,v1.0.0,v1.0.0
Cedric Woodard,2322,DT,IDL,2000,3.6633300276170395,3.15848568894832,0.5048443386687196,3.171374513700161,0.4919555139168783,2.907465842627665,3.4029188889470348,v1.0.0,v1.0.0
Leif Larsen,2325,DT,IDL,2000,2.523550556078262,3.9729901017138736,-1.4494395456356117,3.651280286228727,-1.127729730150465,3.6465361101165668,4.3007940378751615,v1.0.0,v1.0.0
Robaire Smith,2328,DE,EDGE,2000,4.356177639011858,3.6319644038622307,0.7242132351496275,3.4036443658872018,0.9525332731246565,3.474186178114426,3.819607724061383,v1.0.0,v1.0.0
Matt Bowen,2329,S,DB,2000,3.8940487176170118,3.5054626118724705,0.3885861057445412,3.4805114573580034,0.4135372602590084,3.358514256198404,3.6497826323315428,v1.0.0,v1.0.0
Tom Brady,2330,QB,QB,2000,5.165546861866547,2.450675369116961,2.714871492749586,2.9371796209782026,2.2283672408883444,1.7350627614005885,3.028152725678441,v1.0.0,v1.0.0
Todd Husak,2333,QB,QB,2000,0.6417787318052229,2.264245186870966,-1.622466455065743,3.0456153242301185,-2.4038365924248954,1.7347743222909942,2.7361860528346744,v1.0.0,v1.0.0
Damen Wheeler,2334,CB,DB,2000,1.5216626918475837,3.264899774217639,-1.7432370823700554,3.189613695814741,-1.6679510039671572,3.097324448681823,3.4696661486957034,v1.0.0,v1.0.0
Brad Bedell,2337,OG,OL,2000,2.5844329182448638,3.499356840411605,-0.9149239221667411,3.4991535423998466,-0.9147206241549828,3.300634264032066,3.6933864357303188,v1.0.0,v1.0.0
Darrick Vaughn,2342,CB,DB,2000,3.4735621360271987,3.4841614509595376,-0.010599314932338899,3.4048600100076007,0.06870212601959791,3.388213373821754,3.59469605967942,v1.0.0,v1.0.0
Tim Rattay,2343,QB,QB,2000,3.219804462828165,2.729642102082557,0.4901623607456078,3.1497845229029036,0.07001993992526145,2.152157443523029,3.270817830734631,v1.0.0,v1.0.0
Mike Green,2344,FB,RB,2000,3.1528451932898274,3.4622628385542358,-0.3094176452644084,3.5258504142295433,-0.3730052209397159,3.190076014702408,3.7326541594619207,v1.0.0,v1.0.0
Jarious Jackson,2345,QB,QB,2000,1.291546279055462,3.0446794031095474,-1.7531331240540855,3.4819913337190123,-2.1904450546635506,2.234681673249041,3.7406930340762967,v1.0.0,v1.0.0
Sekou Sanyika,2346,OLB,EDGE,2000,3.173159346567495,3.302999226670208,-0.12983988010271297,3.1916039495764656,-0.01844460300897044,3.076562270721945,3.527232329083494,v1.0.0,v1.0.0
Mark Tauscher,2355,OG,OL,2000,4.176217511362912,3.305189584966367,0.8710279263965455,3.4073147471830216,0.7689027641798907,3.0675664177525883,3.457775351096434,v1.0.0,v1.0.0
Rashidi Barnes,2356,S,DB,2000,2.5095420008001468,3.466525910820377,-0.9569839100202304,3.4031743097598603,-0.8936323089597136,3.2835271567131468,3.655723859970934,v1.0.0,v1.0.0
Mondriel Fulcher,2358,FB,RB,2000,2.759613832938619,3.302918639837116,-0.5433048068984974,3.231169765374615,-0.47155593243599636,2.9495445750805436,3.683361239219257,v1.0.0,v1.0.0
Erik Olson,2366,S,DB,2000,2.5095420008001468,3.56662793757091,-1.057085936770763,3.512187146813858,-1.0026451460137111,3.440737891486144,3.6850445709040582,v1.0.0,v1.0.0
Rob Meier,2372,DE,EDGE,2000,4.329953028047027,3.5087088135605495,0.8212442144864771,3.358055100911242,0.9718979271357848,3.345467490906416,3.681770051544134,v1.0.0,v1.0.0
Charles Lee,2373,WR,WR,2000,3.3883443891304488,3.0997706794438953,0.2885737096865535,3.1127242504629047,0.2756201386675441,2.8594828587225196,3.3412674817163306,v1.0.0,v1.0.0
Shyrone Stith,2374,RB,RB,2000,2.5095420008001468,3.1527293292560374,-0.6431873284558907,3.415861944609827,-0.9063199438096801,2.847965874311952,3.404005966372066,v1.0.0,v1.0.0
Danny Clark,2376,ILB,LB,2000,4.502669146999699,3.4142104764494063,1.0884586705502923,3.559433838953735,0.9432353080459634,3.1390920516222396,3.732396089859386,v1.0.0,v1.0.0
DaShon Polk,2382,OLB,EDGE,2000,4.038241796942238,3.2497959136036605,0.7884458833385772,3.236807364637084,0.8014344323051539,3.054472252523414,3.436498448654748,v1.0.0,v1.0.0
Rondell Mealey,2383,RB,RB,2000,2.3124415619933303,3.1993416701977164,-0.8869001082043861,3.2776932604378684,-0.9652516984445381,2.916799389307087,3.495954715327599,v1.0.0,v1.0.0
Bryce Petty,2466005,QB,QB,2015,2.057714358921055,3.437228045310046,-1.3795136863889912,3.4561773013801127,-1.3984629424590578,3.03292321739515,3.833567760641258,v1.0.0,v1.0.0
Obum Gwacham,2468550,DE,EDGE,2015,2.3868469108371837,3.511015198545606,-1.1241682877084225,3.440595532648153,-1.0537486218109695,3.3367788036986106,3.72102986847683,v1.0.0,v1.0.0
David Johnson,2508176,RB,RB,2015,4.0432312863009106,3.5778546979426764,0.46537658835823414,3.6882928006758484,0.35493848562506214,3.298460066639651,3.8238962174310123,v1.0.0,v1.0.0
Kyle Emanuel,2508212,OLB,EDGE,2015,3.7841173901632863,3.6121784466330724,0.17193894353021388,3.521538110913261,0.26257927925002544,3.495034507901646,3.774455486275886,v1.0.0,v1.0.0
MyCole Pruitt,2508256,TE,TE,2015,4.25015948587933,3.608294986314586,0.6418644995647438,3.5353604452537954,0.7147990406255342,3.2589343024096973,3.936807246132745,v1.0.0,v1.0.0
Hau'oli Kikaha,2509488,OLB,EDGE,2015,3.064574191536438,3.330401743157761,-0.26582755162132266,3.269010339915711,-0.2044361483792727,3.1229481748726426,3.5914701370033746,v1.0.0,v1.0.0
Jaquiski Tartt,2509844,S,DB,2015,3.9271769059518293,3.489476152975656,0.4377007529761734,3.5310994448093975,0.3960774611424318,3.180367975500656,3.804947620707533,v1.0.0,v1.0.0
Hayes Pullard,2510601,ILB,LB,2015,3.4815998671745847,3.5233724786299034,-0.04177261145531874,3.3639341202187336,0.11766574695585108,3.2812674089501197,3.765583420412381,v1.0.0,v1.0.0
Randall Telfer,2510611,TE,TE,2015,3.131875632847984,3.315860384222387,-0.18398475137440284,3.472250251864871,-0.3403746190168868,2.969383667817023,3.659358946077153,v1.0.0,v1.0.0
Craig Mager,2510713,CB,DB,2015,2.812538078173407,3.7440657176830743,-0.9315276395096674,3.629812661852219,-0.8172745836788122,3.644480295393174,3.8729042410524985,v1.0.0,v1.0.0
Eric Kendricks,2510863,ILB,LB,2015,4.429236914357432,3.38852567028323,1.0407112440742021,3.2950907935877103,1.1341461207697217,3.150910556148913,3.666799951988648,v1.0.0,v1.0.0
Ibraheim Campbell,2511090,S,DB,2015,3.6894049467483603,3.661448106384711,0.027956840363649427,3.6531157322101406,0.03628921453821965,3.4446086982510082,3.8550129579714487,v1.0.0,v1.0.0
Kevin Johnson,2511523,CB,DB,2015,3.755740759494776,3.6010345046060306,0.15470625488874523,3.420479882341826,0.3352608771529497,3.438657866013597,3.7806528353267863,v1.0.0,v1.0.0
Ryan Russell,2511687,DE,EDGE,2015,2.863455195111033,3.700777836035259,-0.8373226409242256,3.466352190078871,-0.6028969949678378,3.5960216657174544,3.8086167209796438,v1.0.0,v1.0.0
Carl Davis,2511690,DT,IDL,2015,3.9042917170886615,3.527898164438872,0.3763935526497897,3.4339921919079393,0.47029952518072227,3.171470848178327,3.80375328240146,v1.0.0,v1.0.0
Brandon Scherff,2511708,OT,OL,2015,3.372246395067789,3.3367665789205248,0.03547981614726403,3.6538803989868183,-0.2816340039190295,3.143878198573348,3.5490484100052777,v1.0.0,v1.0.0
Cedric Ogbuehi,2511825,OT,OL,2015,2.85691210955678,3.3482620565116106,-0.4913499469548306,3.589785653943966,-0.7328735443871861,3.1320487407555384,3.571120375600561,v1.0.0,v1.0.0
Gerald Christian,2512192,TE,TE,2015,1.1451351194023418,2.977511151024411,-1.8323760316220692,3.320365897691617,-2.175230778289275,2.38391946209628,3.622559719456782,v1.0.0,v1.0.0
Andy Gallik,2512369,C,OL,2015,2.3460445734134283,3.4025062223662212,-1.056461648952793,3.4005631909992884,-1.05451861758586,3.1776750674964895,3.5958703169269457,v1.0.0,v1.0.0
Vic Beasley,2512400,OLB,EDGE,2015,3.99708329761517,3.7583525643233457,0.23873073329182404,3.7618847136393843,0.23519858397578552,3.4949525812975653,4.005140469853508,v1.0.0,v1.0.0
Laken Tomlinson,2512477,OG,OL,2015,3.9464465317402637,3.3457484980226626,0.6006980337176011,3.4198810307820966,0.5265655009581671,3.173434432857455,3.4591973129006313,v1.0.0,v1.0.0
Cameron Erving,2512504,C,OL,2015,3.076286220113179,3.5172445499200706,-0.44095832980689176,3.6039514599686004,-0.5276652398554216,3.4118832582018253,3.630284171954693,v1.0.0,v1.0.0
Max Garcia,2512538,C,OL,2015,3.760649137145911,3.0860025046187696,0.6746466325271414,3.3459906649722253,0.4146584721736857,2.8907064860555303,3.2913944369537687,v1.0.0,v1.0.0
Jon Feliciano,2512577,OG,OL,2015,3.7841173901632863,3.050180304924075,0.7339370852392113,3.233753744267434,0.5503636458958523,2.7867861183152964,3.364394986613808,v1.0.0,v1.0.0
Clive Walford,2512593,TE,TE,2015,3.5479840389742314,3.3132153876203123,0.2347686513539191,3.2934207946514378,0.25456324432279365,3.0479706246286504,3.581567904965592,v1.0.0,v1.0.0
Bryce Hager,2512999,ILB,LB,2015,3.8916504281028392,3.599065082662459,0.2925853454403802,3.4680110896410636,0.4236393384617756,3.3651844180668045,3.793597750163656,v1.0.0,v1.0.0
Geremy Davis,2513030,WR,WR,2015,3.1817213513599807,3.4040245512643015,-0.2223031999043208,3.668356546914767,-0.4866351955547863,3.215479813931486,3.618358508331096,v1.0.0,v1.0.0
Byron Jones,2513035,CB,DB,2015,4.127160693092654,3.7133561008533795,0.4138045922392748,3.5283747085361368,0.5987859845565175,3.483023851440986,3.990041157565168,v1.0.0,v1.0.0
Mitch Morse,2514122,OG,OL,2015,4.034829715616245,3.6603084878757364,0.37452122774050833,3.6013279442612527,0.433501771354992,3.505092378360329,3.846114804136958,v1.0.0,v1.0.0
Marcus Murphy,2514123,RB,RB,2015,2.9726816141016785,2.844862648976872,0.12781896512480673,3.1262870312468523,-0.15360541714517373,2.482086313509175,3.1582136423605798,v1.0.0,v1.0.0
Blake Bell,2514206,TE,TE,2015,4.22307223321896,3.6110772722927194,0.6119949609262405,3.4824066017683104,0.7406656314506495,3.2837679926809566,3.9081849959734423,v1.0.0,v1.0.0
Geneo Grissom,2514217,OLB,EDGE,2015,3.274913274630675,3.637151636064986,-0.362238361434311,3.4693879714775706,-0.19447469684689578,3.489429748114099,3.7536971697626154,v1.0.0,v1.0.0
Jordan Hicks,2514270,OLB,EDGE,2015,4.334056115294505,3.7212792962977446,0.6127768189967604,3.5776423879926917,0.7564137273018132,3.5245562595924165,3.916886208341338,v1.0.0,v1.0.0
Ty Sambrailo,2514397,OT,OL,2015,3.2183476152534807,3.4813862342665223,-0.2630386190130416,3.5095486905556013,-0.2912010753021206,3.306872988909043,3.63588789211481,v1.0.0,v1.0.0
Michael Burton,2515270,FB,RB,2015,4.394027700174193,3.5231713219319527,0.87085637824224,3.5295560389656386,0.8644716612085541,3.3209459296129675,3.6974128741061043,v1.0.0,v1.0.0
Jake Ryan,2515337,OLB,EDGE,2015,3.4028402771254793,3.6269189087426223,-0.22407863161714303,3.488231751915055,-0.08539147478957565,3.5152303350340404,3.747466486536248,v1.0.0,v1.0.0
Jeremy Langford,2515416,RB,RB,2015,3.0741435672906428,3.418657948752239,-0.3445143814615963,3.279676176332601,-0.20553260904195803,3.1514774983005194,3.6532239648482663,v1.0.0,v1.0.0
Tony Lippett,2515418,WR,WR,2015,3.035568106998676,3.4138543109680715,-0.3782862039693953,3.376874175760875,-0.34130606876219893,3.221972866211149,3.6611174688304455,v1.0.0,v1.0.0
Keith Mumphery,2515420,WR,WR,2015,3.064574191536438,3.192378029952541,-0.12780383841610288,3.2542893568359292,-0.18971516529949106,2.9969799383596887,3.4068492143947475,v1.0.0,v1.0.0
Rob Havenstein,2515613,OT,OL,2015,4.053640692658429,3.1913482913686697,0.8622924012897593,3.2746486077364088,0.7789920849220202,2.962726780505045,3.378584695467238,v1.0.0,v1.0.0
J.J. Nelson,2515759,WR,WR,2015,3.6628365190360186,3.0878766880048665,0.5749598310311521,3.1840434332396,0.47879308579641844,2.8138352053036337,3.364150036044903,v1.0.0,v1.0.0
Jalston Fowler,2515931,FB,RB,2015,3.3877233167187057,3.237010860545976,0.15071245617272977,3.3176708155561934,0.07005250116251238,2.756736215236432,3.5373979635036505,v1.0.0,v1.0.0
Arie Kouandjio,2515944,OG,OL,2015,1.940930471343771,3.0036294032694366,-1.0626989319256657,3.2524553773094818,-1.3115249059657108,2.7756873589095976,3.2550001119208933,v1.0.0,v1.0.0
Neiron Ball,2516039,OLB,EDGE,2015,1.6770794524643968,3.422060724700961,-1.7449812722365643,3.4822251143502716,-1.8051456618858748,3.2442915096461955,3.6121419375696475,v1.0.0,v1.0.0
Chaz Green,2516053,OT,OL,2015,2.5095420008001468,3.3739389662071937,-0.8643969654070469,3.4508046544174684,-0.9412626536173216,3.2093770189148474,3.503693671675253,v1.0.0,v1.0.0
A.J. Cann,2516325,OG,OL,2015,3.8539832348938767,3.18678854587127,0.6671946890226068,3.4490642197889674,0.40491901510490935,2.9944951025408337,3.392723034144565,v1.0.0,v1.0.0
Corey Robinson,2516338,OT,OL,2015,2.863455195111033,3.309332052428105,-0.4458768573170717,3.5942367155522925,-0.7307815204412593,3.0943123007975553,3.5443784277655968,v1.0.0,v1.0.0
Jamil Douglas,2516927,OG,OL,2015,3.131875632847984,3.431550830324917,-0.2996751974769327,3.3868191499171436,-0.2549435170691594,3.2778321947476394,3.5579536591330263,v1.0.0,v1.0.0
Kaelin Clay,2516957,WR,WR,2015,2.912610282873049,3.3249156520736656,-0.41230536920061667,3.361505316002397,-0.448895033129348,3.1487593311129984,3.508605928088948,v1.0.0,v1.0.0
Hroniss Grasu,2516984,C,OL,2015,1.6770794524643968,3.143763544137295,-1.4666840916728983,3.3477510002818853,-1.6706715478174885,2.9258418025215116,3.348375224196752,v1.0.0,v1.0.0
Sean Mannion,2517017,QB,QB,2015,2.2304547787760027,2.4692531396959683,-0.23879836091996554,3.174541088869109,-0.9440863100931063,1.9836107924534356,2.9531515973942155,v1.0.0,v1.0.0
Tyeler Davison,2517230,DT,IDL,2015,4.1646616514490775,3.77160265800884,0.39305899344023754,3.6379264856754956,0.5267351657735819,3.540337904243808,4.030810927746773,v1.0.0,v1.0.0
Derron Smith,2517248,S,DB,2015,3.4028402771254793,3.4154843038097367,-0.012644026684257348,3.3070365979992262,0.0958036791262531,3.2396154402773156,3.5985290814525697,v1.0.0,v1.0.0
Joey Iosefa,2517262,FB,RB,2015,0.9146634597162007,3.179385215169898,-2.264721755453697,3.376084845849257,-2.4614213861330563,2.7350151057513052,3.5497310728285236,v1.0.0,v1.0.0
Henry Anderson,2517752,DE,EDGE,2015,4.021800773796491,3.840929103379585,0.18087167041690577,3.413939659871215,0.6078611139252756,3.6319392862332918,4.11564316850977,v1.0.0,v1.0.0
David Parry,2517779,DT,IDL,2015,3.244566149848478,3.4203089075063287,-0.17574275765785075,3.246912312885785,-0.0023461630373069475,3.13334868823079,3.7342627930495196,v1.0.0,v1.0.0
Justin Hardy,2518678,WR,WR,2015,3.8112046428236552,3.4820990654401647,0.32910557738349056,3.4871196223289065,0.32408502049474874,3.268272517559808,3.7202199923890342,v1.0.0,v1.0.0
Clayton Geathers,2519211,S,DB,2015,3.6402255435804984,3.4952986895995704,0.14492685398092808,3.542666236623006,0.09755930695749226,3.338495234665631,3.693150909409066,v1.0.0,v1.0.0
Leonard Davis,2550,OT,OL,2001,3.9830286960066124,3.297522696489973,0.6855059995166393,3.590000164031056,0.3930285319755562,2.9870138079958117,3.5605739267395378,v1.0.0,v1.0.0
Gerard Warren,2551,DT,IDL,2001,4.483089353353877,3.4669299769716364,1.016159376382241,3.5051464367048752,0.9779429166490021,3.240817341617383,3.6819421479183094,v1.0.0,v1.0.0
Justin Smith,2552,DE,EDGE,2001,4.741767852460451,3.387387607368392,1.354380245092059,3.4418472168489354,1.2999206356115156,3.154647308347736,3.604376537447446,v1.0.0,v1.0.0
LaDainian Tomlinson,2553,RB,RB,2001,4.510338852504949,3.553318701608783,0.9570201508961662,3.6745415673073905,0.8357972851975588,3.3314052277564734,3.776961245153003,v1.0.0,v1.0.0
Richard Seymour,2554,DT,IDL,2001,4.508270229317089,3.490513107983417,1.0177571213336725,3.398847090561791,1.1094231387552984,3.2098900965816974,3.735443145476873,v1.0.0,v1.0.0
Andre Carter,2555,DE,EDGE,2001,4.603266426642435,3.2898044047253046,1.3134620219171302,3.314321912617199,1.2889445140252356,2.9477073308249317,3.6379295062574135,v1.0.0,v1.0.0
David Terrell,2556,WR,WR,2001,3.5727489390252067,3.480601398794324,0.0921475402308829,3.489564832698103,0.08318410632710371,3.29443055037984,3.7068628040461733,v1.0.0,v1.0.0
Koren Robinson,2557,WR,WR,2001,4.070748622788176,3.391750777625049,0.6789978451631269,3.347517155303063,0.7232314674851126,3.161632881584037,3.5807372741214043,v1.0.0,v1.0.0
Jamal Reynolds,2558,DE,EDGE,2001,2.569304362334845,3.680779045258216,-1.111474682923371,3.4420335487634564,-0.8727291864286113,3.5377310001039284,3.86030784336498,v1.0.0,v1.0.0
Dan Morgan,2559,ILB,LB,2001,3.6620169869542507,3.5269337553369726,0.1350832316172781,3.473921674088631,0.18809531286561976,3.2726881204753,3.808276755955533,v1.0.0,v1.0.0
Damione Lewis,2560,DT,IDL,2001,4.367034202021414,3.5033937821972048,0.8636404198242094,3.5362761446444155,0.8307580573769986,3.3037563349834453,3.7071951682958417,v1.0.0,v1.0.0
Marcus Stroud,2561,DT,IDL,2001,4.389605914414404,3.3753925547055372,1.014213359708867,3.3801375731260777,1.0094683412883265,3.081449142495818,3.62453704852844,v1.0.0,v1.0.0
Kenyatta Walker,2562,OT,OL,2001,3.60821227878799,3.4992791999057746,0.10893307888221537,3.5401734775203195,0.06803880126767048,3.4064834289731913,3.5824395164727965,v1.0.0,v1.0.0
Rod Gardner,2563,WR,WR,2001,3.957677293434487,3.502411304883762,0.45526598855072464,3.4872149055711676,0.4704623878633192,3.306600729599341,3.6947778394241855,v1.0.0,v1.0.0
Santana Moss,2564,WR,WR,2001,4.667223249116843,3.404464275640556,1.2627589734762865,3.4112493247523163,1.2559739243645263,3.1621542289986375,3.644958977256062,v1.0.0,v1.0.0
Steve Hutchinson,2565,OG,OL,2001,4.1151787869949095,3.4979185890559377,0.6172601979389718,3.5000086188484505,0.615170168146459,3.234892438462594,3.780134840420199,v1.0.0,v1.0.0
Jeff Backus,2566,OT,OL,2001,4.3882679726063465,3.3319609512761597,1.0563070213301868,3.3074070084677762,1.0808609641385702,3.1398534364310957,3.5045126940338123,v1.0.0,v1.0.0
Deandre Houston-Carson,2566034,S,DB,2016,4.179074658820387,3.332116544998235,0.8469581138221516,3.3360431702138453,0.8430314886065413,3.204032164632866,3.480498098947419,v1.0.0,v1.0.0
Tre McBride,2566041,WR,WR,2015,2.4570567304749815,3.6051685311702895,-1.148111800695308,3.6716015078291804,-1.2145447773541989,3.464248398488773,3.7993699323354484,v1.0.0,v1.0.0
Casey Hampton,2567,DT,IDL,2001,4.542893798285056,3.683757718047515,0.859136080237541,3.5527376415071936,0.9901561567778625,3.499169764652458,3.9539275565393672,v1.0.0,v1.0.0
Ronald Blair,2567711,DE,EDGE,2016,3.628618092270494,3.1277254338806073,0.5008926583898865,3.1828572739168286,0.4457608183536652,2.8168359015500175,3.4660697472456494,v1.0.0,v1.0.0
Adam Archuleta,2568,S,DB,2001,4.090531284334419,3.708277852345339,0.3822534319890796,3.7710519102732074,0.3194793740612112,3.454562196062631,3.9545738786532625,v1.0.0,v1.0.0
Deon Simon,2568060,DT,IDL,2015,2.6554775013275047,3.7145017637887925,-1.0590242624612878,3.4829951735909863,-0.8275176722634816,3.517261812591719,3.91742928221508,v1.0.0,v1.0.0
Nate Clements,2569,CB,DB,2001,4.56860336423597,3.563877095690624,1.0047262685453457,3.554977611206545,1.0136257530294248,3.3643433898347506,3.7341665981371612,v1.0.0,v1.0.0
Will Allen,2570,CB,DB,2001,4.362424253620245,3.827996639622441,0.5344276139978037,3.6825265964794083,0.6798976571408364,3.7028320184825265,3.966464715611087,v1.0.0,v1.0.0
Braxton Miller,2570987,WR,WR,2016,2.812538078173407,3.41854182056409,-0.606003742390683,3.625585198543203,-0.813047120369796,3.22585446505254,3.623056827719579,v1.0.0,v1.0.0
Deuce McAllister,2571,RB,RB,2001,4.077449713066436,3.625938778498705,0.4515109345677306,3.4857897790383907,0.5916599340280451,3.4002983818015875,3.828051439855623,v1.0.0,v1.0.0
Willie Middlebrooks,2572,CB,DB,2001,3.6402255435804984,3.532708894735241,0.10751664884525747,3.569351853997842,0.0708736895826565,3.337025088855234,3.7207073533222164,v1.0.0,v1.0.0
James Bradberry,2572841,CB,DB,2016,4.241544410435659,3.6138625050509106,0.6276819053847484,3.5748023819030994,0.6667420285325596,3.523917920001773,3.7116433709267276,v1.0.0,v1.0.0
Freddie Mitchell,2573,WR,WR,2001,3.6841318028230527,3.4835797559838815,0.20055204683917127,3.3531877511392505,0.33094405168380225,3.2860926857441397,3.649056404407645,v1.0.0,v1.0.0
Carson Wentz,2573079,QB,QB,2016,4.1637609341758,3.51369248189347,0.6500684522823299,3.528259383056183,0.6355015511196167,3.0083483667914614,3.9539458320409877,v1.0.0,v1.0.0
Joe Haeg,2573103,OT,OL,2016,3.087790945227789,3.2701526888127215,-0.1823617435849325,3.3572741953646847,-0.2694832501368958,3.1068064936572313,3.443806005193859,v1.0.0,v1.0.0
Jay Ajayi,2573300,RB,RB,2015,3.5924976890198668,3.2764864792982342,0.31601120972163255,3.5903240214393923,0.0021736675804744365,3.0014074287240096,3.483502961773102,v1.0.0,v1.0.0
Darian Thompson,2573317,S,DB,2016,3.604762203817715,3.2240589806200575,0.3807032231976577,3.2048416166168594,0.39992058720085577,3.0423805649623326,3.416105415031904,v1.0.0,v1.0.0
Trevor Davis,2573343,WR,WR,2016,3.5222380992124513,3.4214917001724072,0.10074639904004412,3.5538277342623426,-0.03158963504989121,3.2177411278243264,3.6277383696060705,v1.0.0,v1.0.0
Tyler Higbee,2573401,TE,TE,2016,4.35310509757508,3.376377988041948,0.9767271095331318,3.3311364206508154,1.0219686769242644,3.090266848020304,3.652048059530085,v1.0.0,v1.0.0
Tyler Ervin,2573974,RB,RB,2016,3.511226741739049,3.207599538436276,0.30362720330277293,3.2565271826069444,0.2546995591321046,2.947888853425068,3.4827004298770117,v1.0.0,v1.0.0
Jamar Fletcher,2574,CB,DB,2001,4.128707786759444,3.337528310776804,0.7911794759826396,3.2467033018935805,0.8820044848658632,3.1541109701391594,3.4977753304306236,v1.0.0,v1.0.0
Kyler Fackrell,2574229,OLB,EDGE,2016,3.946502233083245,3.184013433260817,0.7624887998224277,3.2246943812660396,0.7218078518172053,2.976343878660954,3.4253116070598812,v1.0.0,v1.0.0
Brandon Allen,2574511,QB,QB,2016,2.5155464702165364,3.0060464388522234,-0.490499968635687,3.220240522539385,-0.7046940523228487,2.534167549899955,3.394382712429502,v1.0.0,v1.0.0
Trey Flowers,2574519,DE,EDGE,2015,3.9108238421883286,3.4627633546074583,0.44806048758087025,3.419912164384836,0.49091167780349254,3.2588776452068773,3.669671200216498,v1.0.0,v1.0.0
Sammie Coates,2574549,WR,WR,2015,3.4530238369508592,3.5467499164312657,-0.09372607948040645,3.7271639318100087,-0.2741400948591495,3.309155383747985,3.821311515311751,v1.0.0,v1.0.0
Shon Coleman,2574573,OT,OL,2016,2.6554775013275047,3.260357328785605,-0.6048798274581002,3.507657282838508,-0.8521797815110035,3.0627326233158105,3.4435596313613095,v1.0.0,v1.0.0
Gabe Wright,2574579,DT,IDL,2015,2.342891068893419,3.722592210824202,-1.3797011419307834,3.479981732442087,-1.1370906635486682,3.501877208750194,3.952175479062445,v1.0.0,v1.0.0
Angelo Blackson,2574582,DT,IDL,2015,4.309431958658009,3.598218818831083,0.7112131398269259,3.617377346327788,0.6920546123302209,3.272052265860618,3.859719873368234,v1.0.0,v1.0.0
Nick Boyle,2574591,TE,TE,2015,3.984434164699998,3.430006685519586,0.5544274791804118,3.493541154321779,0.490893010378219,3.107369429482079,3.701396766219804,v1.0.0,v1.0.0
Jeff Driskel,2574630,QB,QB,2016,2.722867041838046,3.6358020153640727,-0.9129349735260268,3.472933814820207,-0.7500667729821613,3.0823316210082505,4.12820273613727,v1.0.0,v1.0.0
Ryan Smith,2574666,CB,DB,2016,3.875089022657199,3.5851996644054234,0.2898893582517754,3.5006727063558256,0.3744163163013732,3.4984951933680875,3.672035236312849,v1.0.0,v1.0.0
Michael Bennett,2575,RB,RB,2001,4.2003903429340355,3.332658130294009,0.8677322126400266,3.339513230091946,0.8608771128420893,3.020162526724941,3.5731904083501638,v1.0.0,v1.0.0
Miles Killebrew,2575164,S,DB,2016,4.4114200421344,3.6221557836516998,0.7892642584826999,3.5642882751572897,0.8471317669771099,3.4789337882834346,3.7865327659948735,v1.0.0,v1.0.0
Leshaun Sims,2575171,CB,DB,2016,3.774831517952426,3.5036764462635963,0.2711550716888298,3.4444479962282117,0.33038352172421437,3.365303920288363,3.649153988721321,v1.0.0,v1.0.0
Rakeem Nunez-Roches,2575453,DT,IDL,2015,4.393733209445286,3.4949820155146156,0.8987511939306705,3.506933919833742,0.886799289611544,3.302521550919002,3.7182454748293448,v1.0.0,v1.0.0
Bobby McCain,2575606,CB,DB,2015,4.329205346513472,3.8425799521251496,0.48662539438832253,3.6135616540828055,0.7156436924306666,3.6227898923028166,4.037173286483281,v1.0.0,v1.0.0
Joe Cardona,2575907,LS,ST,2015,4.452967728648036,4.570339941319503,-0.11737221267146669,3.67995324790309,0.7730144807449464,3.1710703176882076,8.24877305489297,v1.0.0,v1.0.0
Derrick Gibson,2576,S,DB,2001,3.774831517952426,3.693549352647193,0.08128216530523291,3.7511851904316424,0.02364632752078366,3.4966185484014227,3.874914843239489,v1.0.0,v1.0.0
Eric Rowe,2576002,CB,DB,2015,4.140608864647747,3.8586515361396496,0.28195732850809696,3.7813087892188006,0.35930007542894593,3.755431432746222,3.9830904114398327,v1.0.0,v1.0.0
Josh Doctson,2576019,WR,WR,2016,3.2183476152534807,3.492072244643475,-0.2737246293899944,3.5826155488802174,-0.3642679336267367,3.288490550213023,3.696565793355582,v1.0.0,v1.0.0
Mark Nzeocha,2576030,OLB,EDGE,2015,3.598933940662449,3.4299163632589846,0.16901757740346435,3.5171043611172,0.08182957954524905,3.2466830454527678,3.6279400002843674,v1.0.0,v1.0.0
Frank Clark,2576242,DE,EDGE,2015,4.301166035916301,3.922438099130951,0.3787279367853502,3.682176621192971,0.6189894147233304,3.7320233208821127,4.138928084343278,v1.0.0,v1.0.0
Graham Glasgow,2576245,C,OL,2016,3.755852067402456,3.3260066802119734,0.4298453871904826,3.4597811966190988,0.29607087078335725,3.176878656348952,3.477922613047174,v1.0.0,v1.0.0
Shilique Calhoun,2576257,DE,EDGE,2016,3.57999730376674,3.5949832431498674,-0.014985939383127533,3.5196323336409505,0.06036497012578934,3.4174679246637525,3.778620861353999,v1.0.0,v1.0.0
Connor Cook,2576261,QB,QB,2016,0.6417787318052229,2.833828667806429,-2.192049936001206,3.2706761037720775,-2.6288973719668545,2.5444107933921467,3.0917627834202794,v1.0.0,v1.0.0
Trae Waynes,2576283,CB,DB,2015,3.8916504281028392,3.388515103511592,0.5031353245912471,3.4535756413724807,0.4380747867303585,3.2157880200184352,3.6122287509307505,v1.0.0,v1.0.0
David Cobb,2576303,RB,RB,2015,1.8158181812103182,3.0099435351340866,-1.1941253539237684,3.2697067240419737,-1.4538885428316555,2.636515985020955,3.3226198360258037,v1.0.0,v1.0.0
Ameer Abdullah,2576336,RB,RB,2015,4.500737496246746,3.2888528486733635,1.2118846475733824,3.654002382629751,0.8467351136169947,2.9253363750286123,3.6198074495115455,v1.0.0,v1.0.0
Mike Bennett,2576371,DT,IDL,2015,2.4507728289107145,3.3812254476779358,-0.9304526187672213,3.331321572294637,-0.8805487433839225,3.200709565082104,3.572701226845752,v1.0.0,v1.0.0
Jeff Heuerman,2576389,TE,TE,2015,3.5479840389742314,3.4681635273828277,0.07982051159140369,3.563514183529779,-0.015530144555547576,3.049642281188806,3.871956127045999,v1.0.0,v1.0.0
Devin Smith,2576395,WR,WR,2015,2.5739839223078502,3.5815562054040395,-1.0075722830961893,3.427502495402021,-0.8535185730941706,3.2406896772711535,3.9313645313596695,v1.0.0,v1.0.0
Nick Vannett,2576399,TE,TE,2016,4.258070334032495,3.697178839747464,0.5608914942850309,3.5569041149313265,0.7011662191011685,3.446766524074618,3.9558119276575003,v1.0.0,v1.0.0
Melvin Gordon,2576434,RB,RB,2015,4.19480691045813,3.308844786010692,0.8859621244474378,3.5454337853246556,0.6493731251334744,3.030672717340522,3.6070702908342507,v1.0.0,v1.0.0
Stephone Anthony,2576482,ILB,LB,2015,3.705827390663973,3.7731876705094853,-0.0673602798455124,3.7497972378596955,-0.04396984719572261,3.544635582109797,3.974117091591793,v1.0.0,v1.0.0
B.J. Goodson,2576489,OLB,EDGE,2016,3.746150394761617,3.4538405817072872,0.29230981305432957,3.451130136956549,0.295020257805068,3.2069950846178528,3.7035038941580263,v1.0.0,v1.0.0
Grady Jarrett,2576492,DT,IDL,2015,4.494907860757952,3.582964620807518,0.9119432399504337,3.5684371350019712,0.9264707257559803,3.4324612362976135,3.7857117496797223,v1.0.0,v1.0.0
Charone Peake,2576498,WR,WR,2016,3.1481389932070876,3.2097304813308325,-0.06159148812374493,3.4136955211155446,-0.2655565279084571,3.0036769675682486,3.382199025634362,v1.0.0,v1.0.0
Chris Moore,2576581,WR,WR,2016,4.239459655794183,3.3257570461083446,0.913702609685838,3.4797360361216474,0.7597236196725352,3.1029174399071855,3.547761336452046,v1.0.0,v1.0.0
Charles Gaines,2576621,CB,DB,2015,1.6770794524643968,3.2344321450284594,-1.5573526925640626,3.1412771489305737,-1.464197696466177,3.0508580265611838,3.4034256346054903,v1.0.0,v1.0.0
DeVante Parker,2576623,WR,WR,2015,4.234042957780739,3.2776955424972978,0.956347415283441,3.4079470043604485,0.8260959534202903,3.0705273965091635,3.4454193476356147,v1.0.0,v1.0.0
Lorenzo Mauldin,2576646,OLB,EDGE,2015,3.0404973649442106,3.3677024348283378,-0.3272050698841271,3.287388110250426,-0.24689074530621546,3.2079011528321018,3.551144897220309,v1.0.0,v1.0.0
Jamon Brown,2576647,OT,OL,2015,2.863455195111033,3.1642066849414645,-0.3007514898304313,3.5140461786299944,-0.6505909835189612,2.9727378834048666,3.3638797754222765,v1.0.0,v1.0.0
Josh Forrest,2576678,ILB,LB,2016,2.1593671492279647,3.151581447608777,-0.9922142983808122,3.1695328340087876,-1.010165684780823,2.7547001251545913,3.662648731451192,v1.0.0,v1.0.0
Jamison Crowder,2576716,WR,WR,2015,4.278596137361495,3.2929335250174856,0.9856626123440093,3.220669607042924,1.057926530318571,3.0305442224391355,3.5256331444856914,v1.0.0,v1.0.0
Rashad Greene,2576785,WR,WR,2015,2.912610282873049,3.254078808227394,-0.34146852535434524,3.23626218020485,-0.3236518973318012,3.0987468882834843,3.406796064477766,v1.0.0,v1.0.0
Bobby Hart,2576789,OG,OL,2015,3.716145067615561,2.9761713882338654,0.7399736793816958,3.334481676653097,0.38166339096246427,2.688268493146303,3.2380654587488467,v1.0.0,v1.0.0
Nick O'Leary,2576804,TE,TE,2015,3.7363017214982253,3.217892719505792,0.5184090019924334,3.225584885020813,0.5107168364774122,2.9400147514309967,3.501560608255466,v1.0.0,v1.0.0
Karlos Williams,2576817,RB,RB,2015,2.2560511899300453,3.5448558511292716,-1.2888046611992263,3.4705282032311993,-1.214477013301154,3.3362904972122203,3.7692438466651117,v1.0.0,v1.0.0
Daniel Lasco,2576873,RB,RB,2016,2.057714358921055,3.455793467658949,-1.3980791087378939,3.4847937912464855,-1.4270794323254306,3.1050326144181652,3.8633043306172885,v1.0.0,v1.0.0
Darren Waller,2576925,WR,WR,2015,4.088319377255566,3.498022899395697,0.5902964778598685,3.6299130715781764,0.45840630567738927,3.289590381185495,3.734999415935905,v1.0.0,v1.0.0
Jake Fisher,2576971,OT,OL,2015,3.1102069596740494,3.597852009407248,-0.48764504973319855,3.770827004975468,-0.6606200453014188,3.2265301541215186,3.9732375638103683,v1.0.0,v1.0.0
Marcus Mariota,2576980,QB,QB,2015,4.19213250604779,3.225143646536429,0.9669888595113614,3.574749889379901,0.6173826166678893,2.8877814843125824,3.5848922569229087,v1.0.0,v1.0.0
Ryan Pickett,2577,DT,IDL,2001,4.699328540081066,3.3899203888863494,1.3094081511947162,3.384979968995247,1.3143485710858185,3.2138817059458957,3.584492237166714,v1.0.0,v1.0.0
Spencer Drango,2577042,OT,OL,2016,2.6554775013275047,3.45910310117402,-0.8036255998465154,3.4864922230364974,-0.8310147217089927,3.3315779467991797,3.5817777783881146,v1.0.0,v1.0.0
Quinton Jefferson,2577078,DT,IDL,2016,4.244831587196613,3.558356875917552,0.6864747112790606,3.453303450161013,0.7915281370355998,3.1729565602976866,3.8845167180099325,v1.0.0,v1.0.0
Kevin Hogan,2577128,QB,QB,2016,1.8526840240530842,2.8134980513245678,-0.9608140272714836,3.3464795166107555,-1.4937954925576713,2.519454353191227,3.1270144304475878,v1.0.0,v1.0.0
Ty Montgomery,2577134,WR,WR,2015,4.091713640843315,3.5675750807780244,0.5241385600652904,3.431446309775917,0.6602673310673977,3.289041075197327,3.80223464294674,v1.0.0,v1.0.0
Jordan Richards,2577139,S,DB,2015,4.017495355012839,3.5995873869534227,0.4179079680594162,3.4905813580548415,0.5269139969579975,3.4045437574611026,3.798493112929574,v1.0.0,v1.0.0
Brett Hundley,2577189,QB,QB,2015,2.569304362334845,3.3284314805723763,-0.7591271182375312,3.5953140365685345,-1.0260096742336895,2.9245069872216196,3.744163543718167,v1.0.0,v1.0.0
Ben Heeney,2577219,ILB,LB,2015,2.868907891409407,3.716203106812139,-0.847295215402732,3.677437328110643,-0.8085294367012361,3.450248864736502,4.001006685099905,v1.0.0,v1.0.0
JaCorey Shepherd,2577237,CB,DB,2015,2.2560511899300453,3.528045942395809,-1.2719947524657638,3.4509592302300134,-1.194908040299968,3.366274834878291,3.7078063300918207,v1.0.0,v1.0.0
Cody Kessler,2577243,QB,QB,2016,2.511483348890144,2.8669798015510257,-0.3554964526608817,3.310976438995942,-0.7994930901057979,2.275153984357507,3.4782435907812577,v1.0.0,v1.0.0
Javorius Allen,2577253,RB,RB,2015,3.726301524252564,3.379839555480034,0.3464619687725299,3.4944740516722494,0.23182747258031444,3.1898822052266,3.611152293554995,v1.0.0,v1.0.0
Jalen Collins,2577292,CB,DB,2015,2.9599211317095553,3.432665377490317,-0.4727442457807616,3.3727979662509444,-0.4128768345413891,3.2830817538471515,3.594474856578947,v1.0.0,v1.0.0
Tyler Lockett,2577327,WR,WR,2015,4.570381510590109,3.3452111515051075,1.2251703590850016,3.3396293353746773,1.2307521752154318,3.1966366869675484,3.5076758359467166,v1.0.0,v1.0.0
Cody Whitehair,2577346,OT,OL,2016,3.961360022832677,3.2746799681376597,0.6866800546950174,3.4908653506956413,0.4704946721370358,3.0337019349784704,3.502082698863719,v1.0.0,v1.0.0
Kentrell Brothers,2577354,OLB,EDGE,2016,3.5479840389742314,3.5379880285971286,0.009996010377102849,3.4166127536584234,0.131371285315808,3.2846438578873047,3.8774100170914454,v1.0.0,v1.0.0
Connor McGovern,2577367,OG,OL,2016,3.8539832348938767,3.646120392851473,0.2078628420424038,3.619306050919743,0.23467718397413373,3.4593596015592216,3.8026856448430726,v1.0.0,v1.0.0
Shane Ray,2577371,DE,EDGE,2015,3.5222380992124513,3.51139946295686,0.01083863625559145,3.5072541933140426,0.0149839058984087,3.355010180091048,3.7071625668476256,v1.0.0,v1.0.0
Dak Prescott,2577417,QB,QB,2016,4.357781376737197,3.1183861952208374,1.2393951815163597,3.33903406996626,1.018747306770937,2.8496162330842996,3.378339293715654,v1.0.0,v1.0.0
Josh Robinson,2577419,RB,RB,2015,1.5216626918475837,3.126111714726927,-1.604449022879343,3.2435660006999187,-1.721903308852335,2.8006707927592336,3.3768989502999194,v1.0.0,v1.0.0
Benardrick McKinney,2577429,ILB,LB,2015,4.010430068058852,3.5787202080019958,0.4317098600568565,3.56670726743634,0.44372280062251246,3.245199688054613,3.8632948445664166,v1.0.0,v1.0.0
Preston Smith,2577446,DE,EDGE,2015,4.563392195935538,3.867012288850789,0.6963799070847494,3.593909883198675,0.9694823127368632,3.761099546960082,3.9719191779368326,v1.0.0,v1.0.0
Jordan Phillips,2577466,DT,IDL,2015,4.43994555853971,3.617230538987401,0.8227150195523092,3.507603966851398,0.9323415916883122,3.4039685401064297,3.789923121856943,v1.0.0,v1.0.0
Quandre Diggs,2577553,CB,DB,2015,4.4669894590808115,3.461202267270749,1.0057871918100623,3.384265226481616,1.0827242325991953,3.287039712449302,3.6516685979450734,v1.0.0,v1.0.0
Riley Dixon,2577619,P,ST,2016,4.468870662548401,3.668649578076902,0.8002210844714988,3.3613518256383523,1.1075188369100486,3.0464062424894003,4.189369877635447,v1.0.0,v1.0.0
Deandre Washington,2577654,RB,RB,2016,3.695343292409548,3.4335096100928197,0.2618336823167282,3.51508941412629,0.18025387828325812,3.243736170426083,3.607955383001886,v1.0.0,v1.0.0
Brandon Shell,2577690,OT,OL,2016,3.5847863200739116,3.1227067674927502,0.4620795525811614,3.3801807577663476,0.204605562307564,2.91591030300762,3.341901742820254,v1.0.0,v1.0.0
Juston Burris,2577740,CB,DB,2016,3.8940487176170118,3.4540024032750503,0.4400463143419615,3.456582971968394,0.43746574564861795,3.3275942157357874,3.608149163252241,v1.0.0,v1.0.0
Joe Thuney,2577773,OT,OL,2016,3.9758857669824756,3.5642638650998837,0.41162190188259196,3.623658022572998,0.3522277444094777,3.4414030329801446,3.7032244350355503,v1.0.0,v1.0.0
Kyshoen Jarrett,2577889,S,DB,2015,2.6554775013275047,3.4097284901988507,-0.754250988871346,3.3953654058971727,-0.739887904569668,3.2262795513203786,3.6122024551456047,v1.0.0,v1.0.0
Reggie Wayne,2578,WR,WR,2001,4.711739418311193,3.401854526915075,1.3098848913961185,3.389541020249776,1.3221983980614174,3.2053756117350782,3.606129854061186,v1.0.0,v1.0.0
Marcus Peters,2578378,CB,DB,2015,4.23634438270206,3.541387090652603,0.6949572920494571,3.4802440798694145,0.7561003028326456,3.4299364535353636,3.65380797276619,v1.0.0,v1.0.0
James Sample,2578381,S,DB,2015,1.345801546169376,3.2809334750421435,-1.9351319288727675,3.212680577151069,-1.866879030981693,3.043856033470249,3.520677060451159,v1.0.0,v1.0.0
Danny Shelton,2578384,DT,IDL,2015,4.071412258950327,3.760939072327577,0.3104731866227506,3.4222126153358277,0.6491996436144998,3.391293078791801,4.1304714937093125,v1.0.0,v1.0.0
Xavier Cooper,2578408,DT,IDL,2015,3.4531416084755024,3.6578142118686876,-0.20467260339318516,3.6646076909004313,-0.21146608242492881,3.4253322194039746,3.855835312262166,v1.0.0,v1.0.0
Ryan Kelly,2578475,C,OL,2016,3.63082325424351,3.592118659673842,0.03870459456966824,3.6410177617487998,-0.010194507505289607,3.465367456802424,3.7236063258889542,v1.0.0,v1.0.0
Chris Conley,2578533,WR,WR,2015,4.346026987705556,3.449716270054214,0.8963107176513416,3.6396073533294637,0.706419634376092,3.1530844701508265,3.766562022002473,v1.0.0,v1.0.0
Malcolm Mitchell,2578553,WR,WR,2016,2.5095420008001468,3.1452705792489404,-0.6357285784487936,3.4083484307043537,-0.8988064299042069,2.979463278025234,3.3298576288048753,v1.0.0,v1.0.0
Damian Swann,2578561,CB,DB,2015,1.8158181812103182,3.1360188994454115,-1.3202007182350932,3.055340272714447,-1.239522091504129,2.982043705740377,3.3132733758632193,v1.0.0,v1.0.0
Ramik Wilson,2578565,ILB,LB,2015,3.467468875860921,3.456846545222271,0.010622330638649924,3.2476194273475167,0.21984944851340416,3.0136995420182515,3.903479346986783,v1.0.0,v1.0.0
Jacoby Brissett,2578570,QB,QB,2016,4.151077604930472,2.8876725128117244,1.2634050921187474,3.225124623076703,0.9259529818537691,2.5293437605523232,3.222024272987871,v1.0.0,v1.0.0
Drew Kaser,2578698,P,ST,2016,3.288798636746454,3.6408485483320527,-0.3520499115855986,3.3585336164608934,-0.06973497971443932,3.1905089602388097,4.033679283948227,v1.0.0,v1.0.0
Todd Heap,2579,TE,TE,2001,4.428492814981069,3.475020451282641,0.9534723636984279,3.4105915810457654,1.0179012339353033,3.2166469671803397,3.7456267906023153,v1.0.0,v1.0.0
Anthony Chickillo,2579601,DE,EDGE,2015,3.866647345564772,3.6869770640152897,0.17967028154948217,3.5838717400354585,0.28277560552931336,3.5746813666793886,3.79450605933045,v1.0.0,v1.0.0
Phillip Dorsett,2579604,WR,WR,2015,4.077449713066436,3.506006355878641,0.5714433571877948,3.6214190134632926,0.45603069960314313,3.3437820738366457,3.6757968157270087,v1.0.0,v1.0.0
Denzel Perryman,2579621,ILB,LB,2015,4.331553482375362,3.3937944299232847,0.9377590524520776,3.2588206510287043,1.072732831346658,3.1246131137179467,3.675771211424853,v1.0.0,v1.0.0
Ben Koyack,2579846,TE,TE,2015,3.372246395067789,3.3941834511695004,-0.021937056101711594,3.3800774958024262,-0.007831100734637442,3.1170404025064133,3.6018882665477396,v1.0.0,v1.0.0
Nick Martin,2579850,C,OL,2016,3.340141104103564,3.4608610734497716,-0.12071996934620755,3.449556833732616,-0.1094157296290521,3.241133155771459,3.6347609751819343,v1.0.0,v1.0.0
Drew Brees,2580,QB,QB,2001,5.0177268807616535,2.4907373771090557,2.526989503652598,3.2930753894084663,1.7246514913531872,2.0338943674640966,2.898137352988317,v1.0.0,v1.0.0
David Morgan,2580052,TE,TE,2016,3.3234735242048945,3.2758503680031996,0.04762315620169488,3.1521534922685475,0.17132003193634704,2.947417967937328,3.559374523902998,v1.0.0,v1.0.0
Temarrick Hemingway,2580330,TE,TE,2016,2.2332680792706037,3.55966439999683,-1.3263963207262264,3.44618420320317,-1.2129161239325663,3.326047432112755,3.81819381178349,v1.0.0,v1.0.0
Christian Covington,2580666,DT,IDL,2015,4.109956486439965,3.3974867945453635,0.7124696918946016,3.3694807818626233,0.7404757045773418,3.185822146437078,3.61649635972202,v1.0.0,v1.0.0
Quincy Morgan,2581,WR,WR,2001,3.953973579709973,3.460337496233794,0.4936360834761788,3.44168967205928,0.5122839076506929,3.2757447094746053,3.6331229477408646,v1.0.0,v1.0.0
Nick Kwiatkoski,2581818,ILB,LB,2016,3.996064842508419,3.456708080182156,0.5393567623262632,3.4500223425654766,0.5460424999429425,3.2610829644314485,3.6998734805707674,v1.0.0,v1.0.0
Kyle Vanden Bosch,2582,DE,EDGE,2001,4.437817897065481,3.970994442645076,0.4668234544204055,3.7605955961286073,0.6772223009368741,3.786675690343664,4.132855412279592,v1.0.0,v1.0.0
Adrian Amos,2582132,S,DB,2015,4.3839633211120255,3.5392358025919117,0.8447275185201137,3.434434035347934,0.9495292857640916,3.3198523643246407,3.762008847661746,v1.0.0,v1.0.0
Donovan Smith,2582147,OT,OL,2015,3.4320586792359524,3.432770088385059,-0.0007114091491065011,3.6065652284737753,-0.17450654923782283,3.270421713945239,3.574600310167798,v1.0.0,v1.0.0
Anthony Zettel,2582150,DT,IDL,2016,3.5542642810668603,3.6204474148845356,-0.06618313381767527,3.5357439367409413,0.01852034432591898,3.363440599007174,3.835599524394265,v1.0.0,v1.0.0
Tyler Kroft,2582410,TE,TE,2015,4.0432312863009106,3.360535633749307,0.6826956525516037,3.456530424057105,0.5867008622438057,3.038612162542493,3.704277341817921,v1.0.0,v1.0.0
Austin Blythe,2582448,C,OL,2016,3.0286106333338116,3.464759929079823,-0.4361492957460116,3.437491794567714,-0.4088811612339023,3.266573707676249,3.644258584727861,v1.0.0,v1.0.0
Alge Crumpler,2583,TE,TE,2001,4.4283591114698115,3.5992473997043626,0.829111711765449,3.535398832511337,0.8929602789584745,3.2254813381081573,3.931580688262844,v1.0.0,v1.0.0
Chad Johnson,2584,WR,WR,2001,4.494907860757952,3.2405924865345113,1.2543153742234403,3.069026669160096,1.4258811915978558,2.859006329795844,3.624483535378288,v1.0.0,v1.0.0
Dylan Donahue,2584628,OLB,EDGE,2017,1.345801546169376,3.531284618517387,-2.1854830723480108,3.4026504847356702,-2.0568489385662945,3.344684021821625,3.7590732908199764,v1.0.0,v1.0.0
Idrees Bashir,2585,S,DB,2001,3.8227117063286284,3.5035674247199893,0.31914428160863917,3.5040129497206505,0.318698756607978,3.3255880316401343,3.6973427242765244,v1.0.0,v1.0.0
Anthony Thomas,2586,RB,RB,2001,4.006868415311845,3.356331596735569,0.6505368185762763,3.3534955140983596,0.6533729012134857,3.044196057231975,3.646994320893014,v1.0.0,v1.0.0
Kendrell Bell,2587,ILB,LB,2001,4.003287139034716,3.350785969291383,0.6525011697433327,3.3502215339521078,0.6530656050826078,3.0869064845224585,3.6061670180620045,v1.0.0,v1.0.0
Ken Lucas,2588,CB,DB,2001,4.329953028047027,3.443424187259321,0.8865288407877054,3.4298653161236645,0.9000877119233621,3.298595398759366,3.5857352577480737,v1.0.0,v1.0.0
Tye Smith,2588098,CB,DB,2015,3.4388430247339876,3.5933308208448036,-0.15448779611081598,3.4558302361411504,-0.01698721140716275,3.450163416398759,3.7200835750636476,v1.0.0,v1.0.0
Robert Ferguson,2589,WR,WR,2001,3.972792062431753,3.415768432807408,0.5570236296243452,3.3166833579962742,0.656108704435479,3.1873397328683564,3.6524610473309878,v1.0.0,v1.0.0
Tommy Polley,2590,OLB,EDGE,2001,3.8112046428236552,3.423671240785975,0.3875334020376804,3.361105570275973,0.45009907254768233,3.1982675180736075,3.682691494049581,v1.0.0,v1.0.0
Maurice Williams,2591,OT,OL,2001,4.003998256448456,3.273348729007055,0.7306495274414013,3.48801695025127,0.5159813061971863,3.079423136179127,3.4529592445639627,v1.0.0,v1.0.0
Kris Jenkins,2592,DT,IDL,2001,4.194426998354609,3.721637019551732,0.47278997880287665,3.5659264289176993,0.6285005694369095,3.4504099829708146,3.952392710494595,v1.0.0,v1.0.0
Fred Smoot,2593,CB,DB,2001,4.286279889129956,3.2344606571205015,1.0518192320094544,3.183333752668803,1.1029461364611528,3.0280951434087395,3.3931732808943567,v1.0.0,v1.0.0
Aaron Schobel,2594,DE,EDGE,2001,4.306053276985419,3.7439191188839342,0.5621341581014847,3.4945194840164415,0.8115337929689774,3.497088364817227,4.024173589891599,v1.0.0,v1.0.0
Jamie Winborn,2595,ILB,LB,2001,4.170010982330437,3.476304877555759,0.693706104774678,3.1220484408928364,1.0479625414376006,3.216004693884243,3.7736406308049952,v1.0.0,v1.0.0
Matt Light,2596,OT,OL,2001,3.746150394761617,3.6097425912591996,0.1364078035024172,3.7123616642366866,0.033788730524930255,3.35719687027771,3.8506027435545644,v1.0.0,v1.0.0
Lamont Jordan,2597,RB,RB,2001,4.206260951335513,3.670441209858154,0.5358197414773591,3.6553984454243316,0.5508625059111814,3.417840229236195,3.902564269322102,v1.0.0,v1.0.0
Dominic Raiola,2598,C,OL,2001,4.346174903830041,3.7338994897359363,0.6122754140941042,3.676205766195249,0.6699691376347916,3.5574497359323227,3.9058079009769724,v1.0.0,v1.0.0
Chris Chambers,2600,WR,WR,2001,4.456980087067639,3.7912725851074205,0.6657075019602186,3.5287402502148404,0.9282398368527986,3.375379179705261,4.232030717943152,v1.0.0,v1.0.0
Quincy Carter,2601,QB,QB,2001,3.304592901681356,2.8755639129831105,0.4290289886982457,3.530281785831291,-0.22568888414993493,2.4518189970674706,3.292389527620817,v1.0.0,v1.0.0
Michael Stone,2602,CB,DB,2001,3.5924976890198668,3.4168206723594077,0.1756770166604591,3.308982685716497,0.28351500330337,3.2325784639931605,3.601019368984969,v1.0.0,v1.0.0
Quinton Caver,2603,ILB,LB,2001,3.6402255435804984,3.4132577496013674,0.22696779397913103,3.2591443936303923,0.3810811499501061,2.967625299961501,3.851080367866055,v1.0.0,v1.0.0
Tony Dixon,2604,S,DB,2001,3.60821227878799,3.3723150603820087,0.23589721840598132,3.3494925199235053,0.25871975886448473,3.1337315986173815,3.6157931536999146,v1.0.0,v1.0.0
Willie Howard,2605,DT,IDL,2001,1.940930471343771,3.5208270031110143,-1.5798965317672433,3.5344445549574126,-1.5935140836136417,3.326844557911405,3.703387281838019,v1.0.0,v1.0.0
Travis Henry,2606,RB,RB,2001,4.003287139034716,3.563211926559214,0.4400752124755014,3.5671652482682683,0.43612189076644725,3.3093698210330627,3.7991692712914023,v1.0.0,v1.0.0
Marques Tuiasosopo,2607,QB,QB,2001,2.163868665215641,2.857470658991172,-0.6936019937755309,3.3129981386687826,-1.1491294734531414,2.349631818055688,3.2321361709719034,v1.0.0,v1.0.0
Andre Dyson,2608,CB,DB,2001,4.045012691500104,3.283337082645552,0.761675608854552,3.3157250467985886,0.7292876447015155,2.964406985644243,3.5437038699665786,v1.0.0,v1.0.0
Shaun Rogers,2609,DT,IDL,2001,4.504306802402812,3.420152961458828,1.0841538409439844,3.3651167848398327,1.1391900175629797,3.2176554907952974,3.6262254186619107,v1.0.0,v1.0.0
Gary Baxter,2610,CB,DB,2001,3.735266625906185,3.1998621601307216,0.5354044657754633,3.2073661634186243,0.5279004624875605,2.9667650106043135,3.458955222418086,v1.0.0,v1.0.0
Derrick Burgess,2611,DE,EDGE,2001,4.103583886377161,3.1465784804247416,0.9570054059524198,3.2499220806977447,0.8536618056794167,2.7290355568143476,3.5646303549867224,v1.0.0,v1.0.0
James Jackson,2613,RB,RB,2001,3.57999730376674,3.4702877960921414,0.10970950767459842,3.341645691968413,0.23835161179832687,3.250585720358153,3.6759204821427076,v1.0.0,v1.0.0
Sean Brewer,2614,TE,TE,2001,1.1451351194023418,3.4710445461873625,-2.325909426785021,3.494571154098737,-2.349436034696395,3.01864582810068,3.9085790229431225,v1.0.0,v1.0.0
Carl Nassib,2614825,DE,EDGE,2016,4.064912204782848,3.7483924253548304,0.3165197794280177,3.4414459069946552,0.6234662977881928,3.561692621052238,3.9396328589496945,v1.0.0,v1.0.0
Tay Cody,2615,CB,DB,2001,2.62451553749674,3.453371351751586,-0.8288558142548457,3.3425055967488384,-0.7179900592520982,3.2542140917391147,3.662141870645257,v1.0.0,v1.0.0
Mike Gandy,2616,OG,OL,2001,3.7932724710864165,3.2595547808045473,0.5337176902818692,3.239422327121199,0.5538501439652177,3.100152039226241,3.3824419058939377,v1.0.0,v1.0.0
Eric Kelly,2617,CB,DB,2001,3.4735621360271987,3.48175358775681,-0.008191451729611554,3.431858294673807,0.041703841353391446,3.346723112449902,3.6402195548157508,v1.0.0,v1.0.0
Sedrick Hodge,2618,OLB,EDGE,2001,3.716145067615561,3.521354199096445,0.19479086851911598,3.4856167625640233,0.23052830505153787,3.202858591646181,3.8540671657605947,v1.0.0,v1.0.0
Bhawoh Jue,2619,CB,DB,2001,3.875089022657199,3.2006978316084824,0.6743911910487164,3.1872589914185374,0.6878300312386614,2.999949295713352,3.40102470779402,v1.0.0,v1.0.0
Torrance Marshall,2620,ILB,LB,2001,3.5479840389742314,3.387836985103142,0.16014705387108963,3.4723846163923517,0.07559942258187968,3.1105757895165187,3.662996696570426,v1.0.0,v1.0.0
Eric Westmoreland,2621,OLB,EDGE,2001,3.4530238369508592,3.417003282557926,0.03602055439293306,3.434538075416755,0.018485761534104306,3.2031484117665916,3.642624828654324,v1.0.0,v1.0.0
Steve Smith,2622,WR,WR,2001,4.77339046234151,3.248838091804753,1.5245523705367572,3.1288694451745442,1.6445210171669657,2.943610844282455,3.5641232334447857,v1.0.0,v1.0.0
Eric Downing,2623,DT,IDL,2001,3.467468875860921,3.5702909150193256,-0.10282203915840471,3.4685805710604525,-0.0011116951995315816,3.386203261860673,3.7759601673320877,v1.0.0,v1.0.0
Ron Edwards,2624,DT,IDL,2001,4.37990290045455,3.430130836851997,0.9497720636025533,3.4058346547936567,0.9740682456608938,3.215323104167952,3.647686919158791,v1.0.0,v1.0.0
Snoop Minnis,2625,WR,WR,2001,2.4570567304749815,3.2923852956092783,-0.8353285651342968,3.1510738668540923,-0.6940171363791108,3.0045967973857155,3.601883247657518,v1.0.0,v1.0.0
Kareem McKenzie,2627,OT,OL,2001,3.924534344467761,3.4028333377294637,0.5217010067382972,3.523655737091143,0.40087860737661796,3.237253481422383,3.559932454618501,v1.0.0,v1.0.0
Kevan Barlow,2628,RB,RB,2001,3.9312968613596864,3.5741517060047947,0.35714515535489166,3.474075275527568,0.45722158583211847,3.3761524045409064,3.753565082853269,v1.0.0,v1.0.0
Heath Evans,2630,FB,RB,2001,4.389605914414404,3.5603641593691364,0.8292417550452678,3.6758566893758746,0.7137492250385296,3.2227842385568986,3.863848832328713,v1.0.0,v1.0.0
Brian Allen,2631,OLB,EDGE,2001,3.4954301761653195,3.422608048996499,0.0728221271688203,3.507786687972661,-0.01235651180734143,3.212262708264542,3.6076242791043462,v1.0.0,v1.0.0
Dwight Smith,2632,CB,DB,2001,4.1987305841937035,3.505100514928821,0.6936300692648825,3.419372566136404,0.7793580180572994,3.314989443524425,3.6878296963726362,v1.0.0,v1.0.0
Travis Minor,2633,RB,RB,2001,4.204239091737835,3.0826418891159886,1.1215972026218468,3.204938844873251,0.9993002468645842,2.821401355356561,3.385399120381242,v1.0.0,v1.0.0
Brock Williams,2634,CB,DB,2001,2.2332680792706037,3.6293539161475703,-1.3960858368769666,3.4761840843706286,-1.242916005100025,3.454368132422069,3.8484117407624967,v1.0.0,v1.0.0
Reggie Hayward,2636,DE,EDGE,2001,4.036165999346924,3.3834881967132753,0.6526778026336486,3.3363359186783894,0.6998300806685345,3.056794838824228,3.677751881615701,v1.0.0,v1.0.0
Morlon Greenwood,2637,OLB,EDGE,2001,4.241544410435659,3.333755153660207,0.9077892567754522,3.3922281300512642,0.8493162803843948,3.065209679733176,3.6475318504503416,v1.0.0,v1.0.0
DeLawrence Grant,2638,DE,EDGE,2001,3.4954301761653195,3.7949812619784318,-0.2995510858131123,3.482321420660549,0.013108755504770642,3.6249612993573415,3.982585675569383,v1.0.0,v1.0.0
Shad Meier,2639,TE,TE,2001,3.5604844242273583,3.5854025346505103,-0.02491811042315195,3.5473646768665716,0.013119747360786693,3.3390804442282587,3.818910145917215,v1.0.0,v1.0.0
Cory Bird,2640,S,DB,2001,3.467468875860921,3.7148111624522206,-0.24734228659129975,3.657510061711814,-0.19004118585089325,3.5158477144278173,3.9424486193507575,v1.0.0,v1.0.0
Casey Rabach,2641,C,OL,2001,3.99708329761517,3.1852476329561386,0.8118356646590312,3.406076421159691,0.591006876455479,2.9455990612439873,3.4008460857358576,v1.0.0,v1.0.0
Willie Blade,2642,DT,IDL,2001,2.759613832938619,3.445026375521131,-0.6854125425825122,3.489673195187392,-0.730059362248773,3.2305418675392916,3.6615969612148866,v1.0.0,v1.0.0
James Boyd,2643,S,DB,2001,3.0404973649442106,3.221323118566211,-0.18082575362200037,3.157464344297852,-0.11696697935364142,2.9969437383434356,3.4442143071064653,v1.0.0,v1.0.0
Jonas Jennings,2644,OT,OL,2001,3.7948502984479697,3.3705210531456835,0.4243292453022862,3.518511629388834,0.2763386690591356,3.201915730353049,3.5029325113206253,v1.0.0,v1.0.0
Anthony Henry,2646,CB,DB,2001,4.301166035916301,3.538946025512494,0.7622200104038073,3.4536110164456053,0.847555019470696,3.3863648852116235,3.6801870578755063,v1.0.0,v1.0.0
Roberto Garza,2648,C,OL,2001,4.393733209445286,3.703313569172475,0.6904196402728111,3.6308938076442185,0.7628394018010676,3.5230040036303367,3.902634331606895,v1.0.0,v1.0.0
Rudi Johnson,2649,RB,RB,2001,4.057135559788768,3.4179414771884873,0.6391940826002807,3.5373619917893255,0.5197735679994424,3.1473450375563283,3.628417076055336,v1.0.0,v1.0.0
Jamie Henderson,2650,CB,DB,2001,3.183687955948746,3.6511523325643997,-0.4674643766156539,3.577886385400354,-0.3941984294516083,3.496860863708005,3.8097445012972537,v1.0.0,v1.0.0
Karon Riley,2652,DE,EDGE,2001,2.7767614632340885,3.622990656014542,-0.8462291927804535,3.4121497820007733,-0.6353883187666849,3.461059418834265,3.794075625676168,v1.0.0,v1.0.0
Orlando Huff,2653,OLB,EDGE,2001,3.953973579709973,3.5558908306013,0.3980827491086729,3.470547854061643,0.48342572564832986,3.3755689999405,3.794482122136234,v1.0.0,v1.0.0
Chris Weinke,2655,QB,QB,2001,2.9660221540779412,3.1663989783808635,-0.20037682430292225,3.257608330004421,-0.29158617592647973,2.4729016730771005,3.7222019409391223,v1.0.0,v1.0.0
Monty Beisel,2656,DE,EDGE,2001,4.258070334032495,3.6193033950438074,0.6387669389886876,3.5374810321123644,0.7205893019201306,3.467907758365309,3.756559282791666,v1.0.0,v1.0.0
George Layne,2657,FB,RB,2001,2.2077242007261297,3.4942679813018223,-1.2865437805756925,3.4422951414372567,-1.234570940711127,3.2568772847603302,3.743047271153756,v1.0.0,v1.0.0
Sage Rosenfels,2658,QB,QB,2001,3.319195498576354,2.4537224889176183,0.8654730096587357,3.4491823276918123,-0.12998682911545822,2.0264619905065593,2.871819719384396,v1.0.0,v1.0.0
Brandon Spoon,2659,ILB,LB,2001,2.5095420008001468,3.723054869216305,-1.2135128684161582,3.6287618373234674,-1.1192198365233206,3.3787449264214358,4.04716737871435,v1.0.0,v1.0.0
Carlos Polk,2661,ILB,LB,2001,3.876829167576477,3.3234177395582254,0.5534114280182516,3.457641913903203,0.4191872536732739,3.007814644570218,3.640269247556591,v1.0.0,v1.0.0
Ben Hamilton,2662,C,OL,2001,3.953973579709973,3.453866872934766,0.500106706775207,3.455371944498816,0.49860163521115686,3.266695045307271,3.6224633540131026,v1.0.0,v1.0.0
Cedric Scott,2663,DE,EDGE,2001,2.0548197685407565,3.556049863907614,-1.5012300953668576,3.4748425768194946,-1.420022808278738,3.2246504686204087,3.8372518863945477,v1.0.0,v1.0.0
Moran Norris,2664,FB,RB,2001,4.329038972469714,3.6631582580145037,0.6658807144552106,3.475775296402206,0.8532636760675083,3.194266554049888,4.051163599877749,v1.0.0,v1.0.0
John Howell,2666,S,DB,2001,3.726301524252564,3.5970221253116073,0.12927939894095664,3.4746818062733866,0.25161971797917726,3.4844951887571427,3.7155498929354343,v1.0.0,v1.0.0
Ryan Diem,2667,OT,OL,2001,4.071412258950327,3.620181238996398,0.45123101995392956,3.7288513591353984,0.342560899814929,3.387623870076394,3.899584251791471,v1.0.0,v1.0.0
Jabari Holloway,2668,TE,TE,2001,3.0404973649442106,3.4701684204679095,-0.4296710555236989,3.4411108765127714,-0.40061351156856073,3.021343901756085,3.782316479265,v1.0.0,v1.0.0
Nick Harris,2669,P,ST,2001,4.607055434287018,3.6790515938389667,0.9280038404480511,3.1077289724271067,1.4993264618599111,3.374101325820275,3.982082614058846,v1.0.0,v1.0.0
Correll Buckhalter,2670,RB,RB,2001,4.090531284334419,3.2688952530348314,0.8216360312995872,3.6207262882212516,0.46980499611316695,2.960439497647223,3.5945578670721203,v1.0.0,v1.0.0
Markus Steele,2671,OLB,EDGE,2001,3.3877233167187057,3.3877359208076623,-1.2604088956535975e-05,3.189467264995493,0.1982560517232126,3.192823504467609,3.5936370833011937,v1.0.0,v1.0.0
Marcus Bell,2672,DT,IDL,2001,3.946502233083245,3.5173447973861673,0.42915743569707754,3.5485820356336144,0.3979201974496305,3.157236763695199,3.881364491689811,v1.0.0,v1.0.0
Justin McCareins,2673,WR,WR,2001,4.181919302310256,3.5347085910532487,0.6472107112570069,3.427351469680548,0.7545678326297076,3.3412170745622647,3.783338311010817,v1.0.0,v1.0.0
Jesse Palmer,2674,QB,QB,2001,1.8526840240530842,2.7227485232547073,-0.8700644992016231,3.4417497682421443,-1.58906574418906,2.308787011333653,3.0904253570228954,v1.0.0,v1.0.0
Curtis Fuller,2676,S,DB,2001,3.270741920076855,3.3920581766865783,-0.12131625660972345,3.37864129660959,-0.10789937653273496,3.2190084667715615,3.589617720798043,v1.0.0,v1.0.0
Brandon Manumaleuna,2678,TE,TE,2001,4.440779871573542,3.380360111534236,1.0604197600393062,3.3338795461519766,1.1069003254215657,2.813933977077431,3.8668221234713283,v1.0.0,v1.0.0
Shawn Worthen,2679,DT,IDL,2001,1.345801546169376,3.5066883640408046,-2.160886817871429,3.493286120368429,-2.147484574199053,3.268069943929764,3.769833351235385,v1.0.0,v1.0.0
Cedric James,2680,WR,WR,2001,1.5216626918475837,3.2970403955458853,-1.7753777036983016,3.2060737343037444,-1.6844110424561607,3.054232182397864,3.5035473403211905,v1.0.0,v1.0.0
Mario Fatafehi,2682,DT,IDL,2001,3.340141104103564,3.3465482559200974,-0.006407151816533396,3.237975682920524,0.10216542118303984,3.139671473766054,3.577897207509863,v1.0.0,v1.0.0
Vinny Sutherland,2685,WR,WR,2001,2.4907412797031414,3.3758581105379224,-0.885116830834781,3.3333131356392625,-0.842571855936121,3.157642182085778,3.613598053528881,v1.0.0,v1.0.0
Matt Lehr,2686,OG,OL,2001,3.721243132965228,3.5212250607159725,0.2000180722492555,3.421529618022755,0.2997135149424732,3.3499720787699436,3.693734789699049,v1.0.0,v1.0.0
Zeke Moreno,2688,ILB,LB,2001,3.695343292409548,3.518234873383113,0.17710841902643493,3.7587316244878073,-0.06338833207825934,3.186979396597653,3.8193662480475608,v1.0.0,v1.0.0
Alex Bannister,2689,WR,WR,2001,3.6516293448535895,3.1621822718663606,0.4894470729872289,3.1496063454673626,0.5020229993862269,2.806183835802121,3.4440700420331645,v1.0.0,v1.0.0
Billy Baber,2690,TE,TE,2001,3.0741435672906428,3.7775461854032186,-0.7034026181125759,3.608203790971704,-0.5340602236810614,3.4927110790056273,4.070564008966646,v1.0.0,v1.0.0
Jarrod Cooper,2692,S,DB,2001,4.034829715616245,3.855877446456078,0.17895226916016682,3.716827739050298,0.31800197656594653,3.6333820924200877,4.092150408573637,v1.0.0,v1.0.0
Marques Sullivan,2693,OT,OL,2001,2.863455195111033,3.4666807887022726,-0.6032255935912394,3.5385753246762217,-0.6751201295651885,3.2732872140117126,3.6483472420158938,v1.0.0,v1.0.0
Jerametrius Butler,2694,CB,DB,2001,3.8135566254054982,3.103109566888246,0.7104470585172522,3.027654426794055,0.7859021986114434,2.8936135714336433,3.2976596093174226,v1.0.0,v1.0.0
Tony Stewart,2696,TE,TE,2001,4.19480691045813,3.4291692582893023,0.7656376521688277,3.2145989104672137,0.9802079999909163,3.056502684715382,3.7217602801307432,v1.0.0,v1.0.0
Scotty Anderson,2697,WR,WR,2001,3.252169227988219,3.1002473242582305,0.15192190372998837,3.009312871413139,0.24285635657507987,2.8513437280594167,3.317971222817936,v1.0.0,v1.0.0
Mike McMahon,2698,QB,QB,2001,2.9660221540779412,3.246015685655997,-0.27999353157805595,3.370190497139741,-0.4041683430617997,2.793269369845572,3.749740189111251,v1.0.0,v1.0.0
Derrick Blaylock,2699,RB,RB,2001,3.57999730376674,3.335858936171564,0.24413836759517604,3.5370567867711196,0.04294051699562029,3.10597541416445,3.568472910742977,v1.0.0,v1.0.0
Raymond Walls,2701,CB,DB,2001,3.3358583827264905,3.1675164164619045,0.16834196626458597,3.0580265308072763,0.2778318519192142,2.895907825317403,3.370418712987995,v1.0.0,v1.0.0
Patrick Chukwurah,2706,OLB,EDGE,2001,3.8834224701360887,3.3406661620121834,0.5427563081239053,3.450569036412798,0.43285343372329077,3.0851844900949152,3.562122392344324,v1.0.0,v1.0.0
Eddie Berlin,2708,WR,WR,2001,3.705827390663973,3.5218511396675125,0.18397625099646042,3.4467526267383954,0.2590747639255775,3.3749398293534436,3.673892957757719,v1.0.0,v1.0.0
Hakim Akbar,2712,S,DB,2001,1.6770794524643968,3.477577317761397,-1.800497865297,3.433149184082506,-1.756069731618109,3.313246717578539,3.646795164185031,v1.0.0,v1.0.0
Michael Jameson,2714,S,DB,2001,3.3877233167187057,3.3445098803247504,0.04321343639395536,3.2755465407205486,0.11217677599815712,3.202581313923507,3.504787051946253,v1.0.0,v1.0.0
Cedrick Wilson,2718,WR,WR,2001,4.051713781778364,3.1613914666913088,0.8903223150870554,3.0552167177619936,0.9964970640163706,2.985094863237675,3.334347092060165,v1.0.0,v1.0.0
Daleroy Stewart,2720,DT,IDL,2001,3.131875632847984,3.3935296365559435,-0.2616540037079593,3.3767861089880973,-0.24491047614011308,3.149627276569378,3.63622577521686,v1.0.0,v1.0.0
Jason Glenn,2722,OLB,EDGE,2001,3.8997755338995894,3.328416790739795,0.5713587431597946,3.282464340842626,0.6173111930569632,3.0575700802900365,3.599314429652117,v1.0.0,v1.0.0
Jameel Cook,2723,FB,RB,2001,4.152896624380726,3.11010285638266,1.0427937679980661,3.1975583373222176,0.9553382870585083,2.738882073791827,3.3743455227894668,v1.0.0,v1.0.0
Rashad Holman,2728,CB,DB,2001,3.4461896705496162,3.614824179415213,-0.16863450886559672,3.4059975321219476,0.04019213842766867,3.3409953305922078,3.8557489405414627,v1.0.0,v1.0.0
Rodney Bailey,2730,DE,EDGE,2001,3.9312968613596864,3.5406231804892347,0.3906736808704516,3.3354020904109705,0.5958947709487159,3.2832501457202734,3.8430363715475626,v1.0.0,v1.0.0
Ellis Wyms,2732,DE,EDGE,2001,4.063977728230309,3.4354897445804764,0.6284879836498329,3.1568551552520545,0.9071225729782548,3.1952980995040394,3.708382633922553,v1.0.0,v1.0.0
Chris Cooper,2733,DE,EDGE,2001,3.866647345564772,3.6601329407020793,0.20651440486269257,3.552370235583549,0.31427710998122294,3.4785582399351505,3.8656381049932893,v1.0.0,v1.0.0
Mario Monds,2735,DT,IDL,2001,1.735795963476514,3.4184523479307036,-1.6826563844541895,3.3993975000892442,-1.6636015366127301,3.1659000686287295,3.681613422520426,v1.0.0,v1.0.0
Carey Scott,2738,CB,DB,2001,1.5216626918475837,3.1145730153337334,-1.5929103234861497,3.0580277993750244,-1.5363651075274407,2.7949532502829735,3.4161029598899386,v1.0.0,v1.0.0
Kevin Kasper,2739,WR,WR,2001,3.4011484169814743,3.9490217939573014,-0.547873376975827,3.750263348727614,-0.3491149317461395,3.650566951249589,4.298889270402891,v1.0.0,v1.0.0
Jason Doering,2742,S,DB,2001,3.460019979540351,3.488649402246355,-0.028629422706003993,3.3777125450230714,0.08230743451727962,3.2456040018689714,3.7587213433651177,v1.0.0,v1.0.0
Dan O'Leary,2744,TE,TE,2001,1.940930471343771,3.1050103885580325,-1.1640799172142615,3.2245332073988506,-1.2836027360550797,2.7566894488181917,3.4361811480565825,v1.0.0,v1.0.0
Jimmy Williams,2745,CB,DB,2001,3.8997755338995894,3.2032273054658824,0.696548228433707,3.063544097903066,0.8362314359965235,2.9599835143716056,3.476276614873627,v1.0.0,v1.0.0
David Martin,2747,WR,WR,2001,4.22307223321896,3.4839652930516336,0.7391069401673263,3.4151300121502253,0.8079422210687346,3.1524772585839145,3.738890794892675,v1.0.0,v1.0.0
Leonard Myers,2749,CB,DB,2001,2.4507728289107145,3.3617015110284902,-0.9109286821177758,3.2333524296246745,-0.78257960071396,3.191847722136499,3.5239545212095478,v1.0.0,v1.0.0
Renaldo Hill,2751,CB,DB,2001,4.367034202021414,3.255906102806841,1.1111280992145733,3.128098851406588,1.2389353506148262,3.058483347905794,3.44770369082908,v1.0.0,v1.0.0
Paul Zukauskas,2752,OG,OL,2001,3.087790945227789,3.214177288375007,-0.12638634314721786,3.45717119472278,-0.36938024949499093,3.0405124727613173,3.3876767197675437,v1.0.0,v1.0.0
Harold Blackmon,2759,CB,DB,2001,1.8158181812103182,3.555296467565597,-1.739478286355279,3.5022697619949166,-1.6864515807845983,3.452581442543301,3.682424870634557,v1.0.0,v1.0.0
Shaunard Harts,2761,S,DB,2001,3.5479840389742314,3.3777108996562117,0.17027313931801968,3.300617101600777,0.2473669373734544,3.169098079584988,3.6008733924253438,v1.0.0,v1.0.0
Anthony Denman,2762,ILB,LB,2001,3.064574191536438,3.22886905449026,-0.16429486295382167,3.3337397065078713,-0.26916551497143315,2.9338283642714433,3.4928154487873275,v1.0.0,v1.0.0
Reggie Germany,2763,WR,WR,2001,2.6554775013275047,3.327294165323538,-0.6718166639960335,3.348095019538897,-0.6926175182113923,3.103273630387099,3.556185736926678,v1.0.0,v1.0.0
Owen Pochman,2765,K,ST,2001,2.3124415619933303,3.1227107505793934,-0.8102691885860631,2.904860685874663,-0.5924191238813328,2.719788030619541,3.6119097789526196,v1.0.0,v1.0.0
Tupe Peko,2766,C,OL,2001,2.2560511899300453,3.29652614159212,-1.0404749516620746,3.1783221328685025,-0.9222709429384572,3.0512063806141203,3.511887093717893,v1.0.0,v1.0.0
Kynan Forney,2768,OG,OL,2001,2.6554775013275047,3.3091937881973337,-0.653716286869829,3.2915646053738445,-0.6360871040463398,3.052255115156643,3.5249781034769256,v1.0.0,v1.0.0
Rick DeMulling,2769,OG,OL,2001,3.7363017214982253,3.569234266842905,0.16706745465532036,3.542788175661096,0.1935135458371291,3.42158718806873,3.697903188493565,v1.0.0,v1.0.0
Eric Johnson,2773,S,DB,2000,3.7932724710864165,3.641229390314346,0.15204308077207074,3.5463624089472474,0.2469100621391691,3.5083488190729235,3.789815182159637,v1.0.0,v1.0.0
Mike Roberg,2776,TE,TE,2001,2.273490858124716,3.465926035387005,-1.192435177262289,3.425172670516277,-1.151681812391561,3.1645281989505407,3.6988317393587766,v1.0.0,v1.0.0
Derek Combs,2777,RB,RB,2001,2.2332680792706037,3.1449232920881185,-0.9116552128175148,3.4656112381309256,-1.232343158860322,2.8322634347384024,3.500240183198677,v1.0.0,v1.0.0
Ken-Yon Rambo,2778,WR,WR,2001,3.1102069596740494,3.4374895213847494,-0.3272825617107,3.4580396159188216,-0.3478326562447722,3.212924447697661,3.668980302533523,v1.0.0,v1.0.0
Ross Kolodziej,2779,DE,EDGE,2001,3.535238532571787,3.796769559188637,-0.2615310266168498,3.574453007619784,-0.0392144750479968,3.6542252069365233,3.9435919011103726,v1.0.0,v1.0.0
Keith Adams,2781,OLB,EDGE,2001,4.02448466966741,2.8695146709603505,1.1549699987070592,3.3821876677561464,0.6422970019112633,2.431762215230757,3.264657741189254,v1.0.0,v1.0.0
Marlon McCree,2782,S,DB,2001,4.155857905129035,3.3882570468180138,0.7676008583110212,3.299336970318287,0.8565209348107481,3.134736744639281,3.6267466874124397,v1.0.0,v1.0.0
Joe Tafoya,2783,DE,EDGE,2001,3.866647345564772,3.3391279772252767,0.5275193683394952,3.3659923269130636,0.5006550186517083,3.1167452211424123,3.5749163647210622,v1.0.0,v1.0.0
Quentin McCord,2785,WR,WR,2001,2.912610282873049,3.407023863041315,-0.4944135801682661,3.2480500080158636,-0.3354397251428147,3.1481534640619446,3.6285123613010213,v1.0.0,v1.0.0
T.J. Turner,2788,ILB,LB,2001,0.9146634597162007,3.4522825335084852,-2.5376190737922846,3.6610063080461703,-2.7463428483299697,2.973799311438336,3.99338825123801,v1.0.0,v1.0.0
Robert Carswell,2793,S,DB,2001,2.6554775013275047,3.532516333297034,-0.8770388319695295,3.550876785763435,-0.8953992844359302,3.3364026471731187,3.736716191740846,v1.0.0,v1.0.0
Andre King,2794,WR,WR,2001,3.4172722487377465,3.323887477004619,0.09338477173312754,3.279307491751934,0.13796475698581245,3.087308969250247,3.5099373251825634,v1.0.0,v1.0.0
Justin Simmons,2969860,S,DB,2016,4.310904045766452,3.8701084374886374,0.4407956082778144,3.712192715204446,0.598711330562006,3.6899788519821577,4.068245843632122,v1.0.0,v1.0.0
Ronald Darby,2969920,CB,DB,2015,4.251732810291145,3.654160022881667,0.5975727874094781,3.570231188465443,0.681501621825702,3.5025126215062867,3.8114318285792796,v1.0.0,v1.0.0
Mario Edwards Jr.,2969921,DE,EDGE,2015,4.389155725738767,3.6433277993042945,0.7458279264344729,3.4710169223456524,0.918138803393115,3.467695998788137,3.8282099736878905,v1.0.0,v1.0.0
Eddie Goldman,2969924,DT,IDL,2015,4.1646616514490775,3.4376967421086166,0.7269649093404609,3.443530609737149,0.7211310417119283,3.2352143924492243,3.6608254302795666,v1.0.0,v1.0.0
Jameis Winston,2969939,QB,QB,2015,4.216548522071962,2.593620380080297,1.622928141991665,3.2795931347952614,0.9369553872767007,2.22058708504882,2.9387748080231604,v1.0.0,v1.0.0
Deon Bush,2969944,S,DB,2016,4.140608864647747,3.3410667997021544,0.7995420649455922,3.2241217723044002,0.9164870923433464,3.1619215805476273,3.5096630044701813,v1.0.0,v1.0.0
Ereck Flowers,2969952,OT,OL,2015,3.67872693334414,3.427150733336016,0.25157620000812386,3.689221863122276,-0.010494929778136264,3.2116282804381444,3.6983691746342293,v1.0.0,v1.0.0
Danny Isidora,2969959,OG,OL,2017,2.586733052501921,3.4514048213532242,-0.864671768851303,3.4335071607789365,-0.8467741082770153,3.1792737812961755,3.6900770759897648,v1.0.0,v1.0.0
Rayshawn Jenkins,2969961,S,DB,2017,4.334629307209144,3.5087362042909165,0.8258931029182275,3.4477433400815674,0.8868859671275766,3.32883587270672,3.672964270528706,v1.0.0,v1.0.0
Duke Johnson,2969962,RB,RB,2015,4.077449713066436,3.2154578926436574,0.8619918204227783,3.085115150229464,0.9923345628369717,3.0234588188011533,3.422988055881927,v1.0.0,v1.0.0
Sheldon Rankins,2970204,DT,IDL,2016,4.329205346513472,3.5091988508712464,0.8200064956422257,3.54334240594425,0.7858629405692219,3.2711617291089743,3.777816328083554,v1.0.0,v1.0.0
Eric Murray,2970716,CB,DB,2016,4.343650385423533,3.6318497224060793,0.711800663017454,3.5408874639779366,0.8027629214455967,3.4911993241144557,3.74821084181269,v1.0.0,v1.0.0
Maxx Williams,2970726,TE,TE,2015,3.9609376305243957,3.3518566244630397,0.6090810060613561,3.351387785480394,0.6095498450440018,3.1165111784069737,3.5779752272115246,v1.0.0,v1.0.0
Ricardo Louis,2971023,WR,WR,2016,3.173159346567495,3.280337359344414,-0.10717801277691885,3.4532126560524126,-0.28005330948491736,3.041801912013262,3.4752257542361282,v1.0.0,v1.0.0
D.J. Humphries,2971048,OT,OL,2015,2.759613832938619,3.543368455553585,-0.7837546226149663,3.5122458191774486,-0.7526319862388298,3.420779161362405,3.657418793565103,v1.0.0,v1.0.0
Antonio Morrison,2971051,ILB,LB,2016,3.460019979540351,3.1664649112534518,0.29355506828689926,3.261620331256008,0.19839964828434287,2.8903257149203956,3.449759347788734,v1.0.0,v1.0.0
Arik Armstead,2971275,DE,EDGE,2015,4.42490356497461,3.5433081004837215,0.8815954644908883,3.351196887452083,1.0737066775225266,3.3080190782050343,3.777183695519212,v1.0.0,v1.0.0
Deforest Buckner,2971282,DE,EDGE,2016,4.4114200421344,3.548712454451137,0.8627075876832628,3.1945542324406233,1.2168658096937763,3.3074496997072385,3.8365630712235825,v1.0.0,v1.0.0
Will Redmond,2971364,CB,DB,2016,3.1817213513599807,3.324776513670699,-0.14305516231071813,3.2860520059929716,-0.10433065463299096,3.171400982628638,3.4557145420266995,v1.0.0,v1.0.0
Evan Boehm,2971418,C,OL,2016,3.016898604757071,3.3985550813292313,-0.3816564765721604,3.432167476422083,-0.4152688716650119,3.174587439286712,3.5868501648973696,v1.0.0,v1.0.0
Markus Golden,2971432,OLB,EDGE,2015,4.3157188825970625,3.4420708978511234,0.8736479847459391,3.318626571060085,0.9970923115369774,3.2532841106287527,3.6574470054189314,v1.0.0,v1.0.0
Dorial Green-Beckham,2971433,WR,WR,2015,3.1528451932898274,3.326164382735234,-0.1733191894454067,3.566629052215476,-0.41378385892564884,3.0738087514909296,3.5758473091760115,v1.0.0,v1.0.0
D.J. White,2971478,CB,DB,2016,2.3124415619933303,3.304061341334845,-0.9916197793415149,3.2398026389170647,-0.9273610769237344,3.112233329002583,3.527888270816091,v1.0.0,v1.0.0
Adam Gotsis,2971498,DT,IDL,2016,4.2761629533782335,3.442961176811139,0.8332017765670945,3.3684244589671613,0.9077384944110722,3.198237916082495,3.682958288681514,v1.0.0,v1.0.0
Derrick Kindred,2971550,S,DB,2016,3.3877233167187057,3.409727452581362,-0.02200413586265615,3.3194905645819346,0.06823275213677116,3.2254817401661273,3.593020445845125,v1.0.0,v1.0.0
Paul Dawson,2971555,ILB,LB,2015,2.4507728289107145,3.234836348123646,-0.7840635192129315,3.047816766277139,-0.5970439373664247,2.8578093733419356,3.675160473835071,v1.0.0,v1.0.0
Halapoulivaati Vaitai,2971557,OT,OL,2016,3.726301524252564,3.1272326040780976,0.5990689201744663,3.2922794059636478,0.4340221182889161,2.87764979110625,3.349550110210969,v1.0.0,v1.0.0
Conor McDermott,2971584,OT,OL,2017,2.6469482242548565,3.314199846890533,-0.6672516226356766,3.3666287080095048,-0.7196804837546482,3.1454005959407647,3.513538874025396,v1.0.0,v1.0.0
Fabian Moreau,2971586,CB,DB,2017,4.2606860317273165,3.5739506489379864,0.6867353827893301,3.4823883448707944,0.7782976868565221,3.3933030516692955,3.815101771721151,v1.0.0,v1.0.0
Jordan Payton,2971588,WR,WR,2016,1.345801546169376,3.182047006687574,-1.836245460518198,3.2484387790396116,-1.9026372328702357,3.030212289536602,3.3572182129555936,v1.0.0,v1.0.0
Paul Perkins,2971589,RB,RB,2016,3.0741435672906428,3.217273142531571,-0.1431295752409283,3.2269170399911404,-0.15277347270049768,3.0129373083639766,3.431432827549035,v1.0.0,v1.0.0
Kevon Seymour,2971603,CB,DB,2016,3.805340138153295,3.3881214101948594,0.41721872795843584,3.323983124447648,0.4813570137056473,3.1830334784290346,3.6066608098444566,v1.0.0,v1.0.0
Josh Shaw,2971605,CB,DB,2015,3.6418404671474622,3.6353833715736026,0.00645709557385965,3.6020243982731834,0.0398160688742788,3.455303240530829,3.8313423433945735,v1.0.0,v1.0.0
Nelson Agholor,2971618,WR,WR,2015,4.4027820412572565,3.484281800681932,0.9185002405753244,3.557876216569827,0.8449058246874293,3.242828358080783,3.709786623477861,v1.0.0,v1.0.0
Leonard Williams,2971622,DT,IDL,2015,4.587532901452685,3.455381459649406,1.1321514418032792,3.379096748674396,1.2084361527782894,3.2595613206493557,3.6503459371966023,v1.0.0,v1.0.0
Brian Allen,2971632,CB,DB,2017,2.511483348890144,3.6263888673938856,-1.1149055185037415,3.6543480883743835,-1.1428647394842395,3.442992319872068,3.8327184359621955,v1.0.0,v1.0.0
Malcom Brown,2971698,DT,IDL,2015,4.109103976423055,3.625169412576954,0.48393456384610056,3.554833279845506,0.5542706965775488,3.4050281051775086,3.839256526844732,v1.0.0,v1.0.0
Hassan Ridgeway,2971725,DT,IDL,2016,3.952912837239901,3.3168606509195855,0.6360521863203155,3.289563915654439,0.6633489215854618,3.0451927590772643,3.564586930088808,v1.0.0,v1.0.0
Nick Vigil,2971816,ILB,LB,2016,4.200559160388169,3.541415266527837,0.6591438938603318,3.5125598760328,0.6879992843553686,3.2192440415153225,3.8064688817816745,v1.0.0,v1.0.0
Vernon Butler,2971883,DT,IDL,2016,3.9024903947094387,3.528561046208596,0.3739293485008428,3.386761841133927,0.5157285535755118,3.3439394501788695,3.712303490198158,v1.0.0,v1.0.0
Kenneth Dixon,2971888,RB,RB,2016,2.6469482242548565,3.4084588267235363,-0.7615106024686797,3.5029772527126424,-0.8560290284577858,3.2566667829475104,3.5514618375032523,v1.0.0,v1.0.0
Lorenzo Doss,2972135,CB,DB,2015,1.735795963476514,3.2587252830344635,-1.5229293195579494,3.196744550234699,-1.4609485867581848,3.0982037044547077,3.4556663400996164,v1.0.0,v1.0.0
Nathan Peterman,2972236,QB,QB,2017,2.293414448330075,2.8749151872444725,-0.5815007389143974,3.3262015080420735,-1.0327870597119984,2.6241423886066015,3.1308067714287504,v1.0.0,v1.0.0
Trae Williams,2972282,CB,DB,2008,0.9146634597162007,3.182645022839569,-2.267981563123368,3.0660418410162253,-2.1513783813000247,2.9631289139799377,3.427492821707347,v1.0.0,v1.0.0
Brandon Williams,2972286,CB,DB,2016,3.5479840389742314,3.5768980113420223,-0.02891397236779092,3.5528168335285524,-0.004832794554320952,3.403415529215157,3.754086089586137,v1.0.0,v1.0.0
Germain Ifedi,2972304,OT,OL,2016,3.1528451932898274,3.3215560670260684,-0.16871087373624105,3.450895555049905,-0.2980503617600778,3.0561353202836394,3.599001931123514,v1.0.0,v1.0.0
Will Holden,2972351,OT,OL,2017,1.8158181812103182,3.201659013971394,-1.3858408327610758,3.3217357476057323,-1.505917566395414,2.9541606192866343,3.424945327077333,v1.0.0,v1.0.0
Stephen Weatherly,2972362,OLB,EDGE,2016,3.903800314560738,3.4512743913998873,0.4525259231608505,3.4045819586167383,0.49921835594399955,3.1838327520758716,3.69243650928782,v1.0.0,v1.0.0
Breshad Perriman,2972460,WR,WR,2015,3.9271769059518293,3.421201651596639,0.5059752543551905,3.126525054972633,0.8006518509791962,3.1735760458109192,3.623858363694713,v1.0.0,v1.0.0
Kavon Frazier,2972505,S,DB,2016,3.6738537319399707,3.6947223309431187,-0.02086859900314808,3.6875556600984796,-0.013701928158508903,3.5306100021510325,3.88299249975461,v1.0.0,v1.0.0
Treyvon Hester,2973027,DT,IDL,2017,3.372246395067789,2.955114647708333,0.4171317473594556,3.0373914829068718,0.334854912160917,2.6818192507309853,3.258411744641533,v1.0.0,v1.0.0
Taylor Moton,2973051,OT,OL,2017,3.886288019452854,3.47119549850331,0.41509252094954396,3.575743886908519,0.31054413254433477,3.34370802623861,3.573459662351146,v1.0.0,v1.0.0
Corey Levin,2973637,OG,OL,2017,3.372246395067789,3.331586203974118,0.040660191093670583,3.468116551633561,-0.09587015656577202,3.222143660032491,3.4418008267590694,v1.0.0,v1.0.0
Obi Melifonwu,2974247,S,DB,2017,1.735795963476514,3.651296018740963,-1.9155000552644488,3.638667817654143,-1.9028718541776288,3.384844824184257,3.937069008460659,v1.0.0,v1.0.0
Andy Janovich,2974317,FB,RB,2016,3.875089022657199,3.3236691078614786,0.5514199147957202,3.4286053969692425,0.4464836256879563,2.9331694908639228,3.607859724959347,v1.0.0,v1.0.0
Avery Moss,2974324,DE,EDGE,2017,2.863455195111033,3.7249913912902537,-0.8615361961792205,3.3958617662286352,-0.532406571117602,3.5461513727983864,3.9018502986692183,v1.0.0,v1.0.0
Vincent Valentine,2974333,DT,IDL,2016,2.523550556078262,3.246570949563583,-0.7230203934853212,3.411703493308958,-0.888152937230696,2.9291498528520616,3.533342671113374,v1.0.0,v1.0.0
Dean Lowry,2974348,DE,EDGE,2016,4.301166035916301,3.853565416118419,0.44760061979788235,3.616376799583541,0.6847892363327603,3.7183149856899256,4.010771639078552,v1.0.0,v1.0.0
Ifeadi Odenigbo,2974353,DE,EDGE,2017,3.705827390663973,3.6461860261184205,0.05964136454555247,3.399502808267688,0.306324582396285,3.4438514982201145,3.8364767802928714,v1.0.0,v1.0.0
Harlan Miller,2974631,CB,DB,2016,1.735795963476514,2.972804748638751,-1.237008785162237,2.935521196560853,-1.1997252330843389,2.704160801333627,3.2444574580647845,v1.0.0,v1.0.0
Kenny Golladay,2974858,WR,WR,2017,3.840643878065867,3.4408627923262802,0.3997810857395869,3.603660027479909,0.23698385058595806,3.253439968581763,3.6194995086712933,v1.0.0,v1.0.0
Eric Saubert,2975863,TE,TE,2017,4.156122727562065,3.2534717059162803,0.9026510216457844,2.9856917314638944,1.1704309960981703,2.840478631985625,3.6141205299337327,v1.0.0,v1.0.0
Damontae Kazee,2976099,CB,DB,2017,4.140914718282981,3.270922073774246,0.8699926445087351,3.1139303945972694,1.0269843236857117,3.099594882057464,3.4710018111190646,v1.0.0,v1.0.0
Chase Roullier,2976182,C,OL,2017,3.4954301761653195,3.3244477955400495,0.17098238062526994,3.4082258919342867,0.08720428423103277,3.116277694541873,3.5291323323434765,v1.0.0,v1.0.0
Sheldon Day,2976194,DT,IDL,2016,4.127925535402419,3.500115751001542,0.6278097844008768,3.4967246247065753,0.6312009106958434,3.2425538038013846,3.747964742628226,v1.0.0,v1.0.0
Sean Davis,2976210,CB,DB,2016,3.726301524252564,3.8337519237028985,-0.10745039945033463,3.7479092062051627,-0.021607681952598767,3.684217729708449,3.9929186442740603,v1.0.0,v1.0.0
Stefon Diggs,2976212,WR,WR,2015,4.47508925236539,3.2448046725464996,1.23028457981889,3.2401219131280716,1.234967339237318,3.0753914334050503,3.4560348225479047,v1.0.0,v1.0.0
Tavon Young,2976244,CB,DB,2016,3.535238532571787,3.672143315313259,-0.136904782741472,3.4932006962279076,0.04203783634387959,3.4956185445197376,3.8317659580809527,v1.0.0,v1.0.0
Tyler Matakevich,2976249,OLB,EDGE,2016,4.3392721840921915,3.3187054677500836,1.020566716342108,3.279840111827719,1.0594320722644723,3.09803060054152,3.560540745638274,v1.0.0,v1.0.0
Nate Hairston,2976259,CB,DB,2017,3.6796400525393627,3.3575040230894992,0.3221360294498634,3.2883035816916633,0.3913364708476994,3.205201771134753,3.5013484297535924,v1.0.0,v1.0.0
Matt Ioannidis,2976263,DT,IDL,2016,3.973903605135485,3.5725155384175564,0.40138806671792837,3.412163807518231,0.5617397976172538,3.3676596784105493,3.773132216617785,v1.0.0,v1.0.0
Taylor Decker,2976292,OT,OL,2016,3.4954301761653195,3.3645025455150264,0.13092763065029311,3.44336096321102,0.05206921295429945,3.206891087820497,3.505817499773445,v1.0.0,v1.0.0
Pat Elflein,2976295,C,OL,2017,3.2598253492339597,3.177209314059912,0.08261603517404792,3.2716089019771597,-0.011783552743199976,2.9924348679559154,3.3084255323215745,v1.0.0,v1.0.0
Cardale Jones,2976299,QB,QB,2016,0.6417787318052229,2.426284843707861,-1.7845061119026377,3.4594567055228755,-2.8176779737176525,1.5639513320930944,3.51471701704239,v1.0.0,v1.0.0
Joshua Perry,2976306,ILB,LB,2016,2.5844329182448638,3.4003320759891187,-0.8158991577442549,3.4315981638655595,-0.8471652456206957,3.1428293210120453,3.732036456032033,v1.0.0,v1.0.0
Noah Spence,2976313,DE,EDGE,2016,3.3883443891304488,3.4976654848694517,-0.10932109573900295,3.4236147096076124,-0.03527032047716361,3.3590023305997248,3.660240950849826,v1.0.0,v1.0.0
Michael Thomas,2976316,WR,WR,2016,3.9509600467828196,3.313564493059142,0.6373955537236777,3.55931582111239,0.3916442256704298,3.1199128101935054,3.5502007343190245,v1.0.0,v1.0.0
Adolphus Washington,2976317,DT,IDL,2016,3.3149766711861153,3.373594802220521,-0.05861813103440561,3.2491886625082174,0.06578800867789791,3.1322662302823048,3.593476280072768,v1.0.0,v1.0.0
Ryan Anderson,2976495,OLB,EDGE,2017,3.6516293448535895,3.4626213703142894,0.18900797453930007,3.3425905902394715,0.309038754614118,3.3084080989055416,3.636286663195012,v1.0.0,v1.0.0
Amari Cooper,2976499,WR,WR,2015,4.482473550617272,3.5120348629435063,0.9704386876737661,3.558438311259946,0.9240352393573263,3.3097045400183793,3.734006043939273,v1.0.0,v1.0.0
T.J. Yeldon,2976516,RB,RB,2015,3.7141265512975705,3.306148121703538,0.40797842959403274,3.5238422536349328,0.19028429766263777,3.066919296101617,3.4886167639919914,v1.0.0,v1.0.0
Jalen Mills,2976540,S,DB,2016,4.291622625435735,3.588005912933065,0.7036167125026696,3.4499959519149934,0.8416266735207412,3.4547179788954177,3.7141391174527776,v1.0.0,v1.0.0
Kwon Alexander,2976541,OLB,EDGE,2015,4.248984391819957,3.505807905672361,0.743176486147596,3.500264632843085,0.7487197589768719,3.386918295786214,3.643353303080568,v1.0.0,v1.0.0
Deion Jones,2976545,OLB,EDGE,2016,4.304393173735203,2.905536206075044,1.3988569676601594,3.0356319482122767,1.2687612255229266,2.686473337924295,3.163607327906136,v1.0.0,v1.0.0
Danielle Hunter,2976560,DE,EDGE,2015,4.4199447544849875,3.637672469790097,0.7822722846948906,3.6178823314807573,0.8020624230042301,3.4387104787732445,3.8812594058670156,v1.0.0,v1.0.0
Sterling Shepard,2976592,WR,WR,2016,4.246224302747013,3.354929518684507,0.8912947840625058,3.4706008230429566,0.7756234797040564,3.114429766448803,3.5744696026827856,v1.0.0,v1.0.0
Zack Sanchez,2976596,CB,DB,2016,1.5216626918475837,3.3134049433078814,-1.7917422514602976,3.253920048927004,-1.7322573570794204,3.1432507640230245,3.4920733107584927,v1.0.0,v1.0.0
Charles Tapper,2976623,DE,EDGE,2016,0.9146634597162007,3.5272319685128597,-2.612568508796659,3.4622343601566516,-2.547570900440451,3.248806903001667,3.7789272078214142,v1.0.0,v1.0.0
KJ Dillon,2976629,S,DB,2016,1.5216626918475837,3.5638150955710044,-2.0421524037234207,3.597036087059151,-2.0753733952115674,3.2580229755632026,3.8747945034418523,v1.0.0,v1.0.0
Mark Glowinski,2976632,OG,OL,2015,3.695343292409548,3.475826729319101,0.21951656309044676,3.5267862349255985,0.16855705748394945,3.369221970360661,3.6112231372185355,v1.0.0,v1.0.0
Karl Joseph,2976639,S,DB,2016,3.765740956740437,3.4714427563248593,0.29429820041557786,3.3775177218469503,0.38822323489348687,3.2952457796394072,3.6497783975753477,v1.0.0,v1.0.0
Cooper Kupp,2977187,WR,WR,2017,4.239459655794183,3.2589298435831697,0.9805298122110129,3.311267507919908,0.9281921478742747,3.0280814944385996,3.488175331750257,v1.0.0,v1.0.0
Devin Funchess,2977609,WR,WR,2015,3.705827390663973,3.4040596248417025,0.3017677658222704,3.395783488155201,0.310043902508772,3.1401977242301276,3.648321620795486,v1.0.0,v1.0.0
Chris Wormley,2977615,DT,IDL,2017,4.067572935326168,3.120299933943213,0.9472730013829547,3.180145558168607,0.8874273771575609,2.8121352109112814,3.3985089453774338,v1.0.0,v1.0.0
Willie Henry,2977625,DT,IDL,2016,2.586733052501921,3.578997864031556,-0.9922648115296346,3.5486642006460087,-0.9619311481440875,3.4847615520759714,3.6738678509018956,v1.0.0,v1.0.0
Amara Darboh,2977629,WR,WR,2017,2.6554775013275047,3.316142911656298,-0.6606654103287934,3.434143050164052,-0.7786655488365475,3.1249783878609207,3.4943910542224037,v1.0.0,v1.0.0
Jehu Chesson,2977631,WR,WR,2017,2.9599211317095553,3.3301487429471477,-0.3702276112375924,3.5498660261794863,-0.589944894469931,3.0523913651471966,3.586664007014049,v1.0.0,v1.0.0
Ryan Glasgow,2977635,DT,IDL,2017,2.8946014468858334,3.406753062068893,-0.5121516151830594,3.4464916922747957,-0.5518902453889623,3.1674172775520555,3.5793734001929827,v1.0.0,v1.0.0
Todd Gurley,2977644,RB,RB,2015,3.961360022832677,3.4898189786207237,0.4715410442119534,3.5798631735398065,0.38149684929287053,3.3051926204254194,3.6725867439679107,v1.0.0,v1.0.0
Josh Harvey-Clemons,2977645,S,DB,2017,3.270741920076855,3.207653900267178,0.06308801980967704,3.0739621622360485,0.19677975784080637,2.908526784569516,3.5296765354869644,v1.0.0,v1.0.0
Jordan Jenkins,2977647,OLB,EDGE,2016,3.9235586747305797,3.2807341238180903,0.6428245509124895,3.2841481277186397,0.63941054701194,3.0498544405554897,3.521222680672952,v1.0.0,v1.0.0
P.J. Williams,2977661,CB,DB,2015,3.996064842508419,3.40132653421306,0.594738308295359,3.30051965163287,0.6955451908755492,3.234513600395016,3.5870572165886676,v1.0.0,v1.0.0
D.J. Reader,2977670,DT,IDL,2016,4.35310509757508,3.660318445148872,0.6927866524262076,3.4439591117279935,0.9091459858470863,3.47724538212538,3.8426183560531135,v1.0.0,v1.0.0
Shaq Lawson,2977679,DE,EDGE,2016,4.152896624380726,3.834085591883999,0.3188110324967268,3.424906705949572,0.7279899184311538,3.664945949305448,4.010105412296681,v1.0.0,v1.0.0
Bradley Pinion,2977680,P,ST,2015,4.543774794788044,3.6408192723473043,0.90295552244074,3.33647273182556,1.2073020629624844,2.7458938511472537,4.291224048517209,v1.0.0,v1.0.0
Carlos Watkins,2977681,DT,IDL,2017,3.9996395364235564,3.1299224906937395,0.8697170457298169,3.243302068964985,0.7563374674585712,2.8869486319474844,3.4269882949218475,v1.0.0,v1.0.0
Kevin Dodd,2977682,DE,EDGE,2016,2.586733052501921,3.6687631185437457,-1.0820300660418245,3.4236370424740685,-0.8369039899721473,3.502918736853543,3.8711879199654633,v1.0.0,v1.0.0
Emmanuel Ogbah,2977740,DE,EDGE,2016,4.343650385423533,3.905452169697732,0.43819821572580153,3.5341235988824455,0.8095267865410878,3.717305418724798,4.059269787495219,v1.0.0,v1.0.0
Anthony Brown,2977756,CB,DB,2016,4.031399628500696,3.5404201201281476,0.4909795083725488,3.566954102322912,0.46444552617778445,3.3758538431869747,3.720777502259096,v1.0.0,v1.0.0
Vince Biegel,2977798,OLB,EDGE,2017,3.438250473750448,3.71738577559057,-0.27913530184012236,3.523296850025578,-0.08504637627513034,3.5998094306528814,3.8521931303213766,v1.0.0,v1.0.0
Joe Schobert,2977819,OLB,EDGE,2016,4.064912204782848,3.504350472140412,0.5605617326424359,3.4547512226379506,0.6101609821448974,3.3767727949432613,3.654794369758262,v1.0.0,v1.0.0
Paxton Lynch,2977881,QB,QB,2016,1.4639229141164507,3.0915408564612616,-1.627617942344811,3.5086225915356795,-2.0446996774192288,2.59961073192507,3.5869758697378233,v1.0.0,v1.0.0
Isaac Seumalo,2978247,OG,OL,2016,3.466826324454093,3.2304435233425295,0.23638280111156362,3.342034479107365,0.12479184534672827,3.0643067673188007,3.4278522241848832,v1.0.0,v1.0.0
Blake Martinez,2978273,ILB,LB,2016,3.9920813117267295,3.5760632637768945,0.416018047949835,3.4687036137693417,0.5233776979573879,3.3529263222213137,3.7884016767671693,v1.0.0,v1.0.0
Kyle Murphy,2978275,OT,OL,2016,1.1451351194023418,3.2750581376779886,-2.1299230182756466,3.4944803555239465,-2.3493452361216045,3.060083133535299,3.4752654583246576,v1.0.0,v1.0.0
Andrus Peat,2978278,OT,OL,2015,3.2119768491235505,3.3456564306246976,-0.13367958150114712,3.3336823942932607,-0.12170554516971022,3.1844612512375456,3.516131461597965,v1.0.0,v1.0.0
Shaq Thompson,2978313,OLB,EDGE,2015,4.360992475842469,3.493878426897444,0.8671140489450249,3.3523081410900035,1.0086843347524654,3.3129259629222854,3.7217998571424276,v1.0.0,v1.0.0
Jerell Adams,2978727,TE,TE,2016,3.1102069596740494,3.5552286544281966,-0.4450216947541472,3.3324348641588823,-0.22222790448483298,3.2904272639014205,3.8019753586129896,v1.0.0,v1.0.0
Roberto Aguayo,2978887,K,ST,2016,2.6554775013275047,3.573415976800538,-0.9179384754730333,3.329565167221304,-0.6740876658937993,3.2243987566656,4.0461223767985075,v1.0.0,v1.0.0
Corey Coleman,2978929,WR,WR,2016,2.995843821087393,3.3219327390899744,-0.32608891800258144,3.3773451969557287,-0.38150137586833566,3.0920968548595784,3.512931659178341,v1.0.0,v1.0.0
Xavien Howard,2978935,CB,DB,2016,4.146858912802384,3.399784610249617,0.7470743025527669,3.315034455601334,0.83182445720105,3.23627020234209,3.551952341475397,v1.0.0,v1.0.0
Tevin Coleman,2979477,RB,RB,2015,4.057135559788768,3.58632753530619,0.4708080244825781,3.585142276961066,0.47199328282770203,3.341766683683156,3.812849205561336,v1.0.0,v1.0.0
Jason Spriggs,2979499,OT,OL,2016,2.8099036795300227,3.692626317882643,-0.8827226383526203,3.622630077083118,-0.8127263975530954,3.512224115394129,3.8960923498678266,v1.0.0,v1.0.0
Nate Sudfeld,2979501,QB,QB,2016,1.5586989899733303,2.2856518852720953,-0.726952895298765,3.159924676055887,-1.6012256860825567,1.7597888381197249,2.8949931747565394,v1.0.0,v1.0.0
C.J. Beathard,2979520,QB,QB,2017,3.0356456795305733,2.1053192257878566,0.9303264537427167,2.78780856135933,0.2478371181712431,1.6806435467918683,2.691600065647832,v1.0.0,v1.0.0
Jaleel Johnson,2979523,DT,IDL,2017,4.006868415311845,3.419053192783093,0.5878152225287523,3.3756283303670136,0.6312400849448316,3.1326019546862804,3.6782920813571858,v1.0.0,v1.0.0
Aaron Burbridge,2979533,WR,WR,2016,2.6554775013275047,3.09650174001806,-0.4410242386905554,3.3283806784542653,-0.6729031771267606,2.8341303652451106,3.3649514536710106,v1.0.0,v1.0.0
Jack Conklin,2979534,OT,OL,2016,3.840643878065867,3.6134668192594184,0.22717705880644878,3.6232678564904957,0.2173760215753715,3.481639717925381,3.7621019136002967,v1.0.0,v1.0.0
Jesse James,2979590,TE,TE,2015,4.0842205551518935,3.484223042674034,0.5999975124778594,3.4088684611707936,0.6753520939811,3.0573279174124104,3.8616687512583527,v1.0.0,v1.0.0
Austin Johnson,2979591,DT,IDL,2016,4.38515384221478,3.5404508588658308,0.8447029833489497,3.3278089869913634,1.057344855223417,3.2745370265797167,3.7476660799322126,v1.0.0,v1.0.0
Jordan Lucas,2979595,S,DB,2016,3.5222380992124513,3.412277822741453,0.10996027647099815,3.369003311925501,0.15323478728695017,3.256479132433267,3.5597419115732363,v1.0.0,v1.0.0
Eli Harold,2979652,OLB,EDGE,2015,3.6633300276170395,3.7138062917140093,-0.050476264096969814,3.415313575335053,0.24801645228198632,3.5553983205186586,3.8926402638831723,v1.0.0,v1.0.0
Maurice Canady,2979655,CB,DB,2016,3.475514709963917,3.525000364323903,-0.049485654359985976,3.4783132405671218,-0.002798530603204785,3.406601136350466,3.640622672143118,v1.0.0,v1.0.0
Landon Collins,2979841,S,DB,2015,4.097148190238399,3.330056504014552,0.7670916862238468,3.3272503780412928,0.7698978121971063,3.0424875324620535,3.596303546841729,v1.0.0,v1.0.0
Kenyan Drake,2979843,RB,RB,2016,4.149921790812908,3.306657637370246,0.8432641534426617,3.4600072983147303,0.6899144924981773,3.054853848638001,3.598817604004984,v1.0.0,v1.0.0
Cyrus Jones,2979849,CB,DB,2016,3.3149766711861153,3.6036993884116,-0.2887227172254847,3.4886640107453344,-0.1736873395592191,3.4337793582224845,3.7864269864884106,v1.0.0,v1.0.0
Reggie Ragland,2979855,ILB,LB,2016,3.8916504281028392,3.4607797930846194,0.43087063501821987,3.246068508011341,0.6455819200914981,3.1485591163357163,3.7455945113520106,v1.0.0,v1.0.0
Dalvin Tomlinson,2979860,DT,IDL,2017,4.34845961619988,3.251118646521032,1.0973409696788474,3.2431108466212413,1.1053487695786384,3.043042146104754,3.5030032894227787,v1.0.0,v1.0.0
Darius Philon,2980071,DT,IDL,2015,3.7363017214982253,3.3981522618413966,0.33814945965682863,3.350174140508063,0.3861275809901623,3.0768949207729004,3.771261768598229,v1.0.0,v1.0.0
Jeremy Sprinkle,2980073,TE,TE,2017,3.83720811032256,3.450907562425963,0.38630054789659685,3.1221180983988273,0.7150900119237327,3.1171541106966143,3.796820947347531,v1.0.0,v1.0.0
Deatrich Wise Jr.,2980080,DE,EDGE,2017,4.28124110420715,3.294309512377532,0.986931591829618,3.2787564561181517,1.0024846480889984,3.0289307272924124,3.5599099159474337,v1.0.0,v1.0.0
Jonathan Bullard,2980097,DE,EDGE,2016,4.319393839468857,3.7074268463623516,0.6119669931065053,3.407961847119511,0.9114319923493461,3.531378844206506,3.8723555872219944,v1.0.0,v1.0.0
Dante Fowler,2980100,OLB,EDGE,2015,4.474735363988165,3.752446221503998,0.7222891424841666,3.508304971427845,0.9664303925603197,3.5510992484704342,3.9422420385838057,v1.0.0,v1.0.0
Matt Jones,2980105,RB,RB,2015,2.912610282873049,2.9643129508842287,-0.05170266801117984,3.4519500065883344,-0.5393397237152855,2.636303791647447,3.32539060813926,v1.0.0,v1.0.0
Marcus Maye,2980110,S,DB,2017,4.1247156523360395,3.3148996175424115,0.8098160347936281,3.1508058395477,0.9739098127883397,3.1345954159543097,3.51270783065929,v1.0.0,v1.0.0
C.J. Prosise,2980148,RB,RB,2016,3.1644024097887096,3.2886464833560307,-0.12424407356732114,3.2135767397483406,-0.049174329959631,3.0925783744548228,3.4430666161465693,v1.0.0,v1.0.0
Keivarae Russell,2980150,CB,DB,2016,2.721880418083277,3.5369201299913646,-0.8150397119080877,3.512511263306462,-0.7906308452231849,3.3623819826422547,3.6847329092068093,v1.0.0,v1.0.0
Ronnie Stanley,2980153,OT,OL,2016,3.372246395067789,2.9024571494898543,0.46978924557793444,3.2044887724574034,0.1677576226103854,2.482192031620839,3.256875687322449,v1.0.0,v1.0.0
Cody Core,2980378,WR,WR,2016,3.5479840389742314,3.1633897053021762,0.3845943336720552,3.3087165418984146,0.23926749707581685,2.9186924452413416,3.3813714632293808,v1.0.0,v1.0.0
Bronson Kaufusi,2980444,DE,EDGE,2016,1.9090210595631492,3.8960671056381595,-1.9870460460750103,3.616690930409152,-1.707669870846003,3.7533899219172,4.082244610879522,v1.0.0,v1.0.0
Jamaal Williams,2980453,RB,RB,2017,4.1987305841937035,3.429047143785024,0.7696834404086794,3.0449710789277296,1.153759505265974,3.1125200462882283,3.7730694355124674,v1.0.0,v1.0.0
Haason Reddick,2980504,OLB,EDGE,2017,4.325242862508528,3.7162677278529777,0.6089751346555503,3.4990948698434425,0.8261479926650854,3.483645485144635,3.9160367267968668,v1.0.0,v1.0.0
Blair Brown,2980639,ILB,LB,2017,3.087790945227789,3.422511510400493,-0.3347205651727041,3.432902173282195,-0.3451112280544062,3.086705085797595,3.7532145783029645,v1.0.0,v1.0.0
Tanoh Kpassagnon,2982313,DE,EDGE,2017,4.171274928826556,3.7941012796966778,0.37717364912987783,3.3496755258077946,0.821599403018761,3.554282485160208,4.033473236634737,v1.0.0,v1.0.0
Leonte Carroo,2982804,WR,WR,2016,3.3063672737986014,3.3474176638077946,-0.041050390009193194,3.3669000520514603,-0.060532778252858854,3.145378587012586,3.5296948647241218,v1.0.0,v1.0.0
Tajae Sharpe,2982828,WR,WR,2016,3.746150394761617,3.225338975297878,0.520811419463739,3.2105443792919504,0.5356060154696665,2.9753687865622647,3.4538397642367595,v1.0.0,v1.0.0
D'Joun Smith,2982861,CB,DB,2015,1.345801546169376,3.501098572880214,-2.155297026710838,3.4583040199228483,-2.112502473753472,3.3745804447982146,3.6662786273918253,v1.0.0,v1.0.0
Javon Hargrave,2983055,DT,IDL,2016,4.389605914414404,3.5932399158882076,0.7963659985261966,3.5428005923489634,0.8468053220654408,3.3384885213130926,3.80852592305068,v1.0.0,v1.0.0
Treston DeCoud,2985844,CB,DB,2017,2.1593671492279647,3.2885575432134604,-1.1291903939854957,3.222866680984526,-1.0634995317565612,3.1087246619962707,3.476244266464625,v1.0.0,v1.0.0
Mack Hollins,2991662,WR,WR,2017,4.291377233571806,3.469916193129872,0.821461040441934,3.4626496687052084,0.8287275648665977,3.25530833710302,3.6982977628110114,v1.0.0,v1.0.0
Mitchell Trubisky,3039707,QB,QB,2017,3.975434292236905,3.4683680359413054,0.5070662562955994,3.378192968313284,0.5972413239236207,2.8890243466107424,3.9887744503771354,v1.0.0,v1.0.0
Nazair Jones,3039721,DT,IDL,2017,2.759613832938619,3.3310624471097126,-0.5714486141710937,3.185995802193537,-0.4263819692549182,3.0615596378161123,3.637743314354572,v1.0.0,v1.0.0
T.J. Logan,3039723,RB,RB,2017,2.863455195111033,3.27516770494628,-0.411712509835247,3.2739562079407047,-0.41050101282967155,3.0549465521496595,3.4928149623375657,v1.0.0,v1.0.0
Ryan Switzer,3039725,WR,WR,2017,3.372246395067789,3.389535959347684,-0.017289564279895142,3.437637537983927,-0.06539114291613801,3.1752218170084117,3.6754957373665986,v1.0.0,v1.0.0
Marquel Lee,3039776,ILB,LB,2017,3.467468875860921,3.227654005782585,0.23981487007833602,3.0031125098767935,0.46435636598412744,2.8696157875801362,3.5849946986866073,v1.0.0,v1.0.0
Duke Ejiofor,3039783,DE,EDGE,2018,2.3460445734134283,3.266504584502371,-0.9204600110889425,3.1039560367772396,-0.7579114633638113,3.0422420809523723,3.5246983590837475,v1.0.0,v1.0.0
Demarcus Ayers,3040026,WR,WR,2016,0.9146634597162007,2.8788153724964314,-1.9641519127802307,2.834852446655408,-1.9201889869392073,2.5377108881418025,3.199760238678003,v1.0.0,v1.0.0
Tyus Bowser,3040037,OLB,EDGE,2017,4.087383578425157,3.6876343267839853,0.39974925164117137,3.515240767708593,0.5721428107165636,3.323851929224601,4.01985363336766,v1.0.0,v1.0.0
Colin Holba,3040072,LS,ST,2017,1.8158181812103182,2.360943561633027,-0.5451253804227087,3.0051984887726544,-1.1893803075623361,1.8314792625356608,5.363034280035278,v1.0.0,v1.0.0
Desmond King,3040145,S,DB,2017,4.190379291583102,3.5011759312058874,0.6892033603772143,3.2498435816463833,0.9405357099367184,3.233001894683002,3.782793321859332,v1.0.0,v1.0.0
Josey Jewell,3040150,ILB,LB,2018,4.003287139034716,3.3431619406684474,0.6601251983662682,3.4080123419805255,0.5952747970541901,3.062432343035996,3.623820834670522,v1.0.0,v1.0.0
George Kittle,3040151,TE,TE,2017,4.2606860317273165,3.3946081323998065,0.86607789932751,3.3216171834898205,0.939068848237496,2.937515456176157,3.7833541370804795,v1.0.0,v1.0.0
De'Vondre Campbell,3040180,OLB,EDGE,2016,4.28124110420715,3.124166157291192,1.1570749469159582,3.2473386183310846,1.0339024858760655,2.912803224411182,3.3458648152282184,v1.0.0,v1.0.0
Jalen Myrick,3040198,CB,DB,2017,1.5216626918475837,3.630304069028795,-2.108641377181211,3.606874612161539,-2.0852119203139554,3.462711616959487,3.8299416644206583,v1.0.0,v1.0.0
Damien Wilson,3040207,ILB,LB,2015,4.251821304352977,3.5167458586538345,0.7350754456991426,3.52822154193978,0.7235997624131971,3.290381775006114,3.7741388676630505,v1.0.0,v1.0.0
Maliek Collins,3040471,DT,IDL,2016,4.398419608775065,3.4994777398208674,0.8989418689541973,3.563425734201331,0.8349938745737338,3.308557394668949,3.659298276224949,v1.0.0,v1.0.0
Nate Gerry,3040475,S,DB,2017,3.4815998671745847,3.4052533993861607,0.07634646778842402,3.3533989048927744,0.12820096228181033,3.20881854500859,3.591461589422399,v1.0.0,v1.0.0
Eli Apple,3040506,CB,DB,2016,4.215063652259086,3.5796203770978003,0.6354432751612853,3.6136947591326196,0.601368893126466,3.38036778084416,3.767198495615405,v1.0.0,v1.0.0
Tyquan Lewis,3040513,EDGE,EDGE,2018,4.014497326172989,2.9365362767134973,1.0779610494594913,2.8854536293049935,1.129043696867995,2.6278798897753424,3.2030989671930987,v1.0.0,v1.0.0
Trent Taylor,3040569,WR,WR,2017,3.9271769059518293,3.3352865721587888,0.5918903337930406,3.381005205384787,0.5461717005670423,3.0525911692774077,3.6490337885417525,v1.0.0,v1.0.0
Xavier Woods,3040572,S,DB,2017,4.310904045766452,3.630039557696449,0.6808644880700028,3.5159628501359608,0.794941195630491,3.4812223884189013,3.7720868068452336,v1.0.0,v1.0.0
Parry Nickerson,3041098,CB,DB,2018,3.1334525646986253,3.492372272178338,-0.3589197074797128,3.5350666192605695,-0.4016140545619442,3.2778027446182922,3.68073039288839,v1.0.0,v1.0.0
Tanzel Smart,3041112,DT,IDL,2017,3.2811927282397457,3.366640256894781,-0.08544752865503513,3.3566319318786992,-0.07543920363895351,3.1359686787191263,3.638359436957423,v1.0.0,v1.0.0
Robert Davis,3042373,WR,WR,2017,2.0548197685407565,3.3790518278322983,-1.3242320592915418,3.664920433326876,-1.6101006647861196,3.1375623140806925,3.6281915767232915,v1.0.0,v1.0.0
Shelton Gibson,3042417,WR,WR,2017,2.759613832938619,3.259960511276577,-0.5003466783379582,3.365680988848273,-0.606067155909654,3.0699759102731874,3.4927564717801958,v1.0.0,v1.0.0
Wendell Smallwood,3042429,RB,RB,2016,3.629756585416203,3.4564219286232296,0.17333465679297344,3.4866050084715074,0.1431515769446956,3.2715051551885352,3.645101978144523,v1.0.0,v1.0.0
Kevin White,3042435,WR,WR,2015,2.916701334353873,3.496183559478985,-0.5794822251251124,3.7659697530027296,-0.8492684186488568,3.236529487843614,3.729990477602977,v1.0.0,v1.0.0
Daryl Worley,3042436,CB,DB,2016,4.121489839263656,3.495319528054399,0.6261703112092571,3.4009186173625,0.7205712219011562,3.3788098161140794,3.616109687877508,v1.0.0,v1.0.0
Dawuane Smoot,3042476,DE,EDGE,2017,4.2761629533782335,3.653721937490083,0.6224410158881506,3.270572008224128,1.0055909451541054,3.507442923287416,3.833052175259975,v1.0.0,v1.0.0
Elijah McGuire,3042494,RB,RB,2017,2.9599211317095553,3.468362314016932,-0.5084411823073767,3.3006645447063363,-0.340743412996781,3.1975890930141655,3.6935819628761295,v1.0.0,v1.0.0
Will Hernandez,3042516,OG,OL,2018,2.6554775013275047,3.4318732585976894,-0.7763957572701847,3.650454358061594,-0.9949768567340893,3.1948413853900193,3.6629559455765595,v1.0.0,v1.0.0
Aaron Jones,3042519,RB,RB,2017,4.2710448166981445,3.3961496863642573,0.8748951303338872,3.498547147934486,0.7724976687636587,3.204905001985974,3.6517372765405454,v1.0.0,v1.0.0
TreDavious White,3042717,CB,DB,2017,4.209093199825333,3.412274029560004,0.7968191702653296,3.3714180307192603,0.8376751691060731,3.273844988748333,3.551580734291505,v1.0.0,v1.0.0
Rashard Robinson,3042718,CB,DB,2016,3.6402255435804984,3.0107867699474165,0.629438773633082,2.9401767045375324,0.700048839042966,2.800169668583246,3.2046445884077563,v1.0.0,v1.0.0
Duke Riley,3042725,OLB,EDGE,2017,4.215118006768925,3.72389994218193,0.49121806458699524,3.514649705586598,0.7004683011823274,3.5302499882081504,3.9266364556938114,v1.0.0,v1.0.0
Kendell Beckwith,3042733,ILB,LB,2017,2.6554775013275047,3.321196495423192,-0.6657189940956871,3.2695058958461405,-0.6140283945186358,3.074280442782838,3.5573443107380243,v1.0.0,v1.0.0
Ethan Pocic,3042738,C,OL,2017,3.3953257425647796,3.305625339874579,0.08970040269020041,3.4075561565658035,-0.01223041400102387,3.168206698025984,3.4259907323073544,v1.0.0,v1.0.0
Logan Woodside,3042749,QB,QB,2018,2.171652080276462,2.406326254509788,-0.23467417423332604,3.369972782015724,-1.198320701739262,1.8515211976876225,2.964316037017892,v1.0.0,v1.0.0
Corey Davis,3042778,WR,WR,2017,3.8834224701360887,3.3923543573278363,0.49106811280825235,3.1096681058766076,0.7737543642594811,3.159492525984683,3.594894462123283,v1.0.0,v1.0.0
Darius Phillips,3042785,CB,DB,2018,3.6402255435804984,3.3683705442196334,0.271854999360865,3.280806333417617,0.35941921016288125,3.216708227247286,3.50425384002327,v1.0.0,v1.0.0
Kamalei Correa,3042874,DE,EDGE,2016,3.760649137145911,3.0795585185714858,0.6810906185744252,3.2941514239481076,0.4664977131978034,2.8554223180050156,3.288104970270654,v1.0.0,v1.0.0
Ryan Finley,3042876,QB,QB,2019,1.8526840240530842,3.2330730680684083,-1.3803890440153241,3.2494501198611223,-1.3967660958080381,2.763164390733999,3.8008502468017475,v1.0.0,v1.0.0
Tanner Vallejo,3042895,ILB,LB,2017,3.957677293434487,3.2190712740635488,0.7386060193709381,3.0329042014237078,0.9247730920107791,2.9247502707581425,3.598591787894134,v1.0.0,v1.0.0
Rashard Higgins,3042910,WR,WR,2016,3.915727254695066,3.103961458258583,0.8117657964364828,3.1453203243677987,0.7704069303272671,2.8603097954577743,3.3413509150467924,v1.0.0,v1.0.0
Derrick Henry,3043078,RB,RB,2016,4.4199447544849875,3.6340483952904545,0.7858963591945329,3.5713074397694404,0.848637314715547,3.368192127628323,3.9722437368280374,v1.0.0,v1.0.0
O.J. Howard,3043080,TE,TE,2017,3.831739629233062,3.8165438422996423,0.015195786933419608,3.6884576190097955,0.14328201022326637,3.5185135003245205,4.219015367645681,v1.0.0,v1.0.0
Cameron Artis-Payne,3043097,RB,RB,2015,3.115730318842433,3.5378058239472403,-0.4220755051048073,3.246010467292391,-0.13028014844995806,3.2266242713943925,3.8158218128766213,v1.0.0,v1.0.0
Alex Anzalone,3043107,OLB,EDGE,2017,4.189003300474334,3.772892370284463,0.4161109301898711,3.4897157615951815,0.6992875388791524,3.5890345217037676,3.9926215892992762,v1.0.0,v1.0.0
Marcell Harris,3043110,S,DB,2018,3.716145067615561,3.449211092768861,0.2669339748467001,3.306148081849166,0.4099969857663952,3.2322550502775895,3.6576301003827325,v1.0.0,v1.0.0
Demarcus Robinson,3043116,WR,WR,2016,4.4199447544849875,3.2171857470554306,1.2027590074295569,3.288726219826957,1.1312185346580304,3.0247427200440327,3.3930832665916006,v1.0.0,v1.0.0
Leonard Floyd,3043136,OLB,EDGE,2016,4.4199447544849875,3.1586072587458536,1.261337495739134,3.1918873959792586,1.2280573585057288,2.9004984762277264,3.4217050079061235,v1.0.0,v1.0.0
Za'Darius Smith,3043168,DE,EDGE,2015,4.444180101203487,3.578060768168451,0.8661193330350359,3.3177645387864936,1.1264155624169931,3.416646939711289,3.7541061730971053,v1.0.0,v1.0.0
Su'A Cravens,3043215,OLB,EDGE,2016,2.523550556078262,3.066582134075758,-0.5430315779974961,3.1407231549015306,-0.6171725988232688,2.7525916152914345,3.4229669048881854,v1.0.0,v1.0.0
Zane Gonzalez,3043234,K,ST,2017,3.762139796934628,3.4305833754733728,0.3315564214612552,3.0158475583337787,0.7462922386008493,3.1732895054875856,3.7821343250095025,v1.0.0,v1.0.0
Damarious Randall,3043258,S,DB,2015,3.8580945905893893,3.69151746665509,0.16657712393429946,3.5984810262994276,0.25961356428996174,3.592378931714261,3.7882975876261655,v1.0.0,v1.0.0
Jaelen Strong,3043263,WR,WR,2015,2.651219429701001,3.5373159482599013,-0.8860965185589,3.3510118688232255,-0.6997924391222243,3.293689080106924,3.803034242276104,v1.0.0,v1.0.0
Austin Hooper,3043275,TE,TE,2016,4.4283591114698115,3.604449603491405,0.8239095079784065,3.5327587334678343,0.8956003780019772,3.4451413187778566,3.7496025036694607,v1.0.0,v1.0.0
Peter Kalambayi,3043276,EDGE,EDGE,2018,3.372246395067789,3.8087389898856063,-0.43649259481781755,3.514019118639076,-0.14177272357128734,3.677323287724209,3.9466297173755294,v1.0.0,v1.0.0
Joshua Dobbs,3044720,QB,QB,2017,3.083223148267392,3.28669401546842,-0.20347086720102814,3.398195685075459,-0.3149725368080669,2.871469736627218,3.7012680190054943,v1.0.0,v1.0.0
Cameron Sutton,3044724,CB,DB,2017,4.158805755986539,3.4484250683946707,0.7103806875918686,3.3187109812488362,0.840094774737703,3.211858494142575,3.666196908722323,v1.0.0,v1.0.0
Jalen Reeves-Maybin,3044729,OLB,EDGE,2017,4.22307223321896,2.8732760087150075,1.3497962245039523,2.9335988865924154,1.2894733466265444,2.566639109072426,3.137275226088041,v1.0.0,v1.0.0
Chris Jones,3044859,DT,IDL,2016,4.4283591114698115,3.551932240610768,0.8764268708590435,3.500403403095702,0.9279557083741095,3.252135556806857,3.79533328356528,v1.0.0,v1.0.0
Jordan Leggett,3045118,TE,TE,2017,2.5844329182448638,3.4360444173506832,-0.8516114991058195,3.2058572831749377,-0.6214243649300739,3.1023985615954115,3.7812673335626426,v1.0.0,v1.0.0
Mackensie Alexander,3045120,CB,DB,2016,3.966345380438658,3.5542418369763675,0.4121035434622904,3.506309822339342,0.46003555809931607,3.3750963656641115,3.7533704770556495,v1.0.0,v1.0.0
Wayne Gallman,3045127,RB,RB,2017,3.726301524252564,3.335309484124839,0.3909920401277249,3.357374804604282,0.36892671964828194,3.0897203476438704,3.603029291934372,v1.0.0,v1.0.0
T.J. Green,3045128,S,DB,2016,3.304592901681356,3.4905665215555945,-0.18597361987423833,3.478156507065692,-0.17356360538433568,3.3125944451896077,3.7079463207061356,v1.0.0,v1.0.0
Jayron Kearse,3045130,S,DB,2016,4.209701308755482,3.3971521804429012,0.8125491283125812,3.370878415449345,0.8388228933061375,3.1424036358128027,3.6779222197644943,v1.0.0,v1.0.0
Dorian O'daniel,3045132,OLB,EDGE,2018,3.63082325424351,3.678883003064413,-0.048059748820902914,3.561389403711959,0.06943385053155104,3.4483936523192664,3.9752362998214688,v1.0.0,v1.0.0
Cordrea Tankersley,3045136,CB,DB,2017,2.62451553749674,3.37683858860379,-0.7523230511070498,3.391457731350271,-0.7669421938535308,3.174535401008578,3.5706094960438426,v1.0.0,v1.0.0
Mike Williams,3045138,WR,WR,2017,4.187571511839166,3.197694382051013,0.989877129788153,3.0665985906608064,1.1209729211783594,2.873804286044839,3.557477864521777,v1.0.0,v1.0.0
Tyler Boyd,3045144,WR,WR,2016,4.32049831589548,3.1590907637823404,1.1614075521131397,3.3024439231936245,1.0180543927018557,2.9813638940610447,3.336902089326074,v1.0.0,v1.0.0
James Conner,3045147,RB,RB,2017,4.183147405011796,3.1796738918205807,1.003473513191215,3.320029484050317,0.8631179209614785,2.918861291707174,3.4439306467776785,v1.0.0,v1.0.0
Jourdan Lewis,3045207,CB,DB,2017,4.2761629533782335,3.317653518701738,0.9585094346764955,3.1889452101974034,1.08721774318083,3.159060383375944,3.485115227351517,v1.0.0,v1.0.0
Taco Charlton,3045210,DE,EDGE,2017,3.7141265512975705,3.6784860055847273,0.03564054571284325,3.48743334113912,0.22669321015845068,3.534486366842368,3.8672426686339327,v1.0.0,v1.0.0
Ben Gedeon,3045212,ILB,LB,2017,3.340141104103564,3.540736546852378,-0.2005954427488139,3.6357943518402953,-0.2956532477367313,3.3358162228330506,3.7119375159598276,v1.0.0,v1.0.0
Maurice Hurst,3045220,DT,IDL,2018,3.7708883460126827,2.9463427573834386,0.8245455886292441,2.9981845704582133,0.7727037755544695,2.687933911809327,3.2535338727852183,v1.0.0,v1.0.0
Jake Butt,3045225,TE,TE,2017,1.8526840240530842,3.1170390119554567,-1.2643549879023726,2.9918239206321915,-1.1391398965791073,2.8822493088862564,3.3975665778222828,v1.0.0,v1.0.0
Anthony Walker Jr.,3045251,ILB,LB,2017,4.09064813607092,3.549983120432941,0.5406650156379786,3.3917140090527065,0.6989341270182132,3.353857167465263,3.7334120474698693,v1.0.0,v1.0.0
Jack Cichy,3045259,ILB,LB,2018,2.4507728289107145,3.2755072133099747,-0.8247343843992603,3.204412602102151,-0.7536397731914364,3.0431068103910284,3.5086248345083955,v1.0.0,v1.0.0
Troy Fumagalli,3045264,TE,TE,2018,2.704490561053983,3.135537853536691,-0.4310472924827078,3.126678259229749,-0.42218769817576574,2.8231195673900276,3.4548275901819463,v1.0.0,v1.0.0
Leon Jacobs,3045267,EDGE,EDGE,2018,3.0741435672906428,3.7159140204868413,-0.6417704531961985,3.538560445880365,-0.46441687858972225,3.547637321040919,3.8679837507767796,v1.0.0,v1.0.0
T.J. Watt,3045282,OLB,EDGE,2017,4.3157188825970625,3.897210125707526,0.4185087568895365,3.634961786924488,0.6807570956725746,3.7113766374971706,4.071634263537986,v1.0.0,v1.0.0
Steven Nelson,3045287,CB,DB,2015,4.291279913785008,3.655713585450412,0.6355663283345958,3.572601209932616,0.7186787038523921,3.5323684915412032,3.790033639036201,v1.0.0,v1.0.0
Jalen Ramsey,3045373,CB,DB,2016,4.440779871573542,3.703956858456816,0.7368230131167262,3.6457791808715556,0.7950006907019866,3.5560063845897294,3.8914523671386427,v1.0.0,v1.0.0
Chuck Clark,3045463,S,DB,2017,4.231102418808185,3.6760716727508016,0.5550307460573838,3.5778224446365736,0.6532799741716118,3.5809825971279183,3.7768070125644746,v1.0.0,v1.0.0
Kendall Fuller,3045465,CB,DB,2016,4.28124110420715,3.497989312108988,0.7832517920981621,3.4683021688952826,0.8129389353118674,3.333689565693359,3.646599883866744,v1.0.0,v1.0.0
Wyatt Teller,3045474,OG,OL,2018,3.5966048274779854,3.3041719498170354,0.29243287766094994,3.4926572963582063,0.10394753111977906,3.0899529328965953,3.503263858607391,v1.0.0,v1.0.0
Matt Milano,3046287,OLB,EDGE,2017,4.1591815567363835,2.902416530330204,1.2567650264061796,3.172858197749555,0.9863233589868283,2.651321711459387,3.1968110523430475,v1.0.0,v1.0.0
John Johnson,3046292,S,DB,2017,4.128707786759444,3.6233504994197965,0.5053572873396472,3.535040835226026,0.5936669515334176,3.4888531611956823,3.7627359886076857,v1.0.0,v1.0.0
Marcell Ateman,3046320,WR,WR,2018,2.6469482242548565,3.2353961907510342,-0.5884479664961777,3.3764771758592027,-0.7295289516043462,3.0527933660021507,3.4390826902775893,v1.0.0,v1.0.0
Tre Flowers,3046326,S,DB,2018,4.106045147248737,3.3531001301883547,0.752945017060382,3.368407432055496,0.7376377151932405,3.19290746061163,3.512767308067287,v1.0.0,v1.0.0
Vincent Taylor,3046343,DT,IDL,2017,3.3088110969247433,3.491331346982854,-0.1825202500581109,3.435272385602608,-0.12646128867786466,3.3383914485935478,3.638364214427781,v1.0.0,v1.0.0
Alex Collins,3046409,RB,RB,2016,3.557448840607585,3.1760646781678297,0.38138416243975515,3.24814825007441,0.3093005905331747,2.8951398058727276,3.433003338626147,v1.0.0,v1.0.0
Martrell Spaight,3046428,ILB,LB,2015,3.376085926188841,3.158411925953938,0.2176740002349029,3.1664449754470754,0.20964095074176559,2.770447330075486,3.5679998263844057,v1.0.0,v1.0.0
Hunter Henry,3046439,TE,TE,2016,4.32049831589548,3.3324283276663977,0.9880699882290824,3.4480724114794383,0.8724259044160418,2.94398302376168,3.6644967763681864,v1.0.0,v1.0.0
Jared Goff,3046779,QB,QB,2016,4.4114200421344,2.916252665303919,1.4951673768304805,3.1238639478516714,1.2875560942827282,2.423775287496515,3.4665482907163,v1.0.0,v1.0.0
Davontae Harris,3047188,CB,DB,2018,3.475514709963917,3.418810419971361,0.056704289992556056,3.440692118547332,0.03482259141658517,3.252875174889212,3.6047048699409463,v1.0.0,v1.0.0
Kemoko Turay,3047512,EDGE,EDGE,2018,3.3358583827264905,3.5616698105215483,-0.2258114277950578,3.406991629225771,-0.07113324649928066,3.371934683396531,3.7762795305361023,v1.0.0,v1.0.0
Jayon Brown,3047559,ILB,LB,2017,3.849427795524237,3.285053116513942,0.564374679010295,3.1522910218329967,0.6971367736912404,3.038298074708313,3.6458063528043723,v1.0.0,v1.0.0
Myles Jack,3047566,OLB,EDGE,2016,4.140914718282981,3.6503124402966876,0.4906022779862935,3.5550233439129815,0.5858913743699996,3.443610608033055,3.8913274128931916,v1.0.0,v1.0.0
Eddie Vanderdoes,3047570,DT,IDL,2017,2.704490561053983,3.5189212882338117,-0.8144307271798286,3.5535878110967705,-0.8490972500427874,3.292629390348587,3.775459565999922,v1.0.0,v1.0.0
Caleb Benenoch,3047575,OT,OL,2016,2.4302874475538276,3.064883548691586,-0.6345961011377583,3.2034965291245827,-0.7732090815707551,2.8472338205353798,3.2861194992418423,v1.0.0,v1.0.0
Kylie Fitts,3047582,EDGE,EDGE,2018,2.7767614632340885,3.8273536785831483,-1.0505922153490599,3.690273062096266,-0.9135115988621774,3.6407266220146597,4.036478943873522,v1.0.0,v1.0.0
Micah Kiser,3048692,ILB,LB,2018,3.270741920076855,3.3861688649515598,-0.11542694487470495,3.3530270965006386,-0.08228517642378375,3.1695289547332797,3.5635460488644535,v1.0.0,v1.0.0
Pharoh Cooper,3048897,WR,WR,2016,3.9066704734241275,3.1991565998921327,0.7075138735319948,3.2797566198596626,0.6269138535644649,2.9331566044864177,3.400504844797733,v1.0.0,v1.0.0
Derek Rivers,3049268,DE,EDGE,2017,3.1300137112244126,3.6730349003078153,-0.5430211890834027,3.5710321150961244,-0.44101840387171176,3.4678991496430265,3.8738325354672436,v1.0.0,v1.0.0
Colby Gossett,3049575,OG,OL,2018,1.5216626918475837,3.3328434886067195,-1.8111807967591358,3.4667630304290644,-1.9451003385814807,3.174779330241013,3.487145547058774,v1.0.0,v1.0.0
Kyle Lauletta,3049872,QB,QB,2018,0.9146634597162007,3.1597651296392546,-2.245101669923054,3.4172344009564397,-2.502570941240239,2.778102678859879,3.5106815220678893,v1.0.0,v1.0.0
Larry Ogunjobi,3050122,DE,EDGE,2017,4.310904045766452,3.735060738960918,0.5758433068055338,3.3815865986430937,0.9293174471233581,3.472278186734902,3.9698304098762596,v1.0.0,v1.0.0
Jake Elliott,3050478,K,ST,2017,4.211913160864422,3.2041538611159535,1.0077592997484688,3.21355275215445,0.9983604087099724,2.574317941728858,3.9889845522546383,v1.0.0,v1.0.0
Anthony Miller,3050487,WR,WR,2018,3.61080875904822,3.392981691183099,0.21782706786512085,3.2925886177102193,0.3182201413380006,3.0720641117252536,3.62374887117289,v1.0.0,v1.0.0
Dion Dawkins,3051324,OG,OL,2017,3.924534344467761,3.3299452600820185,0.5945890843857424,3.5679130528194727,0.35662129164828826,3.1456910150344455,3.500745400766432,v1.0.0,v1.0.0
Deadrin Senat,3051376,DT,IDL,2018,3.244566149848478,3.634964569455046,-0.39039841960656796,3.4280902714616057,-0.1835241216131278,3.415476670765056,3.867845826076846,v1.0.0,v1.0.0
Mike White,3051381,QB,QB,2018,2.342891068893419,2.207080069838042,0.13581099905537686,3.105288378925262,-0.7623973100318433,1.6065507617341435,2.653438162313414,v1.0.0,v1.0.0
Vonn Bell,3051388,S,DB,2016,4.334629307209144,3.575821453203205,0.7588078540059389,3.5394191839073077,0.7952101233018363,3.4163676259767244,3.7512533192067403,v1.0.0,v1.0.0
Joey Bosa,3051389,DE,EDGE,2016,4.273311555407383,3.828340988108934,0.44497056729844875,3.5727327434041647,0.7005788120032181,3.6533696537837392,4.029587643161357,v1.0.0,v1.0.0
Gareon Conley,3051391,CB,DB,2017,3.3234735242048945,3.6478158362280717,-0.3243423120231772,3.537456507566804,-0.21398298336190935,3.5075928421185325,3.796422069420004,v1.0.0,v1.0.0
Ezekiel Elliott,3051392,RB,RB,2016,4.3157188825970625,3.333268612695505,0.9824502699015576,3.2242381653054015,1.091480717291661,3.1507430449809335,3.516561398569536,v1.0.0,v1.0.0
Darron Lee,3051398,OLB,EDGE,2016,3.6628365190360186,3.772377215117137,-0.1095406960811185,3.4788481401424374,0.18398837889358122,3.5395306785241787,4.022682741276929,v1.0.0,v1.0.0
Billy Price,3051407,C,OL,2018,3.467468875860921,2.8384223788995264,0.6290464969613945,3.0015929836483974,0.46587589221252346,2.5955662660972387,3.0860038586854057,v1.0.0,v1.0.0
Josh Jones,3051716,S,DB,2017,3.8580945905893893,3.6061397388937357,0.25195485169565357,3.567975681798472,0.2901189087909173,3.402162601181181,3.8051690887428684,v1.0.0,v1.0.0
Marquez Valdes-Scantling,3051738,WR,WR,2018,4.256899455181893,3.094961649633051,1.1619378055488419,3.3608762044305402,0.8960232507513526,2.8475623042352574,3.3981691150455102,v1.0.0,v1.0.0
Oren Burks,3051746,OLB,EDGE,2018,4.241544410435659,3.7847910986374314,0.45675331179822765,3.5771876033911143,0.6643568070445447,3.597702209423843,3.9770674477714096,v1.0.0,v1.0.0
Zach Cunningham,3051750,OLB,EDGE,2017,4.200559160388169,3.6202605406392063,0.5802986197489624,3.3981218571015415,0.8024373032866272,3.440977046280501,3.8041687587881854,v1.0.0,v1.0.0
Andrew Billings,3051775,DT,IDL,2016,4.152896624380726,3.3703883957101968,0.7825082286705292,3.341482089178987,0.811414535201739,3.0716843991563816,3.6694784384468426,v1.0.0,v1.0.0
Daeshon Hall,3051807,DE,EDGE,2017,2.2332680792706037,3.8564524559745115,-1.6231843767039078,3.5198192250099476,-1.286551145739344,3.6851120175204053,4.0074360148906045,v1.0.0,v1.0.0
Charles Harris,3051852,DE,EDGE,2017,4.155857905129035,3.3743214648005218,0.7815364403285132,3.326396741227371,0.829461163901664,3.193329200409279,3.5353214563297857,v1.0.0,v1.0.0
Evan Engram,3051876,TE,TE,2017,4.2606860317273165,3.604862226866912,0.6558238048604044,3.5578555618886947,0.7028304698386219,3.318499208989346,3.9124431406490707,v1.0.0,v1.0.0
Robert Nkemdiche,3051886,DT,IDL,2016,3.244566149848478,3.3333019046155172,-0.08873575476703932,3.38524525996497,-0.14067911011649192,3.0867850191936714,3.548436691757266,v1.0.0,v1.0.0
Laquon Treadwell,3051889,WR,WR,2016,4.023981185448813,3.3459676667502753,0.6780135186985374,3.3742912286256455,0.6496899568231673,3.0916479673139885,3.5461546150145478,v1.0.0,v1.0.0
Laremy Tunsil,3051890,OT,OL,2016,3.173159346567495,3.0998378207915147,0.0733215257759805,3.357634727550583,-0.1844753809830877,2.8972454847832485,3.2990563499491508,v1.0.0,v1.0.0
Jordan Wilkins,3051891,RB,RB,2018,3.61679958486642,2.2080094912289017,1.4087900936375184,3.067933709022969,0.5488658758434513,1.7861993146728325,2.6556893624852673,v1.0.0,v1.0.0
Montravius Adams,3051894,DT,IDL,2017,4.103583886377161,3.4429375690880555,0.6606463172891059,3.4425465372362107,0.6610373491409507,3.2167517933720227,3.686233142372792,v1.0.0,v1.0.0
Rudy Ford,3051901,S,DB,2017,3.973903605135485,3.455743088068096,0.5181605170673889,3.305936486640044,0.667967118495441,3.1954411509093843,3.7059205865261142,v1.0.0,v1.0.0
Daniel Carlson,3051909,K,ST,2018,4.125619894966355,3.555249786316385,0.5703701086499695,3.0696855352297288,1.055934359736626,2.8992816744319607,4.0503315042207095,v1.0.0,v1.0.0
Carl Lawson,3051911,DE,EDGE,2017,4.029023070322787,3.5251747579944865,0.5038483123283006,3.585793395225179,0.44322967509760813,3.294317522492855,3.7701599137490924,v1.0.0,v1.0.0
Artie Burns,3051921,CB,DB,2016,3.988761394884917,3.2260438198729338,0.7627175750119832,3.078221080587609,0.9105403142973079,2.9651926506163226,3.5118637522367053,v1.0.0,v1.0.0
Stacy Coley,3051923,WR,WR,2017,1.7956097732288667,3.196288074063797,-1.4006783008349302,3.2519382921779703,-1.4563285189491035,2.9787717740304096,3.3706119738145253,v1.0.0,v1.0.0
Corn Elder,3051929,CB,DB,2017,3.252169227988219,3.3099016753001056,-0.05773244731188676,3.217317234852381,0.034851993135837755,3.1394918409883963,3.446341638832382,v1.0.0,v1.0.0
Al-Quadin Muhammad,3051942,DE,EDGE,2017,4.158805755986539,3.425191135463708,0.7336146205228311,3.2904700523667327,0.8683357036198065,3.2266587232594492,3.6293962945683327,v1.0.0,v1.0.0
Luke Falk,3052061,QB,QB,2018,1.1451351194023418,1.7540736947486724,-0.6089385753463306,2.7364532564197708,-1.591318137017429,1.0530242810942112,2.540894116283233,v1.0.0,v1.0.0
Vince Mayle,3052066,WR,WR,2015,2.8004312351286216,3.4457056350199884,-0.6452743998913668,3.3621824662799615,-0.56175123115134,3.233820844555169,3.6470031707963906,v1.0.0,v1.0.0
Chidobe Awuzie,3052101,CB,DB,2017,4.171274928826556,3.6569897081783327,0.5142852206482229,3.5622246585563806,0.609050270270175,3.511338614563324,3.856678576011124,v1.0.0,v1.0.0
Tedric Thompson,3052125,S,DB,2017,3.274913274630675,3.328243925822753,-0.05333065119207836,3.308640469798299,-0.033727195167624124,3.226176116504099,3.4501252747946682,v1.0.0,v1.0.0
Keishawn Bierria,3052161,ILB,LB,2018,2.6554775013275047,3.161332457948734,-0.5058549566212291,3.166993762727198,-0.5115162613996933,2.80179509554782,3.5579085583328913,v1.0.0,v1.0.0
Kevin King,3052170,CB,DB,2017,3.7755896300038287,3.94050366368934,-0.16491403368551127,3.800874173521585,-0.02528454351775622,3.6667158310635664,4.258205560319274,v1.0.0,v1.0.0
Elijah Qualls,3052175,DT,IDL,2017,1.6770794524643968,3.6981079767629352,-2.021028524298538,3.541546409083066,-1.8644669566186691,3.5347989921426515,3.86684523341353,v1.0.0,v1.0.0
John Ross,3052177,WR,WR,2017,3.2157465827034355,3.158270691570824,0.05747589113261142,3.2387521559871875,-0.023005573283751968,2.92719233642272,3.4103546519429693,v1.0.0,v1.0.0
Jordan Willis,3052434,DE,EDGE,2017,3.8450506746063633,3.9666066725325004,-0.12155599792613714,3.7154220108930147,0.12962866371334858,3.7823293405445355,4.128705789969069,v1.0.0,v1.0.0
Nate Orchard,3052511,DE,EDGE,2015,3.3974481280533575,3.394919453777948,0.0025286742754095926,3.1799109255001667,0.21753720255319076,3.19004297231531,3.594743578632744,v1.0.0,v1.0.0
Sam Tevi,3052513,OT,OL,2017,3.131875632847984,3.197377127748963,-0.06550149490097867,3.363898530176865,-0.2320228973288807,2.965952145060806,3.393684382160151,v1.0.0,v1.0.0
Baker Mayfield,3052587,QB,QB,2018,4.2619382401046995,3.004017202942341,1.2579210371623586,3.245116019859096,1.0168222202456034,2.5770737296348023,3.3806120873682484,v1.0.0,v1.0.0
Mario Alford,3052686,WR,WR,2015,1.0262035907710072,3.383670567864072,-2.3574669770930647,3.5227132402670325,-2.4965096494960255,3.167553625709791,3.6329846273502455,v1.0.0,v1.0.0
Trey Hendrickson,3052743,DE,EDGE,2017,4.22307223321896,3.9015522575157506,0.3215199757032092,3.4682110535227504,0.7548611796962095,3.7302404428217426,4.059587914691788,v1.0.0,v1.0.0
Mike McGlinchey,3052885,OT,OL,2018,3.8112046428236552,2.912442934870171,0.8987617079534842,2.962699593431117,0.8485050493925383,2.563603979185033,3.27689409968779,v1.0.0,v1.0.0
Isaac Rochell,3052894,DE,EDGE,2017,3.9024903947094387,3.327827800176331,0.5746625945331076,3.3605073523886673,0.5419830423207714,3.1012969227941523,3.575367865435441,v1.0.0,v1.0.0
Jaylon Smith,3052896,OLB,EDGE,2016,4.02448466966741,3.1943314476774045,0.8301532219900052,3.246977235849943,0.7775074338174668,2.983114925448316,3.4167919310311965,v1.0.0,v1.0.0
Durham Smythe,3052897,TE,TE,2018,4.2619382401046995,3.543915573455569,0.7180226666491305,3.4608645315898015,0.801073708514898,3.3546103332316175,3.748005252810179,v1.0.0,v1.0.0
Tarell Basham,3052977,DE,EDGE,2017,3.8916504281028392,3.8789114431564937,0.01273898494634551,3.460561496953055,0.4310889311497843,3.699445201591584,4.101563745801399,v1.0.0,v1.0.0
Yannick Ngakoue,3053044,DE,EDGE,2016,4.37087563064614,3.4370342723388494,0.9338413583072902,3.3797667364554322,0.9911088941907074,3.2900625247580493,3.5810449766254573,v1.0.0,v1.0.0
Shaquill Griffin,3054026,CB,DB,2017,4.209093199825333,3.643808793869868,0.5652844059554654,3.5773661309603466,0.6317270688649868,3.5354614900534505,3.784261733454865,v1.0.0,v1.0.0
Shaquem Griffin,3054029,OLB,EDGE,2018,3.4461896705496162,3.4401713647748107,0.006018305774805555,3.5658854629472425,-0.11969579239762629,3.017542146768292,3.825814862175285,v1.0.0,v1.0.0
Jonnu Smith,3054212,TE,TE,2017,4.343882132493361,3.5616225783750792,0.7822595541182817,3.4874039934259424,0.8564781390674185,3.152534930581359,3.9442421194503825,v1.0.0,v1.0.0
Jonathan Allen,3054840,DT,IDL,2017,4.2710448166981445,3.4493459328613985,0.821698883836746,3.458674398309875,0.8123704183882694,3.2616749261081517,3.6005964748444352,v1.0.0,v1.0.0
Anthony Averett,3054841,CB,DB,2018,3.57999730376674,3.312990000131363,0.26700730363537684,3.333299911456,0.24669739231074006,3.109994728487351,3.516922549242478,v1.0.0,v1.0.0
Reuben Foster,3054844,ILB,LB,2017,2.523550556078262,3.0906740656096843,-0.5671235095314224,2.967012000623337,-0.4434614445450751,2.873903000522608,3.298518419549566,v1.0.0,v1.0.0
Eddie Jackson,3054847,S,DB,2017,4.152896624380726,3.381342192003439,0.7715544323772869,3.214391887353981,0.938504737026745,3.130400533183074,3.612935982509558,v1.0.0,v1.0.0
Alvin Kamara,3054850,RB,RB,2017,4.2710448166981445,3.2073091165959613,1.0637357001021832,3.28509677306772,0.9859480436304247,2.9452544451480405,3.5078426176529973,v1.0.0,v1.0.0
A'Shawn Robinson,3054857,DT,IDL,2016,4.376157158797064,3.347134623047647,1.0290225357494167,3.301837704508891,1.0743194542881724,3.139805932647932,3.5866138222240513,v1.0.0,v1.0.0
ArDarius Stewart,3054860,WR,WR,2017,2.5844329182448638,3.144767807181166,-0.5603348889363025,3.1348820179301997,-0.550449099685336,2.920040867975182,3.370044464220545,v1.0.0,v1.0.0
Tim Williams,3054862,OLB,EDGE,2017,2.62451553749674,3.3937517934222194,-0.7692362559254793,3.131100189908253,-0.506584652411513,3.183017131240015,3.6268917058997157,v1.0.0,v1.0.0
Caleb Brantley,3054950,DT,IDL,2017,2.704490561053983,3.3876859033434994,-0.6831953422895163,3.4047146948221014,-0.7002241337681183,3.2047701803083193,3.5532995274691213,v1.0.0,v1.0.0
Jarrad Davis,3054951,ILB,LB,2017,3.8135566254054982,3.1584781178618755,0.6550785075436227,3.060005904339299,0.7535507210661994,2.9158160911053512,3.394923096902562,v1.0.0,v1.0.0
Vernon Hargreaves III,3054955,CB,DB,2016,3.8957256765616757,3.6726553695577913,0.22307030700388442,3.5114101887591715,0.38431548780250413,3.4471448571996266,3.921322948634924,v1.0.0,v1.0.0
Keanu Neal,3054962,S,DB,2016,4.021800773796491,3.4354226143826794,0.5863781594138113,3.357117083940652,0.6646836898558388,3.266684624903871,3.66246299737676,v1.0.0,v1.0.0
Johnny Townsend,3054971,P,ST,2018,2.8236674677521854,3.5344132051327053,-0.7107457373805199,3.054560913667948,-0.23089344591576255,3.321837749921151,3.8273224850802023,v1.0.0,v1.0.0
Pita Taumoepenu,3055105,OLB,EDGE,2017,1.4639229141164507,3.636710763662268,-2.1727878495458173,3.480034617991152,-2.016111703874701,3.434347552665339,3.918680214158026,v1.0.0,v1.0.0
Harrison Butker,3055899,K,ST,2017,4.108424072704949,3.369802838563194,0.7386212341417551,3.002062773045581,1.1063612996593681,2.8078205224633384,3.7649678952278594,v1.0.0,v1.0.0
DeAndre Smelter,3055912,WR,WR,2015,0.9146634597162007,3.526439310106304,-2.6117758503901034,3.497936499137927,-2.5832730394217265,3.305099455966674,3.7287599305404573,v1.0.0,v1.0.0
Scooby Wright III,3056472,ILB,LB,2016,2.3124415619933303,3.2608650334450906,-0.9484234714517603,3.14467117823827,-0.8322296162449399,2.913200173098542,3.6920596662698313,v1.0.0,v1.0.0
Austin Corbett,3056608,OG,OL,2018,3.348317312538023,3.3975309475961293,-0.0492136350581065,3.4502657998353854,-0.10194848729736261,3.2103205175921903,3.5557689036795344,v1.0.0,v1.0.0
Siran Neal,3057524,S,DB,2018,4.271900120915547,3.496091924976728,0.7758081959388194,3.4507127240059834,0.821187396909564,3.368149338707641,3.6497849176079744,v1.0.0,v1.0.0
Daesean Hamilton,3057987,WR,WR,2018,3.4461896705496162,3.33244341946001,0.11374625108960634,3.063237335539862,0.3829523350097541,3.047097789635762,3.668067180555627,v1.0.0,v1.0.0
Zay Jones,3059722,WR,WR,2017,4.293765576469969,3.36962880066548,0.9241367758044889,3.6011135208338616,0.6926520556361075,3.0997129584283334,3.6127030591213045,v1.0.0,v1.0.0
Taywan Taylor,3059760,WR,WR,2017,3.2135152637140565,3.1906084092816087,0.022906854432447776,3.5129217077372488,-0.2994064440231923,2.8595513222642808,3.5563554758365337,v1.0.0,v1.0.0
Kareem Hunt,3059915,RB,RB,2017,4.244831587196613,3.133665260706454,1.1111663264901588,3.2939062751806216,0.9509253120159911,2.8848176620937944,3.344070434355969,v1.0.0,v1.0.0
Michael Roberts,3059945,TE,TE,2017,2.912533449240207,3.6294452861786657,-0.7169118369384586,3.3614535612006238,-0.4489201119604167,3.180865965898584,4.103469131080499,v1.0.0,v1.0.0
Jordan Howard,3060022,RB,RB,2016,3.8982832602807878,3.2514978024803227,0.646785457800465,3.3467624398391904,0.5515208204415973,3.0483028310467324,3.4565360224320587,v1.0.0,v1.0.0
William Jackson III,3061106,CB,DB,2016,3.8580945905893893,3.469020717545985,0.38907387304340446,3.566814906481199,0.2912796841081904,3.153212431948595,3.7629800088317302,v1.0.0,v1.0.0
Chad Hansen,3066074,WR,WR,2017,2.759613832938619,3.4328287696931454,-0.6732149367545266,3.52349448011902,-0.7638806471804012,3.2814424306297343,3.6165418233801487,v1.0.0,v1.0.0
Tarik Cohen,3066158,RB,RB,2017,3.5479840389742314,3.1057199064939263,0.44226413248030516,3.1089609342576523,0.4390231047165791,2.7833254631994637,3.4267100928574914,v1.0.0,v1.0.0
Brandon Parker,3072292,OT,OL,2018,3.4028402771254793,3.084334047013898,0.3185062301115815,3.1405166017625357,0.26232367536294365,2.8356358980760135,3.359674297283921,v1.0.0,v1.0.0
Taven Bryan,3115249,DT,IDL,2018,4.204239091737835,3.683756959450347,0.5204821322874884,3.6386452460545007,0.5655938456833347,3.4747798470868925,3.899035493132711,v1.0.0,v1.0.0
Duke Dawson,3115250,CB,DB,2018,3.0404973649442106,3.6896674450148472,-0.6491700800706366,3.6508966976485646,-0.610399332704354,3.520171046535979,3.8814777887385206,v1.0.0,v1.0.0
Will Grier,3115252,QB,QB,2019,0.9146634597162007,2.710638955840682,-1.7959754961244814,3.297291717993643,-2.3826282582774425,2.4322637418942596,2.9964299596828887,v1.0.0,v1.0.0
Teez Tabor,3115257,CB,DB,2017,3.304592901681356,3.2703669806827786,0.034225920998577575,3.137882545043058,0.16671035663829814,3.0633267204122676,3.4765103856933215,v1.0.0,v1.0.0
Jermaine Eluemunor,3115303,OG,OL,2017,3.4028402771254793,3.4113736511621484,-0.008533374036669095,3.7326495121201217,-0.32980923499464243,3.22917988905643,3.6190570961094353,v1.0.0,v1.0.0
Josh Reynolds,3115306,WR,WR,2017,4.298708566070362,3.287961334684123,1.0107472313862385,3.3218007363685684,0.9769078297017932,3.1347356738042205,3.462880932308243,v1.0.0,v1.0.0
Shaun dion Hamilton,3115310,ILB,LB,2018,3.4461896705496162,3.212333023734585,0.23385664681503116,3.114426392093587,0.3317632784560294,2.987784791537018,3.456240796907904,v1.0.0,v1.0.0
Jarran Reed,3115312,DT,IDL,2016,4.415696373348128,3.3849102904380692,1.0307860829100588,3.2233436630955157,1.1923527102526124,3.1505198385091315,3.5992775151719427,v1.0.0,v1.0.0
Cam Robinson,3115313,OT,OL,2017,3.466826324454093,3.104446302329798,0.3623800221242952,3.3269935459055633,0.13983277854852982,2.953128584894138,3.260937847036937,v1.0.0,v1.0.0
Josh Malone,3115330,WR,WR,2017,2.868907891409407,3.2429420217461353,-0.3740341303367285,3.4528236513597554,-0.5839157599503486,3.019678583462507,3.5388113610556235,v1.0.0,v1.0.0
Rashaan Gaulden,3115333,CB,DB,2018,2.9599211317095553,3.163790175996008,-0.2038690442864528,3.1153036364951396,-0.15538250478558435,2.9763447929280673,3.3524999047661206,v1.0.0,v1.0.0
Derek Barnett,3115336,DE,EDGE,2017,4.204239091737835,3.5768468840039165,0.6273922077339189,3.247267003992151,0.9569720877456844,3.3605611085456655,3.8400167135959444,v1.0.0,v1.0.0
Leonard Fournette,3115364,RB,RB,2017,3.935201699236324,3.5151137349510497,0.4200879642852744,3.230978348986907,0.7042233502494173,3.036829708661645,3.961835119068694,v1.0.0,v1.0.0
Trey Quinn,3115365,WR,WR,2018,2.4192345457655224,3.3433683096684077,-0.9241337639028853,3.477647142652206,-1.0584125968866838,3.218534865284169,3.532543397069619,v1.0.0,v1.0.0
Jamal Adams,3115373,S,DB,2017,4.149961543991611,3.608084617851448,0.541876926140163,3.539502385716401,0.6104591582752099,3.4825650013295193,3.743277919635578,v1.0.0,v1.0.0
D.J. Chark,3115394,WR,WR,2018,3.8940487176170118,3.345117334213874,0.5489313834031377,3.4497109407654047,0.444337776851607,3.1139948051405524,3.55614306346078,v1.0.0,v1.0.0
Marquis Haynes,3115456,EDGE,EDGE,2018,3.868045250118107,3.4529663988993087,0.4150788512187984,3.337267633790561,0.5307776163275459,3.259865566603083,3.64017138039902,v1.0.0,v1.0.0
Elgton Jenkins,3115485,OL,OTHER,2019,3.60821227878799,3.024461848540149,0.5837504302478411,3.2128057141760777,0.39540656461191226,2.5382067332936367,3.5527198588181785,v1.0.0,v1.0.0
Jihad Ward,3115914,DT,IDL,2016,4.376157158797064,3.3230196075733427,1.0531375512237209,3.370648829260936,1.0055083295361276,3.036507999027505,3.6039306755176095,v1.0.0,v1.0.0
Jabrill Peppers,3115962,S,DB,2017,4.200559160388169,3.545324535546709,0.6552346248414596,3.4577046376497225,0.7428545227384462,3.3430748610407224,3.7502143342501495,v1.0.0,v1.0.0
Mason Cole,3115972,C,OL,2018,3.699307589421097,3.1608833237870533,0.5384242656340437,3.3368255331897383,0.36248205623135865,3.018094893509914,3.3010231395838114,v1.0.0,v1.0.0
Chase Winovich,3115974,EDGE,EDGE,2019,3.6402255435804984,3.974582607871765,-0.33435706429126677,3.6266384382364216,0.01358710534407681,3.7914330786496233,4.210825445974558,v1.0.0,v1.0.0
Alex Lewis,3116110,OT,OL,2016,3.131875632847984,3.48112462149907,-0.34924898865108567,3.472744617986643,-0.3408689851386586,3.349301606198523,3.5948198791320234,v1.0.0,v1.0.0
Justin Jackson,3116136,RB,RB,2018,3.6738537319399707,3.1697251751297593,0.5041285568102114,3.5411552146401792,0.13269851729979143,2.9168458559691772,3.4091748701700872,v1.0.0,v1.0.0
Marcus Allen,3116149,S,DB,2018,3.4954301761653195,3.167318733702429,0.3281114424628906,3.0217966055475998,0.4736335706177197,2.820569968159479,3.4792795933563534,v1.0.0,v1.0.0
Troy Apke,3116152,S,DB,2018,3.5924976890198668,3.8700387625271677,-0.27754107350730095,3.8110742473059807,-0.2185765582861139,3.692923830295392,4.048405852682936,v1.0.0,v1.0.0
Mike Gesicki,3116164,TE,TE,2018,4.256899455181893,3.8602656727518236,0.3966337824300692,3.7915646569840353,0.4653347981978575,3.4843903644758947,4.17245128197173,v1.0.0,v1.0.0
Chris Godwin,3116165,WR,WR,2017,4.239459655794183,3.483511124048712,0.7559485317454704,3.658194364361035,0.5812652914331475,3.2275726024243303,3.7382211858119057,v1.0.0,v1.0.0
Trace McSorley,3116172,QB,QB,2019,1.9090210595631492,3.0179233080848302,-1.108902248521681,3.3138248163458086,-1.4048037567826595,2.5097723801128424,3.4305171948762654,v1.0.0,v1.0.0
Amani Oruwariye,3116175,CB,DB,2019,3.72478252765176,3.63480850619542,0.08997402145634004,3.6273687954765843,0.09741373217517557,3.5431639590205806,3.737093015383314,v1.0.0,v1.0.0
Mark Andrews,3116365,TE,TE,2018,4.220489938171356,3.5642992246922245,0.6561907134791318,3.4405919252227086,0.7798980129486477,3.25829751361508,3.8714854003189254,v1.0.0,v1.0.0
Devante Bond,3116368,OLB,EDGE,2016,3.0741435672906428,3.496601789285904,-0.42245822199526106,3.432506778022218,-0.35836321073157507,3.3165587471584965,3.6536605237939535,v1.0.0,v1.0.0
Orlando Brown,3116370,OT,OL,2018,3.1928578237394594,2.675921362040806,0.5169364616986534,3.1532448600153113,0.03961296372414802,2.2857598407053974,3.072288688662539,v1.0.0,v1.0.0
Samaje Perine,3116389,RB,RB,2017,4.268470555907681,3.5100509180107795,0.7584196378969019,3.4758834765645847,0.7925870793430967,3.249122023334404,3.7226402753857233,v1.0.0,v1.0.0
Mason Rudolph,3116407,QB,QB,2018,3.0986761773842595,3.008226620810548,0.09044955657371156,3.1498413475307583,-0.051165170146498795,2.3538073221235134,3.693330353666883,v1.0.0,v1.0.0
Ty Summers,3116431,LB,LB,2019,4.010430068058852,3.602086830212467,0.40834323784638515,3.4801108126752807,0.5303192553835716,3.3879215552240476,3.8244518481836858,v1.0.0,v1.0.0
L.J. Collier,3116449,DL,IDL,2019,3.805340138153295,3.3016196710167582,0.503720467136537,3.328032761548112,0.4773073766051832,3.047697280391279,3.564006768279886,v1.0.0,v1.0.0
Yodny Cajuste,3116455,OT,OL,2019,1.8158181812103182,3.1216374820204047,-1.3058193008100865,3.254585028051577,-1.4387668468412589,2.863301758787537,3.3761383426648495,v1.0.0,v1.0.0
Dalvin Cook,3116593,RB,RB,2017,4.029023070322787,3.5328930341198452,0.49613003620294194,3.3007081872220656,0.7283148831007216,3.275302632350095,3.80479974468093,v1.0.0,v1.0.0
M.J. Stewart,3116679,CB,DB,2018,4.09064813607092,3.5089973798381737,0.581650756232746,3.454036602678783,0.6366115333921365,3.411659951775696,3.617331666043777,v1.0.0,v1.0.0
Jaylen Samuels,3116721,TE,TE,2018,3.467468875860921,3.266643997550769,0.20082487831015206,3.3697627309699554,0.09770614489096552,2.922174522851764,3.6757491173798895,v1.0.0,v1.0.0
Germaine Pratt,3116724,LB,LB,2019,4.189382075480854,3.6178026664425893,0.5715794090382644,3.398407348794624,0.7909747266862297,3.3711407072789474,3.862533220209905,v1.0.0,v1.0.0
Kentavius Street,3116726,DE,EDGE,2018,4.01397231115777,3.6955120257601592,0.3184602853976104,3.625702152230416,0.38827015892735384,3.515032538229034,3.9144249002952454,v1.0.0,v1.0.0
Garrett Bradbury,3116729,OL,OTHER,2019,3.819988560282025,3.5982046074762266,0.22178395280579855,3.7187574770348677,0.10123108324715746,3.266410357069995,4.01841922786269,v1.0.0,v1.0.0
Bradley Chubb,3116733,DE,EDGE,2018,4.058346492391621,3.7666976234261744,0.2916488689654466,3.534567536400563,0.523778955991058,3.617440962998365,3.911034141056529,v1.0.0,v1.0.0
Will Richardson,3116739,OT,OL,2018,2.8382365037161765,3.186313000039494,-0.3480764963233174,3.2249612555157454,-0.3867247517995689,3.0220197601148713,3.3665575736956543,v1.0.0,v1.0.0
Justin Jones,3116746,DT,IDL,2018,3.988761394884917,3.453176880654382,0.5355845142305351,3.407066402534807,0.5816949923501098,3.301026214167376,3.596985106665775,v1.0.0,v1.0.0
B.J. Hill,3116748,DT,IDL,2018,4.259423730199051,3.86064109050473,0.39878263969432126,3.6706294242493316,0.5887943059497198,3.6214994727795866,4.073517348909266,v1.0.0,v1.0.0
Andrew Brown,3116761,DE,EDGE,2018,3.098696991074989,3.53621167735555,-0.437514686280561,3.4449837960795247,-0.34628680500453557,3.307831430856846,3.7627374539863725,v1.0.0,v1.0.0
Christian McCaffrey,3117251,RB,RB,2017,4.242151171027103,3.358937342682243,0.8832138283448603,3.559231658676185,0.6829195123509182,3.079228962500339,3.7167814164564783,v1.0.0,v1.0.0
Bobby Okereke,3117253,LB,LB,2019,4.133069824698468,3.4538247414693233,0.6792450832291443,3.310533637316736,0.8225361873817314,3.1642879978361425,3.6566460381834043,v1.0.0,v1.0.0
Harrison Phillips,3117255,DT,IDL,2018,4.176217511362912,4.062901871122673,0.11331564024023955,3.66470090282748,0.5115166085354321,3.765540956145167,4.325700757129989,v1.0.0,v1.0.0
Dalton Schultz,3117256,TE,TE,2018,4.23634438270206,3.3602284082471314,0.8761159744549287,3.331439392918828,0.904904989783232,3.0555441856861796,3.6206542266596276,v1.0.0,v1.0.0
Solomon Thomas,3117258,DE,EDGE,2017,4.296241769940804,3.9470293256083866,0.34921244433241716,3.6819398393276317,0.6143019306131721,3.7811775602706104,4.153627119982445,v1.0.0,v1.0.0
Bilal Nichols,3117922,DT,IDL,2018,4.1225172637771275,3.68060926434513,0.44190799943199766,3.613696758775586,0.5088205050015415,3.4748250422535754,3.8523234739393084,v1.0.0,v1.0.0
Chase Edmonds,3119195,RB,RB,2018,4.010430068058852,3.3442781811696802,0.666151886889172,3.542414163471962,0.46801590458689013,3.197295951867488,3.541091040527937,v1.0.0,v1.0.0
Nate Davis,3120070,OL,OTHER,2019,3.064574191536438,2.9067667071761685,0.1578074843602697,3.330800467591074,-0.26622627605463567,2.4996598904869467,3.2422935416876086,v1.0.0,v1.0.0
Adoree Jackson,3120347,CB,DB,2017,4.189003300474334,3.2248268516441816,0.9641764488301523,3.1151423853756053,1.0738609150987286,3.0654941791769517,3.386760104403082,v1.0.0,v1.0.0
JuJu Smith-Schuster,3120348,WR,WR,2017,4.244831587196613,3.226475927012072,1.0183556601845405,3.3309773156652236,0.9138542715313891,2.99169544465054,3.4079696446115966,v1.0.0,v1.0.0
Uchenna Nwosu,3120358,EDGE,EDGE,2018,4.140914718282981,3.2671933717137613,0.8737213465692197,3.2930962228164136,0.8478184954665675,3.050528043484292,3.4873004312836438,v1.0.0,v1.0.0
John Franklin-Myers,3120464,DE,EDGE,2018,4.156183371022184,3.7867516529223892,0.3694317180997948,3.540609460095566,0.6155739109266181,3.653838614140142,3.9158931400690933,v1.0.0,v1.0.0
Easton Stick,3120590,QB,QB,2019,1.6069508975281073,3.301150851471877,-1.6941999539437695,3.6073289056553577,-2.0003780081272504,2.8626446097767326,3.7336005097484373,v1.0.0,v1.0.0
Taron Johnson,3121003,CB,DB,2018,4.176217511362912,3.271180415874055,0.9050370954888574,3.253362773516091,0.9228547378468215,3.127850186826263,3.409631779086668,v1.0.0,v1.0.0
Dallas Goedert,3121023,TE,TE,2018,4.146933279801299,3.318835720456829,0.8280975593444704,3.276766185445278,0.8701670943560211,3.0968548584388573,3.5785684504778907,v1.0.0,v1.0.0
Noah Brown,3121409,WR,WR,2017,4.036165999346924,3.479634278620298,0.556531720726626,3.453089560213657,0.5830764391332668,3.1172070938267247,3.830835098994114,v1.0.0,v1.0.0
Parris Campbell,3121410,WR,WR,2019,3.469071536350471,3.619537958974036,-0.1504664226235648,3.572997277573475,-0.10392574122300369,3.262000895169457,4.0115625476574905,v1.0.0,v1.0.0
Jalyn Holmes,3121414,DE,EDGE,2018,3.870679296108311,3.570183881948479,0.3004954141598324,3.397243965399745,0.47343533070856614,3.1840303717918865,4.004460444766964,v1.0.0,v1.0.0
Malik Hooker,3121415,S,DB,2017,4.19480691045813,3.2633657907142606,0.9314411197438695,3.119121064935311,1.0756858455228189,3.092427702145118,3.436306338115105,v1.0.0,v1.0.0
Sam Hubbard,3121416,DE,EDGE,2018,4.096781332489056,3.539622720173059,0.5571586123159968,3.1791447489396814,0.9176365835493745,3.2080407840505774,3.880529945055013,v1.0.0,v1.0.0
Marshon Lattimore,3121421,CB,DB,2017,4.197689398552242,3.292851171432125,0.9048382271201172,3.208609534827677,0.9890798637245655,3.1224065521999593,3.4546912070626186,v1.0.0,v1.0.0
Terry McLaurin,3121422,WR,WR,2019,4.1151787869949095,3.4898513103758027,0.6253274766191068,3.6554373794480064,0.45974140754690307,3.3447891803296996,3.695695307423157,v1.0.0,v1.0.0
Raekwon McMillan,3121423,ILB,LB,2017,3.8498298661296757,3.5071030887692003,0.3427267773604754,3.4483116219991516,0.40151824413052406,3.3015799918774578,3.6793580122538287,v1.0.0,v1.0.0
Curtis Samuel,3121427,WR,WR,2017,4.189003300474334,3.370783605984469,0.8182196944898648,3.534761545098675,0.6542417553756588,3.1674225339138897,3.5843003969587395,v1.0.0,v1.0.0
Ryan Connelly,3121538,LB,LB,2019,3.081436392723624,3.4431178941804172,-0.36168150145679334,3.3484592211083513,-0.26702282838472735,3.198648507621707,3.6302261678660335,v1.0.0,v1.0.0
Michael Deiter,3121541,OL,OTHER,2019,2.6554775013275047,2.869305152794539,-0.2138276514670343,3.3558180461654104,-0.7003405448379056,2.430865805213108,3.2332536839671424,v1.0.0,v1.0.0
Natrell Jamerson,3121552,S,DB,2018,2.912533449240207,3.4496453805209875,-0.5371119312807804,3.4535273790743513,-0.5409939298341442,3.278558446061884,3.656656488848061,v1.0.0,v1.0.0
Dontavius Russell,3121587,DL,IDL,2019,1.1451351194023418,3.7286455136212693,-2.5835103942189273,3.650688957903481,-2.5055538385011396,3.4607912380000263,4.065177989075532,v1.0.0,v1.0.0
Braden Smith,3121595,OG,OL,2018,2.886462652706672,3.444702691175267,-0.558240038468595,3.4547696939936876,-0.5683070412870155,3.1735697163308334,3.7754689899123006,v1.0.0,v1.0.0
Khalen Saunders,3121634,DL,IDL,2019,3.939177246797658,3.6357515322718745,0.30342571452578326,3.6474687714207525,0.29170847537690525,3.353917827994501,3.922889700126313,v1.0.0,v1.0.0
David Sharpe,3121656,OT,OL,2017,1.5216626918475837,3.0643287591212234,-1.5426660672736396,3.458746932412171,-1.9370842405645874,2.816653879476681,3.344477534769163,v1.0.0,v1.0.0
Quincy Wilson,3121660,CB,DB,2017,3.115730318842433,3.6753606337312177,-0.5596303148887847,3.5978089728921514,-0.4820786540497184,3.523070286878167,3.8388587576078805,v1.0.0,v1.0.0
Myles Garrett,3122132,DE,EDGE,2017,4.310904045766452,3.403391172079917,0.9075128736865348,3.544830217293406,0.7660738284730457,3.100173855507723,3.6724095250373416,v1.0.0,v1.0.0
Donovan Wilson,3122135,S,DB,2019,4.058346492391621,3.2189057325244765,0.8394407598671445,2.999879664925856,1.058466827465765,2.9186796624971256,3.525491429320651,v1.0.0,v1.0.0
Armani Watts,3122136,S,DB,2018,3.5727489390252067,3.1738072808184667,0.39894165820674,3.0222608137164317,0.550488125308775,2.911079983299897,3.4315631846411048,v1.0.0,v1.0.0
Jordan Brailford,3122420,EDGE,EDGE,2019,1.5216626918475837,3.2776234933960593,-1.7559608015484756,3.3471879792086803,-1.8255252873610965,3.0678124294873874,3.48623241261901,v1.0.0,v1.0.0
James Washington,3122449,WR,WR,2018,3.705827390663973,3.2763431943749555,0.42948419628901746,3.3933489003093973,0.31247849035457564,3.065127434420448,3.4968336748690283,v1.0.0,v1.0.0
Ahkello Witherspoon,3122630,CB,DB,2017,4.095090271813432,3.437536948877435,0.6575533229359971,3.41239836785386,0.6826919039595722,3.2424095461791356,3.618609470276984,v1.0.0,v1.0.0
Royce Freeman,3122672,RB,RB,2018,3.9502486411491327,3.457703317549634,0.49254532359949854,3.6224801064337333,0.32776853471539935,3.3059063335496126,3.654485099560567,v1.0.0,v1.0.0
Justin Hollins,3122678,EDGE,EDGE,2019,3.819988560282025,3.7533256436179028,0.06666291666412238,3.602630464708917,0.21735809557310803,3.5745417612260497,3.968005001491411,v1.0.0,v1.0.0
Kenny Clark,3122752,DT,IDL,2016,4.436665933789971,3.4722048763491378,0.9644610574408334,3.4461042414399166,0.9905616923500546,3.104269924490481,3.7612769382657545,v1.0.0,v1.0.0
Harold Landry,3122793,EDGE,EDGE,2018,4.150481580074841,3.8262992386519907,0.32418234142284996,3.656491248309286,0.49399033176555474,3.7186391018488254,3.93993931812088,v1.0.0,v1.0.0
Isaac Yiadom,3122797,CB,DB,2018,4.187571511839166,3.429059047646316,0.75851246419285,3.4915062185211534,0.6960652933180125,3.0437338273305574,3.7988388451153408,v1.0.0,v1.0.0
Tommy Sweeney,3122818,TE,TE,2019,2.868907891409407,3.3026711235902426,-0.4337632321808358,3.4623673324658615,-0.5934594410564547,2.9788523836257923,3.563563282403426,v1.0.0,v1.0.0
Deshaun Watson,3122840,QB,QB,2017,3.868045250118107,3.2411381902508016,0.6269070598673054,3.384223612226073,0.48382163789203414,2.9214046295678795,3.5106875767970713,v1.0.0,v1.0.0
Devontae Booker,3122866,RB,RB,2016,3.99708329761517,3.5246101755715014,0.4724731220436684,3.567884456449697,0.4291988411654728,3.3203947008414514,3.712806741232891,v1.0.0,v1.0.0
Marcus Williams,3122882,S,DB,2017,4.189003300474334,3.6355051634789644,0.5534981369953695,3.545869106097282,0.6431341943770521,3.470693059729046,3.82200252687839,v1.0.0,v1.0.0
Richie James,3122899,WR,WR,2018,3.746150394761617,3.3299842482606357,0.41616614650098116,3.349032986374929,0.39711740838668774,3.1010826903875666,3.5426033480264305,v1.0.0,v1.0.0
Ryan Izzo,3122920,TE,TE,2018,2.6469482242548565,3.480036036778167,-0.8330878125233103,3.370666976839453,-0.7237187525845963,3.2433807584285117,3.728753036344588,v1.0.0,v1.0.0
Derrick Nnadi,3122930,DT,IDL,2018,4.266938264759751,3.402288755898608,0.8646495088611426,3.179744529432165,1.0871937353275856,3.1061953184872384,3.665152883487721,v1.0.0,v1.0.0
Chad Thomas,3123045,DE,EDGE,2018,2.6554775013275047,3.2959958313790243,-0.6405183300515196,3.13672822188745,-0.4812507205599452,3.031946619981823,3.5678815528980397,v1.0.0,v1.0.0
Chris Herndon,3123050,TE,TE,2018,3.5222380992124513,3.233296596738738,0.2889415024737132,3.2331207298964184,0.28911736931603293,2.964307319557551,3.480548562727817,v1.0.0,v1.0.0
Braxton Berrios,3123075,WR,WR,2018,4.010430068058852,3.3600420490147314,0.6503880190441209,3.1053240757418243,0.9051059923170279,3.089572681247102,3.606420754569081,v1.0.0,v1.0.0
David Njoku,3123076,TE,TE,2017,4.228580740763092,3.403372679757004,0.8252080610060877,3.495989890618661,0.7325908501444309,3.0302657204589476,3.711149554922072,v1.0.0,v1.0.0
Oshane Ximines,3123233,EDGE,EDGE,2019,3.513136093630355,3.518900543049279,-0.005764449418923956,3.384512751879684,0.12862334175067103,3.3370667721625704,3.706010037414221,v1.0.0,v1.0.0
Avonte Maddox,3123938,CB,DB,2018,4.070748622788176,3.7949576455027842,0.2757909772853915,3.6098385545687304,0.46091006821944536,3.6139307888446384,3.983224219246048,v1.0.0,v1.0.0
Qadree Ollison,3123944,RB,RB,2019,2.6615409169807163,3.2973968765839903,-0.635855959603274,3.3495992194052064,-0.6880583024244902,2.9345769098855516,3.677859382453628,v1.0.0,v1.0.0
Brian O'neill,3123954,OT,OL,2018,3.3241751318570962,3.646091265732663,-0.32191613387556695,3.6976335358095276,-0.37345840395243135,3.4471694258681507,3.879121482972204,v1.0.0,v1.0.0
Marcus Davenport,3124058,DE,EDGE,2018,3.9365597734764,3.866989784409807,0.06956998906659306,3.533879883448946,0.40267989002745397,3.7147400548458682,4.025753825702594,v1.0.0,v1.0.0
Terrell Edmunds,3124067,S,DB,2018,4.121197348513228,3.4495998589933055,0.6715974895199222,3.371657878844565,0.7495394696686626,3.2164979151641124,3.658623333355531,v1.0.0,v1.0.0
Isaiah Ford,3124069,WR,WR,2017,3.115730318842433,3.0426937175893096,0.07303660125312339,3.2640147492281857,-0.14828443038575267,2.8392310728318093,3.2686178650568745,v1.0.0,v1.0.0
Greg Stroman,3124086,CB,DB,2018,3.0013730766564164,3.1166091322005114,-0.115236055544095,3.146378550274436,-0.14500547361801974,2.8568765046568756,3.3936111697548546,v1.0.0,v1.0.0
Justin Herron,3124112,OL,OTHER,2020,2.3460445734134283,2.5756487048803054,-0.22960413146687708,3.280551820185743,-0.9345072467723146,1.987121923334062,3.1275853812060066,v1.0.0,v1.0.0
Keesean Johnson,3124537,WR,WR,2019,2.6469482242548565,3.0645210743282836,-0.41757285007342704,3.220926432049087,-0.5739782077942306,2.7753388917542563,3.3519043710651957,v1.0.0,v1.0.0
Nick Nelson,3124574,CB,DB,2018,2.1593671492279647,3.5866502565865526,-1.4272831073585879,3.6160604737394553,-1.4566933245114906,3.297467631324418,3.83734860562378,v1.0.0,v1.0.0
Jahlani Tavai,3124587,LB,LB,2019,4.1151787869949095,3.253026802929841,0.8621519840650684,3.18390811173463,0.9312706752602793,2.8984806127897693,3.58131253708717,v1.0.0,v1.0.0
Joel Iyiegbuniwe,3124779,LB,LB,2018,3.7363017214982253,3.5938543156087843,0.14244740588944094,3.434180042849018,0.30212167864920714,3.4004534102678683,3.7979368887551868,v1.0.0,v1.0.0
Jake Luton,3124900,QB,QB,2020,1.1451351194023418,2.650122337639095,-1.5049872182367532,3.071520467592083,-1.926385348189741,2.183639271458563,3.17242690808016,v1.0.0,v1.0.0
Ben Banogu,3124970,EDGE,EDGE,2019,3.535238532571787,3.8062195986533354,-0.27098106608154815,3.5788212051416117,-0.04358267256982451,3.603482061564761,3.9883798523764633,v1.0.0,v1.0.0
Dalton Risner,3125082,OT,OL,2019,3.6633300276170395,3.378517030466747,0.2848129971502926,3.4708162247865957,0.19251380283044384,3.2100942415493567,3.4989572777674782,v1.0.0,v1.0.0
D'Onta Foreman,3125116,RB,RB,2017,3.735555316932418,2.8454737526601614,0.8900815642722564,3.311745369972187,0.423809946960231,2.4494557926929628,3.2438456708081267,v1.0.0,v1.0.0
Nick Bawden,3125232,FB,RB,2018,3.270741920076855,2.9036976501506095,0.3670442699262453,3.217618421178684,0.05312349889817103,2.468471708114374,3.309454772994202,v1.0.0,v1.0.0
Brian Hill,3125403,RB,RB,2017,3.546036735743242,3.403804554462783,0.142232181280459,3.4322557141568586,0.11378102158638326,3.2009875913187527,3.642934847193679,v1.0.0,v1.0.0
Quinten Rollins,3125961,CB,DB,2015,3.2183476152534807,3.3846445781825123,-0.16629696292903162,3.309645479659954,-0.09129786440647347,3.279043425049357,3.5042728720435683,v1.0.0,v1.0.0
Max Scharping,3126035,OT,OL,2019,2.936430038305891,3.147851508075973,-0.21142146977008203,3.2474042595378894,-0.31097422123199836,2.8138329504527517,3.4536883247764396,v1.0.0,v1.0.0
Isaiah Johnson,3126182,CB,DB,2019,2.704490561053983,3.5966945120391824,-0.8922039509851993,3.5174304345525713,-0.8129398734985882,3.414499826992351,3.8068620319281425,v1.0.0,v1.0.0
Genard Avery,3126204,ILB,LB,2018,3.755852067402456,3.6138009138719136,0.14205115353054243,3.6787325867641503,0.07711948063830576,3.2750791082915427,3.904323603963398,v1.0.0,v1.0.0
Rashaan Evans,3126349,LB,LB,2018,3.938944008386418,3.1349157663633758,0.8040282420230422,2.8936831743932125,1.0452608339932055,2.653724072076807,3.513565395541804,v1.0.0,v1.0.0
Marlon Humphrey,3126356,CB,DB,2017,4.296241769940804,3.6944303379406485,0.6018114320001553,3.7212592375644764,0.5749825323763273,3.321431808022933,4.0342616791684085,v1.0.0,v1.0.0
Christian Miller,3126362,EDGE,EDGE,2019,1.8158181812103182,2.698654085577619,-0.8828359043673009,2.847402499836367,-1.031584318626049,2.3864886278467305,3.0088304272630633,v1.0.0,v1.0.0
Bo Scarbrough,3126367,RB,RB,2018,1.735795963476514,3.1258129996336637,-1.3900170361571496,3.4262647681668024,-1.6904688046902883,2.8361429108659677,3.4597917546000034,v1.0.0,v1.0.0
Jk Scott,3126368,P,ST,2018,4.1987305841937035,3.7421511565329215,0.45657942766078197,3.314493813689271,0.8842367705044323,1.8642236042053473,4.341829484550773,v1.0.0,v1.0.0
Deebo Samuel,3126486,WR,WR,2019,4.051713781778364,3.590096010719633,0.46161777105873103,3.600182401161094,0.4515313806172703,3.406627613495554,3.8269866400770667,v1.0.0,v1.0.0
Budda Baker,3127287,S,DB,2017,4.329953028047027,3.666732466261336,0.6632205617856908,3.569151797354745,0.7608012306922816,3.513082666218514,3.823002472700561,v1.0.0,v1.0.0
Will Dissly,3127292,TE,TE,2018,4.070748622788176,3.4711252492034634,0.5996233735847123,3.4153845050556555,0.6553641177325202,3.1209075728748514,3.770141141840401,v1.0.0,v1.0.0
Greg Gaines,3127294,DL,IDL,2019,4.121197348513228,3.3262745204548723,0.7949228280583553,3.339889026878762,0.7813083216344654,3.0537399982822753,3.5493675959800943,v1.0.0,v1.0.0
Sidney Jones,3127299,CB,DB,2017,3.753335352757836,3.1878923795600236,0.5654429731978126,3.1356413861415278,0.6176939666163084,3.0201055589324786,3.3334718897211046,v1.0.0,v1.0.0
Kaleb McGary,3127304,OT,OL,2019,3.6633300276170395,3.6114406671329995,0.051889360484040026,3.6593871231138606,0.003942904503178912,3.4558392100120927,3.7556371275563825,v1.0.0,v1.0.0
Dante Pettis,3127306,WR,WR,2018,3.8269789640641116,3.2725803043705475,0.5543986596935642,2.9787635128507546,0.8482154512133571,3.0487785382282864,3.4888174397019953,v1.0.0,v1.0.0
Drew Sample,3127310,TE,TE,2019,4.038241796942238,3.593284788697592,0.4449570082446459,3.367858942334856,0.6703828546073818,3.333165926235412,3.816027601506024,v1.0.0,v1.0.0
Saquan Hampton,3127367,S,DB,2019,1.5216626918475837,3.540090476847424,-2.01842778499984,3.6048293190407352,-2.0831666271931515,3.2323255523886596,3.8305097463573605,v1.0.0,v1.0.0
Jeremy McNichols,3127586,RB,RB,2017,3.790704066699324,3.532485856240078,0.2582182104592463,3.362757894190246,0.42794617250907807,3.3502379865882945,3.714579067946943,v1.0.0,v1.0.0
Chris Covington,3128252,OLB,EDGE,2018,1.8526840240530842,3.4056576725663024,-1.5529736485132182,3.4686642540525647,-1.6159802299994805,3.250607386547907,3.6053489489030133,v1.0.0,v1.0.0
Courtland Sutton,3128429,WR,WR,2018,4.187571511839166,3.4704033582477622,0.7171681535914036,3.7126385166909257,0.47493299514824017,3.255059349826537,3.722775673419324,v1.0.0,v1.0.0
Jordan Akins,3128452,TE,TE,2018,4.1151787869949095,3.0873140185769903,1.0278647684179192,3.021421741193527,1.0937570458013823,2.774993148474714,3.382537570533522,v1.0.0,v1.0.0
Armon Watts,3128685,DL,IDL,2019,3.875089022657199,3.427956139364342,0.44713288329285694,3.287975825124342,0.5871131975328567,3.200864545873655,3.6525176779849087,v1.0.0,v1.0.0
Frank Ragnow,3128689,C,OL,2018,3.7363017214982253,3.0488820370095313,0.687419684488694,3.223501084217485,0.5128006372807401,2.8060686414915943,3.3171740502348994,v1.0.0,v1.0.0
Isaiah Wynn,3128713,OG,OL,2018,3.288798636746454,2.839126623568885,0.44967201317756933,3.0589179926176246,0.22988064412882947,2.5860365614132768,3.08542931573081,v1.0.0,v1.0.0
Lorenzo Carter,3128715,EDGE,EDGE,2018,4.045012691500104,3.335218761441982,0.709793930058122,3.2170985994262673,0.8279140920738368,3.0801435037239937,3.5867763229269243,v1.0.0,v1.0.0
Nick Chubb,3128720,RB,RB,2018,4.097148190238399,3.613025123810986,0.4841230664274132,3.6143063219038254,0.48284186833457365,3.346019649786147,3.857247961635206,v1.0.0,v1.0.0
Sony Michel,3128721,RB,RB,2018,3.7363017214982253,3.31545636627764,0.4208453552205853,3.635039358318032,0.10126236318019322,2.9387914481587747,3.616613256142803,v1.0.0,v1.0.0
Isaiah McKenzie,3128724,WR,WR,2017,4.0483718721030915,3.348943796245297,0.6994280758577944,3.456853650679731,0.5915182214233603,3.1330998647916757,3.5857550378386183,v1.0.0,v1.0.0
Breeland Speaks,3128740,DT,IDL,2018,2.6554775013275047,3.3885296182465434,-0.7330521169190387,3.302515388403884,-0.6470378870763791,3.198265365183633,3.6079023152684906,v1.0.0,v1.0.0
Ken Webster,3128743,CB,DB,2019,2.586733052501921,3.7780625446959224,-1.1913294921940012,3.6781454140139074,-1.0914123615119862,3.6461332922089755,3.944529021144629,v1.0.0,v1.0.0
Kalen Ballage,3128774,RB,RB,2018,3.625243820844105,3.579042743155453,0.04620107768865189,3.551875879493221,0.07336794135088409,3.3491901191100166,3.8290603237708316,v1.0.0,v1.0.0
Renell Wren,3128815,DL,IDL,2019,2.2332680792706037,3.579708845487595,-1.3464407662169915,3.6000363985088444,-1.3667683192382407,3.3596404088843705,3.844487302083868,v1.0.0,v1.0.0
DeShone Kizer,3129302,QB,QB,2017,2.6469482242548565,2.6254794922408236,0.021468732014032987,3.242885747890591,-0.5959375236357345,2.258959062897427,3.002755463412082,v1.0.0,v1.0.0
Quenton Nelson,3129308,OG,OL,2018,3.953973579709973,3.2585152247916667,0.6954583549183062,3.310942756660481,0.6430308230494917,2.9442806738855127,3.5897495564117277,v1.0.0,v1.0.0
Drue Tranquill,3129310,LB,LB,2019,4.045012691500104,3.6602651327584286,0.38474755874167554,3.6991997424231546,0.3458129490769495,3.4166388865220134,3.943965285558689,v1.0.0,v1.0.0
Chukwuma Okorafor,3129473,OT,OL,2018,3.131875632847984,3.1193467491732756,0.012528883674708613,3.3593635993932764,-0.22748796654529224,2.9325592479767435,3.3194740067168875,v1.0.0,v1.0.0
Andrew Van ginkel,3133487,LB,LB,2019,4.0842205551518935,3.3670168253835424,0.7172037297683511,3.318680370288881,0.7655401848630126,3.0133440329588663,3.7107508355768193,v1.0.0,v1.0.0
Kenny Young,3134310,ILB,LB,2018,3.841442652986336,3.551822960495368,0.28961969249096775,3.35409914484399,0.48734350814234606,3.2861407070666697,3.7933037984722646,v1.0.0,v1.0.0
Kolton Miller,3134312,OT,OL,2018,3.6841318028230527,3.5723438387606836,0.11178796406236913,3.672299034376563,0.011832768446489617,3.3110592820838654,3.853488660005079,v1.0.0,v1.0.0
Vita Vea,3134362,DT,IDL,2018,4.170465261432873,3.9571167991787988,0.213348462254074,3.8111872265668323,0.3592780348660405,3.6840440386450686,4.234637152129973,v1.0.0,v1.0.0
Montae Nicholson,3134683,S,DB,2017,3.270741920076855,3.3307874180364654,-0.06004549795961056,3.2976637503562825,-0.026921830279427628,3.1657784402132974,3.509546853049665,v1.0.0,v1.0.0
Montez Sweat,3134690,EDGE,EDGE,2019,4.175754741978575,4.0938635866458855,0.08189115533268954,3.707332170102392,0.4684225718761832,3.870879212169871,4.3134621544827905,v1.0.0,v1.0.0
Hunter Renfrow,3135321,WR,WR,2019,3.8916504281028392,3.335715973411149,0.5559344546916902,3.312945303193676,0.5787051249091633,3.119110983820601,3.5866581019084203,v1.0.0,v1.0.0
Edmond Robinson,3137087,OLB,EDGE,2015,3.2529746770177805,3.5149684985240994,-0.2619938215063189,3.4053634686232703,-0.1523887916054898,3.3206814776450417,3.7323620287769206,v1.0.0,v1.0.0
Leighton Vander esch,3138677,ILB,LB,2018,3.831739629233062,3.6898818455292983,0.14185778370376356,3.835317010134398,-0.0035773809013361912,3.431602280772423,3.9818990331122914,v1.0.0,v1.0.0
Fred Warner,3138826,OLB,EDGE,2018,4.220489938171356,3.6336413459614216,0.5868485922099347,3.5557700448388108,0.6647198933325456,3.4640308005887803,3.777177781469657,v1.0.0,v1.0.0
Sione Takitaki,3138834,LB,LB,2019,3.973903605135485,3.468674864188081,0.5052287409474037,3.4904652534134235,0.4834383517220613,3.33013480921629,3.6410207863003516,v1.0.0,v1.0.0
D.J. Reed,3139387,CB,DB,2018,4.170465261432873,3.427424905174294,0.7430403562585788,3.2069778716214943,0.9634873898113785,3.130751425765594,3.76350473045376,v1.0.0,v1.0.0
Dakota Allen,3139453,LB,LB,2019,3.1817213513599807,3.5039029299029045,-0.32218157854292384,3.5201685927778055,-0.3384472414178248,3.2802708473332727,3.747061363458759,v1.0.0,v1.0.0
Patrick Mahomes,3139477,QB,QB,2017,4.2710448166981445,3.3185981924272077,0.9524466242709368,3.444204400082199,0.8268404166159455,2.8168373650193574,3.7588044477669347,v1.0.0,v1.0.0
Travis Fulgham,3139522,WR,WR,2019,2.523550556078262,3.2525955233873605,-0.7290449673090986,3.326849093207196,-0.8032985371289341,3.0307264902877598,3.431141706956302,v1.0.0,v1.0.0
Marlon Mack,3139605,RB,RB,2017,3.6796400525393627,3.2192063063626497,0.46043374617671295,3.2915158374561813,0.3881242150831814,3.03319986131211,3.394582646718341,v1.0.0,v1.0.0
Rashaad Penny,3139925,RB,RB,2018,3.3974481280533575,3.2769968361544577,0.1204512918988998,3.3272304582757224,0.0702176697776351,3.013732868594086,3.515036708368045,v1.0.0,v1.0.0
Josh Jackson,3144984,CB,DB,2018,3.511226741739049,3.5960640981517096,-0.08483735641266055,3.509295513293921,0.0019312284451280526,3.4555362596808377,3.707870288940444,v1.0.0,v1.0.0
Mike Edwards,3155647,CB,DB,2013,4.02448466966741,3.500913985347934,0.5235706843194756,3.3437873255045867,0.680697344162823,3.3817989033265263,3.627397367442512,v1.0.0,v1.0.0
Ali Marpet,3165702,OG,OL,2015,4.07784795508909,3.6942293218831765,0.3836186332059133,3.72282149070654,0.3550264643825498,3.558873747712689,3.8325636042302818,v1.0.0,v1.0.0
David Carr,3529,QB,QB,2002,4.1046292783420775,2.42413563373835,1.6804936446037275,3.4536117132223523,0.6510175651197252,1.972681903768542,2.8531149348275817,v1.0.0,v1.0.0
Julius Peppers,3530,DE,EDGE,2002,4.917435028775691,3.8424083823365045,1.0750266464391869,3.512626179893704,1.4048088488819874,3.67132231469315,4.098489092061377,v1.0.0,v1.0.0
Joey Harrington,3531,QB,QB,2002,3.907800327184084,2.839226482031353,1.0685738451527311,3.2830715233497174,0.6247288038343668,2.442820438406041,3.1726857500263574,v1.0.0,v1.0.0
Mike Williams,3532,OT,OL,2002,3.064574191536438,3.3285225964947247,-0.26394840495828653,3.7841555548788453,-0.7195813633424071,3.036603997856918,3.6719859017860093,v1.0.0,v1.0.0
Quentin Jammer,3533,CB,DB,2002,4.579317892555069,3.446671275510424,1.1326466170446445,3.3805446824414545,1.1987732101136142,3.3056860837227817,3.59505312349331,v1.0.0,v1.0.0
Ryan Sims,3534,DT,IDL,2002,4.1530494357847,3.6231654545146434,0.5298839812700566,3.570697811266409,0.5823516245182909,3.461714424024167,3.7817780022321843,v1.0.0,v1.0.0
Roy Williams,3536,S,DB,2002,4.206260951335513,3.4677675466106392,0.7384934047248737,3.4044951054923467,0.8017658458431662,3.2921058783282744,3.6709274635984763,v1.0.0,v1.0.0
John Henderson,3537,DT,IDL,2002,4.389605914414404,3.5043441346601214,0.8852617797542828,3.5008147037303594,0.8887912106840448,3.174679015422442,3.7875994484243605,v1.0.0,v1.0.0
Levi Jones,3538,OT,OL,2002,4.11626721562249,3.325703392473644,0.7905638231488461,3.3299515490096123,0.7863156666128779,2.949107606950563,3.672701592152088,v1.0.0,v1.0.0
Dwight Freeney,3539,DE,EDGE,2002,4.755375452441255,3.8740132322858205,0.8813622201554345,3.7469999446777127,1.0083755077635423,3.5656627917400963,4.124747827121515,v1.0.0,v1.0.0
Wendell Bryant,3540,DT,IDL,2002,3.0741435672906428,3.4615629691932988,-0.387419401902656,3.4589648900465355,-0.38482132275589276,3.2210323160060685,3.660229597161251,v1.0.0,v1.0.0
Donte' Stallworth,3541,WR,WR,2002,4.235065230392475,3.5167528868456244,0.718312343546851,3.550482827000965,0.6845824033915102,3.221466593535844,3.7993190711147085,v1.0.0,v1.0.0
Jeremy Shockey,3542,TE,TE,2002,4.346026987705556,3.5534146166727725,0.7926123710327833,3.4627464193223774,0.8832805683831784,3.278744553177599,3.834171697203423,v1.0.0,v1.0.0
Albert Haynesworth,3543,DT,IDL,2002,4.311936778713402,3.492892028056389,0.8190447506570133,3.444002569947204,0.8679342087661985,3.254799111383719,3.7281175178252335,v1.0.0,v1.0.0
William Green,3544,RB,RB,2002,3.4815998671745847,3.212413630666014,0.2691862365085709,3.437056922475017,0.044542944699567766,2.7541194293208235,3.508775395621623,v1.0.0,v1.0.0
Phillip Buchanon,3545,CB,DB,2002,4.28124110420715,3.436793276242983,0.8444478279641672,3.424819964844944,0.8564211393622059,3.2644762640357827,3.610321148479131,v1.0.0,v1.0.0
T.J. Duckett,3546,RB,RB,2002,4.02448466966741,3.849753809208785,0.17473086045862463,3.639257991136346,0.3852266785310636,3.516788757655043,4.139398262960069,v1.0.0,v1.0.0
Ashley Lelie,3547,WR,WR,2002,4.1151787869949095,3.345788022323824,0.7693907646710856,3.3553628740382693,0.7598159129566402,3.1304764359090127,3.5572663880667985,v1.0.0,v1.0.0
Javon Walker,3548,WR,WR,2002,3.9766959780708913,3.549979039197876,0.4267169388730152,3.5520926271867546,0.4246033508841367,3.390760752306915,3.736601155040652,v1.0.0,v1.0.0
Daniel Graham,3549,TE,TE,2002,4.371611685727933,3.51444027318699,0.8571714125409429,3.1893767197331138,1.182234965994819,3.2497882831577516,3.8357768396621847,v1.0.0,v1.0.0
Bryan Thomas,3550,DE,EDGE,2002,4.4587874575073245,3.583065022305645,0.8757224352016797,3.5566345514835307,0.9021529060237938,3.1621048922904653,3.988564270787374,v1.0.0,v1.0.0
Napoleon Harris,3551,OLB,EDGE,2002,4.071412258950327,3.6972747837378894,0.374137475212438,3.5635125392147513,0.5078997197355761,3.523698824650303,3.859111778505886,v1.0.0,v1.0.0
Ed Reed,3552,S,DB,2002,4.572194533591751,3.4199089294967084,1.1522856040950424,3.3458329472345616,1.2263615863571893,3.2568743096099637,3.566749861608516,v1.0.0,v1.0.0
Charles Grant,3553,DE,EDGE,2002,4.204239091737835,3.7564775194873237,0.4477615722505117,3.45913938563939,0.7450997060984452,3.5115753668389456,3.9958752711701875,v1.0.0,v1.0.0
Lito Sheppard,3554,CB,DB,2002,4.294196886226198,3.422245617972318,0.8719512682538797,3.3103021202567002,0.9838947659694974,3.2382842745075053,3.6010248905904465,v1.0.0,v1.0.0
Mike Rumph,3555,CB,DB,2002,3.3883443891304488,3.4322779099118206,-0.043933520781371804,3.4549015828621967,-0.06655719373174795,3.2693312780918458,3.5851495963056528,v1.0.0,v1.0.0
Jerramy Stevens,3556,TE,TE,2002,4.244831587196613,3.6008468587240836,0.6439847284725291,3.4919779637304607,0.752853623466152,3.3216826744233456,3.873346326457641,v1.0.0,v1.0.0
Marc Colombo,3557,OT,OL,2002,3.5222380992124513,3.581811577525402,-0.059573478312950456,3.561490892585386,-0.03925279337293475,3.4146006572426084,3.782899201191582,v1.0.0,v1.0.0
Kendall Simmons,3558,OG,OL,2002,3.726301524252564,3.385157633767151,0.3411438904854127,3.4336180084640526,0.29268351578851126,3.2283237301851573,3.4880606081975665,v1.0.0,v1.0.0
Robert Thomas,3559,OLB,EDGE,2002,3.9586982334119263,3.5807206434057983,0.37797759000612796,3.525358261135818,0.4333399722761082,3.395692882799713,3.7865165566969154,v1.0.0,v1.0.0
Patrick Ramsey,3560,QB,QB,2002,3.1602107045072914,2.904553509008213,0.2556571954990785,3.2021826477898623,-0.04197194328257092,2.190318582307883,3.5591440670244645,v1.0.0,v1.0.0
Jabar Gaffney,3561,WR,WR,2002,4.462901395290896,3.4970591932920474,0.9658422019988482,3.5247548726719446,0.9381465226189509,3.2240495645602754,3.789858759318071,v1.0.0,v1.0.0
DeShaun Foster,3562,RB,RB,2002,3.8916504281028392,3.373881782148864,0.5177686459539754,3.617886731819048,0.27376369628379127,3.1727722412895067,3.524204096864993,v1.0.0,v1.0.0
Kalimba Edwards,3563,DE,EDGE,2002,4.07784795508909,3.619623785437865,0.45822416965122503,3.4177670108607123,0.6600809442283775,3.4597759443105587,3.8232226982901554,v1.0.0,v1.0.0
Josh Reed,3564,WR,WR,2002,4.187571511839166,3.4507502405253945,0.7368212713137714,3.3920852057463837,0.7954863060927821,3.218007427821094,3.692469871842944,v1.0.0,v1.0.0
Andre Gurode,3565,OG,OL,2002,3.946502233083245,3.0691615933942566,0.8773406396889882,3.151987058608698,0.7945151744745469,2.836707625670994,3.2464675610930147,v1.0.0,v1.0.0
Raonall Smith,3566,OLB,EDGE,2002,3.557448840607585,3.749196419591957,-0.19174757898437234,3.7017815597981545,-0.14433271919056967,3.5695779077953556,3.9373186453709152,v1.0.0,v1.0.0
Lamont Thompson,3569,S,DB,2002,3.946502233083245,3.4628097493100376,0.4836924837732073,3.379627714536776,0.5668745185464688,3.2878978452147134,3.6719327104041755,v1.0.0,v1.0.0
Larry Tripplett,3570,DT,IDL,2002,3.9900939829605995,3.2931896837617747,0.6969042991988248,3.3755588161214303,0.6145351668391692,2.862326073839326,3.710769333247367,v1.0.0,v1.0.0
Eddie Freeman,3571,DT,IDL,2002,2.759613832938619,3.717265592633931,-0.9576517596953122,3.5393489841772507,-0.7797351512386319,3.445284484670571,3.969411405929228,v1.0.0,v1.0.0
LeCharles Bentley,3572,C,OL,2002,3.087790945227789,3.181485367381755,-0.09369442215396617,3.221161189297768,-0.1333702440699791,2.9942710128463896,3.360732792453289,v1.0.0,v1.0.0
Tank Williams,3573,S,DB,2002,3.7841173901632863,3.949962247151181,-0.16584485698789475,3.895052099937626,-0.11093470977433961,3.791674335521474,4.140267174179251,v1.0.0,v1.0.0
Tim Carter,3574,WR,WR,2002,3.8501130783808684,3.6111292135196806,0.23898386486118772,3.5922602655842084,0.25785281279665995,3.4334724428332177,3.812740030199434,v1.0.0,v1.0.0
Andre' Davis,3575,WR,WR,2002,4.1225172637771275,3.4993612796598526,0.6231559841172749,3.461848709105846,0.6606685546712816,3.3503193987125943,3.644013992902257,v1.0.0,v1.0.0
Reche Caldwell,3576,WR,WR,2002,3.8227117063286284,3.379580151984704,0.44313155434392426,3.302826117579799,0.5198855887488296,3.1938318414224427,3.5945178928534856,v1.0.0,v1.0.0
Levar Fisher,3577,OLB,EDGE,2002,2.912533449240207,3.152836279476275,-0.24030283023606813,3.1331717892346562,-0.22063833999444915,2.797236441669855,3.470719794801566,v1.0.0,v1.0.0
Chester Pitts,3578,OT,OL,2002,3.9758857669824756,3.182962597891101,0.7929231690913747,3.329348263501109,0.6465375034813667,3.0382818695000986,3.3281847389639676,v1.0.0,v1.0.0
Clinton Portis,3579,RB,RB,2002,4.200559160388169,3.530179822784587,0.6703793376035816,3.3809378358701085,0.8196213245180601,3.3139197958739506,3.7365256168089283,v1.0.0,v1.0.0
Anthony Weaver,3580,DT,IDL,2002,4.090531284334419,3.6128566345520703,0.4776746497823483,3.6553207239687584,0.4352105603656602,3.386263950180991,3.827012215850042,v1.0.0,v1.0.0
Langston Walker,3581,OT,OL,2002,3.8539832348938767,3.274495318386925,0.5794879165069515,3.5406182250384663,0.3133650098554104,3.0511455109281873,3.474027936021602,v1.0.0,v1.0.0
Maurice Morris,3582,RB,RB,2002,4.38515384221478,3.1766178090458443,1.208536033168936,3.3502820183860855,1.034871823828695,2.8542292420570274,3.4119426653946605,v1.0.0,v1.0.0
Doug Jolley,3583,TE,TE,2002,3.819988560282025,3.8656606592823652,-0.04567209900034008,3.7098063156556487,0.11018224462637649,3.6135763083610466,4.153583119303377,v1.0.0,v1.0.0
Ladell Betts,3584,RB,RB,2002,4.189003300474334,3.2715857860003505,0.9174175144739833,3.613364241159479,0.575639059314855,3.0126304321694333,3.481421773626265,v1.0.0,v1.0.0
Jon McGraw,3585,S,DB,2002,4.273311555407383,3.917930146770225,0.35538140863715784,3.812270908648399,0.4610406467589838,3.7350234464838006,4.1295455289104925,v1.0.0,v1.0.0
Michael Lewis,3586,S,DB,2002,4.293765576469969,3.5977859095176266,0.6959796669523426,3.5269389404093294,0.7668266360606397,3.5006410256689406,3.7086081742033974,v1.0.0,v1.0.0
Sheldon Brown,3587,CB,DB,2002,4.529126287523475,3.5228977390264182,1.0062285484970568,3.4550834700534407,1.0740428174700343,3.438091510613721,3.6355453562831475,v1.0.0,v1.0.0
Anton Palepoi,3588,DE,EDGE,2002,3.3234735242048945,3.7220321776434817,-0.3985586534385872,3.527709987893959,-0.20423646368906434,3.569057349362424,3.883794119458246,v1.0.0,v1.0.0
Ryan Denney,3589,DE,EDGE,2002,4.170465261432873,3.5819542775847935,0.5885109838480793,3.6503434532067947,0.5201218082260781,3.2935509901258455,3.9234560256550415,v1.0.0,v1.0.0
Antwaan Randle El,3590,WR,WR,2002,4.35300508926901,3.35462966082291,0.9983754284461006,3.3205543618123796,1.0324507274566308,3.1485719072681224,3.5496954611416016,v1.0.0,v1.0.0
Antonio Bryant,3591,WR,WR,2002,4.138925720161006,3.1368298426789383,1.0020958774820676,3.037523211272114,1.1014025088888917,2.9485688749997676,3.328637602117735,v1.0.0,v1.0.0
Deion Branch,3593,WR,WR,2002,4.418348887581303,3.697187964942821,0.7211609226384814,3.542854541920103,0.8754943456611994,3.4362291024141323,3.9800743543851698,v1.0.0,v1.0.0
Fred Weary,3594,C,OL,2002,2.523550556078262,3.5808257385627913,-1.0572751824845295,3.507795346217947,-0.9842447901396851,3.373298647341983,3.7754723276347106,v1.0.0,v1.0.0
Matt Schobel,3595,TE,TE,2002,4.064912204782848,3.451491906132945,0.6134202986499031,2.9466239809500423,1.1182882238328058,2.944533407209725,3.841155450750201,v1.0.0,v1.0.0
Saleem Rasheed,3597,ILB,LB,2002,3.467468875860921,3.385860771964069,0.08160810389685169,3.488619265589828,-0.021150389728906926,3.026201516185596,3.8064730955268407,v1.0.0,v1.0.0
Willie Offord,3598,S,DB,2002,3.4954301761653195,3.436716686604579,0.058713489560740406,3.416928507560608,0.0785016686047113,3.270847187454297,3.6478460258391907,v1.0.0,v1.0.0
Ben Leber,3599,OLB,EDGE,2002,4.376157158797064,3.8183834697741252,0.5577736890229383,3.5948265941297595,0.7813305646673041,3.6300623412124726,4.001445840719151,v1.0.0,v1.0.0
Will Witherspoon,3601,OLB,EDGE,2002,4.62875192863501,3.449293974018941,1.179457954616069,3.4908238613180944,1.1379280673169156,3.280503948702206,3.6309200340335073,v1.0.0,v1.0.0
Derek Ross,3603,CB,DB,2002,3.3063672737986014,3.4850936190271637,-0.17872634522856234,3.5186211548451523,-0.21225388104655085,3.2070202343043634,3.7392247376122567,v1.0.0,v1.0.0
Melvin Fowler,3604,C,OL,2002,3.5966048274779854,3.4233905334397137,0.1732142940382717,3.4014902352164382,0.19511459226154715,3.207915784343744,3.6366374807025355,v1.0.0,v1.0.0
Rocky Calmus,3605,OLB,EDGE,2002,2.995843821087393,3.5351747724654903,-0.5393309513780973,3.465692220009999,-0.4698483989226059,3.3514980570214834,3.7597483558023823,v1.0.0,v1.0.0
Rashad Bauman,3607,CB,DB,2002,3.438250473750448,3.4310054765913445,0.007244997159103317,3.2912166555009823,0.1470338182494655,3.1756033288516012,3.672844957108992,v1.0.0,v1.0.0
Will Overstreet,3608,DE,EDGE,2002,1.6069508975281073,3.6918377127697233,-2.084886815241616,3.479488317463236,-1.8725374199351288,3.550465660803178,3.8450930520793576,v1.0.0,v1.0.0
Josh McCown,3609,QB,QB,2002,4.115715929855499,3.1309457437899937,0.9847701860655054,3.649851161136095,0.46586476871940397,2.489955522129703,3.6911887005230093,v1.0.0,v1.0.0
James Allen,3610,OLB,EDGE,2002,3.508972332652167,3.4143302670871467,0.09464206556502042,3.42118571617827,0.08778661647389718,3.15799408443614,3.6986506084979323,v1.0.0,v1.0.0
Charles Hill,3611,DT,IDL,2002,2.6554775013275047,3.506250845514988,-0.8507733441874832,3.571484136087892,-0.9160066347603872,3.2432193130260765,3.766886249759338,v1.0.0,v1.0.0
Lamar Gordon,3612,RB,RB,2002,3.3358583827264905,3.1089907251291824,0.2268676575973081,3.282524443763097,0.05333393896339356,2.8877569017973843,3.3067982477877247,v1.0.0,v1.0.0
Kris Richard,3613,CB,DB,2002,3.3234735242048945,3.4225874532077603,-0.09911392900286575,3.3394733636846916,-0.015999839479797107,3.156850563471284,3.704257045773026,v1.0.0,v1.0.0
Cliff Russell,3615,WR,WR,2002,2.674578458998522,3.3750269661850063,-0.7004485071864841,3.3808566069431407,-0.7062781479446185,3.150551489803392,3.5899529664850807,v1.0.0,v1.0.0
Chris Baker,3616,TE,TE,2002,4.296241769940804,3.612765085133563,0.6834766848072409,3.510312436764068,0.7859293331767359,3.1349572648546915,4.023767583112439,v1.0.0,v1.0.0
Akin Ayodele,3617,OLB,EDGE,2002,4.35300508926901,3.693337397073027,0.6596676921959834,3.582367356672589,0.7706377325964215,3.523989313033948,3.8908171680289287,v1.0.0,v1.0.0
Seth McKinney,3618,C,OL,2002,3.356391950537085,3.6948591035077203,-0.33846715297063534,3.672339543218777,-0.31594759268169215,3.4796405627024445,3.8859659874775927,v1.0.0,v1.0.0
Brian Westbrook,3619,RB,RB,2002,4.244831587196613,3.5242950983060926,0.7205364888905201,3.377387080668286,0.8674445065283267,3.128654972996713,3.8785998525410137,v1.0.0,v1.0.0
Marques Anderson,3620,S,DB,2002,3.6418404671474622,3.575148423231237,0.06669204391622507,3.47825797680456,0.16358249034290218,3.377018039033068,3.76642147487791,v1.0.0,v1.0.0
Terrence Metcalf,3621,OT,OL,2002,3.0404973649442106,3.278553317056369,-0.23805595211215858,3.562719150520159,-0.5222217855759483,3.1085389747957217,3.435563056181547,v1.0.0,v1.0.0
Chris Hope,3622,S,DB,2002,4.483089353353877,3.582391987085873,0.9006973662680045,3.6940016649919367,0.7890876883619407,3.2678986326856725,3.8791347316954328,v1.0.0,v1.0.0
Dorsett Davis,3624,DT,IDL,2002,2.5095420008001468,3.6294308322426048,-1.119888831442458,3.4757018255963743,-0.9661598247962275,3.439646695523541,3.80917426478817,v1.0.0,v1.0.0
Coy Wire,3625,S,DB,2002,4.2761629533782335,3.969012638426898,0.30715031495133527,3.862502198914957,0.41366075446327644,3.7484862984923217,4.208814113127347,v1.0.0,v1.0.0
Dennis Johnson,3626,DE,EDGE,2002,3.087790945227789,3.630247063754106,-0.5424561185263173,3.4171642170014174,-0.3293732717736284,3.4533481060599356,3.7999398607185637,v1.0.0,v1.0.0
Jonathan Wells,3627,RB,RB,2002,3.65267405126285,3.6736680771942223,-0.020994025931372118,3.5402086982973637,0.11246535296548643,3.445615781189576,3.8546165931374023,v1.0.0,v1.0.0
Dante Wesley,3628,CB,DB,2002,4.1652563673082375,3.4866184111142267,0.6786379561940108,3.535176369996105,0.6300799973121323,3.294784382678165,3.669011298168278,v1.0.0,v1.0.0
Kevin Bentley,3629,OLB,EDGE,2002,4.35310509757508,3.86463878433396,0.48846631324112,3.7799179438829973,0.5731871536920825,3.6250366900151683,4.152777774729028,v1.0.0,v1.0.0
Jeff Chandler,3630,K,ST,2002,2.131688721910259,3.6754441895012935,-1.5437554675910343,3.3647314343298143,-1.233042712419555,3.208269615347455,4.108189804864552,v1.0.0,v1.0.0
Justin Peelle,3631,TE,TE,2002,4.4114200421344,3.490339478386082,0.9210805637483177,3.4365930614626197,0.97482698067178,3.247482108935303,3.7029309551919485,v1.0.0,v1.0.0
Alex Brown,3632,DE,EDGE,2002,4.35300508926901,3.577924532375288,0.7750805568937222,3.3973226676406654,0.955682421628345,3.43716953051276,3.7457325243057538,v1.0.0,v1.0.0
David Thornton,3634,OLB,EDGE,2002,4.220489938171356,3.6259984805868233,0.594491457584533,3.6198417859062286,0.6006481522651277,3.4818854467120373,3.7877422429430525,v1.0.0,v1.0.0
Omar Easy,3635,FB,RB,2002,3.5727489390252067,3.4627238909411044,0.1100250480841023,3.7067827856902484,-0.1340338466650417,3.155930646700266,3.7061073915062557,v1.0.0,v1.0.0
David Garrard,3636,QB,QB,2002,4.023981185448813,2.9100874624128803,1.1138937230359325,3.3904348722807693,0.6335463131680434,2.454162975404521,3.3282091766033353,v1.0.0,v1.0.0
Travis Dorsch,3637,P,ST,2002,0.46931216155509725,3.799728019919134,-3.3304158583640366,3.429821551649922,-2.960509390094825,2.977633135714004,4.500959199759734,v1.0.0,v1.0.0
Mike Echols,3638,CB,DB,2002,1.9594796171115287,3.4710462642870965,-1.5115666471755678,3.425909543960309,-1.4664299268487804,3.3051037793021125,3.6496485461824983,v1.0.0,v1.0.0
Ben Taylor,3639,ILB,LB,2002,3.5345302867139483,3.3924682001557955,0.14206208655815278,3.6073915881355303,-0.07286130142158198,3.037651644940765,3.735668255718304,v1.0.0,v1.0.0
Dave Zastudil,3640,P,ST,2002,4.500319059833927,3.480350927090038,1.0199681327438892,3.266071589062497,1.2342474707714302,2.6922637171208152,4.227069058421693,v1.0.0,v1.0.0
Randy McMichael,3642,TE,TE,2002,4.487052780268154,3.056205364558194,1.4308474157099602,3.1986580195905607,1.2883947606775936,2.6987002798545245,3.4428138027422377,v1.0.0,v1.0.0
Rohan Davey,3645,QB,QB,2002,1.6959264603650717,3.389459849086473,-1.6935333887214015,3.6000054119045286,-1.904078951539457,2.843090469630265,3.8948198111541177,v1.0.0,v1.0.0
Chris Luzar,3646,TE,TE,2002,2.912533449240207,3.99619958606498,-1.0836661368247729,3.7992248329704155,-0.8866913837302084,3.68456055816838,4.3088497680006315,v1.0.0,v1.0.0
Travis Stephens,3647,RB,RB,2002,0.6417787318052229,3.0447584669442738,-2.4029797351390507,3.1070628201792334,-2.4652840883740104,2.7847239804494244,3.297707019459151,v1.0.0,v1.0.0
Terreal Bierria,3648,S,DB,2002,3.131875632847984,3.623705143173782,-0.4918295103257977,3.5571157651267806,-0.4252401322787964,3.4531747003897606,3.805782398866552,v1.0.0,v1.0.0
Alan Harper,3649,DT,IDL,2002,2.2560511899300453,3.1816903799403704,-0.9256391900103251,3.095993307325404,-0.8399421173953585,2.784248765546226,3.561233991145722,v1.0.0,v1.0.0
Ron Johnson,3651,WR,WR,2002,2.863455195111033,3.4323785001615374,-0.5689233050505043,3.313840399211067,-0.450385204100034,3.20889975704655,3.6984355124247377,v1.0.0,v1.0.0
Scott Peters,3652,C,OL,2002,1.8158181812103182,3.7855666623459814,-1.9697484811356631,3.6164406071190247,-1.8006224259087065,3.4461011857900576,4.125682834765029,v1.0.0,v1.0.0
Keyuo Craver,3653,CB,DB,2002,2.863455195111033,3.3150876188532767,-0.45163242374224355,3.1650139268000794,-0.30155873168904623,3.1150896251819797,3.5059951387600865,v1.0.0,v1.0.0
Jarvis Green,3654,DE,EDGE,2002,4.220489938171356,3.5172254862717955,0.7032644518995608,3.273624415286903,0.9468655228844534,3.3112561612875377,3.7677422531808653,v1.0.0,v1.0.0
Larry Foote,3656,OLB,EDGE,2002,4.613750524896858,3.3715801179827305,1.2421704069141275,3.239846516288781,1.373904008608077,2.9183045223466952,3.8878383571267094,v1.0.0,v1.0.0
Jamar Martin,3657,FB,RB,2002,2.912533449240207,3.1685820175622395,-0.2560485683220324,3.334486100859754,-0.42195265161954687,2.7493171602841633,3.429693818082719,v1.0.0,v1.0.0
Sam Brandon,3659,S,DB,2002,3.716145067615561,3.1446752752228075,0.5714697923927536,3.021884771069256,0.6942602965463052,2.942120726613383,3.338539187549814,v1.0.0,v1.0.0
Rocky Boiman,3661,OLB,EDGE,2002,4.11626721562249,3.8678325820317436,0.24843463359074658,3.6168947316677738,0.49937248395471645,3.6927481442086676,4.039601539011654,v1.0.0,v1.0.0
Najeh Davenport,3663,FB,RB,2002,3.8940487176170118,3.661388654881778,0.23266006273523399,3.5399672100243897,0.354081507592622,3.411204193639205,3.855797557582425,v1.0.0,v1.0.0
Jarrod Baxter,3664,FB,RB,2002,3.183687955948746,3.4273137090078962,-0.24362575305915035,3.551041696498924,-0.3673537405501781,3.2106331590181774,3.602518404936868,v1.0.0,v1.0.0
Randy Fasani,3665,QB,QB,2002,1.345801546169376,2.8337088348189834,-1.4879072886496074,3.602216719375993,-2.2564151732066167,2.0979685131721513,3.4805312029489577,v1.0.0,v1.0.0
John Owens,3666,TE,TE,2002,3.8982832602807878,3.7244466720027156,0.17383658827807213,3.496030656180455,0.4022526041003327,3.296847826343281,4.132275926629356,v1.0.0,v1.0.0
Justin Bannan,3667,DT,IDL,2002,4.504306802402812,3.702294647652828,0.8020121547499843,3.6833563622012853,0.8209504402015271,3.3755517267102837,4.025323107088974,v1.0.0,v1.0.0
Bobby Gray,3668,S,DB,2002,3.0741435672906428,3.531110949363585,-0.4569673820729423,3.605071142253131,-0.5309275749624884,3.246872109981884,3.797838276981255,v1.0.0,v1.0.0
Andra Davis,3669,ILB,LB,2002,4.376157158797064,3.467342924708606,0.9088142340884575,3.297865167033499,1.0782919917635647,3.2383487014103367,3.7113706625198106,v1.0.0,v1.0.0
Scott Fujita,3671,OLB,EDGE,2002,4.398278682514417,3.7233737790823627,0.6749049034320542,3.61731998267672,0.7809586998376967,3.4783396132022775,3.9482380540456337,v1.0.0,v1.0.0
Herb Haygood,3672,WR,WR,2002,1.345801546169376,3.295988226198735,-1.9501866800293592,3.362536578009163,-2.0167350318397874,3.0482272465826648,3.5395026879451956,v1.0.0,v1.0.0
Chris Lindstrom,3672833,OL,OTHER,2019,4.0440108868980875,3.0830281924415637,0.9609826944565238,3.5971037956429432,0.4469070912551443,2.7427431980086836,3.4302716808176683,v1.0.0,v1.0.0
Jaquan Johnson,3672862,S,DB,2019,3.65267405126285,3.264456396106595,0.38821765515625506,3.0962451564994455,0.5564288947634046,3.036330886516158,3.4897921645012033,v1.0.0,v1.0.0
Kyle Johnson,3673,FB,RB,2002,3.467468875860921,3.330855399906758,0.13661347595416284,3.403441891142228,0.06402698471869295,3.0164616699293973,3.5680075205248722,v1.0.0,v1.0.0
Rocky Bernard,3674,DT,IDL,2002,4.471051972305173,3.739366857609734,0.7316851146954395,3.6365010079064306,0.8345509643987428,3.6004129103669773,3.897350656892295,v1.0.0,v1.0.0
Kenyon Coleman,3675,DE,EDGE,2002,4.389155725738767,3.594971821876289,0.7941839038624785,3.6185712157164063,0.7705845100223612,3.3776659991125375,3.8554961107995935,v1.0.0,v1.0.0
Jeff Gladney,3676819,CB,DB,2020,2.6554775013275047,3.3825503980132514,-0.7270728966857467,3.3018559239872034,-0.6463784226596987,3.1494176275702346,3.648111539457836,v1.0.0,v1.0.0
Jason McAddley,3677,WR,WR,2002,3.1817213513599807,3.4172872387481403,-0.23556588738815964,3.423478155271695,-0.24175680391171417,3.312897899137878,3.559519950834975,v1.0.0,v1.0.0
Mel Mitchell,3678,S,DB,2002,3.5847863200739116,3.645150335744358,-0.06036401567044658,3.569779798981291,0.015006521092620684,3.5016494651199226,3.8266821649047795,v1.0.0,v1.0.0
Jake Schifino,3679,WR,WR,2002,2.4302874475538276,3.384140491883582,-0.9538530443297542,3.372063449700889,-0.9417760021470611,3.189111884107682,3.571262942968287,v1.0.0,v1.0.0
Jonathan Goodwin,3682,OG,OL,2002,3.4028402771254793,3.1302263667913124,0.27261391033416693,3.4567903544406415,-0.053950077315162215,2.9371201827790525,3.3270354577265264,v1.0.0,v1.0.0
Terry Jones,3683,TE,TE,2002,3.5604844242273583,3.556220394337724,0.004264029889634369,3.4798995060021323,0.08058491822522607,3.2104565661707616,3.856057381933324,v1.0.0,v1.0.0
Jermaine Phillips,3685,S,DB,2002,4.070748622788176,3.3760761163828037,0.694672506405372,3.3085670555124223,0.7621815672757535,3.2059784648557637,3.56655378627973,v1.0.0,v1.0.0
Kurt Kittner,3686,QB,QB,2002,1.8158181812103182,2.4020694748362796,-0.5862512936259614,3.1398012494155334,-1.3239830682052152,1.8568368034779232,2.8264095598861787,v1.0.0,v1.0.0
James Smith-Williams,3686690,DL,IDL,2020,3.7363017214982253,3.499147494738014,0.23715422676021136,3.545567642134005,0.19073407936422004,3.1984219152371343,3.771083720844193,v1.0.0,v1.0.0
Andre Lott,3687,CB,DB,2002,3.115730318842433,3.59726292941949,-0.481532610577057,3.5000158646103126,-0.38428554576787954,3.4683901275221394,3.7308376571708495,v1.0.0,v1.0.0
Robert Royal,3688,TE,TE,2002,4.158805755986539,3.160230879440334,0.998574876546205,3.256221634974398,0.9025841210121412,2.8666678644573036,3.475410063334798,v1.0.0,v1.0.0
Omare Lowe,3689,CB,DB,2002,3.3336385885689284,3.6952723102388916,-0.3616337216699632,3.566297527454058,-0.23265893888512945,3.536224191782471,3.8621564521948915,v1.0.0,v1.0.0
Derwin James,3691739,S,DB,2018,4.058346492391621,3.533411879164683,0.5249346132269381,3.521726837133683,0.5366196552579381,3.3367270555967483,3.741836562323611,v1.0.0,v1.0.0
Josh Sweat,3693166,EDGE,EDGE,2018,4.220489938171356,3.4715947801185703,0.7488951580527861,3.356519735801515,0.8639702023698415,3.192859103879568,3.813576293442358,v1.0.0,v1.0.0
Demarcus Faggins,3694,CB,DB,2002,3.984434164699998,3.646713542091311,0.33772062260868685,3.4001373201953213,0.5842968445046766,3.3776418297949613,3.8749820813787177,v1.0.0,v1.0.0
Verron Haynes,3695,FB,RB,2002,3.8222516705002096,3.1599258310733105,0.6623258394268992,3.4161414291918466,0.40611024130836304,2.770888230742819,3.468705011751829,v1.0.0,v1.0.0
Courtland Bullard,3696,OLB,EDGE,2002,2.759613832938619,3.4811410112889893,-0.7215271783503705,3.3040894654755255,-0.5444756325369067,3.29128678908531,3.6932301124349523,v1.0.0,v1.0.0
Keith Heinrich,3697,TE,TE,2002,2.5203109174790805,3.6811855354333485,-1.160874617954268,3.6650305768810525,-1.144719659401972,3.41689181178876,3.91829794466157,v1.0.0,v1.0.0
Ryan Hannam,3699,TE,TE,2002,3.528770817517228,3.5255876440041196,0.0031831735131082617,3.5223261652992743,0.006444652217953539,3.278220162338103,3.792493363302352,v1.0.0,v1.0.0
Carlos Davis,3699462,DL,IDL,2020,2.171652080276462,3.68661664362542,-1.5149645633489581,3.787191129875707,-1.6155390495992452,3.2757525591408916,4.088306921046567,v1.0.0,v1.0.0
Khalil Davis,3699530,DL,IDL,2020,3.270741920076855,3.708640179728299,-0.437898259651444,3.719887090145982,-0.44914517006912735,3.4444327509604475,3.9646173463477967,v1.0.0,v1.0.0
Chris Cash,3700,CB,DB,2002,3.111644679156027,3.285089587302851,-0.1734449081468239,3.2076981152028203,-0.09605343604679328,3.118793351709754,3.4226626467743264,v1.0.0,v1.0.0
Chuma Edoga,3701582,OT,OL,2019,1.940930471343771,3.2279728670195924,-1.2870423956758215,3.5049829735650677,-1.5640525022212968,3.0252894399116723,3.399219502095109,v1.0.0,v1.0.0
Cameron Smith,3701669,LB,LB,2019,1.5216626918475837,3.4736618700079465,-1.9519991781603627,3.385093817666522,-1.8634311258189382,3.0571568468876156,3.9921553806378505,v1.0.0,v1.0.0
Josh Shaw,3703,DT,IDL,2002,2.2772536506939334,3.4614964558045154,-1.184242805110582,3.3933977632691437,-1.1161441125752103,3.258941855063181,3.6831877574370124,v1.0.0,v1.0.0
Kevin Thomas,3705,CB,DB,2002,3.3234735242048945,3.186532534411967,0.13694098979292768,3.0213719996957535,0.30210152450914096,2.973664132974039,3.4222075618246146,v1.0.0,v1.0.0
Cody Ford,3707061,OT,OL,2019,3.163081625319118,3.2294588111837945,-0.06637718586467667,3.4218801303826996,-0.2587985050635817,2.9903841518799044,3.410078537112573,v1.0.0,v1.0.0
Mike Pucillo,3708,OG,OL,2002,2.9599211317095553,2.9058920922409337,0.05402903946862159,3.3106086428363715,-0.3506875111268162,2.4823759199238897,3.223851581686917,v1.0.0,v1.0.0
Kendall Newson,3716,WR,WR,2002,1.6770794524643968,3.1144218453325387,-1.437342392868142,3.1470312303632633,-1.4699517778988664,2.8861724407817118,3.338644975396031,v1.0.0,v1.0.0
Mike Banks,3718,TE,TE,2002,2.6469482242548565,3.657442391863532,-1.0104941676086754,3.2051560556349217,-0.5582078313800651,3.258761696603423,4.159225135551869,v1.0.0,v1.0.0
Daryl Jones,3722,WR,WR,2002,2.3868469108371837,3.3670763532352828,-0.9802294423980991,3.359432362277757,-0.9725854514405734,3.1196291572025987,3.6221689892530216,v1.0.0,v1.0.0
Marquand Manuel,3724,S,DB,2002,4.1931749948177055,3.6371583586693923,0.5560166361483132,3.6313869736116153,0.5617880212060902,3.476608168328765,3.8146201430628124,v1.0.0,v1.0.0
Chris Young,3725,S,DB,2002,2.812538078173407,3.475291758662673,-0.6627536804892662,3.3968934342718415,-0.5843553560984347,3.293449494279335,3.6855351297979646,v1.0.0,v1.0.0
Austin Bryant,3728253,EDGE,EDGE,2019,3.1644024097887096,3.351729813764428,-0.18732740397571845,3.138856217856862,0.025546191931847595,3.1049517966324327,3.6109589274018687,v1.0.0,v1.0.0
Deon Cain,3728254,WR,WR,2018,2.8099036795300227,3.3207335762921075,-0.5108298967620848,3.503537645742316,-0.6936339662122935,3.0892364053675356,3.550611304532183,v1.0.0,v1.0.0
Clelin Ferrell,3728258,EDGE,EDGE,2019,4.087383578425157,3.6612599074552747,0.4261236709698819,3.4011178619366924,0.6862657164884642,3.347804044575836,3.9907644123437063,v1.0.0,v1.0.0
Ray-ray McCloud,3728262,WR,WR,2018,4.11626721562249,3.299290227214734,0.816976988407756,3.2350346808473547,0.8812325347751355,3.03243314592421,3.4954134182248633,v1.0.0,v1.0.0
Tanner Muse,3728263,S,DB,2020,3.244566149848478,3.6040792522376206,-0.3595131023891427,3.61777266992316,-0.37320652007468214,3.4257111550567343,3.7987194918318323,v1.0.0,v1.0.0
Christian Wilkins,3728266,DL,IDL,2019,3.946502233083245,3.410137673046947,0.5363645600362981,3.4700538684185926,0.47644836466465224,3.065939544692304,3.7195889220241103,v1.0.0,v1.0.0
Blake Cashman,3728281,LB,LB,2019,3.8501130783808684,3.7532212301093506,0.09689184827151776,3.6811511994425308,0.16896187893833758,3.538482136437015,4.003093791034866,v1.0.0,v1.0.0
Johnathan Abram,3728305,S,DB,2019,3.7404459361781495,3.4427568605836836,0.2976890755944659,3.4976547993036786,0.24279113687447085,3.133681386322093,3.7309171922831217,v1.0.0,v1.0.0
Monsanto Pope,3729,DT,IDL,2002,3.508972332652167,3.374806353064284,0.13416597958788312,3.2547260996272285,0.25424623302493865,3.1780624862337254,3.560905645082508,v1.0.0,v1.0.0
Ronald Curry,3734,QB,QB,2002,3.8940487176170118,2.9875898567508137,0.9064588608661981,3.4903019951336196,0.40374672248339216,2.641070795312364,3.2863107681927324,v1.0.0,v1.0.0
Kahlil Hill,3736,WR,WR,2002,0.6417787318052229,2.8902453650719333,-2.2484666332667103,3.0150599219075205,-2.3732811901022974,2.522181778072397,3.265856478008284,v1.0.0,v1.0.0
Raheem Brock,3738,DE,EDGE,2002,4.415696373348128,3.50265907897364,0.913037294374488,3.471341483556294,0.9443548897918341,3.3326804372844245,3.743253622493386,v1.0.0,v1.0.0
Eric Heitmann,3739,OG,OL,2002,3.8539832348938767,3.531721005682889,0.3222622292109878,3.530390243812253,0.32359299108162354,3.367672264644944,3.682173972264924,v1.0.0,v1.0.0
Josh Scobey,3740,RB,RB,2002,3.700606479060751,3.4089501734231185,0.2916563056376327,3.77499486921154,-0.07438839015078891,3.1134281819903324,3.6594596464210745,v1.0.0,v1.0.0
Carlos Hall,3741,DE,EDGE,2002,3.6418404671474622,3.9212088650098544,-0.2793683978623922,3.641998428923254,-0.0001579617757916374,3.7433944900044995,4.092907874977065,v1.0.0,v1.0.0
Leonard Henry,3742,RB,RB,2002,1.8158181812103182,3.269579912240327,-1.4537617310300088,3.4560244235969786,-1.6402062423866604,2.9406444228113213,3.5724057406476306,v1.0.0,v1.0.0
Brett Keisel,3743,DE,EDGE,2002,4.475864765170698,3.6130543950183043,0.8628103701523937,3.491514944429052,0.9843498207416461,3.4456646918819263,3.780656744229638,v1.0.0,v1.0.0
J.T. O'Sullivan,3745,QB,QB,2002,2.4640884767605504,2.8985037592459397,-0.4344152824853893,3.190835440514922,-0.7267469637543718,2.4621013474139106,3.319257875030161,v1.0.0,v1.0.0
Quincy Monk,3747,ILB,LB,2002,2.3868481303175892,3.4545901270959387,-1.0677419967783495,3.390968198131774,-1.0041200678141848,3.120017288810628,3.7002091788335854,v1.0.0,v1.0.0
Hayden Epstein,3750,K,ST,2002,2.85691210955678,3.7913172744908312,-0.9344051649340512,3.431210701200279,-0.5742985916434988,3.4283310076909337,4.174348548858686,v1.0.0,v1.0.0
Kyle Kosier,3751,OT,OL,2002,4.167439063529634,3.530226701839104,0.6372123616905299,3.524914171463257,0.6425248920663771,3.410666924927484,3.665957492951932,v1.0.0,v1.0.0
Wesly Mallard,3753,S,DB,2002,3.721243132965228,3.8731963494538446,-0.1519532164886166,3.8609520685765064,-0.1397089356112784,3.7324938619780896,4.045872431419194,v1.0.0,v1.0.0
David Givens,3757,WR,WR,2002,3.6628365190360186,3.5443432076300145,0.11849331140600405,3.461705139910175,0.20113137912584378,3.3584710816628287,3.766072929362104,v1.0.0,v1.0.0
Rock Cartwright,3761,RB,RB,2002,4.424165548536845,3.7425386827827714,0.6816268657540734,3.687643007084894,0.7365225414519507,3.4334251722178277,4.0788001584973905,v1.0.0,v1.0.0
Dominique Stevenson,3764,OLB,EDGE,2002,2.759613832938619,3.075531142417386,-0.3159173094787673,3.3089946884436388,-0.5493808555050199,2.8066359626874005,3.357729181688337,v1.0.0,v1.0.0
John Stamper,3770,DE,EDGE,2002,1.345801546169376,3.444124538893232,-2.0983229927238556,3.462343517819878,-2.116541971650502,3.2178817498960686,3.6728845613639267,v1.0.0,v1.0.0
Larry Ned,3774,RB,RB,2002,2.704490561053983,3.4554724095855143,-0.7509818485315312,3.3501467506938996,-0.6456561896399164,3.1973362867392234,3.753165097576109,v1.0.0,v1.0.0
Tyreo Harrison,3775,ILB,LB,2002,2.3460445734134283,3.054493729928489,-0.7084491565150608,3.1597108169561166,-0.8136662435426882,2.6118942908384732,3.485593948904023,v1.0.0,v1.0.0
Adrian Peterson,3776,RB,RB,2002,4.134839907711126,3.251965919069133,0.8828739886419932,3.0924320459616648,1.0424078617494614,2.831969057248646,3.555153087298917,v1.0.0,v1.0.0
Lee Mays,3779,WR,WR,2002,3.4735621360271987,3.103502203295249,0.3700599327319498,3.1443310144718857,0.329231121555313,2.8878688257041354,3.281994491565111,v1.0.0,v1.0.0
Brian Allen,3781,RB,RB,2002,0.9146634597162007,3.385046632480342,-2.470383172764141,3.6117783886661536,-2.697114928949953,3.1376896862842436,3.5991271040932182,v1.0.0,v1.0.0
Javin Hunter,3783,WR,WR,2002,2.3460445734134283,3.43671609714246,-1.0906715237290316,3.375475127245873,-1.0294305538324449,3.2805463440789766,3.6400585025386345,v1.0.0,v1.0.0
Chester Taylor,3784,RB,RB,2002,4.4114200421344,3.1528500633394665,1.2585699787949332,3.3015710510027714,1.1098489911316283,2.9048311594183747,3.354957911413896,v1.0.0,v1.0.0
Chad Williams,3786,S,DB,2002,3.8622111928606273,3.600815035930465,0.26139615693016216,3.461164215343966,0.4010469775166614,3.3590133786756162,3.8717565576159996,v1.0.0,v1.0.0
Nick Rogers,3789,OLB,EDGE,2002,3.5542642810668603,3.695128918990698,-0.14086463792383785,3.5698086980067947,-0.015544416939934358,3.5959193333710022,3.8249023710980463,v1.0.0,v1.0.0
Malik Jefferson,3821576,OLB,EDGE,2018,3.274913274630675,3.138249532060443,0.13666374257023195,3.3438162114380336,-0.06890293680735882,2.9359496769401723,3.371775710525826,v1.0.0,v1.0.0
Connor Williams,3821577,OT,OL,2018,3.6572570856366133,3.577420025226511,0.07983706041010219,3.478170777224003,0.17908630841261042,3.403195094016057,3.721484172077632,v1.0.0,v1.0.0
Dru Samia,3821678,OT,OL,2019,2.4302874475538276,3.391083497153415,-0.9607960495995873,3.3844043482789616,-0.954116900725134,3.2727828105277204,3.4920413041904212,v1.0.0,v1.0.0
Austin Seibert,3821683,K,ST,2019,3.0356456795305733,3.595193742042884,-0.5595480625123108,3.0683456989561457,-0.032700019425572435,2.9303319502537835,4.418410351599615,v1.0.0,v1.0.0
Blake Ferguson,3843470,LS,ST,2020,3.5966048274779854,3.6736677787603513,-0.07706295128236595,3.012195784317708,0.5844090431602775,1.4053244651281367,5.226229488429644,v1.0.0,v1.0.0
Derrius Guice,3843750,RB,RB,2018,1.5216626918475837,3.4021760723818835,-1.8805133805342997,3.3327186509243463,-1.8110559590767625,2.9627513917639234,3.8619749611383187,v1.0.0,v1.0.0
Donte Jackson,3843769,CB,DB,2018,4.170465261432873,3.3947521403584693,0.7757131210744035,3.441748515641425,0.7287167457914476,3.0332079942780252,3.692608780145674,v1.0.0,v1.0.0
Arden Key,3843843,EDGE,EDGE,2018,4.1931749948177055,3.0323014395785055,1.1608735552392,2.9123250675351717,1.2808499272825338,2.679009973909589,3.4135986437503187,v1.0.0,v1.0.0
Foster Moreau,3843945,TE,TE,2019,4.096781332489056,3.625437829908408,0.47134350258064783,3.6414015834545403,0.4553797490345155,3.348227005234265,3.8808421463371943,v1.0.0,v1.0.0
Ashtyn Davis,3858271,S,DB,2020,3.9312968613596864,3.3776328066009746,0.5536640547587117,3.2465369709617624,0.684759890397924,3.1520945973173684,3.5765961859777726,v1.0.0,v1.0.0
Jaylinn Hawkins,3858276,S,DB,2020,4.030945120339381,3.1090541143088313,0.9218910060305499,2.923820371731782,1.1071247486075992,2.8278383573485355,3.379800108056614,v1.0.0,v1.0.0
Ronnie Harrison,3859006,S,DB,2018,4.057135559788768,3.0953341420751417,0.9618014177136263,2.9397308955077674,1.1174046642810005,2.822572165472443,3.3794226197134565,v1.0.0,v1.0.0
Deionte Thompson,3859100,S,DB,2019,3.4530238369508592,3.1782750405058744,0.27474879644498484,3.0313720225637706,0.42165181438708865,2.9931513174076514,3.329356487618277,v1.0.0,v1.0.0
Xavier Crawford,3860287,CB,DB,2019,2.8946014468858334,3.4037736506059404,-0.509172203720107,3.2356334020415582,-0.3410319551557248,3.1455569739652858,3.708233720087997,v1.0.0,v1.0.0
Jerry Tillery,3863182,DL,IDL,2019,4.1920735907137745,3.5441164071939983,0.6479571835197762,3.6026595815976608,0.5894140091161137,3.283452300949543,3.7673748717857087,v1.0.0,v1.0.0
Jamel Dean,3873935,CB,DB,2019,4.045012691500104,3.689101107373009,0.355911584127095,3.7038240555253195,0.34118863597478466,3.5094647935771293,3.882363047367462,v1.0.0,v1.0.0
Josh Rosen,3886377,QB,QB,2018,2.868907891409407,2.907337765491628,-0.038429874082221094,3.305453086333694,-0.4365451949242871,2.6499748205825138,3.148376378634456,v1.0.0,v1.0.0
Jauan Jennings,3886598,WR,WR,2020,3.8286553553471774,2.9474482434832483,0.8812071118639291,2.989579055354959,0.8390762999922186,2.6337720841307943,3.212135295563571,v1.0.0,v1.0.0
Ben Burr-Kirven,3886816,LB,LB,2019,3.173159346567495,3.6827067656232786,-0.5095474190557834,3.6126632153777622,-0.43950386881026704,3.4987160603761254,3.8955488685233366,v1.0.0,v1.0.0
Myles Gaskin,3886818,RB,RB,2019,3.4131189778609787,3.328836260933224,0.08428271692775491,3.4056802842386364,0.007438693622342285,3.1214277350811677,3.5130503303560574,v1.0.0,v1.0.0
Jordan Miller,3886824,CB,DB,2019,2.1486374407659596,3.2715437676412247,-1.122906326875265,3.174404918374937,-1.0257674776089774,3.066160839420549,3.481664476967288,v1.0.0,v1.0.0
Ugo Amadi,3886834,S,DB,2019,3.8957256765616757,3.4516952001012973,0.4440304764603784,3.390912488152028,0.5048131884096478,3.2935678216330455,3.623101565844414,v1.0.0,v1.0.0
Jeremiah Ledbetter,3892689,DT,IDL,2017,3.59865887259032,3.596997942255444,0.0016609303348760207,3.5149163954469484,0.08374247714337146,3.4650917329061044,3.7271911179642183,v1.0.0,v1.0.0
Jarrett Stidham,3892775,QB,QB,2019,2.564952164443895,2.8182762654037807,-0.2533241009598859,3.221450721763371,-0.6564985573194764,2.5390288493694757,3.061071536232112,v1.0.0,v1.0.0
Neville Gallimore,3892883,DL,IDL,2020,3.9235586747305797,3.6656685257843664,0.2578901489462133,3.6113665575576457,0.31219211717293405,3.296689035122782,4.0776012217428805,v1.0.0,v1.0.0
Dede Westbrook,3892889,WR,WR,2017,3.628618092270494,3.2210013204296235,0.4076167718408703,2.9333946527722725,0.6952234394982213,2.9754647218318997,3.447743827837098,v1.0.0,v1.0.0
Michael Ojemudia,3894830,CB,DB,2020,2.6469482242548565,3.4171915504089263,-0.7702433261540698,3.374512389449422,-0.7275641651945652,3.2899699824773423,3.5412987669740077,v1.0.0,v1.0.0
James Daniels,3894849,C,OL,2018,3.4735621360271987,3.269749698415318,0.20381243761188061,3.2714051017947385,0.20215703423246012,2.9479988134485593,3.5550542088335884,v1.0.0,v1.0.0
Anthony Nelson,3894856,DL,IDL,2019,4.1151787869949095,3.583407669330011,0.5317711176648983,3.6734235940745417,0.4417551929203678,3.2509361107956547,3.873766113103023,v1.0.0,v1.0.0
Shalom Luani,3894908,S,DB,2017,3.1481389932070876,3.5107220514897444,-0.3625830582826568,3.419777505796718,-0.27163851258963057,3.3684765601680597,3.6619165912117073,v1.0.0,v1.0.0
D.J. Jones,3894915,DT,IDL,2017,4.265886059460916,3.4268079441714314,0.8390781152894848,3.5070605758683615,0.7588254835925548,3.2513727620771866,3.6100367551544084,v1.0.0,v1.0.0
Martinas Rankin,3894924,OL,OTHER,2018,2.863455195111033,2.684731194386575,0.17872400072445815,3.2764430404974485,-0.4129878453864153,2.3276418965725494,3.0726580780082973,v1.0.0,v1.0.0
Jaire Alexander,3895429,CB,DB,2018,3.952912837239901,3.758602174963033,0.19431066227686777,3.6322975478410227,0.3206152893988783,3.593430447358345,3.90610760688474,v1.0.0,v1.0.0
Dane Jackson,3895791,CB,DB,2020,3.755740759494776,3.1565610776866726,0.5991796818081032,3.0801006598611527,0.6756400996336231,2.9970289833435233,3.3222694801918284,v1.0.0,v1.0.0
Jordan Whitehead,3895798,S,DB,2018,4.102971855471372,3.380674567529576,0.7222972879417959,3.2321506124060106,0.8708212430653615,3.1173309141102763,3.6235829561279416,v1.0.0,v1.0.0
Randy Gregory,3895806,DE,EDGE,2015,2.3460445734134283,3.04355506404029,-0.6975104906268617,3.2703712147962922,-0.9243266413828639,2.827696491894239,3.3049620268800224,v1.0.0,v1.0.0
Andre Smith,3895831,ILB,LB,2018,3.735266625906185,3.5316917024650114,0.20357492344117345,3.5403804598646498,0.19488616604153508,3.2916219240295286,3.812502007630889,v1.0.0,v1.0.0
Charlie Heck,3895840,OL,OTHER,2020,1.3041407209142934,2.3802362241695847,-1.0760955032552912,3.3078483455369145,-2.003707624622621,1.7556167837458572,3.0038523878492653,v1.0.0,v1.0.0
Mike Hughes,3895841,CB,DB,2018,4.09064813607092,3.622170251574588,0.46847788449633176,3.4933812159439834,0.5972669201269363,3.4694861204750955,3.7850944554185757,v1.0.0,v1.0.0
Jason Strowbridge,3895843,DL,IDL,2020,1.940930471343771,3.5506209680071774,-1.6096904966634065,3.517721630255668,-1.576791158911897,3.3411995444325377,3.7195504469125997,v1.0.0,v1.0.0
Christian Kirk,3895856,WR,WR,2018,4.134839907711126,3.2353168423390075,0.8995230653721187,3.4116430310691435,0.7231968766419827,2.9973322874951887,3.4327739125712697,v1.0.0,v1.0.0
Justin Evans,3895859,S,DB,2017,3.438250473750448,3.3750179742056075,0.06323249954484034,3.2223814458831708,0.21586902786727702,3.148239730204111,3.581020864072022,v1.0.0,v1.0.0
Rock Ya-Sin,3910229,CB,DB,2019,4.045012691500104,3.3101492401174912,0.7348634513826129,3.327709863026424,0.71730282847368,3.1285691436267578,3.530553805617222,v1.0.0,v1.0.0
Joshua Kelley,3910544,RB,RB,2020,3.6516293448535895,3.518473419098574,0.13315592575501567,3.4824261568321204,0.16920318802146905,3.33824316403118,3.7038849717948916,v1.0.0,v1.0.0
Adam Trautman,3911853,TE,TE,2020,4.003998256448456,3.761633412990714,0.24236484345774256,3.6064759865376588,0.39752226991079764,3.4229201478532483,4.044094694175091,v1.0.0,v1.0.0
Nasir Adderley,3912028,S,DB,2019,3.535238532571787,3.2839575265575442,0.25128100601424297,3.1188970968671397,0.41634143570464754,3.1097177749219735,3.4711340248531775,v1.0.0,v1.0.0
Marvell Tell,3912544,S,DB,2019,2.4302874475538276,3.461575994519119,-1.0312885469652913,3.176118289326955,-0.7458308417731274,3.205296766693028,3.737274870979848,v1.0.0,v1.0.0
Sam Darnold,3912547,QB,QB,2018,4.097148190238399,2.7310322613310922,1.3661159289073068,3.251454784309943,0.845693405928456,2.143778453062536,3.206168451184636,v1.0.0,v1.0.0
Ronald Jones,3912550,RB,RB,2018,3.695343292409548,3.0968629209229435,0.5984803714866045,3.0535231713299207,0.6418201210796273,2.696764794180403,3.4485164207934713,v1.0.0,v1.0.0
Rasheem Green,3912562,DE,EDGE,2018,3.946502233083245,3.787460175066594,0.15904205801665094,3.362700804322716,0.5838014287605291,3.644742400950312,3.944680472037144,v1.0.0,v1.0.0
Josiah Deguara,3914151,TE,TE,2020,3.875089022657199,3.470648817730549,0.40444020492665,3.438523776986788,0.436565245670411,3.192089437486468,3.690044544868134,v1.0.0,v1.0.0
Andy Isabella,3914328,WR,WR,2019,3.4263951146954534,3.4601697627600565,-0.03377464806460306,3.5698441537611214,-0.14344903906566797,3.322624446896096,3.690933387130458,v1.0.0,v1.0.0
Emeke Egbule,3914613,LB,LB,2019,3.183687955948746,3.5255427016144707,-0.3418547456657248,3.398585132456514,-0.21489717650776807,3.3306768999043146,3.7419109406325513,v1.0.0,v1.0.0
Antonio Callaway,3915097,WR,WR,2018,2.912610282873049,3.2067420396098636,-0.2941317567368147,3.183149830815998,-0.2705395479429491,3.0171882498212934,3.4074533030433347,v1.0.0,v1.0.0
Jordan Scarlett,3915115,RB,RB,2019,2.0548197685407565,3.5304518117245154,-1.4756320431837588,3.225017586252324,-1.1701978177115673,3.1922572843445165,3.8745368667380933,v1.0.0,v1.0.0
Jabari Zuniga,3915123,DL,IDL,2020,2.171652080276462,3.149589662770021,-0.977937582493559,3.2713061955754097,-1.0996541152989479,2.7887459354163044,3.5491425645375214,v1.0.0,v1.0.0
Deandre Baker,3915163,CB,DB,2019,2.9548883427539363,3.464572246055382,-0.5096839033014455,3.4993496602595138,-0.5444613175055775,3.182054955736644,3.7154075378910276,v1.0.0,v1.0.0
Terry Godwin,3915174,WR,WR,2019,1.1451351194023418,3.1282386401187883,-1.9831035207164465,3.1314732120602256,-1.9863380926578837,2.7988560870141908,3.3923606869617515,v1.0.0,v1.0.0
Roquan Smith,3915189,OLB,EDGE,2018,4.284141537332057,3.498821776859561,0.785319760472496,3.3900669619650645,0.8940745753669925,3.3180566205163378,3.744213293916683,v1.0.0,v1.0.0
Zach Allen,3915282,DL,IDL,2019,4.038241796942238,3.556086999065775,0.48215479787646265,3.534123353955879,0.5041184429863588,3.358033688864764,3.721709727313962,v1.0.0,v1.0.0
Will Harris,3915297,S,DB,2019,4.090531284334419,3.6899671990636556,0.40056408527076304,3.6835447394101926,0.40698654492422603,3.5869304186144095,3.794505814849736,v1.0.0,v1.0.0
John Kelly,3915381,RB,RB,2018,2.215933310920739,2.7457088555450415,-0.5297755446243024,3.024835305177159,-0.80890199425642,2.3084360953128162,3.1648748999119687,v1.0.0,v1.0.0
Kahlil McKenzie,3915388,DT,IDL,2018,2.2332680792706037,3.5398244254148046,-1.306556346144201,3.4139963664904913,-1.1807282872198877,3.3477108836260197,3.7078551889056803,v1.0.0,v1.0.0
Darrell Taylor,3915396,LB,LB,2020,3.774831517952426,3.3797200298289645,0.39511148812346164,3.3595931512734305,0.4152383666789956,2.8495559212133084,3.8499165311152175,v1.0.0,v1.0.0
Darnell Savage,3915419,S,DB,2019,4.090531284334419,3.638446702116082,0.4520845822183368,3.5781580882227497,0.5123731961116689,3.478887754859596,3.807886396038207,v1.0.0,v1.0.0
Isaiah Oliver,3915437,CB,DB,2018,4.158805755986539,3.3238761754738215,0.8349295805127177,3.312073433119156,0.8467323228673833,3.161076469759691,3.475102380369996,v1.0.0,v1.0.0
Danny Pinter,3915470,OL,OTHER,2020,3.0057495495866404,3.129822860149231,-0.12407331056259041,3.538339529089118,-0.5325899795024776,2.800235055051388,3.3903722287944684,v1.0.0,v1.0.0
Tyler Conklin,3915486,TE,TE,2018,4.251821304352977,3.48129147028609,0.7705298340668869,3.5316195919092355,0.7202017124437416,3.113428617320058,3.734469717475051,v1.0.0,v1.0.0
Damon Arnette,3915506,CB,DB,2020,2.3868481303175892,3.357224266872133,-0.9703761365545436,3.3058426001561494,-0.9189944698385601,3.1955181482916672,3.496531743566617,v1.0.0,v1.0.0
Jerome Baker,3915507,OLB,EDGE,2018,4.246703167672888,3.1148276602194946,1.1318755074533935,3.2789690892790357,0.9677340783938524,2.8874944688358073,3.3456197375806536,v1.0.0,v1.0.0
Joe Burrow,3915511,QB,QB,2020,3.875089022657199,2.6816760470392347,1.1934129756179641,3.046249487136513,0.8288395355206859,2.37902310438873,3.057324468638799,v1.0.0,v1.0.0
DaVon Hamilton,3915520,DL,IDL,2020,3.946502233083245,3.7099515285135616,0.2365507045696833,3.493196895734151,0.45330533734909384,3.3666444605001913,4.041508671444232,v1.0.0,v1.0.0
K.J. Hill,3915522,WR,WR,2020,2.812538078173407,3.162455842181896,-0.34991776400848895,3.222067868600401,-0.4095297904269941,2.9181288023574092,3.355433715641042,v1.0.0,v1.0.0
Dre'Mont Jones,3915525,DL,IDL,2019,4.172994652905632,3.3269664845041085,0.8460281684015234,3.198710020147943,0.9742846327576888,3.113207158691643,3.5569719937547273,v1.0.0,v1.0.0
Denzel Ward,3915535,CB,DB,2018,4.158805755986539,3.429244369401216,0.7295613865853232,3.3201768076148412,0.838628948371698,3.1957986540237684,3.6519413939803615,v1.0.0,v1.0.0
Keke Coutee,3915823,WR,WR,2018,3.1017224531086596,3.398407196958938,-0.2966847438502782,3.450915559539421,-0.3491931064307616,3.2508124159476646,3.585823489751703,v1.0.0,v1.0.0
Broderick Washington,3915837,DL,IDL,2020,3.840643878065867,3.060898725427685,0.7797451526381822,3.213711212834483,0.6269326652313842,2.784423972820869,3.3620342507503125,v1.0.0,v1.0.0
Colton McKivitz,3916075,OL,OTHER,2020,3.1528451932898274,2.5627109395299157,0.5901342537599117,3.226741578722661,-0.07389638543283361,1.8727670135833347,3.07647011832289,v1.0.0,v1.0.0
Tony Pollard,3916148,RB,RB,2019,4.144729330144801,3.111338312346854,1.033391017797947,3.264048595504805,0.8806807346399963,2.899066418941033,3.307426797713958,v1.0.0,v1.0.0
James Proche,3916204,WR,WR,2020,3.8227117063286284,2.8641471470038615,0.9585645593247669,3.0003669052106425,0.8223448011179859,2.400516201433388,3.4150686968311086,v1.0.0,v1.0.0
Lamar Jackson,3916387,QB,QB,2018,4.1931749948177055,2.657744307528106,1.5354306872895993,3.0049377402329442,1.1882372545847613,2.3269940229626145,2.969177554311238,v1.0.0,v1.0.0
Jonathan Greenard,3916409,DL,IDL,2020,3.8834224701360887,3.484611047680983,0.3988114224551058,3.516793389210929,0.36662908092515956,3.246385073328595,3.7020794691230576,v1.0.0,v1.0.0
Geron Christian,3916414,OT,OL,2018,3.0741435672906428,3.1555633316257,-0.08141976433505738,3.3642458032388602,-0.2901022359482175,2.9368814919496584,3.3741395454377883,v1.0.0,v1.0.0
Nyheim Hines,3916430,RB,RB,2018,4.007428343564005,3.506478204622486,0.5009501389415187,3.2521570763268897,0.7552712672371151,3.2282009595056254,3.7764524961925687,v1.0.0,v1.0.0
Sterling Hofrichter,3916449,P,ST,2020,2.6469482242548565,3.358952246311139,-0.7120040220562824,2.986603192415404,-0.33965496816054763,2.829590957579855,3.938438464220548,v1.0.0,v1.0.0
K.J. Osborn,3916566,WR,WR,2020,3.746150394761617,3.2845722630187733,0.46157813174284357,3.4609798200154414,0.28517057474617546,3.1137122636700094,3.464260101196268,v1.0.0,v1.0.0
Maxx Crosby,3916655,DL,IDL,2019,4.133069824698468,3.5236435354113254,0.6094262892871423,3.568222912326792,0.5648469123716757,3.245093462329611,3.8302012675260553,v1.0.0,v1.0.0
Dre Greenlaw,3916903,LB,LB,2019,3.859141001285302,3.289133215285027,0.570007786000275,2.993603840501652,0.8655371607836497,2.9050381289524023,3.6057189103895677,v1.0.0,v1.0.0
Byron Cowart,3916922,DL,IDL,2019,3.5479840389742314,3.220065333779293,0.3279187051949384,3.23224860348869,0.3157354354855415,2.976068112766574,3.4156612655531116,v1.0.0,v1.0.0
Carlton Davis,3916923,CB,DB,2018,4.134839907711126,3.3718755427367806,0.7629643649743456,3.3037475377455388,0.8310923699655874,3.227776382591247,3.50882461741288,v1.0.0,v1.0.0
Kerryon Johnson,3916925,RB,RB,2018,3.252169227988219,2.578513942019142,0.673655285969077,3.1213050150659245,0.13086421292229433,2.2032926707958884,2.9972009768293524,v1.0.0,v1.0.0
Darius Slayton,3916945,WR,WR,2019,4.109103976423055,3.3405957465108487,0.7685082299122059,3.4648307237413616,0.644273252681693,3.077939254594084,3.5828187407619025,v1.0.0,v1.0.0
Reggie Robinson II,3917006,CB,DB,2020,1.5216626918475837,3.550115328242641,-2.0284526363950572,3.5329823633758624,-2.0113196715282786,3.370707910388747,3.753669841621327,v1.0.0,v1.0.0
Trevis Gipson,3917016,DL,IDL,2020,3.760649137145911,3.0772911487443744,0.6833579884015366,3.008060594273035,0.7525885428728758,2.731513565103514,3.379911282916265,v1.0.0,v1.0.0
Bisi Johnson,3917067,WR,WR,2019,3.173159346567495,3.448949577655945,-0.2757902310884499,3.532345978640976,-0.3591866320734809,3.3296992485422225,3.585471665847254,v1.0.0,v1.0.0
Akeem Davis-Gaither,3917142,LB,LB,2020,3.961360022832677,3.1648011141618815,0.7965589086707956,3.080274040338132,0.881085982494545,2.920849956084923,3.4486817083966104,v1.0.0,v1.0.0
Tyler Bass,3917232,K,ST,2020,3.894119439488368,3.2093208631390646,0.6847985763493032,2.933602613190444,0.960516826297924,2.6920701611468143,3.772432078941428,v1.0.0,v1.0.0
Kyler Murray,3917315,QB,QB,2019,3.981374951762213,2.65675386675599,1.324621085006223,2.9301329911858773,1.0512419605763355,1.997956486950034,3.1248735255030806,v1.0.0,v1.0.0
Erik McCoy,3917331,OL,OTHER,2019,3.5847863200739116,2.8794212748599297,0.7053650452139819,3.472056783199586,0.11272953687432574,2.0661823752929456,3.5074756988244986,v1.0.0,v1.0.0
Kingsley Keke,3917340,DL,IDL,2019,3.372246395067789,3.381941215262742,-0.00969482019495338,3.3546082464281795,0.01763814863960933,3.209460547586238,3.57783290064183,v1.0.0,v1.0.0
Robert Hunt,3917592,OL,OTHER,2020,2.9755254667513045,2.742397175366395,0.23312829138490931,3.1295808186520424,-0.15405535190073794,2.3099871410433717,3.1432197708343828,v1.0.0,v1.0.0
Ke'Shawn Vaughn,3917612,RB,RB,2020,3.463400444351175,3.25652259997293,0.20687784437824508,3.1395613319428888,0.3238391124082862,3.0742122262431995,3.451805510607664,v1.0.0,v1.0.0
Zack Baun,3917657,LB,LB,2020,4.003998256448456,3.608296625858751,0.3957016305897052,3.5122960578913487,0.49170219855710773,3.396000036747982,3.791145517749695,v1.0.0,v1.0.0
David Edwards,3917660,OT,OL,2019,2.967818695626776,3.1218716031584455,-0.15405290753166945,3.231181997346656,-0.26336330171987976,2.956227199476659,3.2762464346984546,v1.0.0,v1.0.0
Ryan Ramczyk,3917676,OT,OL,2017,3.1528451932898274,3.0431793675991745,0.10966582569065286,3.204170016301204,-0.05132482301137653,2.804656824343576,3.3006952771271694,v1.0.0,v1.0.0
Daniel Jones,3917792,QB,QB,2019,3.9509600467828196,3.093828404767106,0.8571316420157138,3.285762066460026,0.6651979803227936,2.7029905630710918,3.511536398754721,v1.0.0,v1.0.0
Mark Walton,3917846,RB,RB,2018,2.812538078173407,3.068979798786885,-0.25644172061347836,3.1742722707326814,-0.3617341925592745,2.831492933396405,3.2809300713489176,v1.0.0,v1.0.0
Sheldrick Redwine,3917852,S,DB,2019,3.288798636746454,3.3543215614127697,-0.0655229246663156,3.262724481624252,0.026074155122202125,3.1542646786101796,3.5564930932762024,v1.0.0,v1.0.0
Mike Jackson,3917853,CB,DB,2019,3.8227117063286284,3.6425282331839464,0.18018347314468208,3.5948799370196474,0.22783176930898108,3.4746698408121013,3.8261651038029294,v1.0.0,v1.0.0
R.J. McIntosh,3917872,DT,IDL,2018,2.6469482242548565,2.984481581339642,-0.3375333570847854,2.9692729819395196,-0.32232475768466307,2.71112799415815,3.258279928991861,v1.0.0,v1.0.0
Juan Thornhill,3917909,S,DB,2019,4.045012691500104,3.5871944382385568,0.45781825326154735,3.4948517497697535,0.5501609417303506,3.3351196009238766,3.833009411634796,v1.0.0,v1.0.0
Jace Sternberger,3917962,TE,TE,2019,2.6469482242548565,3.476323202480545,-0.8293749782256885,3.422384998311783,-0.7754367740569266,3.2830655823254657,3.6655711386424943,v1.0.0,v1.0.0
Markus Bailey,3917992,LB,LB,2020,3.65267405126285,3.2719499317540772,0.38072411950877294,3.1525971316495167,0.5000769196133334,2.997238206002096,3.5627280555657492,v1.0.0,v1.0.0
Brycen Hopkins,3918003,TE,TE,2020,3.252169227988219,3.4937886472351574,-0.24161941924693853,3.4455649834875888,-0.19339575549936994,3.3027808947875057,3.6742210060264906,v1.0.0,v1.0.0
Josh Allen,3918298,QB,QB,2018,4.256899455181893,3.161325134478063,1.0955743207038298,3.4746709031935152,0.7822285519883776,2.8426079838683367,3.5627713395788088,v1.0.0,v1.0.0
Logan Wilson,3918330,LB,LB,2020,3.9794670432596053,3.539498241592272,0.4399688016673333,3.501690489293858,0.4777765539657475,3.3691147556113377,3.6928342904014624,v1.0.0,v1.0.0
Gerald Everett,3918639,TE,TE,2017,4.23634438270206,3.450021919308607,0.7863224633934531,3.4728923561949085,0.7634520265071516,3.217435987870561,3.682149415506472,v1.0.0,v1.0.0
Jessie Bates,3919512,S,DB,2018,4.266938264759751,3.3383233200246667,0.928614944735084,3.3176357657070774,0.9493024990526733,3.1415762173513566,3.485780886507562,v1.0.0,v1.0.0
Justin Strnad,3919548,LB,LB,2020,3.894119439488368,3.275771302964124,0.6183481365242436,3.0234591405406266,0.8706602989477412,2.9201138713003845,3.6517834809507064,v1.0.0,v1.0.0
Chris Carson,3919596,RB,RB,2017,3.5345302867139483,3.252773009844426,0.28175727686952223,3.314884019694339,0.2196462670196091,2.9612789578850283,3.5292930628842343,v1.0.0,v1.0.0
Auden Tate,3921564,WR,WR,2018,3.2135152637140565,3.213576579385857,-6.131567180034381e-05,3.148271223477168,0.06524404023688835,2.92644444905576,3.4491744063465517,v1.0.0,v1.0.0
Josh Oliver,3921690,TE,TE,2019,3.915727254695066,3.6077797385274075,0.30794751616765836,3.446450328561687,0.4692769261333787,3.422881532682395,3.8193355735147505,v1.0.0,v1.0.0
Matt Peart,3921936,OL,OTHER,2020,1.940930471343771,2.474906471388555,-0.5339760000447842,3.3606009153001275,-1.4196704439563566,1.8973569223815252,2.98512236735577,v1.0.0,v1.0.0
Sutton Smith,3921970,EDGE,EDGE,2019,1.940930471343771,3.581777732630854,-1.640847261287083,3.4806688190743644,-1.5397383477305935,3.3290937137478513,3.906192053495624,v1.0.0,v1.0.0
Ryquell Armstead,3923397,RB,RB,2019,2.6469482242548565,3.558162955996409,-0.9112147317415524,3.5385478153244336,-0.8915995910695771,3.3643705123052254,3.785707966316597,v1.0.0,v1.0.0
Chapelle Russell,3923413,LB,LB,2020,2.6554775013275047,3.3515164867958984,-0.6960389854683937,3.2920906074685963,-0.6366131061410916,3.130538616611413,3.5727366135082295,v1.0.0,v1.0.0
Drew Lock,3924327,QB,QB,2019,3.296829440791208,3.11249690824463,0.18433253254657833,3.481459379683174,-0.18462993889196566,2.7383923739907328,3.4382082803894964,v1.0.0,v1.0.0
Rashad Fenton,3924364,CB,DB,2019,3.5666456077978115,3.3339510900946774,0.2326945177031341,3.267587027014354,0.2990585807834574,3.1121242977955514,3.5533510910571877,v1.0.0,v1.0.0
Hayden Hurst,3924365,TE,TE,2018,3.988761394884917,3.3697535524377855,0.6190078424471315,3.2564006355096646,0.7323607593752524,3.0877568722763646,3.6481630983277653,v1.0.0,v1.0.0
Minkah Fitzpatrick,3925345,DB,DB,2018,4.256899455181893,3.3702544113525303,0.8866450438293625,3.328667361643778,0.928232093538115,3.236686908731297,3.522722714219415,v1.0.0,v1.0.0
Damien Harris,3925347,RB,RB,2019,3.4138311044771363,3.173684361430047,0.24014674304708938,3.308319599878811,0.10551150459832526,2.953693479531728,3.3695010163114145,v1.0.0,v1.0.0
Anfernee Jennings,3925350,LB,LB,2020,3.8286553553471774,3.3065160685613906,0.5221392867857868,3.2457247190933702,0.5829306362538071,2.8906117751691576,3.7056836253284926,v1.0.0,v1.0.0
Daron Payne,3925354,DT,IDL,2018,4.266938264759751,3.5314408080740716,0.7354974566856791,3.5306873886165717,0.736250876143179,3.382348722749749,3.6765526149194194,v1.0.0,v1.0.0
Calvin Ridley,3925357,WR,WR,2018,4.003287139034716,3.160552150563843,0.8427349884708724,3.3808372206036648,0.6224499184310508,2.9141107251028293,3.3901984554517184,v1.0.0,v1.0.0
Kendall Sheffield,3925358,CB,DB,2019,3.490798326169174,3.2039874667000063,0.28681085946916784,3.014969715087147,0.4758286110820271,3.0151728070215187,3.381371113442856,v1.0.0,v1.0.0
Cody Barton,3926229,LB,LB,2019,4.144729330144801,3.7299029914712873,0.4148263386735138,3.7073134993717622,0.4374158307730389,3.4483448043103286,3.9869618050391034,v1.0.0,v1.0.0
Clay Johnston,3928928,LB,LB,2020,3.3149766711861153,3.189873405847267,0.1251032653388484,3.090813162599942,0.22416350858617307,2.947020054997504,3.452957338600815,v1.0.0,v1.0.0
Dorance Armstrong,3928979,EDGE,EDGE,2018,4.1931749948177055,3.615613929083098,0.5775610657346073,3.4069384319478693,0.7862365628698362,3.4184550474917947,3.8190966043875343,v1.0.0,v1.0.0
Saquon Barkley,3929630,RB,RB,2018,4.134839907711126,3.418276988547392,0.7165629191637342,3.6901722377925696,0.44466766991855655,2.955576936616951,3.8290920101773027,v1.0.0,v1.0.0
John Reid,3929653,CB,DB,2020,2.995843821087393,3.6330529190896197,-0.6372090980022267,3.4866828014235582,-0.49083898033616524,3.4674719402595144,3.7921006954305856,v1.0.0,v1.0.0
Rob Windsor,3929658,DL,IDL,2020,0.9146634597162007,3.424690966605887,-2.5100275068896862,3.5129004573879055,-2.598236997671705,3.206682037991145,3.6122467349952663,v1.0.0,v1.0.0
Kenny Willekes,3929833,DL,IDL,2020,1.6770794524643968,3.5169833524193583,-1.8399038999549615,3.3658786369034983,-1.6887991844391015,3.0601138963751704,3.9878482648203635,v1.0.0,v1.0.0
Khari Willis,3929835,S,DB,2019,3.340141104103564,3.5155861902312724,-0.17544508612770837,3.4583412464237173,-0.1182001423201533,3.341738248230007,3.6890981456891465,v1.0.0,v1.0.0
Kris Boyd,3929845,CB,DB,2019,3.8916504281028392,3.675734461712171,0.21591596639066823,3.589290879905565,0.3023595481972743,3.575168859238403,3.8020429969495497,v1.0.0,v1.0.0
Deshon Elliott,3929846,S,DB,2018,3.9024903947094387,3.3679702893948593,0.5345201053145794,3.314715618362089,0.5877747763473495,3.205735593480787,3.527444876589303,v1.0.0,v1.0.0
Michael Dickson,3929851,P,ST,2018,4.281711627960163,3.5022145046356066,0.779497123324556,3.0450919242521532,1.2366197037080093,3.236707019778565,3.8001852260294,v1.0.0,v1.0.0
Charles Omenihu,3929865,DL,IDL,2019,4.087383578425157,3.4937138868440862,0.5936696915810704,3.4214790505455404,0.6659045278796163,3.2360900668689796,3.7509728097599164,v1.0.0,v1.0.0
Zach Gentry,3929924,TE,TE,2019,3.3234735242048945,3.4678050072399804,-0.14433148303508592,3.289387906558557,0.03408561764633733,3.012243435988814,3.8911317307619737,v1.0.0,v1.0.0
Jon Runyan,3929936,OL,OTHER,2020,2.723108274324083,3.2172476021924354,-0.4941393278683526,3.5290786987631977,-0.8059704244391148,2.9533730423759534,3.499890140180807,v1.0.0,v1.0.0
Tremaine Edmunds,3929950,LB,LB,2018,4.209701308755482,3.8743778320905315,0.3353234766649509,3.766663637062322,0.44303767169316055,3.4682103644109916,4.312276348848755,v1.0.0,v1.0.0
Tim Settle,3929956,DT,IDL,2018,4.23634438270206,3.30215704974562,0.9341873329564403,3.1396808444462794,1.0966635382557808,3.0733159447705027,3.59922076152104,v1.0.0,v1.0.0
Jonah Jackson,3930040,OL,OTHER,2020,3.486827902587483,3.03502764000211,0.451800262585373,3.314320057721416,0.17250784486606685,2.402806476393065,3.445296508283617,v1.0.0,v1.0.0
Van Jefferson,3930066,WR,WR,2020,4.059982206372917,3.3533383509762085,0.7066438553967083,3.058315391421504,1.0016668149514127,3.1227787808357834,3.544547789600662,v1.0.0,v1.0.0
Dawson Knox,3930086,TE,TE,2019,4.090531284334419,3.3536137665553913,0.7369175177790273,3.1832477162482773,0.9072835680861413,2.894528029281477,3.732366264911535,v1.0.0,v1.0.0
Derrek Tuszka,3930915,DL,IDL,2020,3.4531416084755024,3.555567090847668,-0.10242548237216553,3.565372965371906,-0.11223135689640351,3.3141736512690887,3.8035706524371258,v1.0.0,v1.0.0
Jake Bailey,3931395,P,ST,2019,4.127160693092654,4.135202886602797,-0.008042193510142681,3.2501966449914783,0.876964048101176,3.646050887698551,4.519819211346531,v1.0.0,v1.0.0
J.J. Arcega-Whiteside,3931397,WR,WR,2019,3.356391950537085,3.5050175005006405,-0.1486255499635556,3.2002494526001666,0.15614249793691837,3.220469008270215,3.7403933471006434,v1.0.0,v1.0.0
Justin Reid,3931399,S,DB,2018,4.220489938171356,3.749341253613495,0.4711486845578614,3.689030257824865,0.5314596803464915,3.6102332656941556,3.8990049543394982,v1.0.0,v1.0.0
Casey Toohill,3931408,LB,LB,2020,3.7932724710864165,3.5857024738398318,0.20756999724658476,3.667151266880108,0.12612120420630868,3.3132678433975333,3.90915809361578,v1.0.0,v1.0.0
Dane Cruikshank,3931422,S,DB,2018,3.5924976890198668,3.6564743575255645,-0.06397666850569772,3.6969873111421205,-0.10448962212225377,3.4964721939073153,3.8111420648874454,v1.0.0,v1.0.0
Miles Boykin,3932423,WR,WR,2019,3.8112046428236552,3.616668121349702,0.19453652147395317,3.7459447117684146,0.06525993105524064,3.343439529489775,3.8953696882013626,v1.0.0,v1.0.0
Equanimeous St. brown,3932442,WR,WR,2018,3.6846873160553586,3.4663273212482144,0.2183599948071442,3.671780996252629,0.012906319802729715,3.2081241186003897,3.7333076537715773,v1.0.0,v1.0.0
Dexter Williams,3932449,RB,RB,2019,1.735795963476514,3.3392958069777805,-1.6034998435012664,3.460252536750099,-1.724456573273585,3.098354325435893,3.6515732662706144,v1.0.0,v1.0.0
Jack Driscoll,3932668,OL,OTHER,2020,2.2560511899300453,2.7108502576044455,-0.45479906767440026,3.3279078411712577,-1.0718566512412124,2.4041576906832547,3.0149015195569473,v1.0.0,v1.0.0
Diontae Johnson,3932905,WR,WR,2019,4.017611319447864,2.918410960132735,1.0992003593151294,3.1649307901681167,0.8526805292797475,2.698784706978199,3.1473227126801366,v1.0.0,v1.0.0
Kahale Warring,3933327,TE,TE,2019,1.8158181812103182,3.5534812079625246,-1.7376630267522064,3.5318548008474675,-1.7160366196371493,3.270809425266265,3.7978212924237855,v1.0.0,v1.0.0
Rasul Douglas,3943270,CB,DB,2017,4.35300508926901,3.455110465161762,0.8978946241072485,3.435042988222268,0.9179621010467423,3.3463378709835787,3.567742258114349,v1.0.0,v1.0.0
Darryl Johnson,3957672,EDGE,EDGE,2019,3.304592901681356,3.196818529707123,0.10777437197423323,3.1994823868137114,0.10511051486764478,2.937412687333286,3.430919727290272,v1.0.0,v1.0.0
Antonio Gandy-Golden,4029893,WR,WR,2020,1.6770794524643968,2.963737996281694,-1.2866585438172973,3.294719240862839,-1.6176397883984424,2.6337067383230868,3.2925639021443227,v1.0.0,v1.0.0
Elerson Smith,4030924,DL,IDL,2021,2.3868481303175892,3.4055897076881507,-1.0187415773705615,3.65689680506001,-1.2700486747424207,2.652207763113531,4.267519518386517,v1.0.0,v1.0.0
Robert Rochell,4032200,DB,DB,2021,3.6516293448535895,3.7279705456970014,-0.0763412008434119,3.5875466082473544,0.06408273660623509,3.546628028193101,3.912704517606233,v1.0.0,v1.0.0
Connor McGovern,4033748,OL,OTHER,2019,3.173159346567495,3.3900204530393703,-0.21686110647187506,3.5049593484735557,-0.3318000019060605,2.866017297580563,3.8022180646318686,v1.0.0,v1.0.0
Carter Coughlin,4034766,LB,LB,2020,3.5966048274779854,3.251011132028928,0.3455936954490575,3.176451621021375,0.4201532064566105,3.076782341410088,3.4425569503700646,v1.0.0,v1.0.0
Kamal Martin,4034781,LB,LB,2020,2.523550556078262,3.1514481806821246,-0.6278976246038628,3.0811494254812493,-0.5575988694029874,2.906420745963687,3.3616597642640498,v1.0.0,v1.0.0
Antoine Winfield Jr.,4034790,S,DB,2020,3.938944008386418,3.363635864511911,0.5753081438745071,3.219222209487342,0.7197217988990761,3.144814759195034,3.5616565021164286,v1.0.0,v1.0.0
Kyle Trask,4034946,QB,QB,2021,1.6959264603650717,2.793281222697376,-1.0973547623323043,3.207237640912009,-1.5113111805469372,2.239503610053433,3.2999468503427534,v1.0.0,v1.0.0
Freddie Swain,4034950,WR,WR,2020,3.288798636746454,3.2625306255395645,0.026268011206889597,3.4296494215558946,-0.14085078480944047,3.1425493844681966,3.4144221188491923,v1.0.0,v1.0.0
La'Mical Perine,4034952,RB,RB,2020,2.62451553749674,3.3403110355091683,-0.7157954980124281,3.427580843168976,-0.8030653056722357,3.1778584334340363,3.467857771245209,v1.0.0,v1.0.0
Jordan Smith,4034957,OLB,EDGE,2021,0.9146634597162007,3.31962058885071,-2.4049571291345093,3.283254532157289,-2.368591072441088,3.1092317560716745,3.5473357595433406,v1.0.0,v1.0.0
Jawaan Taylor,4034961,OT,OL,2019,3.486827902587483,3.024630222005907,0.46219768058157573,3.2131397696061215,0.2736881329813614,2.7772161763736922,3.2976187371659824,v1.0.0,v1.0.0
Tyrie Cleveland,4034964,WR,WR,2020,2.8236674677521854,3.3985859456424476,-0.5749184778902623,3.4013071271533333,-0.5776396594011479,3.171103475241929,3.5605910689153806,v1.0.0,v1.0.0
Jachai Polite,4034967,EDGE,EDGE,2019,2.2560511899300453,3.24087949088336,-0.9848283009533145,3.085735126793766,-0.8296839368637206,2.8906212989876416,3.6610644391748286,v1.0.0,v1.0.0
Jacob Eason,4035003,QB,QB,2020,0.9206572609970627,2.8169466409970205,-1.8962893799999578,3.0529477123598268,-2.1322904513627643,2.1946539962592695,3.528634251906476,v1.0.0,v1.0.0
Mecole Hardman,4035004,WR,WR,2019,3.9850786654867267,3.3378030561870857,0.647275609299641,3.3953290988257607,0.589749566660966,3.1167542004907114,3.554384233256111,v1.0.0,v1.0.0
Isaac Nauta,4035014,TE,TE,2019,2.3124415619933303,2.94328581083161,-0.6308442488382795,3.0951263976524506,-0.7826848356591203,2.492107944491394,3.4417820693865306,v1.0.0,v1.0.0
Riley Ridley,4035015,WR,WR,2019,2.057714358921055,2.9532366494259494,-0.8955222905048945,3.190283031356404,-1.1325686724353492,2.6506492036707545,3.2456145971687786,v1.0.0,v1.0.0
Javon Wims,4035019,WR,WR,2018,3.2183476152534807,3.243738650490853,-0.025391035237372517,3.2888024300187295,-0.07045481476524884,2.9204023037656475,3.553944339397874,v1.0.0,v1.0.0
Charlie Woerner,4035020,TE,TE,2020,4.030945120339381,3.3462576127048282,0.6846875076345529,3.312289132082182,0.7186559882571992,3.084638603870559,3.5762980537099653,v1.0.0,v1.0.0
Luke Fortner,4035048,C,OL,2022,2.723108274324083,2.9605939472280367,-0.23748567290395384,3.1594793646834005,-0.43637109035931765,2.7378052574085765,3.1597767190734487,v1.0.0,v1.0.0
Benny Snell,4035072,RB,RB,2019,3.6841318028230527,3.3864716478451786,0.2976601549778741,3.356484560934663,0.32764724188838956,3.1774749302402343,3.657633770092169,v1.0.0,v1.0.0
Albert Okwuegbunam,4035115,TE,TE,2020,3.0357347050949803,3.7485783034319704,-0.7128435983369901,3.575525134846953,-0.5397904297519727,3.389298596410973,4.148556222067702,v1.0.0,v1.0.0
Trayveon Williams,4035222,RB,RB,2019,3.762139796934628,3.434537291281442,0.32760250565318616,3.2506081095296113,0.5115316874050166,3.11712668048608,3.690899266368603,v1.0.0,v1.0.0
Braden Mann,4035239,P,ST,2020,3.9900939829605995,4.025240292530289,-0.03514630956968956,4.099331700604478,-0.10923771764387835,0.6123361015241784,6.7763038539614255,v1.0.0,v1.0.0
Joejuan Williams,4035286,CB,DB,2019,3.467468875860921,3.5161332375129293,-0.04866436165200838,3.5504656482661434,-0.08299677240522252,3.302035399714843,3.7260097322110175,v1.0.0,v1.0.0
Cameron Dantzler,4035385,CB,DB,2020,3.270741920076855,3.105340292256319,0.1654016278205357,2.9408198586299283,0.3299220614469265,2.808888175403429,3.4461477494431736,v1.0.0,v1.0.0
Denzel Mims,4035403,WR,WR,2020,3.111644679156027,3.2501157146470168,-0.1384710354909897,3.5944865084240103,-0.48284182926798325,2.9903580623377155,3.5321421101690005,v1.0.0,v1.0.0
Stephen Sullivan,4035426,TE,TE,2020,2.9838252039112207,3.270438430956514,-0.28661322704529324,3.1030864862000787,-0.1192612822888579,2.872472654206587,3.694338054427375,v1.0.0,v1.0.0
Kristian Fulton,4035433,CB,DB,2020,3.755740759494776,3.2876223360465007,0.46811842344827514,3.248866237256113,0.5068745222386628,3.1430835641908,3.437943373394909,v1.0.0,v1.0.0
Devin White,4035434,LB,LB,2019,4.071412258950327,3.992921515262066,0.07849074368826159,3.744403630330931,0.3270086286193963,3.674565656373921,4.267249262098835,v1.0.0,v1.0.0
Greedy Williams,4035437,CB,DB,2019,3.340141104103564,3.320769551947576,0.01937155215598807,3.371845858201955,-0.0317047540983908,3.130294328774688,3.520046204637738,v1.0.0,v1.0.0
Rashard Lawrence II,4035452,DL,IDL,2020,2.912610282873049,3.5854536951567546,-0.6728434122837057,3.557973903429985,-0.6453636205569362,3.2395654452702223,3.994338255616769,v1.0.0,v1.0.0
Trayvon Mullen,4035458,CB,DB,2019,3.5416425252597445,3.2277089445799034,0.3139335806798411,3.164883949003423,0.3767585762563215,3.084421644111258,3.3893183870909063,v1.0.0,v1.0.0
Isaiah Simmons,4035462,LB,LB,2020,3.968663470456179,3.399459270239466,0.569204200216713,3.3170442377166007,0.6516192327395784,3.1217247840310627,3.6472789799231595,v1.0.0,v1.0.0
K'Von Wallace,4035463,S,DB,2020,3.919654759091442,3.7272951334351747,0.1923596256562674,3.5826152492243715,0.33703950986707065,3.603388939137707,3.920858480706685,v1.0.0,v1.0.0
Tremayne Anchrum,4035478,OL,OTHER,2020,2.723108274324083,3.086518306502697,-0.363410032178614,3.289090540809441,-0.5659822664853582,2.6677480596250014,3.62958414539995,v1.0.0,v1.0.0
John Simpson,4035479,OL,OTHER,2020,3.2119768491235505,2.7590753197019047,0.45290152942164585,3.3876660292536886,-0.17568918013013812,2.327195877154668,3.2601799803445126,v1.0.0,v1.0.0
Dexter Lawrence,4035483,DL,IDL,2019,4.127160693092654,3.853311027459376,0.2738496656332785,3.782960924790493,0.34419976830216115,3.61183442883217,4.086228622290778,v1.0.0,v1.0.0
Marlon Davidson,4035494,DL,IDL,2020,2.8536450860376754,3.472571878446613,-0.6189267924089377,3.5226518184142868,-0.6690067323766113,3.3004094902895047,3.6579208015013354,v1.0.0,v1.0.0
Derrick Brown,4035495,DL,IDL,2020,3.9312968613596864,3.4324527786834595,0.4988440826762268,3.3431975459708196,0.5880993153888667,3.127285799086393,3.715257954911634,v1.0.0,v1.0.0
Daniel Thomas,4035505,S,DB,2020,3.9235586747305797,3.5901694400450563,0.3333892346855234,3.4975214852685865,0.4260371894619932,3.3512904190674218,3.797088462220871,v1.0.0,v1.0.0
David Montgomery,4035538,RB,RB,2019,4.102971855471372,3.1939056704341184,0.9090661850372537,3.2041459053670422,0.8988259501043299,2.9511602012286375,3.5228317322666163,v1.0.0,v1.0.0
McTelvin Agim,4035566,DL,IDL,2020,2.569304362334845,3.61483648339267,-1.0455321210578248,3.606034236939306,-1.036729874604461,3.4521050531912434,3.7812171924455864,v1.0.0,v1.0.0
Brian Burns,4035631,EDGE,EDGE,2019,4.156183371022184,3.6423207580634545,0.5138626129587296,3.3392477883716065,0.8169355826505775,3.2887273764227145,3.980040936202705,v1.0.0,v1.0.0
Bradlee Anae,4035660,DL,IDL,2020,1.8799136423825475,3.4469156511242898,-1.5670020087417422,3.3833007360297382,-1.5033870936471907,3.2105431464823977,3.663804302193839,v1.0.0,v1.0.0
Julian Blackmon,4035661,S,DB,2020,3.785291302644668,3.136982594379422,0.6483087082652461,2.9673305691344787,0.8179607335101893,2.939693891541207,3.311205579764512,v1.0.0,v1.0.0
Garrett Bolles,4035662,OT,OL,2017,3.797802106141877,3.2775471718439104,0.5202549342979665,3.3975244549875376,0.40027765115433933,3.1291234911048402,3.466257362945544,v1.0.0,v1.0.0
Terrell Burgess,4035663,S,DB,2020,3.6628365190360186,3.4388842124288113,0.22395230660720733,3.374550713852474,0.2882858051835444,3.2927511594421977,3.5981098550147284,v1.0.0,v1.0.0
Leki Fotu,4035666,DL,IDL,2020,3.8135566254054982,3.530671877683817,0.28288474772168115,3.6100837920523468,0.20347283335315147,3.265559368756313,3.77767520103237,v1.0.0,v1.0.0
Zack Moss,4035676,RB,RB,2020,3.760649137145911,3.17726892659496,0.5833802105509509,3.298492489219931,0.46215664792597977,2.7136534289154133,3.572512440629595,v1.0.0,v1.0.0
Mitch Wishnowsky,4035685,P,ST,2019,4.102971855471372,4.270387861023084,-0.1674160055517122,3.3475098790938884,0.7554619763774837,3.826723728693383,4.810955376573393,v1.0.0,v1.0.0
Jack Jones,4035686,CB,DB,2022,3.6892298681727196,3.213764505286256,0.4754653628864638,3.1524101703758958,0.5368196977968238,3.0033396256815656,3.3704712110141224,v1.0.0,v1.0.0
Michael Pittman,4035687,WR,WR,2020,4.010840424889998,3.524591386370227,0.48624903851977086,3.601797777199733,0.4090426476902649,3.381402897919682,3.6849361599627253,v1.0.0,v1.0.0
Velus Jones,4035693,WR,WR,2022,3.389950372522161,3.2388250197819746,0.15112535274018635,3.265758178555201,0.12419219396696013,2.988662818248933,3.4791893233966906,v1.0.0,v1.0.0
Tyler Biadasz,4035788,OL,OTHER,2020,3.6024344629667793,2.763845280481554,0.8385891824852254,3.114864078472247,0.48757038449453205,2.3307593516955163,3.141808545696263,v1.0.0,v1.0.0
Quintez Cephus,4035793,WR,WR,2020,2.7767614632340885,3.103583959506595,-0.3268224962725066,3.267865655731853,-0.4911041924977644,2.801152730169227,3.48007784502338,v1.0.0,v1.0.0
Isaiahh Loudermilk,4035798,DE,EDGE,2021,3.63082325424351,3.3493515086834877,0.2814717455600224,3.194796215995214,0.43602703824829625,3.1086177320309614,3.623006871743674,v1.0.0,v1.0.0
Demetric Felton,4035826,RB,RB,2021,2.9599211317095553,3.3620359192839335,-0.40211478757437824,3.2258520077628225,-0.26593087605326726,3.0524988441112173,3.624649460484032,v1.0.0,v1.0.0
Khalil Herbert,4035886,RB,RB,2021,3.7841173901632863,3.5615541185153003,0.22256327164798595,3.5157346533987646,0.26838273676452173,3.3803139849399186,3.7660405608402368,v1.0.0,v1.0.0
Dez Fitzpatrick,4036026,WR,WR,2021,1.345801546169376,3.079175771811742,-1.7333742256423659,3.308104659383824,-1.9623031132144482,2.7283652957289437,3.453474117578038,v1.0.0,v1.0.0
Damar Hamlin,4036060,DB,DB,2021,3.604762203817715,3.3800092212426587,0.2247529825750565,3.3498317613164774,0.25493044250123775,3.2415386856630772,3.5019076317578173,v1.0.0,v1.0.0
Patrick Jones,4036063,DL,IDL,2021,3.695343292409548,3.2543771120414147,0.4409661803681333,3.1934460385013526,0.5018972539081954,2.9562430863653275,3.515543730557157,v1.0.0,v1.0.0
Rashad Weaver,4036076,DL,IDL,2021,3.2183476152534807,3.514203090842024,-0.2958554755885432,3.5568589435838347,-0.338511328330354,3.235312125136074,3.789337526853387,v1.0.0,v1.0.0
Noah Fant,4036131,TE,TE,2019,4.133069824698468,3.835826796903511,0.2972430277949565,3.7417119228040527,0.3913579018944149,3.51337241534683,4.085565223400692,v1.0.0,v1.0.0
Chauncey Golston,4036132,DL,IDL,2021,3.819988560282025,3.3686323779021383,0.45135618237988684,3.2992109912368814,0.5207775690451437,3.1209013357184263,3.695621990150223,v1.0.0,v1.0.0
T.J. Hockenson,4036133,TE,TE,2019,4.106045147248737,3.5930331503129986,0.5130119969357381,3.5814309577747836,0.5246141894739531,3.2589344409506995,3.865196695195366,v1.0.0,v1.0.0
Amani Hooker,4036134,S,DB,2019,4.045012691500104,3.768948752901858,0.27606393859824596,3.662801609020044,0.38221108248005997,3.644000746757699,3.897957050356948,v1.0.0,v1.0.0
Kelvin Harmon,4036163,WR,WR,2019,2.6554775013275047,3.211660855126157,-0.5561833537986525,3.40339821446703,-0.7479207131395254,3.0134520089851287,3.42953858027529,v1.0.0,v1.0.0
Antoine Brooks Jr.,4036213,S,DB,2020,2.2332680792706037,3.5690081622312966,-1.335740082960693,3.378686474446376,-1.1454183951757724,3.2879436633172254,3.89598853443879,v1.0.0,v1.0.0
Jake Funk,4036224,RB,RB,2021,2.702960132646045,3.4241564995073133,-0.7211963668612684,3.634068394945773,-0.9311082622997282,3.2323146428311804,3.6187628583258156,v1.0.0,v1.0.0
Devin Bush,4036261,LB,LB,2019,4.058346492391621,3.826523454582149,0.2318230378094719,3.7033072288581814,0.3550392635334396,3.5328203840056926,4.1459190338955265,v1.0.0,v1.0.0
Cedrick Wilson,4036335,WR,WR,2018,4.02448466966741,3.345709363370637,0.6787753062967727,3.390647194885921,0.6338374747814886,3.1824356721066533,3.5102212442125427,v1.0.0,v1.0.0
Michael Gallup,4036348,WR,WR,2018,3.946502233083245,3.258153687860023,0.6883485452232221,3.3781399033600885,0.5683623297231564,3.0927298758114112,3.4405104954628802,v1.0.0,v1.0.0
Jordan Love,4036378,QB,QB,2020,3.6516293448535895,2.825055833011785,0.8265735118418043,3.279336286320604,0.37229305853298555,2.4446080247367186,3.184626337141558,v1.0.0,v1.0.0
Skylar Thompson,4036419,QB,QB,2022,2.057714358921055,2.9118731249538725,-0.8541587660328176,3.2546484859066966,-1.1969341269856417,2.5695012069968546,3.2288941041807604,v1.0.0,v1.0.0
Darrynton Evans,4036431,RB,RB,2020,2.910996653681752,3.2985442548178923,-0.38754760113614006,3.330711009252303,-0.4197143555705507,3.1094235862090063,3.4939457211260336,v1.0.0,v1.0.0
William Bradley-King,4036476,OLB,EDGE,2021,1.3041407209142934,3.5833869137208643,-2.279246192806571,3.330719202821415,-2.0265784819071215,3.4308327241041106,3.760294969528823,v1.0.0,v1.0.0
Kindle Vildor,4036651,CB,DB,2020,3.9274392832718066,3.4676037564227586,0.45983552684904794,3.406409640666771,0.5210296426050354,3.2551670918331457,3.671536423222647,v1.0.0,v1.0.0
Keith Ismael,4036831,OL,OTHER,2020,2.1593671492279647,2.882818973541413,-0.7234518243134485,3.203988101149245,-1.0446209519212801,2.3122681208276266,3.6890647404397225,v1.0.0,v1.0.0
Alex Highsmith,4037333,DL,IDL,2020,3.9758857669824756,3.2581066183438123,0.7177791486386633,3.3222878015429385,0.6535979654395372,2.922802948069479,3.574997643708422,v1.0.0,v1.0.0
Travis Homer,4037457,RB,RB,2019,3.966345380438658,3.4082713653927525,0.5580740150459054,3.413488184341367,0.5528571960972908,3.132319528627658,3.6186220373032922,v1.0.0,v1.0.0
Joe Jackson,4037459,DL,IDL,2019,2.7280462042748432,2.682179628457266,0.04586657581757736,2.791844390226563,-0.0637981859517196,2.323320749799821,3.030773771023396,v1.0.0,v1.0.0
Chazz Surratt,4037521,LB,LB,2021,3.438250473750448,3.496201830587117,-0.05795135683666919,3.498294467681685,-0.06004399393123716,3.0688030520630676,3.9374204563857322,v1.0.0,v1.0.0
Bryce Hall,4037584,CB,DB,2020,3.252169227988219,3.3707726858300235,-0.1186034578418047,3.22857902355966,0.02359020442855897,3.1223786848365096,3.58514794438067,v1.0.0,v1.0.0
Joe Reed,4037591,WR,WR,2020,2.2560511899300453,3.457215814124918,-1.2011646241948726,3.5386570291087516,-1.2826058391787063,3.2053481621240802,3.7492415851406204,v1.0.0,v1.0.0
Divine Deablo,4037626,DB,DB,2021,3.755852067402456,3.508489439144895,0.24736262825756095,3.597177518865227,0.15867454853722895,3.262261516123186,3.734068295564869,v1.0.0,v1.0.0
Ben Powers,4037650,OL,OTHER,2019,3.2119768491235505,2.697691845237344,0.5142850038862066,3.261796385815106,-0.04981953669155548,2.2739007032000416,3.1132389409772725,v1.0.0,v1.0.0
Rodarius Williams,4038430,CB,DB,2021,1.8526840240530842,3.4932602050682457,-1.6405761810151616,3.4011344637447327,-1.5484504396916485,3.4151603955909113,3.5790183494229395,v1.0.0,v1.0.0
Justice Hill,4038441,RB,RB,2019,3.9312968613596864,3.2957089722439754,0.635587889115711,3.328287434749288,0.6030094266103982,3.0336924247510018,3.5486160296224476,v1.0.0,v1.0.0
Teven Jenkins,4038457,OL,OTHER,2021,3.4176136403258908,3.1482958761562068,0.269317764169684,3.6171384298523797,-0.1995247895264889,2.865101389839111,3.51419755672142,v1.0.0,v1.0.0
Gardner Minshew,4038524,QB,QB,2019,3.735555316932418,2.9484164862065554,0.7871388307258624,3.2180755998673485,0.5174797170650693,2.46656468952879,3.363548829187797,v1.0.0,v1.0.0
Lucas Niang,4038552,OL,OTHER,2020,2.3460445734134283,2.626540408026307,-0.2804958346128785,3.116764212584961,-0.7707196391715327,2.240512957986301,3.0246471052067694,v1.0.0,v1.0.0
Ross Blacklock,4038557,DL,IDL,2020,3.438250473750448,3.3337575435104796,0.1044929302399682,3.257049529137898,0.18120094461254999,3.1433286002615723,3.5489568324808194,v1.0.0,v1.0.0
Bryan Edwards,4038818,WR,WR,2020,3.288798636746454,3.411696476305683,-0.12289783955922884,3.1266814284060387,0.16211720834041543,3.1774036312550638,3.61926854116437,v1.0.0,v1.0.0
D.J. Wonnum,4038849,DL,IDL,2020,3.946502233083245,3.4061444775910963,0.5403577554921486,3.4960537969781753,0.45044843610506957,3.131421253309507,3.645934935745017,v1.0.0,v1.0.0
Shaun Bradley,4038902,LB,LB,2020,3.4320586792359524,3.6770527983580923,-0.24499411912213986,3.483251452507516,-0.051192773271563574,3.429419112474994,3.979947435667791,v1.0.0,v1.0.0
Justin Herbert,4038941,QB,QB,2020,4.010840424889998,3.217151300202037,0.7936891246879609,3.4432660246925324,0.5675744001974654,2.7896082908843582,3.634062731121305,v1.0.0,v1.0.0
Brady Breeze,4038944,S,DB,2021,1.345801546169376,3.496741389962795,-2.1509398437934193,3.444931883130564,-2.0991303369611884,3.387905270169618,3.613603242373116,v1.0.0,v1.0.0
Troy Dye,4038946,LB,LB,2020,3.99708329761517,3.0712142822348003,0.9258690153803695,2.98842451444314,1.00865878317203,2.8544129395152265,3.2981578235058158,v1.0.0,v1.0.0
Byron Murphy,4038999,CB,DB,2019,4.096781332489056,3.3307031235706406,0.7660782089184153,3.2221465187212726,0.8746348137677833,3.170159406305012,3.4932300131876786,v1.0.0,v1.0.0
Taylor Rapp,4039007,S,DB,2019,4.02448466966741,3.583860777400899,0.4406238922665109,3.3783829897795576,0.646101679887852,3.3490311015794596,3.8396186429533428,v1.0.0,v1.0.0
Nick Harris,4039016,OL,OTHER,2020,2.912533449240207,3.2742529033318797,-0.3617194540916726,3.319975475748557,-0.4074420265083498,2.7797779341660735,3.7780068903771737,v1.0.0,v1.0.0
Luke Wattenberg,4039018,C,OL,2022,3.1102069596740494,3.222508790519449,-0.11230183084539958,3.296316510640328,-0.18610955096627846,3.063504788373743,3.4167093165898836,v1.0.0,v1.0.0
Levi Onwuzurike,4039020,DL,IDL,2021,3.3877233167187057,3.321841698355961,0.06588161836274464,3.3264045987084367,0.061318718010269,3.0883757945822294,3.5360162351345448,v1.0.0,v1.0.0
Khalid Kareem,4039029,DL,IDL,2020,3.0986761773842595,2.96474482810863,0.13393134927562933,2.8810574289300384,0.21761874845422113,2.6104282381876276,3.2565604468485083,v1.0.0,v1.0.0
Collin Johnson,4039043,WR,WR,2020,3.304592901681356,3.4880472734114183,-0.18345437173006207,3.371620595161524,-0.0670276934801679,3.2200557540463888,3.761432951962881,v1.0.0,v1.0.0
Devin Duvernay,4039050,WR,WR,2020,3.968663470456179,3.3006908732143336,0.6679725972418455,3.3084838914655994,0.6601795789905798,3.1255519859675807,3.5479362619917634,v1.0.0,v1.0.0
Jordan Elliott,4039052,DL,IDL,2020,4.024312409726124,3.360053746534566,0.6642586631915584,3.3102874021881554,0.7140250075379688,2.848990101422734,3.7860202913521572,v1.0.0,v1.0.0
Brandon Jones,4039059,S,DB,2020,3.9312968613596864,3.2426650804310917,0.6886317809285947,3.0548556434378473,0.876441217921839,3.0580155994473084,3.4228660796684514,v1.0.0,v1.0.0
Trevon Wesco,4039253,TE,TE,2019,3.774831517952426,3.450485269261631,0.3243462486907953,3.502609322173252,0.27222219577917395,3.068629837291278,3.7500923758861697,v1.0.0,v1.0.0
Kyzir White,4039254,S,DB,2018,4.050220600955481,3.3122145769188474,0.738006024036634,3.205812286319067,0.8444083146364143,3.0223221296897247,3.611278593686783,v1.0.0,v1.0.0
Ed Oliver,4039303,DL,IDL,2019,4.038241796942238,2.8909790611293205,1.1472627358129173,2.969039691326557,1.0692021056156809,2.5194403696438754,3.2565256378138963,v1.0.0,v1.0.0
Marquez Stevenson,4039307,WR,WR,2021,1.5216626918475837,3.1533871932591744,-1.6317245014115906,3.2469723300811664,-1.7253096382335826,2.9371299608568515,3.3477467043311053,v1.0.0,v1.0.0
Darrell Henderson,4039359,RB,RB,2019,3.61679958486642,3.318277354877239,0.2985222299891812,3.300255384005802,0.31654420086061785,3.0642040527394485,3.585659490551974,v1.0.0,v1.0.0
Alohi Gilman,4039413,S,DB,2020,3.99359803457327,3.6257662455711377,0.3678317890021323,3.4757246393532446,0.5178733952200254,3.455064980287405,3.781608899293271,v1.0.0,v1.0.0
Malcolm Perry,4039436,WR,WR,2020,2.0548197685407565,3.1254373954078765,-1.07061762686712,3.153095279772638,-1.0982755112318814,2.8784178573630634,3.4243371289694777,v1.0.0,v1.0.0
L'Jarius Sneed,4040432,S,DB,2020,3.804270753194638,3.452361899241793,0.3519088539528452,3.3776131761781456,0.42665757701649243,3.2582495886586615,3.628371751746392,v1.0.0,v1.0.0
Nick Bosa,4040605,DL,IDL,2019,3.966345380438658,3.7174823193435294,0.24886306109512857,3.6944578221059463,0.2718875583327116,3.460299571892641,3.954812197744722,v1.0.0,v1.0.0
Jonathon Cooper,4040608,DE,EDGE,2021,3.8783610919418723,3.640110397465557,0.23825069447631542,3.5982511228562326,0.2801099690856397,3.4710180721968174,3.825643861542462,v1.0.0,v1.0.0
Luke Farrell,4040612,TE,TE,2021,3.894119439488368,3.543838922518414,0.35028051696995366,3.4692527337851886,0.4248667057031792,3.2896775871296144,3.729118764645366,v1.0.0,v1.0.0
Jordan Fuller,4040613,S,DB,2020,3.745584302857773,3.1500265364354494,0.5955577664223237,3.076661487058873,0.6689228157989002,2.839283767248528,3.3811437560911015,v1.0.0,v1.0.0
Malik Harrison,4040615,LB,LB,2020,3.953973579709973,3.416959307020193,0.5370142726897797,3.4775563452171614,0.4764172344928115,3.0801996544135615,3.693400307849571,v1.0.0,v1.0.0
Dwayne Haskins,4040616,QB,QB,2019,2.523550556078262,2.8203197448299253,-0.29676918875166347,3.091042624996876,-0.567492068918614,2.208515734794824,3.4954201295152236,v1.0.0,v1.0.0
BoPete Keyes,4040652,CB,DB,2020,2.2332680792706037,3.067327620640267,-0.8340595413696632,2.8449475952228185,-0.6116795159522148,2.7958608266635574,3.3308509166072966,v1.0.0,v1.0.0
Darnell Mooney,4040655,WR,WR,2020,3.9830286960066124,3.2249862622147742,0.7580424337918381,3.2155471716875343,0.767481524319078,2.97788728386352,3.446676360314163,v1.0.0,v1.0.0
Jalen Hurts,4040715,QB,QB,2020,3.99708329761517,3.077141010218359,0.9199422873968106,3.234872631403829,0.7622106662113408,2.462573019564114,3.655930297026866,v1.0.0,v1.0.0
Jonah Williams,4040726,OT,OL,2019,2.2332680792706037,3.3570789573399096,-1.123810878069306,3.369516706855463,-1.1362486275848593,3.167122704673093,3.489288151862979,v1.0.0,v1.0.0
Raymond Calais,4040732,RB,RB,2020,0.9146634597162007,3.191881688948523,-2.2772182292323224,3.26879727971159,-2.3541338199953894,2.8938372388386786,3.418114668353789,v1.0.0,v1.0.0
Devin Singletary,4040761,RB,RB,2019,4.133069824698468,3.2240645441786704,0.9090052805197972,3.2153331065619417,0.9177367181365259,2.9205933574967773,3.467566396002014,v1.0.0,v1.0.0
Harrison Bryant,4040774,TE,TE,2020,3.9758857669824756,3.3751926981488296,0.600693068833646,3.2674530158432438,0.7084327511392319,3.032061214914694,3.7900100519570166,v1.0.0,v1.0.0
Jaleel Scott,4040792,WR,WR,2018,1.3041407209142934,3.096152283408812,-1.7920115624945185,3.3447849243764245,-2.040644203462131,2.8571601576290386,3.3324620460640766,v1.0.0,v1.0.0
Netane Muti,4040910,OL,OTHER,2020,1.345801546169376,2.6716071672083346,-1.3258056210389586,3.3744870118256736,-2.028685465656298,1.9271160961499945,3.7360680419650336,v1.0.0,v1.0.0
Jabril Cox,4040940,LB,LB,2021,2.9548883427539363,3.0801291598400584,-0.1252408170861221,2.998727282336263,-0.04383893958232665,2.860767093798624,3.305363658530577,v1.0.0,v1.0.0
Dillon Radunz,4040945,OT,OL,2021,3.63082325424351,3.5122789618998156,0.11854429234369457,3.558928182853204,0.07189507139030615,3.3728727509938143,3.663579472323988,v1.0.0,v1.0.0
Cordell Volson,4040950,OG,OL,2022,3.2119768491235505,3.141166214697442,0.07081063442610835,3.259164796976785,-0.04718794785323466,2.9328167537941603,3.340000829162341,v1.0.0,v1.0.0
Raekwon Davis,4040965,DL,IDL,2020,3.8703362986573775,3.3779991631622477,0.4923371354951298,3.3015050159974186,0.5688312826599589,3.073253248178648,3.663312645567182,v1.0.0,v1.0.0
Trevon Diggs,4040966,CB,DB,2020,3.827241341384089,3.2556302679680442,0.5716110734160447,3.111143879265171,0.7160974621189178,3.0840913837972197,3.421242789227478,v1.0.0,v1.0.0
Terrell Lewis,4040968,LB,LB,2020,3.111644679156027,3.1879963075725244,-0.07635162841649734,3.0901720404936195,0.02147263866240756,2.7537755304252185,3.5950216996348288,v1.0.0,v1.0.0
Aaron Robinson,4040979,DB,DB,2021,2.1486374407659596,3.4806554530587555,-1.3320180122927958,3.443620667097312,-1.2949832263313525,3.35639538401191,3.621169181425615,v1.0.0,v1.0.0
Irv Smith,4040980,TE,TE,2019,3.5222380992124513,3.467772929323812,0.05446516988863914,3.392767458738829,0.12947064047362256,3.179794325385737,3.7671035945969864,v1.0.0,v1.0.0
Quinnen Williams,4040982,DL,IDL,2019,4.153338727532315,3.1063364985280826,1.0470022290042325,3.2289024497257497,0.9244362778065653,2.838364941763019,3.3658996167314053,v1.0.0,v1.0.0
Mack Wilson,4040983,LB,LB,2019,4.07784795508909,3.149503021512141,0.9283449335769487,2.8275563705276814,1.2502915845614084,2.801695593069529,3.437971734373962,v1.0.0,v1.0.0
Richie Grant,4042119,DB,DB,2021,3.765411063205758,3.540406756622208,0.22500430658354986,3.420390881621222,0.34502018158453573,3.3651412777437297,3.716311174560827,v1.0.0,v1.0.0
Trysten Hill,4042141,DL,IDL,2019,3.2898343678084,3.5935648051356703,-0.30373043732727023,3.6144415674973036,-0.3246071996889035,3.328476216535064,3.8077839121480235,v1.0.0,v1.0.0
Jordyn Brooks,4043130,LB,LB,2020,4.024312409726124,3.5517934477272397,0.47251896199888455,3.473383688732927,0.5509287209931975,3.3025788662499282,3.8569235870660323,v1.0.0,v1.0.0
Jeremy Chinn,4043169,S,DB,2020,3.946502233083245,3.5975078971671133,0.3489943359161316,3.567054046997648,0.3794481860855967,3.387283497520953,3.8425882779815166,v1.0.0,v1.0.0
James Wiggins,4044064,S,DB,2021,1.0340126890785333,3.578094590736462,-2.544081901657929,3.526923577739387,-2.4929108886608535,3.399246424914862,3.759582058611162,v1.0.0,v1.0.0
Quincy Roche,4044145,DL,IDL,2021,2.586733052501921,2.4044140525503437,0.18231899995157752,2.7280766170874053,-0.14134356458548414,1.55654297289147,3.0816520076753644,v1.0.0,v1.0.0
Kaden Smith,4044452,TE,TE,2019,3.2183476152534807,3.510927285166436,-0.29257966991295525,3.3515860467722347,-0.13323843151875403,3.23962894199166,3.819562764513049,v1.0.0,v1.0.0
Miles Sanders,4045163,RB,RB,2019,3.988761394884917,3.4452049136145066,0.5435564812704103,3.5567815213301097,0.43197987355480727,3.3143258853867126,3.5636866513341414,v1.0.0,v1.0.0
Shaka Toney,4045169,DE,EDGE,2021,3.0404973649442106,3.8051300960628227,-0.7646327311186121,3.6235448384168336,-0.583047473472623,3.6301496454945243,3.955709182222606,v1.0.0,v1.0.0
Will Fries,4045176,OL,OTHER,2021,3.2119768491235505,2.6909430726712373,0.5210337764523132,3.4626817682426845,-0.25070491911913395,2.163190934854591,3.238638952591864,v1.0.0,v1.0.0
Ian Thomas,4045305,TE,TE,2018,4.181919302310256,3.482811516952529,0.6991077853577266,3.4311513202485666,0.750767982061689,3.097377982417443,3.8238908713075044,v1.0.0,v1.0.0
Stantley Thomas-Oliver,4046353,CB,DB,2020,2.912610282873049,3.17870608527302,-0.2660958023999709,3.070178956650803,-0.15756867377775396,3.0232397133905256,3.3555284591242445,v1.0.0,v1.0.0
Devin Asiasi,4046522,TE,TE,2020,2.812538078173407,3.4815942932593362,-0.6690562150859294,3.3114627373340046,-0.4989246591605978,3.0843662823002442,3.8602247706472563,v1.0.0,v1.0.0
Rashan Gary,4046523,DL,IDL,2019,4.109103976423055,3.6877975974960298,0.4213063789270248,3.780536969150661,0.3285670072723934,3.3895586365081223,3.9485786047644678,v1.0.0,v1.0.0
Khaleke Hudson,4046525,LB,LB,2020,3.819988560282025,3.447307231574873,0.3726813287071522,3.2695748659886856,0.5504136942933395,3.1656076671309363,3.7679304184549673,v1.0.0,v1.0.0
Chris Evans,4046530,RB,RB,2021,3.252169227988219,3.410792859707153,-0.158623631718934,3.6337403943035818,-0.3815711663153629,3.195582577171489,3.6047450756126698,v1.0.0,v1.0.0
David Long,4046536,CB,DB,2019,3.716145067615561,3.929757527437049,-0.2136124598214879,3.78858199781294,-0.07243693019737885,3.7701342260299837,4.162578321752564,v1.0.0,v1.0.0
Josh Metellus,4046537,S,DB,2020,4.017611319447864,3.5098090267661974,0.5078022926816668,3.463352670413452,0.5542586490344124,3.3712318532112397,3.6567088707169093,v1.0.0,v1.0.0
Julian Love,4046675,CB,DB,2019,4.109103976423055,3.6516329196014143,0.45747105682164024,3.519711443577925,0.5893925328451295,3.5562542792038805,3.7581738929626987,v1.0.0,v1.0.0
Ian Book,4046678,QB,QB,2021,0.6417787318052229,3.0529170208504284,-2.4111382890452053,3.3511490267304906,-2.7093702949252676,2.641282297212287,3.3747741828515627,v1.0.0,v1.0.0
Troy Pride,4046679,CB,DB,2020,2.523550556078262,3.505324849468798,-0.981774293390536,3.4738753711602817,-0.9503248150820198,3.37795968541651,3.636140432468776,v1.0.0,v1.0.0
Julian Okwara,4046690,DL,IDL,2020,3.57999730376674,3.1320605922324756,0.4479367115342643,2.9739402176744676,0.6060570860922723,2.7272112993534283,3.4732009710944016,v1.0.0,v1.0.0
Chase Claypool,4046692,WR,WR,2020,3.7657888413493685,3.5931649966898673,0.1726238446595012,3.6571180771910416,0.10867076415832688,3.3243234391073435,3.8626967865322426,v1.0.0,v1.0.0
Adetokunbo Ogundeji,4046693,DL,IDL,2021,3.270741920076855,3.40861826023763,-0.137876340160775,3.440408648098741,-0.1696667280218862,3.164737441804436,3.6968135665730295,v1.0.0,v1.0.0
Liam Eichenberg,4046694,OL,OTHER,2021,2.6554775013275047,3.105311949410483,-0.44983444808297834,3.2875247198336672,-0.6320472185061625,2.598355131638645,3.638192909568368,v1.0.0,v1.0.0
Justin Layne,4046719,CB,DB,2019,3.535238532571787,3.387681600569317,0.1475569320024701,3.282672111030613,0.25256642154117426,3.218498621429793,3.569823563796759,v1.0.0,v1.0.0
Josh Jacobs,4047365,RB,RB,2019,4.102971855471372,2.814258743765112,1.2887131117062602,3.0794463816486775,1.0235254738226947,2.4457481995339094,3.1661153608717383,v1.0.0,v1.0.0
A.J. Brown,4047646,WR,WR,2019,4.102971855471372,3.4601575345302,0.6428143209411723,3.5130394519758688,0.5899324034955034,3.216636644600207,3.7392589354076478,v1.0.0,v1.0.0
D.K. Metcalf,4047650,WR,WR,2019,4.144729330144801,3.209800124239442,0.9349292059053593,3.5911452491368423,0.5535840810079589,2.7813191626678395,3.6370008984817828,v1.0.0,v1.0.0
Frank Darby,4047836,WR,WR,2021,2.4570567304749815,3.259515836032646,-0.8024591055576646,3.413757721771852,-0.9567009912968705,3.084658609855571,3.4184796963070445,v1.0.0,v1.0.0
N'Keal Harry,4047839,WR,WR,2019,3.3620814469560374,3.434556854947497,-0.07247540799145957,3.578246775584378,-0.2161653286283407,3.1212201237299753,3.780853116755072,v1.0.0,v1.0.0
Chase Lucas,4047846,CB,DB,2022,3.2183476152534807,3.167844111757104,0.050503503496376556,3.036239693401569,0.1821079218519115,2.995119737909108,3.3408985520467076,v1.0.0,v1.0.0
Ezra Cleveland,4048231,OL,OTHER,2020,3.6418404671474622,3.349119849781132,0.29272061736633015,3.7361681877491173,-0.09432772060165506,3.0222611584258248,3.6553747243558252,v1.0.0,v1.0.0
Alexander Mattison,4048244,RB,RB,2019,3.968663470456179,3.3735436347582204,0.5951198356979588,3.397952404660225,0.5707110657959542,3.088242854104368,3.5997097176166455,v1.0.0,v1.0.0
Curtis Weaver,4048257,LB,LB,2020,0.6417787318052229,3.50050638469414,-2.858727652888917,3.292221076833981,-2.650442345028758,2.8387189839427944,4.008171915957053,v1.0.0,v1.0.0
Avery Williams,4048259,CB,DB,2021,3.528770817517228,3.6731681098602467,-0.1443972923430188,3.528780439232019,-9.621714791130387e-06,3.4739381053443443,3.8490581335799434,v1.0.0,v1.0.0
Quez Watkins,4050373,WR,WR,2020,3.5222380992124513,3.070493112852979,0.45174498635947247,3.141392344369328,0.38084575484312344,2.84365496345981,3.3272871738808063,v1.0.0,v1.0.0
Cole Strange,4051001,OG,OL,2022,3.372246395067789,3.4824242920909296,-0.11017789702314085,3.5977554577026867,-0.2255090626348979,3.2871129421991654,3.7032722628661463,v1.0.0,v1.0.0
Tarron Jackson,4052031,DE,EDGE,2021,2.723108274324083,3.495401149070756,-0.7722928747466731,3.324801194360003,-0.6016929200359202,3.2887776756541682,3.693617391107652,v1.0.0,v1.0.0
Dezmon Patmon,4054085,WR,WR,2020,1.9594796171115287,3.1332751105402874,-1.1737954934287587,3.4009500917416293,-1.4414704746301006,2.8444582018231275,3.4025200473333617,v1.0.0,v1.0.0
Eyioma Uwazurike,4066109,DT,IDL,2022,3.0741435672906428,2.850455845306017,0.22368772198462583,2.9285757357831406,0.1455678315075022,2.4790873459785363,3.1705348091690517,v1.0.0,v1.0.0
Nathan Shepherd,4076951,DT,IDL,2018,4.225817836854073,3.411387527111558,0.8144303097425154,3.4077387753523256,0.8180790615017477,3.2069840995871997,3.6016633375842755,v1.0.0,v1.0.0
Adam Shaheen,4198676,TE,TE,2017,3.628618092270494,3.7837255683251847,-0.15510747605469088,3.6953204066698113,-0.06670231439931751,3.4489572338627448,4.065522159544021,v1.0.0,v1.0.0
Desmond Ridder,4239086,QB,QB,2022,2.912610282873049,3.428299330175213,-0.515689047302164,3.327905768352321,-0.4152954854792723,2.933710138247833,3.8378036895093133,v1.0.0,v1.0.0
Darrick Forrest,4239088,S,DB,2021,3.3620814469560374,3.6862695353703763,-0.3241880884143389,3.6236188103837423,-0.26153736342770495,3.549286462462054,3.8637488320440947,v1.0.0,v1.0.0
Coby Bryant,4239094,CB,DB,2022,3.63082325424351,3.4818711325709684,0.1489521216725418,3.482692390741666,0.14813086350184435,3.300198090751486,3.650565129392067,v1.0.0,v1.0.0
Amik Robertson,4239694,CB,DB,2020,3.946502233083245,3.2193495377525547,0.7271526953306902,2.966434696861792,0.980067536221453,2.9767284985727755,3.4728882080374013,v1.0.0,v1.0.0
Milton Williams,4239699,DL,IDL,2021,3.8622111928606273,3.87508577822595,-0.012874585365322488,3.868072717462331,-0.005861524601703749,3.621501316424835,4.153997532496948,v1.0.0,v1.0.0
Malcolm Koonce,4239719,DE,EDGE,2021,3.60821227878799,3.094240362112134,0.5139719166758558,3.028748941993291,0.5794633367946989,2.846079662411975,3.339878799780914,v1.0.0,v1.0.0
AJ Dillon,4239934,RB,RB,2020,3.755852067402456,3.82305137185519,-0.06719930445273414,3.609230630821002,0.1466214365814542,3.4162218226001944,4.203549816167786,v1.0.0,v1.0.0
Amari Rodgers,4239992,WR,WR,2021,3.4028402771254793,3.2166866768761837,0.18615360024929561,3.4367530725869937,-0.03391279546151438,2.9881007894567793,3.529753988865178,v1.0.0,v1.0.0
Tee Higgins,4239993,WR,WR,2020,3.938944008386418,3.4279807929851893,0.5109632154012287,3.1495222318786853,0.7894217765077327,3.196754744920979,3.6372530575805686,v1.0.0,v1.0.0
A.J. Terrell,4239995,CB,DB,2020,3.99708329761517,3.3605655644546637,0.6365177331605061,3.303795130225152,0.6932881673900178,3.1846160760655238,3.5300360402056747,v1.0.0,v1.0.0
Travis Etienne,4239996,RB,RB,2021,3.7141371299691084,3.366013235677175,0.3481238942919336,3.3107044947197855,0.40343263524932294,3.125715507497793,3.6309677460715974,v1.0.0,v1.0.0
Baylon Spector,4239997,LB,LB,2022,3.009975397161222,3.3069870733903657,-0.2970116762291437,3.1431820200786422,-0.13320662291742025,3.128288465153982,3.522503945224487,v1.0.0,v1.0.0
Cam Akers,4240021,RB,RB,2020,3.8362070007701075,3.243824903069353,0.5923820977007543,3.371016470958708,0.4651905298113994,2.9582015724846467,3.6124635985379108,v1.0.0,v1.0.0
Tre' McKitty,4240023,TE,TE,2021,3.087790945227789,3.0961877617235696,-0.008396816495780612,3.001604532245422,0.08618641298236707,2.8381341305701437,3.3718562100165634,v1.0.0,v1.0.0
Hamsah Nasirildeen,4240030,DB,DB,2021,2.704490561053983,3.3181204834055333,-0.6136299223515502,3.1612141128347413,-0.4567235517807582,2.980432439936437,3.6584371498493464,v1.0.0,v1.0.0
Mekhi Becton,4240090,OL,OTHER,2020,2.5095420008001468,2.79276883372542,-0.2832268329252732,3.6573355779188486,-1.1477935771187018,2.3140078753203923,3.427807164017343,v1.0.0,v1.0.0
Larrell Murchison,4240123,DL,IDL,2020,3.726301524252564,3.3569427144813795,0.3693588097711844,3.3944890239710706,0.33181250028149334,3.0940941509225235,3.7028377003498814,v1.0.0,v1.0.0
Trenton Gill,4240128,P,ST,2022,3.3877233167187057,3.655462751891699,-0.26773943517299337,3.1032456970205056,0.2844776196982002,3.1040665407893075,4.0715198491044315,v1.0.0,v1.0.0
Payton Turner,4240269,DL,IDL,2021,3.081436392723624,3.407656462431298,-0.32622006970767403,3.2643861554352687,-0.18294976271164476,2.9484803967864415,3.9254607754258886,v1.0.0,v1.0.0
KJ Hamler,4240380,WR,WR,2020,2.8236674677521854,3.3003922299229713,-0.47672476217078597,3.104222146113802,-0.2805546783616166,3.015361830043457,3.541163490322979,v1.0.0,v1.0.0
Ifeatu Melifonwu,4240401,DB,DB,2021,3.604762203817715,3.5047446163649205,0.10001758745279465,3.48954546509007,0.11521673872764504,3.324340045694382,3.6811775958711577,v1.0.0,v1.0.0
Zach Tom,4240435,C,OL,2022,3.3234735242048945,3.4431874960381093,-0.11971397183321475,3.5187008616016366,-0.19522733739674214,3.292726774537986,3.62501678556579,v1.0.0,v1.0.0
Victor Dimukeje,4240464,DE,EDGE,2021,3.6846873160553586,3.501159814707514,0.1835275013478448,3.467644597830254,0.21704271822510446,3.3479579075526975,3.686541542605496,v1.0.0,v1.0.0
Noah Gray,4240472,TE,TE,2021,3.894119439488368,3.7149476723468955,0.17917176714147232,3.5212786294086795,0.3728408100796883,3.4087946030371414,4.029429113740962,v1.0.0,v1.0.0
Chris Rumph,4240475,DE,EDGE,2021,3.5847863200739116,3.1307417794418253,0.4540445406320863,3.143094683295084,0.4416916367788275,2.8917477950015305,3.3792831805114245,v1.0.0,v1.0.0
Bryce Baringer,4240545,P,ST,2023,3.512573842349263,3.6110373287607516,-0.09846348641148861,3.0836378000521245,0.42893604229713844,3.3468843323697226,3.9006081637585748,v1.0.0,v1.0.0
Kendrick Green,4240548,OL,OTHER,2021,2.5844329182448638,3.103038238532217,-0.5186053202873531,3.5506855787508425,-0.9662526605059787,2.690426177437855,3.668165029574052,v1.0.0,v1.0.0
Vederian Lowe,4240554,OT,OL,2022,2.7323401086252446,3.1674342467623795,-0.43509413813713493,3.2890524213572676,-0.556712312732023,3.0341073707202777,3.2950660932576463,v1.0.0,v1.0.0
Ihmir Smith-Marsette,4240573,WR,WR,2021,3.4815998671745847,3.2003038633762317,0.28129600379835296,3.228681333374213,0.25291853380037166,3.054829714084314,3.367961892002883,v1.0.0,v1.0.0
Geno Stone,4240575,S,DB,2020,3.894119439488368,3.411714493197467,0.482404946290901,3.2690299351770817,0.6250895043112861,3.199436291565275,3.6146856994122785,v1.0.0,v1.0.0
A.J. Epenesa,4240585,DL,IDL,2020,3.9830286960066124,3.3432806191864683,0.639748076820144,3.409842400964169,0.5731862950424436,3.0868943333805636,3.583407870553874,v1.0.0,v1.0.0
Tristan Wirfs,4240589,OL,OTHER,2020,3.80230039399085,2.960506024876991,0.8417943691138587,3.6106098151975203,0.19169057879332962,2.4866049934170458,3.37119597758532,v1.0.0,v1.0.0
Marco Wilson,4240595,CB,DB,2021,3.8703362986573775,3.7613156038043356,0.10902069485304189,3.689581851234804,0.18075444742257352,3.553113221638394,3.9891646756613963,v1.0.0,v1.0.0
C.J. Henderson,4240596,CB,DB,2020,3.6738537319399707,3.4918267457793184,0.18202698616065227,3.476543227799005,0.19731050414096574,3.3472628935610445,3.6572267871662736,v1.0.0,v1.0.0
Kadarius Toney,4240600,WR,WR,2021,3.3479335159145864,3.2845561069733713,0.06337740894121513,3.4449400705714153,-0.09700655465682884,3.040604047669333,3.545256365326098,v1.0.0,v1.0.0
Shawn Davis,4240602,DB,DB,2021,0.6417787318052229,3.3239209629568442,-2.682142231151621,3.0595306611965425,-2.4177519293913194,3.0061412622888057,3.6551651894441872,v1.0.0,v1.0.0
Ventrell Miller,4240610,LB,LB,2023,3.173159346567495,3.117418698425459,0.055740648142036164,2.9979203043027067,0.17523904226478848,2.8883707927583973,3.336370327116216,v1.0.0,v1.0.0
Zachary Carter,4240619,DE,EDGE,2022,3.5966048274779854,3.321278512673157,0.27532631480482816,3.2571648350240885,0.3394399924538969,3.0176881560963036,3.654350450753019,v1.0.0,v1.0.0
DeeJay Dallas,4240631,RB,RB,2020,3.953973579709973,3.3970394351924513,0.5569341445175215,3.234629369563465,0.7193442101465077,3.2164278229764087,3.5876110920433995,v1.0.0,v1.0.0
Jonathan Garvin,4240655,DL,IDL,2020,3.3234735242048945,3.1111854978732385,0.212288026331656,3.208087442738379,0.1153860814665153,2.8108443651524704,3.431642065267335,v1.0.0,v1.0.0
Michael Carter,4240657,RB,RB,2021,3.77013835676966,3.3165449160151703,0.4535934407544895,3.5738611926356207,0.19627716413403906,3.1012150054353387,3.6054072249370694,v1.0.0,v1.0.0
Dazz Newsome,4240661,WR,WR,2021,1.1451351194023418,2.9985556762413337,-1.8534205568389919,3.0872073953862826,-1.9420722759839408,2.6926564691483637,3.3163998376266477,v1.0.0,v1.0.0
Richard LeCounte,4240686,DB,DB,2021,2.0548197685407565,2.861201566774488,-0.8063817982337316,2.721997028664023,-0.6671772601232666,2.5685315469361827,3.187814271205826,v1.0.0,v1.0.0
Jake Fromm,4240689,QB,QB,2020,1.1451351194023418,2.806939188679183,-1.661804069276841,3.073579515038283,-1.9284443956359414,2.400576499604755,3.182639082828497,v1.0.0,v1.0.0
Monty Rice,4240692,LB,LB,2021,3.2811927282397457,3.382625306589666,-0.10143257834992037,3.173063678352287,0.10812904988745853,3.0943861998721496,3.6094676710807487,v1.0.0,v1.0.0
Kenny Pickett,4240703,QB,QB,2022,3.244566149848478,3.0370859558735184,0.20748019397495954,3.1976218926149573,0.04694425723352058,1.957700504018951,4.0394172023746515,v1.0.0,v1.0.0
Damarri Mathis,4240707,CB,DB,2022,3.4028402771254793,3.4589950902937936,-0.05615481316831428,3.4436253986204686,-0.04078512149498925,3.3074525784535234,3.5995361852779904,v1.0.0,v1.0.0
Carter Warren,4240723,OT,OL,2023,2.3868469108371837,2.863147993017126,-0.47630108217994227,3.045249826358244,-0.6584029155210605,2.631310719626354,3.109650886223534,v1.0.0,v1.0.0
Boye Mafe,4240754,EDGE,EDGE,2022,3.704288456705717,3.431559624788028,0.2727288319176888,3.3004373104230362,0.4038511462826806,3.1878484909674394,3.663981717431362,v1.0.0,v1.0.0
Esezi Otomewo,4240759,DE,EDGE,2022,2.7280462042748432,3.480474539590575,-0.7524283353157317,3.193909855788647,-0.46586365151380393,3.193541088225357,3.746795066043461,v1.0.0,v1.0.0
Jamin Davis,4240778,LB,LB,2021,3.6900371404940935,3.2926988025561332,0.39733833793796025,3.266286262365837,0.4237508781282564,2.9983945672836048,3.6097316874015006,v1.0.0,v1.0.0
Lonnie Johnson,4240780,CB,DB,2019,4.017495355012839,3.64533871464691,0.3721566403659291,3.5901998297741806,0.4272955252386583,3.5140896094149934,3.787273390118674,v1.0.0,v1.0.0
Hendon Hooker,4240858,QB,QB,2023,1.1451351194023418,2.6472264043947265,-1.5020912849923846,3.013361400384801,-1.8682262809824592,2.355148672964632,2.9754972227439525,v1.0.0,v1.0.0
Dalton Keene,4240861,TE,TE,2020,1.6770794524643968,3.459357595563562,-1.782278143099165,3.5506785357269544,-1.8735990832625575,3.2079547199508145,3.678024323603441,v1.0.0,v1.0.0
Micheal Clemons,4240896,DE,EDGE,2022,3.704288456705717,3.136068254720386,0.5682202019853309,3.2813800120258594,0.42290844467985744,2.6835333322926136,3.5332970417459824,v1.0.0,v1.0.0
D'Marco Jackson,4241007,LB,LB,2022,3.4028402771254793,3.272046878297803,0.13079339882767638,3.1229649547882965,0.2798753223371828,3.1095070349973817,3.458813803096847,v1.0.0,v1.0.0
Tyree Gillespie,4241195,S,DB,2021,2.2560511899300453,3.363528010051011,-1.107476820120966,3.4540566036330485,-1.1980054137030032,2.441897009009923,4.264115579442982,v1.0.0,v1.0.0
Joshuah Bledsoe,4241199,S,DB,2021,1.1451351194023418,2.9237712174643917,-1.77863609806205,2.8116823390780037,-1.6665472196756619,2.052091242861965,3.6264788907162515,v1.0.0,v1.0.0
Larry Rountree,4241205,RB,RB,2021,2.523550556078262,3.036508375441736,-0.5129578193634741,2.9362301956511057,-0.4126796395728438,2.6680585657032023,4.250246203127397,v1.0.0,v1.0.0
Larry Borom,4241217,OL,OTHER,2021,1.940930471343771,2.3367008432798726,-0.39577037193610165,3.1792544418285003,-1.2383239704847293,2.032988734105491,2.9232794484113582,v1.0.0,v1.0.0
Jalen Pitre,4241223,S,DB,2022,3.63082325424351,3.5058760656282266,0.12494718861528353,3.206137824069737,0.42468543017377325,3.139831867880736,3.869680415357984,v1.0.0,v1.0.0
Charlie Kolar,4241263,TE,TE,2022,3.4954301761653195,3.2545615691017016,0.2408686070636179,3.052555476084732,0.4428747000805875,2.9953283764123326,3.5765943429628195,v1.0.0,v1.0.0
Tre Brown,4241373,CB,DB,2021,3.4138311044771363,3.431073839922737,-0.017242735445600843,3.3549294982696463,0.058901606207490076,3.283025613467873,3.6078841627778875,v1.0.0,v1.0.0
Grant Calcaterra,4241374,TE,TE,2022,3.6738141258714645,3.4309864521591895,0.24282767371227498,3.497657368778927,0.1761567570925373,3.1437222937557516,3.773718715780095,v1.0.0,v1.0.0
Creed Humphrey,4241385,OL,OTHER,2021,3.7333977984132494,3.1983656302115477,0.5350321682017016,3.635980568318935,0.09741723009431436,2.9099769092137264,3.483334028785374,v1.0.0,v1.0.0
CeeDee Lamb,4241389,WR,WR,2020,4.010840424889998,3.162613282088619,0.8482271428013788,3.2387887782510973,0.7720516466389005,2.9406960557949917,3.3468919053722725,v1.0.0,v1.0.0
Kenneth Murray,4241394,LB,LB,2020,3.9758857669824756,3.4601938515984556,0.51569191538402,3.434805751788128,0.5410800151943476,3.2409044966275826,3.694676953368155,v1.0.0,v1.0.0
Tre Norwood,4241396,DB,DB,2021,3.173159346567495,2.9921275405455123,0.18103180602198288,2.985121663091185,0.18803768347631022,2.729575691312627,3.285400873471611,v1.0.0,v1.0.0
Trey Sermon,4241401,RB,RB,2021,3.4138311044771363,3.4288887433823723,-0.015057638905235926,3.3511169850801346,0.06271411939700178,3.166516799151109,3.6685924486663866,v1.0.0,v1.0.0
Isaiah Thomas,4241404,EDGE,EDGE,2022,2.2332680792706037,3.313603908894542,-1.0803358296239383,3.195694016541964,-0.9624259372713602,3.1136831444369157,3.530080077247925,v1.0.0,v1.0.0
Jelani Woods,4241410,TE,TE,2022,2.704490561053983,3.7892389529698236,-1.0847483919158405,3.7111546951847885,-1.0066641341308054,3.45156983284822,4.188318511696988,v1.0.0,v1.0.0
Malcolm Rodriguez,4241411,LB,LB,2022,3.535238532571787,3.493935430335919,0.041303102235868305,3.231963062640045,0.30327546993174215,3.2064628774571817,3.8005939773755695,v1.0.0,v1.0.0
Chuba Hubbard,4241416,RB,RB,2021,3.8622111928606273,3.3462736004653038,0.5159375923953236,3.4560703149591165,0.40614087790151077,3.119198972114606,3.579568392842002,v1.0.0,v1.0.0
Tylan Wallace,4241424,WR,WR,2021,3.765411063205758,3.342036007237875,0.42337505596788283,3.394470467777532,0.3709405954282259,3.1855377360754527,3.548658921787807,v1.0.0,v1.0.0
Isaiah Buggs,4241451,DL,IDL,2019,3.6402255435804984,3.356661295080948,0.2835642484995504,3.2549915483722383,0.3852339952082602,3.068079843082009,3.604112676267938,v1.0.0,v1.0.0
Jerry Jeudy,4241463,WR,WR,2020,3.9830286960066124,3.064887027524145,0.9181416684824675,3.0577832928202833,0.9252454031863291,2.671475245324162,3.403879561789008,v1.0.0,v1.0.0
Mac Jones,4241464,QB,QB,2021,3.716145067615561,3.0112169529240473,0.7049281146915138,3.2814425577654367,0.4347025098501245,2.710148258071902,3.2838146562035178,v1.0.0,v1.0.0
Alex Leatherwood,4241466,OL,OTHER,2021,2.723108274324083,2.7579673299614167,-0.034859055637333825,3.220622163872149,-0.49751388954806597,2.321397386603848,3.0855418034773754,v1.0.0,v1.0.0
Phidarian Mathis,4241468,DT,IDL,2022,3.035568106998676,2.589096940790428,0.44647116620824834,2.7448491990937223,0.2907189079049539,2.0955829701077637,3.005539547863254,v1.0.0,v1.0.0
Xavier McKinney,4241470,S,DB,2020,3.915727254695066,3.365594459024506,0.5501327956705597,3.263877891248524,0.6518493634465421,3.18842127531224,3.5427956954987345,v1.0.0,v1.0.0
Brian Robinson,4241474,RB,RB,2022,3.63082325424351,3.244235067268497,0.38658818697501296,3.158283087196013,0.47254016704749713,2.982350406692048,3.4594008371751963,v1.0.0,v1.0.0
Henry Ruggs III,4241475,WR,WR,2020,2.759613832938619,3.3470639471544366,-0.5874501142158177,3.274562840040072,-0.5149490071014533,3.1076375481621117,3.581119126815767,v1.0.0,v1.0.0
Tua Tagovailoa,4241479,QB,QB,2020,3.8834224701360887,2.704617345778247,1.1788051243578415,3.012756484993014,0.8706659851430745,2.21018615431059,3.0569294347300198,v1.0.0,v1.0.0
Jedrick Wills,4241482,OL,OTHER,2020,3.111644679156027,2.8709651247475674,0.24067955440845967,3.2056715309703403,-0.09402685181431325,2.4087487455404135,3.1979260366151787,v1.0.0,v1.0.0
Elijah Mitchell,4241555,RB,RB,2021,2.9726816141016785,3.4794335499330864,-0.5067519358314079,3.5343274139735463,-0.5616457998718678,3.293065847654563,3.673554208705643,v1.0.0,v1.0.0
Daiyan Henley,4241597,LB,LB,2023,3.4735621360271987,3.2318590448370714,0.24170309119012723,3.0716695668670595,0.40189256916013916,3.0729701981751743,3.4501676344143433,v1.0.0,v1.0.0
Marcus Jones,4241720,CB,DB,2022,3.508972332652167,3.118787742051734,0.3901845906004331,2.862731283149971,0.646241049502196,2.887453875659915,3.3821844053202463,v1.0.0,v1.0.0
Jalen Reagor,4241802,WR,WR,2020,3.726301524252564,3.120263904889547,0.606037619363017,3.323017092263097,0.40328443198946706,2.797902113132252,3.4945069785918834,v1.0.0,v1.0.0
Garret Wallow,4241807,LB,LB,2021,3.528770817517228,3.5365496723808802,-0.0077788548636523736,3.3564641113065363,0.17230670621069155,3.419136894041793,3.7133514458420525,v1.0.0,v1.0.0
Sam Ehlinger,4241820,QB,QB,2021,1.752723170995035,2.576587784359277,-0.823864613364242,3.2755341040062946,-1.5228109330112596,2.1025284838701985,3.1460372418026434,v1.0.0,v1.0.0
Anthony McFarland,4241941,RB,RB,2020,2.4640884767605504,3.3368762573366153,-0.8727877805760649,3.1201670632088243,-0.6560785864482739,3.0639748307505683,3.6222556763557536,v1.0.0,v1.0.0
Connor Heyward,4241961,TE,TE,2022,3.7333977984132494,3.09179659282404,0.6416012055892093,2.954972541494517,0.7784252569187324,2.475770870367057,3.64411330538224,v1.0.0,v1.0.0
Josiah Scott,4241977,CB,DB,2020,3.3336385885689284,3.5541964103264787,-0.22055782175755034,3.5097646195989305,-0.17612603103000213,3.36468106652417,3.7401600884102706,v1.0.0,v1.0.0
Jeff Okudah,4241984,CB,DB,2020,3.513136093630355,3.481870984373147,0.031265109257208046,3.3746938526945454,0.13844224093580948,3.2706486483763157,3.7200358849576243,v1.0.0,v1.0.0
J.K. Dobbins,4241985,RB,RB,2020,3.4875223938306,2.78737893099791,0.7001434628326901,3.206345375648976,0.2811770181816238,2.3724159541533427,3.133009619305442,v1.0.0,v1.0.0
Chase Young,4241986,DL,IDL,2020,3.8997755338995894,2.98271775379612,0.9170577801034696,2.8617007706146094,1.03807476328498,2.6004169146470675,3.300874814439183,v1.0.0,v1.0.0
Baron Browning,4241987,LB,LB,2021,3.8067677655278955,3.559988936108785,0.24677882941911067,3.757874966293685,0.04889279923421075,3.295232524204878,3.8208132851185668,v1.0.0,v1.0.0
Pete Werner,4241993,LB,LB,2021,3.8112046428236552,3.5834495864863647,0.22775505633729054,3.5686658422691964,0.24253880055445887,3.3380050053279304,3.8218398364956183,v1.0.0,v1.0.0
Shaun Wade,4241995,CB,DB,2021,2.6773591454928125,3.2066022990953744,-0.5292431536025619,3.039125240165739,-0.36176609467292664,3.0273115586997146,3.3653381817275623,v1.0.0,v1.0.0
Josh Myers,4242000,C,OL,2021,3.467468875860921,3.0828839319280306,0.38458494393289033,3.224651523348322,0.24281735251259873,2.817063114605753,3.347831325254572,v1.0.0,v1.0.0
Thayer Munford,4242001,OT,OL,2022,2.5844329182448638,2.7453994537017548,-0.160966535456891,3.1137862894328174,-0.5293533711879537,2.511637659288137,2.9887850399242746,v1.0.0,v1.0.0
Montaric Brown,4242149,CB,DB,2022,3.5604844242273583,3.369279999314359,0.19120442491299938,3.321468584700545,0.23901583952681316,3.2146937570660237,3.5100332839110653,v1.0.0,v1.0.0
Jacoby Stevens,4242204,S,DB,2021,0.9146634597162007,3.3459895742653316,-2.431326114549131,3.208578770272134,-2.293915310555933,3.0955972644160004,3.5611521804971917,v1.0.0,v1.0.0
K'Lavon Chaisson,4242205,LB,LB,2020,3.961360022832677,3.276256467155741,0.6851035556769363,3.2253881759849756,0.7359718468477014,2.901045247294859,3.620098036761249,v1.0.0,v1.0.0
Jacob Phillips,4242206,LB,LB,2020,2.6773591454928125,3.1497602664461266,-0.4724011209533141,3.1415133550120338,-0.46415420951922126,2.8388980240887167,3.4812530386983425,v1.0.0,v1.0.0
Patrick Queen,4242207,LB,LB,2020,4.05044658303685,3.4642400102667597,0.5862065727700903,3.280314843030298,0.7701317400065517,3.252411587826855,3.7500474851282957,v1.0.0,v1.0.0
Grant Delpit,4242208,S,DB,2020,3.8539832348938767,3.296922714094496,0.5570605207993808,3.1751853326944635,0.6787979021994133,3.123425186323511,3.4950012114091376,v1.0.0,v1.0.0
Kary Vincent Jr.,4242211,CB,DB,2021,0.9146634597162007,3.3897545842918175,-2.475091124575617,3.2905285060943497,-2.375865046378149,3.1755444432745406,3.6149081167765797,v1.0.0,v1.0.0
Clyde Edwards-Helaire,4242214,RB,RB,2020,3.5567188671810097,3.139207909522937,0.4175109576580729,3.256918394033577,0.29980047314743263,2.766721013810395,3.48733088586476,v1.0.0,v1.0.0
Ed Ingram,4242227,OG,OL,2022,3.173159346567495,3.0125136770443848,0.16064566952311043,3.237843839664397,-0.06468449309690172,2.7813322591271428,3.2084824985194165,v1.0.0,v1.0.0
Tyler Shelvin,4242228,DT,IDL,2021,1.1451351194023418,3.3291270129867034,-2.183991893584362,3.177249624527847,-2.032114505125505,2.9696493413267433,3.692561044349784,v1.0.0,v1.0.0
Austin Deculus,4242229,OT,OL,2022,2.4302874475538276,2.9691585742893847,-0.538871126735557,3.23033667389063,-0.8000492263368022,2.7003914304323424,3.307173708809242,v1.0.0,v1.0.0
Racey McMath,4242231,WR,WR,2021,2.3868469108371837,3.1438036963811387,-0.756956785543955,3.247962704155951,-0.8611157933187674,2.847310290845537,3.4301209124789076,v1.0.0,v1.0.0
Neil Farrell,4242234,DT,IDL,2022,2.62451553749674,3.084754959817835,-0.46023942232109505,2.966287369665447,-0.3417718321687069,2.5687429132074913,3.724800927360809,v1.0.0,v1.0.0
Rashawn Slater,4242283,OL,OTHER,2021,3.1102069596740494,3.3230725378945647,-0.21286557822051533,3.7245979035111194,-0.61439094383707,3.0209452964103303,3.7082023320635535,v1.0.0,v1.0.0
Jonathan Taylor,4242335,RB,RB,2020,3.9312968613596864,3.640593850828323,0.2907030105313635,3.631901436165593,0.29939542519409335,3.402959839150452,3.877232214384771,v1.0.0,v1.0.0
Jake Ferguson,4242355,TE,TE,2022,3.6942882594600555,3.375648190150074,0.31864006930998157,3.3208557053312324,0.37343255412882304,3.0916734920891638,3.644425783400336,v1.0.0,v1.0.0
Aaron Banks,4242390,OL,OTHER,2021,2.5095420008001468,3.14442834606094,-0.6348863452607931,3.4257263737293626,-0.9161843729292158,2.588705681422731,3.6340583389407812,v1.0.0,v1.0.0
Robert Hainsey,4242391,OL,OTHER,2021,3.2119768491235505,3.188883842557473,0.023093006566077712,3.5354844468642237,-0.32350759774067317,2.888177644226276,3.5109820222887578,v1.0.0,v1.0.0
Daniel Scott,4242415,DB,DB,2023,1.345801546169376,3.756924202050672,-2.4111226558812957,3.7197145069374082,-2.373912960768032,3.63762784010705,3.887823746977856,v1.0.0,v1.0.0
Matthew Butler,4242457,DT,IDL,2022,2.93425051167076,3.274776092779192,-0.340525581108432,3.322043467883121,-0.387792956212361,3.0260320080740866,3.5162355155124216,v1.0.0,v1.0.0
Deommodore Lenoir,4242488,CB,DB,2021,3.8622111928606273,3.444456267890825,0.4177549249698025,3.389328531946108,0.47288266091451936,3.326121042093775,3.5882177448968435,v1.0.0,v1.0.0
Malik Willis,4242512,QB,QB,2022,2.721880418083277,2.702711853305994,0.019168564777282793,3.029402166832799,-0.3075217487495219,2.309804798070247,3.049064130592889,v1.0.0,v1.0.0
Noah Igbinoghene,4242516,CB,DB,2020,3.804270753194638,3.4505568492747205,0.3537139039199175,3.318438931908109,0.48583182128652913,3.269884431646551,3.626731824042752,v1.0.0,v1.0.0
K.J. Britt,4242521,LB,LB,2021,3.83720811032256,3.32086846768729,0.5163396426352698,3.2456481569010727,0.5915599534214873,3.106422021971701,3.53299936019531,v1.0.0,v1.0.0
Isaiah Hodgins,4242540,WR,WR,2020,3.4172722487377465,3.3748528993947216,0.04241934934302494,3.4091897383442427,0.008082510393503828,3.141935883607532,3.6339839544248753,v1.0.0,v1.0.0
Davis Mills,4242546,QB,QB,2021,3.4138311044771363,2.5943847467932257,0.8194463576839106,3.2834194097392113,0.13041169473792502,2.226182527614751,2.947048365846068,v1.0.0,v1.0.0
Paulson Adebo,4242547,CB,DB,2021,3.726301524252564,3.6824775771363654,0.043823947116198525,3.6402495893304834,0.08605193492208052,3.563701507614108,3.817288843941403,v1.0.0,v1.0.0
Drew Dalman,4242553,C,OL,2021,3.535238532571787,3.703101428084273,-0.1678628955124859,3.6387143523852403,-0.10347581981345311,3.4932761247469633,3.8809916858420235,v1.0.0,v1.0.0
Colby Parkinson,4242557,TE,TE,2020,3.946502233083245,3.6840535095033387,0.26244872357990623,3.4108570319579323,0.5356452011253126,3.4051838709189868,3.9972589477939193,v1.0.0,v1.0.0
Dayo Odeyingbo,4242659,DL,IDL,2021,3.774831517952426,2.995875589283461,0.7789559286689651,2.920511139287597,0.8543203786648292,2.6657962365814107,3.2776265112502734,v1.0.0,v1.0.0
Eno Benjamin,4242873,RB,RB,2020,3.163081625319118,3.2888578148175727,-0.12577618949845482,3.445729768714568,-0.2826481433954502,3.0561682777835126,3.5249630623161874,v1.0.0,v1.0.0
DJ Davidson,4242899,DT,IDL,2022,3.4954301761653195,3.0649354064837144,0.43049476968160505,3.156327038569411,0.3391031375959086,2.717659142103451,3.4633453301295156,v1.0.0,v1.0.0
Darnay Holmes,4242973,CB,DB,2020,3.9235586747305797,3.573605109151056,0.34995356557952384,3.513937738786129,0.4096209359444507,3.4089576266800066,3.7631386797222666,v1.0.0,v1.0.0
Jaelan Phillips,4242975,DL,IDL,2021,3.797802106141877,3.1263209315102944,0.6714811746315825,3.2911645686674884,0.5066375374743886,2.7838017870001486,3.430567934342067,v1.0.0,v1.0.0
Mykal Walker,4243009,LB,LB,2020,3.961360022832677,3.395693415530658,0.5656666073020191,3.381995857195321,0.5793641656373563,3.184682583030924,3.632803683231067,v1.0.0,v1.0.0
Laviska Shenault Jr.,4243160,WR,WR,2020,3.705827390663973,3.5511290428536704,0.15469834781030256,3.647745966068628,0.05808142459534471,3.34703030721992,3.782933052031031,v1.0.0,v1.0.0
Marquise Blair,4243244,S,DB,2019,2.8533491496878853,3.193954009018004,-0.3406048593301185,3.1159348326501934,-0.2625856829623081,3.05481375162901,3.357569084658302,v1.0.0,v1.0.0
Jaylon Johnson,4243253,CB,DB,2020,3.875089022657199,3.5052392612815493,0.3698497613756495,3.434197186964674,0.44089183569252466,3.4141236249570053,3.591635722568809,v1.0.0,v1.0.0
Devin Lloyd,4243256,LB,LB,2022,3.6841318028230527,3.2612020691541295,0.4229297336689233,3.312780135471785,0.3713516673512678,3.004123238973422,3.5257278359320674,v1.0.0,v1.0.0
John Penisini,4243257,DL,IDL,2020,3.173159346567495,2.7875207839295544,0.38563856263794083,2.9582217539143816,0.21493759265311363,2.263088529008996,3.2804494890722076,v1.0.0,v1.0.0
Jake Haener,4243322,QB,QB,2023,1.940930471343771,2.0284657273776605,-0.08753525603388956,2.8568800105616963,-0.9159495392179253,1.0093573105822156,3.004660269775113,v1.0.0,v1.0.0
Elijah Molden,4243328,DB,DB,2021,3.6846873160553586,3.3540145145208897,0.3306728015344689,3.15722046036379,0.5274668556915687,3.1442083075703744,3.572415046982179,v1.0.0,v1.0.0
Cade Otton,4243331,TE,TE,2022,3.6841318028230527,3.1290165190407655,0.5551152837822872,3.0018605179670668,0.682271284855986,2.895912551439768,3.4041405914746345,v1.0.0,v1.0.0
Keith Taylor,4243332,DB,DB,2021,3.4954301761653195,3.3450681152202573,0.15036206094506221,3.281027186212905,0.21440298995241447,3.1748196012956353,3.521882607727502,v1.0.0,v1.0.0
Dylan Parham,4243375,OG,OL,2022,3.3643675107217645,3.207903675508523,0.1564638352132417,3.3776861444735875,-0.013318633751822961,3.0123179648901934,3.4147409210958473,v1.0.0,v1.0.0
Calvin Austin,4243389,WR,WR,2022,3.4735621360271987,3.28638811845806,0.18717401756913876,3.3903244559915504,0.08323768003564824,3.069374863060466,3.5475181689984447,v1.0.0,v1.0.0
DeAngelo Malone,4243457,EDGE,EDGE,2022,3.63082325424351,3.056446095424792,0.5743771588187183,3.1650045823500834,0.46581867189342674,2.8125210774312444,3.279515519775662,v1.0.0,v1.0.0
Keion White,4243493,EDGE,EDGE,2023,3.549376123448943,3.1127196864572273,0.43665643699171586,3.1905755623081093,0.3588005611408338,2.7637138300320068,3.4124372467126873,v1.0.0,v1.0.0
Kalia Davis,4243541,DT,IDL,2022,3.2183476152534807,2.93494874943962,0.28339886581386065,3.046946413110136,0.17140120214334464,2.670577574663352,3.2559133401997644,v1.0.0,v1.0.0
Jaelon Darden,4243830,WR,WR,2021,3.467468875860921,3.3746142488482085,0.09285462701271241,3.350593612517813,0.11687526334310805,3.1406096936624746,3.6411632284269886,v1.0.0,v1.0.0
Patrick Johnson,4243916,DE,EDGE,2021,3.774831517952426,3.711743927581986,0.06308759037043998,3.4716519667865455,0.3031795511658806,3.4947545494551893,3.9163892068813753,v1.0.0,v1.0.0
Dominique Robinson,4244300,EDGE,EDGE,2022,3.4815998671745847,3.160429489865092,0.3211703773094925,3.395886070558413,0.08571379661617184,2.913983714845052,3.411575498584669,v1.0.0,v1.0.0
Zaven Collins,4244606,LB,LB,2021,3.9018576261174744,3.593250060225462,0.30860756589201266,3.53309033415399,0.36876729196348457,3.219277634654731,3.952264446788062,v1.0.0,v1.0.0
Akayleb Evans,4244607,CB,DB,2022,3.590722434390039,3.2091288876891473,0.38159354670089174,3.143925217958843,0.4467972164311962,3.042554775185158,3.3794682675294725,v1.0.0,v1.0.0
Abraham Lucas,4245171,OT,OL,2022,3.1928578237394594,3.614289692603808,-0.4214318688643486,3.7710312123087686,-0.5781733885693092,3.4214556920404915,3.820066744301442,v1.0.0,v1.0.0
Gary Brightwell,4245645,RB,RB,2021,3.2811927282397457,3.322889581814698,-0.04169685357495245,3.241271337352751,0.03992139088699487,3.0066041346156207,3.5550982780779328,v1.0.0,v1.0.0
Tony Fields,4245655,LB,LB,2021,3.467468875860921,3.446222453322114,0.02124642253880671,3.2022306801342393,0.2652381957266816,3.1151945359765367,3.784035276506956,v1.0.0,v1.0.0
Bryan Cook,4247726,S,DB,2022,3.6738141258714645,3.2633657907142606,0.4104483351572039,3.119121064935311,0.5546930609361533,3.092427702145118,3.436306338115105,v1.0.0,v1.0.0
Troy Andersen,4247807,LB,LB,2022,2.9548883427539363,3.4633301629744224,-0.5084418202204861,3.3291506846856342,-0.37426234193169794,3.2200047000788534,3.691903111281841,v1.0.0,v1.0.0
John Ridgeway,4248047,DT,IDL,2022,3.5222380992124513,3.4859720787541377,0.03626602045831362,3.416965090959962,0.10527300825248931,3.138908184887619,3.907281156720167,v1.0.0,v1.0.0
Christian Watson,4248528,WR,WR,2022,3.508972332652167,3.175713668213266,0.33325866443890106,3.257548971779851,0.251423360872316,2.9547288964056864,3.401677220990908,v1.0.0,v1.0.0
Matt Gay,4249087,K,ST,2019,4.061637638663377,3.8386689659426665,0.22296867272071008,3.1603945925836716,0.901243046079705,3.3791670158825786,4.326877869433743,v1.0.0,v1.0.0
Quentin Lake,4249128,S,DB,2022,3.535238532571787,3.3700850384181233,0.16515349415366387,3.3309832856223935,0.20425524694939368,3.195135904447704,3.5227755885178462,v1.0.0,v1.0.0
Jalen Tolbert,4249417,WR,WR,2022,3.5966048274779854,3.075482370057137,0.5211224574208484,3.1609149112850754,0.43568991619291,2.802465464634237,3.369830390204457,v1.0.0,v1.0.0
Pierre Strong,4249836,RB,RB,2022,3.4461896705496162,3.340865990130333,0.10532368041928342,3.1963145505757713,0.24987511997384493,3.1697732928176214,3.568983981301225,v1.0.0,v1.0.0
Bailey Zappe,4250360,QB,QB,2022,2.3868481303175892,2.7473497942828975,-0.36050166396530825,3.158865453719917,-0.7720173234023275,2.4002005997894877,3.0419078606728234,v1.0.0,v1.0.0
Zyon McCollum,4250392,CB,DB,2022,3.65267405126285,3.798940416627467,-0.146266365364617,3.6927322676038665,-0.04005821634101636,3.5732195363182755,4.016948237366922,v1.0.0,v1.0.0
Braxton Jones,4251007,OT,OL,2022,2.723108274324083,2.993362634188733,-0.2702543598646501,3.2067462705764505,-0.4836379962523676,2.7604323196304685,3.299137625635699,v1.0.0,v1.0.0
Alton Robinson,4254276,DL,IDL,2020,3.131875632847984,3.5609645055735153,-0.4290888727255311,3.6171101194125934,-0.4852344865646092,3.336311320170522,3.7619139585997563,v1.0.0,v1.0.0
Brady Christensen,4256062,OL,OTHER,2021,2.9599211317095553,2.815526713077404,0.1443944186321513,2.8144047685490428,0.14551636316051253,2.039747238648746,3.0929320630099593,v1.0.0,v1.0.0
Khyiris Tonga,4256074,DL,IDL,2021,3.755852067402456,3.058414009540428,0.6974380578620281,3.026553918270965,0.7292981491314912,2.1466394951516983,3.6759249029280125,v1.0.0,v1.0.0
Charlie Jones,4257188,WR,WR,2023,3.2183476152534807,3.1432084502270197,0.07513916502646101,3.2004005276704652,0.017947087583015442,2.943466245700488,3.351334729007244,v1.0.0,v1.0.0
Tycen Anderson,4257240,S,DB,2022,3.372246395067789,3.551377687949586,-0.1791312928817974,3.545600312157032,-0.1733539170892433,3.3353368727753567,3.7668382003058656,v1.0.0,v1.0.0
Arnold Ebiketie,4257591,EDGE,EDGE,2022,3.7238388026099476,2.8427507467669737,0.8810880558429739,2.9721347878482645,0.7517040147616831,2.526809060861689,3.1376680541021997,v1.0.0,v1.0.0
Nico Collins,4258173,WR,WR,2021,3.746150394761617,3.4123788867952096,0.3337715079664072,3.620512009385432,0.12563838537618466,3.2408241624817506,3.5869354103347035,v1.0.0,v1.0.0
James Hudson,4258181,OL,OTHER,2021,2.6554775013275047,3.0553811124865047,-0.39990361115899997,3.352880581211409,-0.6974030798839044,2.5049017290406574,3.6038541866294103,v1.0.0,v1.0.0
Kwity Paye,4258194,DL,IDL,2021,3.8286553553471774,3.472228878104378,0.3564264772427994,3.4027720477986065,0.42588330754857084,3.1120736891224685,3.837065197174021,v1.0.0,v1.0.0
Donovan Peoples-Jones,4258195,WR,WR,2020,3.7092314463061093,3.3334082855716,0.3758231607345093,3.256029372454689,0.4532020738514202,3.029847094618058,3.593567530462187,v1.0.0,v1.0.0
Cesar Ruiz,4258199,OL,OTHER,2020,2.5095420008001468,2.9462785300012055,-0.43673652920105877,3.5004783242128763,-0.9909363234127295,2.6504326536634384,3.304946059223372,v1.0.0,v1.0.0
Benjamin St-Juste,4258206,DB,DB,2021,3.7841173901632863,3.7299800034603923,0.05413738670289403,3.6549383159358633,0.12917907422742303,3.52703381070893,3.9346761359614812,v1.0.0,v1.0.0
Ambry Thomas,4258209,DB,DB,2021,3.3877233167187057,3.4366238133600677,-0.04890049664136198,3.3852836740023236,0.0024396427163821954,3.2709976408968124,3.582525316365434,v1.0.0,v1.0.0
Cole Kmet,4258595,TE,TE,2020,4.0440108868980875,3.492915243036629,0.5510956438614585,3.331571287651017,0.7124395992470705,3.054835685416432,3.8560435597881715,v1.0.0,v1.0.0
Jeremiah Owusu-Koramoah,4258599,LB,LB,2021,3.5222380992124513,3.0522500253665137,0.46998807384593766,2.9744854517745067,0.5477526474379446,2.6525885650490117,3.4387813248837977,v1.0.0,v1.0.0
Terrel Bernard,4259166,LB,LB,2022,3.63082325424351,3.160607947721388,0.47021530652212196,3.050782858481852,0.580040395761658,2.8302114453624445,3.450731204412926,v1.0.0,v1.0.0
Trestan Ebner,4259169,RB,RB,2022,2.723108274324083,3.3569107567736802,-0.6338024824495974,3.1056718525891096,-0.38256357826502674,3.0055839073841186,3.704726459258111,v1.0.0,v1.0.0
Harrison Hand,4259170,CB,DB,2020,2.995843821087393,3.4608173933854425,-0.4649735722980495,3.3663572666186137,-0.3705134455312207,3.2737067316601998,3.651206344444471,v1.0.0,v1.0.0
James Lynch,4259181,DL,IDL,2020,3.7932724710864165,3.4805382128575486,0.3127342582288679,3.510964018858858,0.2823084522275585,3.2676358818759534,3.6652828741889474,v1.0.0,v1.0.0
Bo Melton,4259305,WR,WR,2022,3.3234735242048945,3.2625876346633054,0.06088588954158913,3.3071779502014764,0.01629557400341808,2.969898439101288,3.509854820496527,v1.0.0,v1.0.0
Dennis Daley,4259480,OT,OL,2019,3.480228861135872,3.166569033172534,0.3136598279633378,3.359985017172058,0.12024384396381382,3.027601039358065,3.2994958715137543,v1.0.0,v1.0.0
Javon Kinlaw,4259491,DL,IDL,2020,3.8580945905893893,3.048506931232826,0.8095876593565632,3.155752613979547,0.7023419766098424,2.7593270627223236,3.351443686054525,v1.0.0,v1.0.0
D'Andre Swift,4259545,RB,RB,2020,3.968663470456179,3.326272424201452,0.6423910462547271,3.168820029099508,0.7998434413566713,3.0719957082057667,3.5697934695777795,v1.0.0,v1.0.0
Robert Beal,4259558,EDGE,EDGE,2023,2.912610282873049,3.306199594784819,-0.39358931191177016,3.1671040904024057,-0.2544938075293568,3.0753268386475594,3.5834354695551243,v1.0.0,v1.0.0
Eric Stokes,4259561,DB,DB,2021,3.695343292409548,3.502396757399734,0.19294653500981385,3.5117266922862527,0.18361660012329528,3.328639630983304,3.6843758434296445,v1.0.0,v1.0.0
Andrew Thomas,4259566,OL,OTHER,2020,3.4320586792359524,3.0969258362041243,0.3351328430318281,3.5000249474539595,-0.06796626821800711,2.79283329653913,3.4292296557989967,v1.0.0,v1.0.0
Mark Webb,4259570,DB,DB,2021,1.8158181812103182,3.0496017353179936,-1.2337835541076754,2.997770038540938,-1.1819518573306198,2.761241147087595,3.3235862142208523,v1.0.0,v1.0.0
Tariq Castro-Fields,4259590,CB,DB,2022,1.940930471343771,3.429867351049454,-1.4889368797056832,3.4596993193012078,-1.5187688479574368,3.2528327783854425,3.5840271031048974,v1.0.0,v1.0.0
Yetur Gross-Matos,4259594,DL,IDL,2020,3.849427795524237,2.6386571712247786,1.2107706242994585,2.783535642427973,1.065892153096264,2.290668927219782,2.989160778555606,v1.0.0,v1.0.0
Alijah Vera-Tucker,4259646,OL,OTHER,2021,3.1528451932898274,3.1495557134870085,0.0032894798028189065,3.583624369519261,-0.4307791762294335,2.8372850668083784,3.5901582033410824,v1.0.0,v1.0.0
Jay Tufele,4259647,DL,IDL,2021,3.463400444351175,3.5833691182354857,-0.11996867388431065,3.422139239271168,0.04126120508000719,3.3882744598284487,3.7753147112931584,v1.0.0,v1.0.0
Jonathan Ford,4259762,DT,IDL,2022,2.617192100909877,2.8355123626995318,-0.2183202617896547,2.9808766951403443,-0.3636845942304672,2.511484965946954,3.1580524964494154,v1.0.0,v1.0.0
Willie Gay Jr.,4259804,LB,LB,2020,3.968663470456179,3.52912819472154,0.43953527573463935,3.6391471432726528,0.3295163271835264,3.22516539073706,3.801648002827001,v1.0.0,v1.0.0
Kylin Hill,4259805,RB,RB,2021,2.057714358921055,3.4977734441286086,-1.4400590852075537,3.456818598961289,-1.3991042400402343,3.330934053074284,3.6746122677762334,v1.0.0,v1.0.0
Lynn Bowden,4259979,WR,WR,2020,3.0057495495866404,3.459496367717097,-0.4537468181304565,3.2355213305202604,-0.22977178093361994,3.2009413335861585,3.693611419550098,v1.0.0,v1.0.0
Joshua Paschal,4259994,DE,EDGE,2022,3.288798636746454,3.303234183244458,-0.014435546498003937,3.2192645430614784,0.06953409368497576,3.09802045911752,3.5285998912259973,v1.0.0,v1.0.0
Jordan Stout,4260224,P,ST,2022,3.7333977984132494,3.8771758563670202,-0.14377805795377085,3.4805159264564494,0.2528818719568,3.2680272113768596,4.499364381068849,v1.0.0,v1.0.0
Aidan O'Connell,4260394,QB,QB,2023,2.7280462042748432,2.612776761750218,0.11526944252462545,2.980473313633089,-0.25242710935824597,2.296624537225087,2.9410662615443735,v1.0.0,v1.0.0
Derrick Barnes,4260409,DE,EDGE,2021,3.765411063205758,3.256611940381189,0.508799122824569,3.4622320195244667,0.3031790436812911,2.933321740882593,3.572749971346187,v1.0.0,v1.0.0
Jordan Jackson,4261090,DT,IDL,2022,2.863455195111033,3.0156123425144727,-0.15215714740343955,3.008726692297078,-0.14527149718604493,2.746171400573989,3.2787033045299454,v1.0.0,v1.0.0
Darren Hall,4261606,CB,DB,2021,3.508972332652167,3.4134622138771404,0.09551011877502669,3.3360443385589016,0.17292799409326554,3.252532943350188,3.570944416525504,v1.0.0,v1.0.0
Ta'Quon Graham,4262197,DL,IDL,2021,3.57999730376674,3.696563759894898,-0.11656645612815808,3.579149958358322,0.0008473454084176879,3.523224843681955,3.9236356516636492,v1.0.0,v1.0.0
Justin Jefferson,4262921,WR,WR,2020,4.003998256448456,3.2435083384472776,0.7604899180011788,3.203005157999911,0.8009930984485454,3.0965435646079187,3.4093398148271454,v1.0.0,v1.0.0
Austin Jackson,4271632,OL,OTHER,2020,3.0404973649442106,2.7272406296433314,0.3132567353008793,3.4223613673865345,-0.3818640024423239,2.336707048424709,2.987792158934616,v1.0.0,v1.0.0
Alec Pierce,4360078,WR,WR,2022,3.6942882594600555,3.3488143040564897,0.34547395540356574,3.3610580426056966,0.33323021685435883,3.116927942557939,3.572387823584189,v1.0.0,v1.0.0
Myjai Sanders,4360080,EDGE,EDGE,2022,2.759613832938619,3.0339020743108858,-0.2742882413722669,3.081188492215738,-0.32157465927711915,2.714558275532577,3.386571264885199,v1.0.0,v1.0.0
Josh Whyle,4360086,TE,TE,2023,3.288798636746454,3.5948526875450444,-0.30605405079859027,3.1443858842110357,0.1444127525354184,3.2526451676682457,3.9634011352747116,v1.0.0,v1.0.0
Clayton Tune,4360175,QB,QB,2023,2.3868481303175892,3.0634795985305905,-0.6766314682130012,3.4716001443970366,-1.0847520140794473,2.703318674352665,3.4168185283951944,v1.0.0,v1.0.0
Logan Hall,4360189,DE,EDGE,2022,3.7141371299691084,3.868799074153828,-0.15466194418471968,3.277077807553356,0.4370593224157524,3.4848671058358707,4.301498964512733,v1.0.0,v1.0.0
Elijah Jones,4360203,CB,DB,2024,2.1593671492279647,3.204613273599963,-1.0452461243719982,3.1411841117280814,-0.9818169625001167,2.9898230048613637,3.4018850236075746,v1.0.0,v1.0.0
Dameon Pierce,4360238,RB,RB,2022,3.4745727717068444,3.2178344081593564,0.256738363547488,3.3146039779011702,0.1599687938056742,2.9882401732485993,3.4102060465469517,v1.0.0,v1.0.0
Kyle Pitts,4360248,TE,TE,2021,3.8539832348938767,3.5643515848467815,0.28963165004709523,3.543895358396227,0.3100878764976498,3.18372863588907,3.9426408143449665,v1.0.0,v1.0.0
Brian Asamoah,4360255,LB,LB,2022,3.4461896705496162,3.260493584486274,0.1856960860633423,3.0928770826008933,0.3533125879487229,3.0509421460918547,3.496977926026967,v1.0.0,v1.0.0
Nik Bonitto,4360259,EDGE,EDGE,2022,3.6942882594600555,3.750607662446001,-0.05631940298594573,3.44419913829026,0.25008912116979554,3.5785196260011793,3.9176893484749757,v1.0.0,v1.0.0
Ronnie Perkins,4360274,DE,EDGE,2021,1.8158181812103182,3.244282345450779,-1.428464164240461,3.2632749445065836,-1.4474567632962654,2.9165223537205285,3.5778772812758866,v1.0.0,v1.0.0
Delarrin Turner-Yell,4360287,S,DB,2022,3.1481389932070876,3.39184605334557,-0.2437070601384823,3.3932298453567618,-0.2450908521496742,3.100917218333183,3.646510021069377,v1.0.0,v1.0.0
Brayden Willis,4360290,TE,TE,2023,2.8236674677521854,3.0433452841571507,-0.2196778164049653,2.959667465236352,-0.1359999974841668,2.689583943243806,3.372684082360346,v1.0.0,v1.0.0
Antonio Gibson,4360294,WR,WR,2020,3.9235586747305797,3.516465963080928,0.40709271164965166,3.5617858646839453,0.3617728100466344,3.279900679728961,3.8110058726860747,v1.0.0,v1.0.0
Xavier Thomas,4360304,EDGE,EDGE,2024,2.5095420008001468,3.1485813956622315,-0.6390393948620847,3.306788311521779,-0.7972463107216323,2.9420509221807905,3.374211517828548,v1.0.0,v1.0.0
Derion Kendrick,4360307,CB,DB,2022,3.5553122377650705,3.191131253602941,0.36418098416212974,3.023170868825459,0.5321413689396115,3.0108463479942467,3.3541274923310462,v1.0.0,v1.0.0
Trevor Lawrence,4360310,QB,QB,2021,3.845649787414987,2.5745161341612035,1.2711336532537834,2.9808765905609467,0.8647731968540402,2.121826996283184,3.071850920834491,v1.0.0,v1.0.0
Jackson Carman,4360320,OT,OL,2021,1.940930471343771,2.8526773444211537,-0.9117468730773828,3.0879421803656526,-1.1470117090218817,2.604469729742894,3.091322717841084,v1.0.0,v1.0.0
Kerby Joseph,4360383,S,DB,2022,3.5966048274779854,3.2606758257534953,0.33592900172449003,3.081832269181732,0.5147725582962535,2.962969304459029,3.530588631593225,v1.0.0,v1.0.0
Sydney Brown,4360386,DB,DB,2023,3.3877233167187057,3.616481417204948,-0.22875810048624245,3.5156513783022514,-0.12792806158354564,3.4048586479578646,3.8191187340625596,v1.0.0,v1.0.0
Michael Penix Jr.,4360423,QB,QB,2024,2.3868469108371837,2.657744307528106,-0.2708973966909225,3.0049377402329442,-0.6180908293957605,2.3269940229626145,2.969177554311238,v1.0.0,v1.0.0
Brandon Aiyuk,4360438,WR,WR,2020,3.774831517952426,3.3692951558753217,0.4055363620771044,3.3305412435349195,0.44429027441750657,3.097925559288051,3.5660164551662015,v1.0.0,v1.0.0
Daviyon Nixon,4360484,DT,IDL,2021,2.3868469108371837,3.37620485666419,-0.9893579458270061,3.3764014603725134,-0.9895545495353297,3.189930080710012,3.5864871453590292,v1.0.0,v1.0.0
Tyler Linderbaum,4360499,C,OL,2022,3.625243820844105,2.8101330234015194,0.8151107974425855,2.9363488417592367,0.6888949790848682,2.5321428265709987,3.0814742608057935,v1.0.0,v1.0.0
Tyrone Tracy Jr.,4360516,RB,RB,2024,3.173159346567495,3.3735458022377123,-0.20038645567021707,3.4977057047556217,-0.3245463581881265,3.1059952843846284,3.653235049740687,v1.0.0,v1.0.0
Davion Taylor,4360645,LB,LB,2020,2.812538078173407,3.549585427883898,-0.7370473497104912,3.501612893973786,-0.689074815800379,3.3572225890703637,3.773160344953152,v1.0.0,v1.0.0
Mekhi Blackmon,4360677,CB,DB,2023,3.173159346567495,3.258609900591925,-0.08545055402442969,3.142128623631729,0.031030722935766253,3.103788610607327,3.433017434751483,v1.0.0,v1.0.0
Tyler Shough,4360689,QB,QB,2025,2.2560511899300453,2.705647566008752,-0.4495963760787065,3.1871990352406674,-0.9311478453106221,2.1918408737265254,3.3340067172653782,v1.0.0,v1.0.0
Joe Milton,4360698,QB,QB,2024,1.4639229141164507,2.378910822114609,-0.9149879079981584,2.9400667720150646,-1.476143857898614,1.915166060462532,2.941718849980898,v1.0.0,v1.0.0
Simi Fehoko,4360739,WR,WR,2021,2.83264607084598,3.4382067205137177,-0.6055606496677375,3.6654695266122883,-0.8328234557663081,3.2692561422029254,3.6178893609404343,v1.0.0,v1.0.0
Thomas Booker,4360749,DT,IDL,2022,3.4176136403258908,3.615639081243327,-0.19802544091743624,3.697452316407928,-0.2798386760820373,3.293324686134978,3.9129271985954146,v1.0.0,v1.0.0
Michael Wilson,4360761,WR,WR,2023,3.4461896705496162,3.3309885134617914,0.11520115708782486,3.433116201075741,0.013073469473875221,2.9911511507130566,3.6330490177556887,v1.0.0,v1.0.0
Nick Hampton,4360773,EDGE,EDGE,2023,3.288798636746454,3.0768882982112227,0.21191033853523145,3.1405233420554675,0.14827529469098666,2.905217029924589,3.299956964123455,v1.0.0,v1.0.0
Tutu Atwell,4360797,WR,WR,2021,3.726301524252564,3.096824137781299,0.6294773864712648,3.128076750327482,0.5982247739250819,2.883932508080836,3.324744069326054,v1.0.0,v1.0.0
Yasir Abdullah,4360807,LB,LB,2023,3.0741435672906428,3.3613064731202216,-0.2871629058295788,3.2393491296313313,-0.1652055623406885,3.1643180837734564,3.5695732125167043,v1.0.0,v1.0.0
Talanoa Hufanga,4360853,S,DB,2021,3.746150394761617,3.043246820723282,0.7029035740383347,3.01753769487025,0.7286126998913667,2.126366141137483,3.7472649522543655,v1.0.0,v1.0.0
Rashod Bateman,4360939,WR,WR,2021,3.7363017214982253,3.186864630267517,0.549437091230708,3.1577622985145686,0.5785394229836567,3.0283105594448894,3.3336838772637676,v1.0.0,v1.0.0
Jordan Howden,4360949,DB,DB,2023,3.486827902587483,3.399836099561635,0.08699180302584786,3.33643252754837,0.1503953750391127,3.272918245383281,3.546064360519991,v1.0.0,v1.0.0
Isaiah Likely,4361050,TE,TE,2022,3.6841318028230527,3.3235566908712912,0.3605751119517615,2.753401677296985,0.9307301255260678,2.687556924271664,3.8032371537956156,v1.0.0,v1.0.0
Kyler Gordon,4361093,CB,DB,2022,3.467468875860921,3.3667695829099538,0.10069929295096713,3.328460609983033,0.13900826587788773,3.2132531111637923,3.5081998112589283,v1.0.0,v1.0.0
Devin Culp,4361112,TE,TE,2024,2.6469482242548565,3.3807589195613468,-0.7338106953064902,3.315047558498031,-0.6680993342431742,3.038052826687151,3.8458053684721922,v1.0.0,v1.0.0
Cam Taylor-Britt,4361196,CB,DB,2022,3.4954301761653195,3.4633152999898034,0.032114876175516116,3.4512741974947243,0.044155978670595175,3.3106071707282108,3.6057239438244046,v1.0.0,v1.0.0
Zach Wilson,4361259,QB,QB,2021,3.304592901681356,2.640519486205852,0.6640734154755044,2.988493696857088,0.3160992048242681,2.3048661912659543,2.9342832870364197,v1.0.0,v1.0.0
Greg Newsome,4361266,DB,DB,2021,3.8662864413194638,3.5637566597729657,0.302529781546498,3.5586993561785465,0.30758708514091726,3.4445666390549707,3.7059109693770127,v1.0.0,v1.0.0
Trey McBride,4361307,TE,TE,2022,3.7141371299691084,3.1845644782673443,0.529572651701764,2.9065433066809487,0.8075938232881597,2.802299787464926,3.630351454680402,v1.0.0,v1.0.0
Jamien Sherwood,4361331,DB,DB,2021,3.8112046428236552,3.352603352716363,0.4586012901072922,3.279336656276413,0.5318679865472422,3.1929538880864157,3.5711736340988294,v1.0.0,v1.0.0
Tyreke Smith,4361340,EDGE,EDGE,2022,0.6417787318052229,3.0340981420369375,-2.3923194102317145,3.0869337273024917,-2.4451549954972687,2.841723391423064,3.271191944109565,v1.0.0,v1.0.0
Javontae Jean-Baptiste,4361357,EDGE,EDGE,2024,2.4570567304749815,3.05548962607857,-0.5984328956035885,3.077365727989107,-0.6203089975141256,2.8317561213586595,3.2817838982260983,v1.0.0,v1.0.0
Tommy Togiai,4361366,DT,IDL,2021,3.389950372522161,3.962939151574044,-0.5729887790518831,3.7114212142744383,-0.32147084175227736,3.741369865132761,4.287234671040916,v1.0.0,v1.0.0
Nicholas Petit-Frere,4361368,OT,OL,2022,2.6554775013275047,2.9043786952211974,-0.2489011938936927,3.167471456821216,-0.5119939554937112,2.729770513279449,3.1091208058979505,v1.0.0,v1.0.0
Chris Olave,4361370,WR,WR,2022,3.5966048274779854,3.0044956036865376,0.5921092237914478,3.0857242547251604,0.510880572752825,2.7758639539662364,3.245782446341828,v1.0.0,v1.0.0
Jeremy Ruckert,4361372,TE,TE,2022,3.63082325424351,3.213414987655039,0.4174082665884713,3.1899872457908485,0.4408360084526617,2.965793463168649,3.4823875936507855,v1.0.0,v1.0.0
Jahan Dotson,4361409,WR,WR,2022,3.6841318028230527,3.019558075496949,0.6645737273261036,3.0574784914093245,0.6266533114137283,2.6847234651404523,3.328040918884155,v1.0.0,v1.0.0
Pat Freiermuth,4361411,TE,TE,2021,3.8539832348938767,3.2841149527477387,0.569868282146138,3.246502715504788,0.6074805193890889,3.0195027463633273,3.6078811432422384,v1.0.0,v1.0.0
Will Levis,4361418,QB,QB,2023,2.812538078173407,2.6040871690687553,0.20845090910465158,2.866792407991628,-0.05425432981822098,2.1129471255210364,3.2083935120401685,v1.0.0,v1.0.0
Jesse Luketa,4361419,LB,LB,2022,3.1481389932070876,3.236636587306164,-0.08849759409907643,3.230360674092754,-0.08222168088566661,2.885227137677517,3.570123344749824,v1.0.0,v1.0.0
Micah Parsons,4361423,LB,LB,2021,3.845649787414987,3.7632146213373994,0.0824351660775875,3.6798240169326895,0.1658257704822974,3.429027946368369,4.062956786723418,v1.0.0,v1.0.0
Juice Scruggs,4361425,C,OL,2023,2.4302874475538276,3.250513830709335,-0.8202263831555072,3.2481026116050593,-0.8178151640512317,3.017748071245767,3.453179271782491,v1.0.0,v1.0.0
Justin Shorter,4361426,WR,WR,2023,1.8158181812103182,3.2869915623225263,-1.471173381112208,3.440310147797689,-1.6244919665873707,3.0166980028999806,3.4838982728088586,v1.0.0,v1.0.0
Rasheed Walker,4361429,OT,OL,2022,2.723108274324083,2.8655238206040634,-0.14241554627998054,3.0596413591444533,-0.3365330848203705,2.6355858861027963,3.1115488320037605,v1.0.0,v1.0.0
Romeo Doubs,4361432,WR,WR,2022,3.6418404671474622,3.350280548677868,0.29155991846959406,3.06414287236472,0.5776975947827423,3.1207537039927806,3.5600990355670157,v1.0.0,v1.0.0
Cole Turner,4361438,TE,TE,2022,2.863455195111033,3.2760389671471337,-0.4125837720361005,3.274939163437204,-0.41148396832617085,2.9549517003627583,3.613490690264928,v1.0.0,v1.0.0
Matt Araiza,4361496,P,ST,2022,3.2119768491235505,3.94838590969069,-0.7364090605671394,3.1247465673271306,0.0872302817964199,2.9491228671459413,5.5019908339316235,v1.0.0,v1.0.0
Cameron Thomas,4361510,DE,EDGE,2022,3.5847863200739116,3.3320782436588283,0.2527080764150833,3.290209870881681,0.2945764491922307,3.0997822631463308,3.590788271467253,v1.0.0,v1.0.0
Daniel Bellinger,4361516,TE,TE,2022,3.6738141258714645,3.581040640691325,0.09277348518013939,3.5019494586031894,0.1718646672682751,3.333407064370505,3.855320861794643,v1.0.0,v1.0.0
Isiah Pacheco,4361529,RB,RB,2022,3.5479840389742314,3.411388817497986,0.1365952214762456,3.235610138033518,0.3123739009407136,3.1809167759612498,3.6841028340913424,v1.0.0,v1.0.0
Dyami Brown,4361577,WR,WR,2021,3.845649787414987,3.0489992814725997,0.7966505059423872,3.3848160183613794,0.4608337690536075,2.8369999835737336,3.274498921181059,v1.0.0,v1.0.0
Javonte Williams,4361579,RB,RB,2021,3.7841173901632863,3.3863929061072184,0.39772448405606786,3.5619829342222857,0.22213445594100056,3.234580917446266,3.5661789241392703,v1.0.0,v1.0.0
Payton Wilson,4361652,LB,LB,2024,3.2119768491235505,3.5421559106191327,-0.3301790614955822,3.2375746458678694,-0.025597796744318835,3.2722683018653345,3.809422040719624,v1.0.0,v1.0.0
Chad Muma,4361707,LB,LB,2022,3.6738141258714645,3.405369418804414,0.26844470706705037,3.589118460832703,0.08469566503876136,3.148052761240322,3.664540580601208,v1.0.0,v1.0.0
Brock Purdy,4361741,QB,QB,2022,3.5222380992124513,3.13180240013206,0.39043569908039144,3.076416059241785,0.4458220399706665,2.4907986869772576,3.7793187375762924,v1.0.0,v1.0.0
Zamir White,4361777,RB,RB,2022,3.467468875860921,3.376721333253752,0.09074754260716889,3.1728588794316446,0.2946099964292763,3.189743765660067,3.6061049496200197,v1.0.0,v1.0.0
Cade Mays,4361788,OG,OL,2022,2.6554775013275047,3.154087365062729,-0.4986098637352243,3.3038838360055065,-0.6484063346780018,2.9995558408561203,3.3113130512498774,v1.0.0,v1.0.0
Devonte Wyatt,4361791,DT,IDL,2022,3.619616080061081,3.099092340330361,0.5205237397307201,3.2436964157287087,0.37591966433237234,2.8255316669403676,3.381082530948537,v1.0.0,v1.0.0
Tyler Lacy,4361861,DE,EDGE,2023,3.3234735242048945,3.1677898831028886,0.15568364110200594,3.2230902278333953,0.10038329637149923,2.702148240801712,3.612450608877594,v1.0.0,v1.0.0
Andre Cisco,4361939,DB,DB,2021,3.7932724710864165,3.075840445106926,0.7174320259794906,2.9889649351871173,0.8043075358992993,2.176832233087252,3.8040021963832054,v1.0.0,v1.0.0
Chamarri Conner,4361964,DB,DB,2023,3.486827902587483,3.4823522326804754,0.004475669907007429,3.4166564194824693,0.07017148310501353,3.3101168191756387,3.6490942873742265,v1.0.0,v1.0.0
James Mitchell,4361988,TE,TE,2022,3.252169227988219,3.1201427758941866,0.1320264520940322,3.021677726915172,0.23049150107304683,2.858591041733684,3.3915050167080425,v1.0.0,v1.0.0
A.T. Perry,4362019,WR,WR,2023,2.1593671492279647,2.969400307612522,-0.8100331583845573,3.089798398013909,-0.9304312487859443,2.7162564632027792,3.231741394548617,v1.0.0,v1.0.0
Caden Sterns,4362077,DB,DB,2021,2.759613832938619,3.7194271393450347,-0.9598133064064158,3.6398953974685884,-0.8802815645299695,3.57677834825283,3.8835802253747325,v1.0.0,v1.0.0
Keaontay Ingram,4362087,RB,RB,2022,2.702960132646045,3.257857337074268,-0.5548972044282232,3.1756384843753263,-0.4726783517292814,3.0797040870142,3.4239775230016303,v1.0.0,v1.0.0
DeMarvion Overshown,4362088,LB,LB,2023,2.704490561053983,3.5041621522489304,-0.7996715911949472,3.4517079177843044,-0.7472173567303213,3.1099242677798022,3.973570044346704,v1.0.0,v1.0.0
Joseph Ossai,4362094,LB,LB,2021,3.6633300276170395,3.4167949587225466,0.24653506889449295,3.547333723936857,0.11599630368018232,3.053981727621568,3.865963448206847,v1.0.0,v1.0.0
Moro Ojomo,4362116,DT,IDL,2023,3.3877233167187057,3.3438159488506973,0.04390736786800842,3.3004895188892864,0.08723379782941931,3.1293493867112905,3.5398769230017497,v1.0.0,v1.0.0
Keondre Coburn,4362117,DT,IDL,2023,2.8882144816102446,3.2788305865022904,-0.3906161048920458,3.3710286749437905,-0.4828141933335459,3.02383817686891,3.5660888060897578,v1.0.0,v1.0.0
Travis Jones,4362139,DT,IDL,2022,3.704288456705717,3.4267930482071005,0.2774954084986163,3.522353811050668,0.18193464565504902,3.1911054501873917,3.6669110449136118,v1.0.0,v1.0.0
Erik Ezukanma,4362186,WR,WR,2022,1.4400119924534576,3.180477925643329,-1.7404659331898713,2.8617117906741303,-1.4216997982206727,2.768774859689086,3.5977061399406267,v1.0.0,v1.0.0
Dante Stills,4362225,DT,IDL,2023,3.4735621360271987,3.3742405994158537,0.09932153661134491,3.466061187366759,0.007500948660439821,3.1376713727192733,3.58715698452684,v1.0.0,v1.0.0
Chase Brown,4362238,RB,RB,2023,3.4320586792359524,3.318021286529801,0.11403739270615132,3.207787046020993,0.22427163321495946,3.0582143131174933,3.548901165059825,v1.0.0,v1.0.0
Braden Fiske,4362245,DT,IDL,2024,3.2119768491235505,3.3605795682945945,-0.14860271917104395,3.524030536895145,-0.3120536877715945,2.975092747091899,3.741544705531272,v1.0.0,v1.0.0
Jayden Reed,4362249,WR,WR,2023,3.356391950537085,3.1498132725201,0.20657867801698515,3.1005000191779786,0.2558919313591064,2.856595976208878,3.472988993980452,v1.0.0,v1.0.0
Derius Davis,4362477,WR,WR,2023,3.4028402771254793,3.2753560840621017,0.12748419306337766,3.2557029931393413,0.147137283986138,2.919737336473357,3.7032390762590772,v1.0.0,v1.0.0
Ochaun Mathis,4362486,EDGE,EDGE,2023,2.586733052501921,3.2926863828263797,-0.7059533303244585,3.322347619725135,-0.7356145672232137,3.0068712029316442,3.5589790408283717,v1.0.0,v1.0.0
Trevon Moehrig,4362487,S,DB,2021,3.886288019452854,3.0046664725630894,0.8816215468897646,2.9197715125407053,0.9665165069121486,2.060932089065343,3.735416820456369,v1.0.0,v1.0.0
Brevin Jordan,4362504,TE,TE,2021,3.244566149848478,3.4243512219565604,-0.17978507210808248,3.26898135560781,-0.024415205759332093,3.048319623157851,3.816572276837437,v1.0.0,v1.0.0
Will Mallory,4362523,TE,TE,2023,2.868907891409407,3.586082454535329,-0.7171745631259223,3.312266540929879,-0.443358649520472,3.2722892405444517,3.9945909030530733,v1.0.0,v1.0.0
Bernhard Raimann,4362580,OT,OL,2022,2.912533449240207,3.5761618977430243,-0.6636284485028172,3.5977182153993876,-0.6851847661591806,3.4370524045693966,3.7546418058504374,v1.0.0,v1.0.0
Ja'Marr Chase,4362628,WR,WR,2021,3.8539832348938767,3.5631753163214523,0.2908079185724244,3.5240770175566647,0.32990621733721204,3.3559178068703974,3.7977717737206675,v1.0.0,v1.0.0
Kelvin Joseph,4362629,DB,DB,2021,3.2291310569401093,3.325210041615348,-0.09607898467523857,3.2885542892321236,-0.059423232292014294,3.1127478747325505,3.565211604053262,v1.0.0,v1.0.0
Damone Clark,4362636,LB,LB,2022,3.6738141258714645,3.246093949839875,0.4277201760315896,3.303160299815283,0.3706538260561816,2.9328013612739183,3.522849665767647,v1.0.0,v1.0.0
Damien Lewis,4362647,OL,OTHER,2020,3.6942882594600555,3.087109061319711,0.6071791981403445,3.347187408049592,0.34710085141046365,2.6409189698470437,3.5249947003902733,v1.0.0,v1.0.0
Jake Andrews,4362732,C,OL,2023,2.6554775013275047,3.030376563982018,-0.3748990626545132,3.156163329464058,-0.5006858281365534,2.793149810619595,3.337570953513804,v1.0.0,v1.0.0
Tyler Badie,4362748,RB,RB,2022,2.6773591454928125,3.254441740795701,-0.5770825953028886,3.0798556708045592,-0.40249652531174673,3.035880232119108,3.4900283359492748,v1.0.0,v1.0.0
Nick Bolton,4362759,LB,LB,2021,3.819988560282025,3.4018584815596653,0.41813007872235985,3.2975704327208137,0.5224181275612114,3.0171274301503392,3.7750052884460135,v1.0.0,v1.0.0
Kingsley Enagbare,4362840,DE,EDGE,2022,3.7333977984132494,3.066070623035023,0.6673271753782264,3.1321570195601973,0.601240778853052,2.8733019983162174,3.308677383156306,v1.0.0,v1.0.0
Jaycee Horn,4362847,DB,DB,2021,3.604762203817715,3.566117798831135,0.03864440498657995,3.5061780934888693,0.09858411032884584,3.3816324372798965,3.746506767839471,v1.0.0,v1.0.0
Ernest Jones,4362851,LB,LB,2021,3.917062997841033,3.1904211383305534,0.7266418595104795,3.127708251349459,0.7893547464915738,2.749234660609877,3.6680761958583887,v1.0.0,v1.0.0
Israel Mukuamu,4362855,DB,DB,2021,3.4461896705496162,3.0111849628359346,0.4350047077136816,2.862144225151469,0.5840454453981474,2.059582916782104,3.7995469858488433,v1.0.0,v1.0.0
Darius Rush,4362858,CB,DB,2023,1.1451351194023418,3.249063318911913,-2.1039281995095713,3.248599879399266,-2.103464759996924,3.0865894970854026,3.416486583705575,v1.0.0,v1.0.0
Justin Fields,4362887,QB,QB,2021,3.6738537319399707,3.247779256666625,0.42607447527334585,3.5696367705644936,0.10421696137547709,2.6690726240715845,3.7871494723701584,v1.0.0,v1.0.0
Nathaniel Watson,4362895,LB,LB,2024,2.5095420008001468,3.435473053066674,-0.9259310522665274,3.107286880598722,-0.5977448797985754,3.194207183607433,3.673533765637934,v1.0.0,v1.0.0
Jaden Crumedy,4362910,DT,IDL,2024,1.8526840240530842,3.2388048525738795,-1.3861208285207953,3.2270783833029046,-1.3743943592498205,2.8447706160132835,3.569124012784341,v1.0.0,v1.0.0
Cameron Young,4362911,DT,IDL,2023,2.6554775013275047,3.4067968282832273,-0.7513193269557226,3.3607224466237358,-0.705244945296231,3.2389809387062374,3.5883794590323905,v1.0.0,v1.0.0
JT Woods,4362917,S,DB,2022,2.3124415619933303,3.280097817160823,-0.9676562551674928,3.254974160814804,-0.9425325988214737,3.1187133725521488,3.455215981759234,v1.0.0,v1.0.0
Tyquan Thornton,4362921,WR,WR,2022,3.4172722487377465,3.080044483697713,0.3372277650400335,3.1627227835179625,0.25454946521978394,2.8463440808407388,3.314902427452871,v1.0.0,v1.0.0
Spencer Burford,4362999,OG,OL,2022,3.064574191536438,3.0389704097145964,0.025603781821841753,3.1389100448200966,-0.07433585328365844,2.808966097432986,3.3496765358347784,v1.0.0,v1.0.0
Percy Butler,4363097,S,DB,2022,3.6841318028230527,3.21590383132299,0.4682279715000628,3.161546891333828,0.5225849114892247,3.0260505591049016,3.4054124827162555,v1.0.0,v1.0.0
Chad Ryland,4363538,K,ST,2023,3.3318607373482347,3.2673491392856553,0.06451159806257944,2.958028744633822,0.3738319927144129,2.9973674308744753,3.640453732019064,v1.0.0,v1.0.0
Myles Cole,4365303,DE,EDGE,2024,1.940930471343771,3.4887318344695615,-1.5478013631257905,3.3006232261944635,-1.3596927548506925,3.263802478183749,3.7139558942983357,v1.0.0,v1.0.0
Josh Newton,4365319,CB,DB,2024,3.1528451932898274,3.379341169610202,-0.22649597632037466,3.2811817797046383,-0.12833658641481094,3.190455424671575,3.5923439837290236,v1.0.0,v1.0.0
Kyle Philips,4367175,WR,WR,2022,2.3124415619933303,2.982093923998049,-0.6696523620047188,2.9782826209096287,-0.6658410589162984,2.7480450368956992,3.179978982771911,v1.0.0,v1.0.0
Dorian Thompson-Robinson,4367178,QB,QB,2023,2.4570567304749815,3.174616976801748,-0.7175602463267663,3.139653794275203,-0.6825970638002214,2.556249314511949,3.772632336207568,v1.0.0,v1.0.0
Greg Dulcich,4367209,TE,TE,2022,2.8946014468858334,3.3728337811537914,-0.47823233426795797,3.375375025701183,-0.48077357881534954,3.1155283299313,3.604748184164327,v1.0.0,v1.0.0
Otito Ogbonnia,4367210,DT,IDL,2022,3.389950372522161,3.253286554410194,0.13666381811196704,3.336543031709666,0.0534073408124951,2.980746361960372,3.5772299585411305,v1.0.0,v1.0.0
Alontae Taylor,4369835,CB,DB,2022,3.6942882594600555,3.290687825950246,0.40360043350980934,3.2202430507035498,0.4740452087565057,3.130293519479579,3.4798364902250305,v1.0.0,v1.0.0
Cedric Tillman,4369863,WR,WR,2023,3.3234735242048945,3.1885329909956184,0.13494053320927613,3.1710126069861184,0.15246091721877608,3.0076480405915924,3.3553958298627347,v1.0.0,v1.0.0
Kenneth Gainwell,4371733,RB,RB,2021,3.894119439488368,3.4503057862577418,0.44381365323062605,3.5776840349215218,0.31643540456684605,2.875212978102006,3.801187746250023,v1.0.0,v1.0.0
Micah McFadden,4371961,LB,LB,2022,3.508972332652167,3.307439155846014,0.20153317680615324,3.2451183266281047,0.2638540060240624,3.058749719809583,3.5317506674382,v1.0.0,v1.0.0
Roger McCreary,4371973,CB,DB,2022,3.7333977984132494,3.365059647160388,0.3683381512528614,3.3116254969828125,0.42177230143043687,3.2191807313000576,3.487953177635906,v1.0.0,v1.0.0
Seth Williams,4371974,WR,WR,2021,0.9146634597162007,3.198425520888321,-2.2837620611721205,3.3416902825530435,-2.427026822836843,2.963888837327499,3.4279759180266236,v1.0.0,v1.0.0
Anthony Schwartz,4371986,WR,WR,2021,3.0057495495866404,3.088861439428772,-0.08311188984213169,3.251058226690392,-0.24530867710375137,2.795862464489275,3.3844217135572894,v1.0.0,v1.0.0
Jalyn Armour-Davis,4372017,CB,DB,2022,3.0462048841137985,3.448766082087374,-0.40256119797357526,3.3629351821564266,-0.3167302980426281,3.239295455762219,3.7325018323853842,v1.0.0,v1.0.0
Jerome Ford,4372019,RB,RB,2022,3.619616080061081,3.2633090214395675,0.3563070586215136,3.1297802888158843,0.4898357912451967,3.0730824570884643,3.4639989222153647,v1.0.0,v1.0.0
Cameron Latu,4372026,TE,TE,2023,2.5844329182448638,3.0363002262970262,-0.45186730805216246,2.9514215455710464,-0.36698862732618265,2.778554027252651,3.3242818539056627,v1.0.0,v1.0.0
Christian Barmore,4372030,DL,IDL,2021,3.7363017214982253,3.4608063286273976,0.2754953928708277,3.460514808759798,0.27578691273842715,3.2197695596881166,3.6542705271939733,v1.0.0,v1.0.0
Chance Campbell,4372051,LB,LB,2022,1.345801546169376,3.2366328698409825,-1.8908313236716066,3.175103525605295,-1.8293019794359189,2.990249763111743,3.506908537655281,v1.0.0,v1.0.0
Ronnie Bell,4372063,WR,WR,2023,3.035568106998676,3.4189277600132937,-0.3833596530146175,3.432483997060235,-0.39691589006155903,3.2699344577529903,3.6076749945801834,v1.0.0,v1.0.0
Jake Moody,4372066,K,ST,2023,3.356391950537085,3.5208103521170617,-0.16441840157997678,3.049742679192952,0.3066492713441331,3.3140058027936123,3.8066545062287425,v1.0.0,v1.0.0
Hassan Haskins,4372071,RB,RB,2022,3.4176136403258908,2.846196108116049,0.5714175322098418,3.333408747586011,0.08420489273987997,2.38713276998306,3.2428999739486346,v1.0.0,v1.0.0
Luke Schoonmaker,4372096,TE,TE,2023,3.512573842349263,3.464820193283052,0.04775364906621116,3.241253845565439,0.271319996783824,3.023258658144267,3.844611298791754,v1.0.0,v1.0.0
Aidan Hutchinson,4372099,DE,EDGE,2022,3.60821227878799,3.8514420655566943,-0.24322978676870433,3.5350462202369646,0.07316605855102543,3.584705317864598,4.13680301369539,v1.0.0,v1.0.0
Elijah Moore,4372414,WR,WR,2021,3.7841173901632863,3.563155195027283,0.22096219513600346,3.518639673021629,0.26547771714165735,3.2405557511033427,3.7625743626018546,v1.0.0,v1.0.0
Rondale Moore,4372485,WR,WR,2021,3.340141104103564,3.5324101426888608,-0.19226903858529676,3.5776849702908318,-0.23754386618726775,3.0611934865058226,3.991854038047139,v1.0.0,v1.0.0
Cory Trice,4372492,CB,DB,2023,1.6770794524643968,3.3992633482603183,-1.7221838957959215,3.3664155112430287,-1.689336058778632,3.2223530877107778,3.573206530892015,v1.0.0,v1.0.0
Payne Durham,4372505,TE,TE,2023,3.4461896705496162,3.413700337036583,0.03248933351303318,3.0989089455816945,0.34728072496792173,3.0171134356124316,3.701817873797186,v1.0.0,v1.0.0
Tyree Wilson,4372533,EDGE,EDGE,2023,3.4998283359468187,3.3818051091446204,0.11802322680219834,3.305236795374281,0.1945915405725378,3.1530806339393687,3.6338417337750615,v1.0.0,v1.0.0
Rachad Wildgoose,4372560,CB,DB,2021,2.759613832938619,3.4673348379745166,-0.7077210050358977,3.3842037504072806,-0.6245899174686618,3.3561017617992372,3.5968837068711426,v1.0.0,v1.0.0
Isaac Guerendo,4372561,RB,RB,2024,3.131875632847984,3.622393289624713,-0.49051765677672865,3.5751039828353828,-0.4432283499873986,3.364888674568134,3.8852494302605054,v1.0.0,v1.0.0
Tommy Tremble,4372780,TE,TE,2021,3.8539832348938767,3.4603575454814064,0.39362568941247034,3.2942794202663577,0.5597038146275191,3.133328783597424,3.734999529909624,v1.0.0,v1.0.0
Antoine Green,4373266,WR,WR,2023,2.0548197685407565,3.112649421248008,-1.0578296527072513,3.2360190627401546,-1.181199294199398,2.9363046905609034,3.2863921590116014,v1.0.0,v1.0.0
Joshua Ezeudu,4373280,OG,OL,2022,2.723108274324083,3.272272490708423,-0.54916421638434,3.313839816554271,-0.5907315422301882,3.145841310970389,3.4069360427473354,v1.0.0,v1.0.0
Brennan Jackson,4373471,EDGE,EDGE,2024,2.057714358921055,3.3526862268110293,-1.2949718678899744,3.381474544315145,-1.32376018539409,3.1365309950259257,3.5642451666566832,v1.0.0,v1.0.0
Tyler Allgeier,4373626,RB,RB,2022,3.7238388026099476,3.230713420159892,0.49312538245005566,3.1440087804337202,0.5798300221762274,3.0281289148151314,3.4134059769147007,v1.0.0,v1.0.0
Jaren Hall,4373632,QB,QB,2023,1.1451351194023418,2.618493239166976,-1.4733581197646342,2.930536268113735,-1.785401148711393,2.18796731585417,2.940026867086686,v1.0.0,v1.0.0
Dax Milne,4373642,WR,WR,2021,3.087790945227789,3.311371548318815,-0.22358060309102612,3.075163895191023,0.012627050036766008,3.0850799327586356,3.687640985536227,v1.0.0,v1.0.0
John Hightower,4373673,WR,WR,2020,2.3868469108371837,3.309057033700846,-0.9222101228636621,3.275118301133114,-0.8882713902959303,3.11741778934637,3.491588564200894,v1.0.0,v1.0.0
Khalil Shakir,4373678,WR,WR,2022,3.6738141258714645,3.1499881588164165,0.523825967055048,3.187559002333894,0.4862551235375703,2.934294442664911,3.382637647585167,v1.0.0,v1.0.0
Jevon Holland,4373809,S,DB,2021,3.819988560282025,3.5363511877559732,0.2836373725260519,3.479522483063197,0.3404660772188284,3.3436687040106325,3.734629419264207,v1.0.0,v1.0.0
Penei Sewell,4373825,OL,OTHER,2021,3.2119768491235505,3.0942541046640786,0.11772274445947195,3.5175801597064074,-0.30560331058285684,2.8247014362913028,3.4670328654557423,v1.0.0,v1.0.0
Jermar Jefferson,4374033,RB,RB,2021,2.003094559837425,3.227611480455239,-1.2245169206178144,3.2257441849230246,-1.2226496250855998,2.96386819386513,3.4860557290884087,v1.0.0,v1.0.0
Teagan Quitoriano,4374045,TE,TE,2022,3.0930240427835574,3.367230569372158,-0.2742065265886007,3.2904555269253786,-0.1974314841418212,3.115778514349852,3.6617257783628756,v1.0.0,v1.0.0
Dylan Horton,4374066,EDGE,EDGE,2023,3.340141104103564,2.9252450090494686,0.4148960950540954,2.9749285205205482,0.3652125835830158,2.618408770531942,3.198564340366021,v1.0.0,v1.0.0
Edefuan Ulofoshio,4374280,LB,LB,2024,1.345801546169376,3.276791509257341,-1.930989963087965,3.217907027568863,-1.872105481399487,3.0390855885890393,3.5252591192958254,v1.0.0,v1.0.0
Amon-Ra St. Brown,4374302,WR,WR,2021,3.894119439488368,3.3474973426361787,0.5466220968521891,3.531032148047734,0.363087291440634,3.1917216540759688,3.555521013506412,v1.0.0,v1.0.0
Jake Camarda,4379396,P,ST,2022,3.3234735242048945,3.7541548555126694,-0.43068133130777486,3.4439700759540153,-0.12049655174912077,3.2317098998447435,4.393095046915072,v1.0.0,v1.0.0
Tyson Campbell,4379397,DB,DB,2021,3.874361079318526,3.2520285770234323,0.6223325022950936,3.292153834153328,0.5822072451651978,3.074634488337975,3.4245720477733084,v1.0.0,v1.0.0
James Cook,4379399,RB,RB,2022,3.7141371299691084,3.2471610765195087,0.4669760534495997,3.0898842821444554,0.624252847824653,3.0741251474723614,3.490118445008116,v1.0.0,v1.0.0
Azeez Ojulari,4379409,OLB,EDGE,2021,3.5345302867139483,3.6170550821648324,-0.08252479545088409,3.4073726693184474,0.1271576173955009,3.4071806788457537,3.840057844609289,v1.0.0,v1.0.0
Christopher Smith,4379413,DB,DB,2023,3.288798636746454,3.2757964815436793,0.013002155202774812,3.160934873929708,0.12786376281674627,3.1014030845020577,3.4559068424534036,v1.0.0,v1.0.0
Channing Tindall,4379414,LB,LB,2022,3.5479840389742314,3.3343857903073792,0.21359824866685218,3.2368960480464097,0.3110879909278217,3.0340999015773855,3.646490864456946,v1.0.0,v1.0.0
Quay Walker,4379416,LB,LB,2022,3.63082325424351,3.403406002614949,0.22741725162856108,3.22334035394653,0.40748290029698,3.1647942870787786,3.617196147577569,v1.0.0,v1.0.0
Luke Goedeke,4380507,OG,OL,2022,3.372246395067789,3.0488820370095313,0.3233643580582575,3.223501084217485,0.14874531085030362,2.8060686414915943,3.3171740502348994,v1.0.0,v1.0.0
Jordan Davis,4381558,DT,IDL,2022,3.6942882594600555,3.091298484994631,0.6029897744654247,3.4133706488495843,0.28091761061047116,2.6204764410464634,3.5312460127831122,v1.0.0,v1.0.0
Riley Moss,4382401,CB,DB,2023,3.4320586792359524,3.2403460551459933,0.19171262408995915,3.1675184236673535,0.26454025556859895,3.0933232653672427,3.3904204864345187,v1.0.0,v1.0.0
Jalen Nailor,4382466,WR,WR,2022,3.5966048274779854,3.1178537420236125,0.47875108545437284,3.158368082568512,0.4382367449094735,2.9473115393838674,3.2953643025335824,v1.0.0,v1.0.0
Trey Lance,4383351,QB,QB,2021,2.40505078004331,2.707513279022616,-0.3024624989793061,3.0709155522002964,-0.6658647721569864,2.3940953454490974,3.069457147769388,v1.0.0,v1.0.0
Cobie Durant,4384549,CB,DB,2022,3.6633300276170395,3.3601386718936155,0.30319135572342404,3.323415258704312,0.33991476891272754,3.2130094906252875,3.5181275783561534,v1.0.0,v1.0.0
Dalton Kincaid,4385690,TE,TE,2023,3.372246395067789,3.084210254638261,0.28803614042952796,2.9915679349105466,0.38067846015724216,2.823573564588827,3.3619460345532866,v1.0.0,v1.0.0
Kyle Dugger,4401811,S,DB,2020,4.030945120339381,3.596567390236654,0.4343777301027272,3.5161065437921213,0.5148385765472598,3.3585063053177566,3.8253503584687567,v1.0.0,v1.0.0
Corey Ballentine,4411769,CB,DB,2019,3.9548406553240465,3.66857852305081,0.2862621322732366,3.528167938374235,0.42667271694981146,3.5398944795058322,3.839841689115771,v1.0.0,v1.0.0
John Cominsky,4411771,DL,IDL,2019,3.6516293448535895,3.6144118065690405,0.03721753828454899,3.738140437658645,-0.08651109280505542,3.317082344168876,3.821894355584733,v1.0.0,v1.0.0
Kayvon Thibodeaux,4426326,EDGE,EDGE,2022,3.5727489390252067,3.635612521196901,-0.06286358217169408,3.6334120227219997,-0.06066308369679296,3.446538874966713,3.8587704962640466,v1.0.0,v1.0.0
Kenyon Green,4426327,OG,OL,2022,2.5844329182448638,2.947696775952772,-0.36326385770790814,3.2777204959933797,-0.6932875777485159,2.653599734388822,3.2425812008430706,v1.0.0,v1.0.0
Nolan Smith,4426331,EDGE,EDGE,2023,3.4320586792359524,3.2930643672959508,0.13899431194000167,3.284192976209142,0.14786570302681046,2.989635039058277,3.556623882183952,v1.0.0,v1.0.0
Zacch Pickens,4426332,DT,IDL,2023,3.0741435672906428,3.400396009742968,-0.3262524424523252,3.4796618339948937,-0.40551826670425095,3.21382820185895,3.608760727723966,v1.0.0,v1.0.0
Bo Nix,4426338,QB,QB,2024,3.2119768491235505,2.640519486205852,0.5714573629176987,2.988493696857088,0.22348315226646243,2.3048661912659543,2.9342832870364197,v1.0.0,v1.0.0
Spencer Rattler,4426339,QB,QB,2024,2.523550556078262,2.5473704650170657,-0.023819908938803813,3.1311916886899134,-0.6076411326116515,2.124126229772824,3.006983422459901,v1.0.0,v1.0.0
Nakobe Dean,4426340,LB,LB,2022,3.4954301761653195,3.103103911804818,0.39232626436050166,2.966743007945485,0.5286871682198346,2.861229531737065,3.340035662473099,v1.0.0,v1.0.0
Andrew Booth,4426344,CB,DB,2022,3.111644679156027,3.191131253602941,-0.07948657444691376,3.023170868825459,0.088473810330568,3.0108463479942467,3.3541274923310462,v1.0.0,v1.0.0
Mazi Smith,4426347,DT,IDL,2023,3.340141104103564,3.3355285704038216,0.00461253369974246,3.3557468747378665,-0.015605770634302463,3.0433636730677707,3.6516919326289163,v1.0.0,v1.0.0
Jayden Daniels,4426348,QB,QB,2024,2.9599211317095553,2.567809215972329,0.39211191573722637,2.9560088870332337,0.0039122446763215635,2.167604848649681,2.996848251399063,v1.0.0,v1.0.0
Travon Walker,4426349,DE,EDGE,2022,3.6841318028230527,4.1267542009105425,-0.4426223980874897,3.581610565680543,0.10252123714250994,3.9129605537973355,4.334209308389245,v1.0.0,v1.0.0
Henry To'oTo'o,4426350,LB,LB,2023,3.460019979540351,3.3692702686586804,0.09074971088167061,3.048558401635122,0.4114615779052291,3.051892325748715,3.720320017363332,v1.0.0,v1.0.0
George Pickens,4426354,WR,WR,2022,3.704288456705717,3.0071266968089985,0.6971617598967184,3.0819494620311882,0.6223389946745286,2.8164536211571356,3.2210818379602992,v1.0.0,v1.0.0
Darnell Wright,4426358,OT,OL,2023,2.6554775013275047,3.0042192440711877,-0.34874174274368297,3.3560120111257032,-0.7005345097981985,2.817619309177453,3.270944421234333,v1.0.0,v1.0.0
DeMarvin Leal,4426359,DT,IDL,2022,3.115730318842433,3.176172930083307,-0.06044261124087402,3.15177616681525,-0.03604584797281696,2.7764748097473997,3.5516155460037737,v1.0.0,v1.0.0
Adisa Isaac,4426372,EDGE,EDGE,2024,1.345801546169376,3.0721006349534767,-1.7262990887841008,3.0935203236100475,-1.7477187774406715,2.8849304471865436,3.279725329488646,v1.0.0,v1.0.0
Tyrique Stevenson,4426374,CB,DB,2023,3.4320586792359524,3.245962468477897,0.1860962107580555,3.2296907982150875,0.2023678810208649,3.076625993050728,3.4432803878111966,v1.0.0,v1.0.0
Zach Charbonnet,4426385,RB,RB,2023,3.486827902587483,3.1924183969434243,0.29440950564405854,3.166134622837811,0.32069327974967177,2.9584361456907025,3.374728231620074,v1.0.0,v1.0.0
Roschon Johnson,4426386,RB,RB,2023,3.288798636746454,3.2089988401331806,0.07979979661327352,3.1021783320197196,0.18662030472673452,3.014195584641355,3.4117120420452305,v1.0.0,v1.0.0
Jameson Williams,4426388,WR,WR,2022,3.535238532571787,3.2084383428403274,0.32680018973145986,2.939378507148894,0.5958600254228932,2.9120081088824,3.4591453108176773,v1.0.0,v1.0.0
Nick Cross,4426403,S,DB,2022,3.7238388026099476,3.4303318374108773,0.29350696519907027,3.3639780529019134,0.35986074970803417,3.244181645446648,3.637139691354857,v1.0.0,v1.0.0
Trent McDuffie,4426405,CB,DB,2022,3.60821227878799,3.4141874735750948,0.19402480521289522,3.381449847238768,0.22676243154922204,3.264493513236831,3.5429874112990998,v1.0.0,v1.0.0
Trey Palmer,4426407,WR,WR,2023,3.173159346567495,3.4264811061366847,-0.25332175956918945,3.442442852196653,-0.2692835056291578,3.1977032295358603,3.641893226075316,v1.0.0,v1.0.0
Sean Rhyan,4426411,OG,OL,2022,3.2119768491235505,3.2622270092786736,-0.05025016015512307,3.4080872091522565,-0.19611036002870597,3.0412114354529467,3.4746102858006194,v1.0.0,v1.0.0
Zach Harrison,4426412,EDGE,EDGE,2023,3.356391950537085,3.3955542006707833,-0.03916225013369834,3.3308680730265743,0.025523877510510662,3.163722676729233,3.6516691365246348,v1.0.0,v1.0.0
Derek Stingley,4426434,CB,DB,2022,3.5847863200739116,3.1601891626180727,0.4245971574558389,2.991262126144899,0.5935241939290128,2.9779159265833104,3.3289115828408717,v1.0.0,v1.0.0
Jarrian Jones,4426448,CB,DB,2024,3.2119768491235505,3.273800265437679,-0.061823416314128465,3.1951617147843963,0.01681513433915427,3.1237833487183027,3.428410212192977,v1.0.0,v1.0.0
Isaiah Foskey,4426457,EDGE,EDGE,2023,3.270741920076855,3.8412621179541206,-0.5705201978772658,3.516005307642291,-0.2452633875654362,3.6908614015770596,3.9972856721869396,v1.0.0,v1.0.0
Laiatu Latu,4426473,EDGE,EDGE,2024,3.1928578237394594,3.276856867469435,-0.08399904372997558,3.20015146537602,-0.007293641636560544,3.0598116448602366,3.499040186730285,v1.0.0,v1.0.0
Tyrion Davis-Price,4426475,RB,RB,2022,1.8070542371339542,3.225674168370782,-1.4186199312368277,3.1169354837399674,-1.3098812466060132,2.9871178192589674,3.435135498751398,v1.0.0,v1.0.0
Jonathan Mingo,4426485,WR,WR,2023,3.4531416084755024,3.376777978057443,0.07636363041805927,3.5247699945594224,-0.07162838608391997,3.1456399036384495,3.6104340327057236,v1.0.0,v1.0.0
Cade Stover,4426496,TE,TE,2024,2.9599211317095553,3.5731229673378913,-0.613201835628336,3.1755914738722537,-0.21567034216269843,3.168784960405877,3.9886117318438976,v1.0.0,v1.0.0
Drake London,4426502,WR,WR,2022,3.6738141258714645,3.4473229119630355,0.22649121390842897,3.166535554408116,0.5072785714633485,3.191842247873,3.6585444653345327,v1.0.0,v1.0.0
Joey Porter Jr.,4426506,CB,DB,2023,3.460019979540351,3.297357177727127,0.1626628018132239,3.2762846561244734,0.18373532341587762,3.0843790905077078,3.468865739436562,v1.0.0,v1.0.0
David Ojabo,4426507,EDGE,EDGE,2022,3.115730318842433,3.399820496209916,-0.2840901773674829,3.2389975939937283,-0.12326727515129532,3.1377878651228714,3.759396329308408,v1.0.0,v1.0.0
Puka Nacua,4426515,WR,WR,2023,3.4176136403258908,3.350280548677868,0.06733309164802259,3.06414287236472,0.35347076796117083,3.1207537039927806,3.5600990355670157,v1.0.0,v1.0.0
Lewis Cine,4426536,S,DB,2022,1.8158181812103182,3.268983414687439,-1.4531652334771208,3.2186140356535646,-1.4027958544432464,3.0883958987498024,3.4546344555114743,v1.0.0,v1.0.0
Darius Alexander,4426542,DT,IDL,2025,2.6554775013275047,3.582807041026155,-0.9273295396986505,3.4992437277271478,-0.843766226399643,3.3949006862236453,3.7633404338557903,v1.0.0,v1.0.0
Davis Allen,4426553,TE,TE,2023,3.460019979540351,3.281191593399236,0.17882838614111485,3.0503450261741576,0.4096749533661934,2.7872409475915494,3.669147128443296,v1.0.0,v1.0.0
Alex Austin,4426599,CB,DB,2023,2.9548883427539363,3.094674480144026,-0.1397861373900895,3.046597791799928,-0.09170944904599176,2.875146710440035,3.2983860012600474,v1.0.0,v1.0.0
George Karlaftis,4426659,EDGE,EDGE,2022,3.704288456705717,3.1490066670112293,0.5552817896944875,3.13721524606037,0.5670732106453467,2.770469596882361,3.482318897060751,v1.0.0,v1.0.0
Dane Belton,4426686,S,DB,2022,3.7141371299691084,3.395969468533499,0.31816766143560926,3.377254232827648,0.33688289714146036,3.2449337830905547,3.5483855694176247,v1.0.0,v1.0.0
Keeanu Benton,4426694,DT,IDL,2023,3.512573842349263,3.5250728019551825,-0.012498959605919513,3.523834630533662,-0.011260788184399129,3.3510271387723356,3.711423825958273,v1.0.0,v1.0.0
Tatum Bethune,4426698,LB,LB,2024,3.0057495495866404,3.2190181131659905,-0.2132685635793501,3.0975702514299637,-0.09182070184332325,2.9719115187775293,3.50231771521132,v1.0.0,v1.0.0
Jarvis Brownlee,4426817,CB,DB,2024,3.142444971414641,3.2323147252895073,-0.08986975387486629,3.0227229326891156,0.11972203872552534,3.0456483104060417,3.4229114173718784,v1.0.0,v1.0.0
Elijah Higgins,4426844,WR,WR,2023,3.4320586792359524,3.223749024314042,0.20830965492191034,3.354430971931422,0.07762770730453061,2.906331724473848,3.566544225984862,v1.0.0,v1.0.0
Sam Howell,4426875,QB,QB,2022,2.7280462042748432,2.6940994426448674,0.033946761629975786,3.021180145144871,-0.29313394087002775,2.3106649001884114,3.030917520409832,v1.0.0,v1.0.0
DeWayne Carter,4426883,DT,IDL,2024,2.2560511899300453,3.303827216007662,-1.0477760260776168,3.2456498251195818,-0.9895986351895365,3.0980288850017215,3.5530732233189095,v1.0.0,v1.0.0
Isaiah Spiller,4426891,RB,RB,2022,2.4570567304749815,2.4518135776330148,0.005243152841966747,2.806349417520335,-0.34929268704535366,2.121615741216599,2.811614427987228,v1.0.0,v1.0.0
Leo Chenal,4426901,LB,LB,2022,3.704288456705717,3.426576114012787,0.27771234269292977,3.3929755736549163,0.3113128830508005,3.1182940497869556,3.690023116936162,v1.0.0,v1.0.0
Luke McCaffrey,4426948,WR,WR,2024,3.0404973649442106,3.4657915754099955,-0.42529421046578486,3.476072102128667,-0.4355747371844565,3.3144585881665827,3.6448422679734342,v1.0.0,v1.0.0
Brandon Dorlus,4427090,DE,EDGE,2024,2.586733052501921,3.5773377800500383,-0.9906047275481171,3.146741572123411,-0.5600085196214897,3.32339264486286,3.8179887282255853,v1.0.0,v1.0.0
Ikem Ekwonu,4427132,OT,OL,2022,3.486827902587483,3.2744500788782376,0.2123778237092453,3.3854836912102098,0.10134421137727312,3.1059315605802915,3.4291125570493914,v1.0.0,v1.0.0
Dillon Gabriel,4427238,QB,QB,2025,2.1593671492279647,2.6203987316392285,-0.46103158241126385,2.91389058627395,-0.7545234370459855,2.09297792353824,2.988402115088581,v1.0.0,v1.0.0
Renardo Green,4427325,CB,DB,2024,3.1528451932898274,3.1705586559572954,-0.017713462667467983,3.0484584340299796,0.10438675925984775,3.014917885203204,3.3312291424321816,v1.0.0,v1.0.0
Kamal Hadden,4427356,CB,DB,2024,2.1593671492279647,3.1860105632520908,-1.026643414024126,3.0393492082339106,-0.879982059005946,3.0045125884951496,3.3359047823527317,v1.0.0,v1.0.0
Breece Hall,4427366,RB,RB,2022,3.60821227878799,3.3870417280805833,0.22117055070740665,3.2782517879236712,0.3299604908643188,3.142457804351181,3.6027409758322735,v1.0.0,v1.0.0
Kenny McIntosh,4427391,RB,RB,2023,2.6760367716165465,3.3072187872010903,-0.6311820155845438,3.270270634829492,-0.5942338632129456,3.052713163768536,3.6280020991763444,v1.0.0,v1.0.0
Cam Hart,4427404,CB,DB,2024,3.131875632847984,3.430710307271736,-0.2988346744237518,3.4186323051717866,-0.2867566723238024,3.2317254239483764,3.6263849518253624,v1.0.0,v1.0.0
Jha'Quan Jackson,4427575,WR,WR,2024,2.3460445734134283,3.1813433936254727,-0.8352988202120444,3.241797049594363,-0.8957524761809346,2.9338897438170206,3.4105324518744737,v1.0.0,v1.0.0
Adetomiwa Adebawore,4427635,DE,EDGE,2023,3.4028402771254793,3.728286174260438,-0.32544589713495853,3.6056509236184873,-0.20281064649300795,3.3959037207782328,4.027368774701925,v1.0.0,v1.0.0
Nic Jones,4427636,CB,DB,2023,2.863455195111033,3.0987388595293024,-0.2352836644182692,3.0448448352057507,-0.18138964009471747,2.8930981506694144,3.2907626767243983,v1.0.0,v1.0.0
Calijah Kancey,4427673,DT,IDL,2023,3.0741435672906428,3.40027658456247,-0.3261330172718271,3.4249228795924402,-0.3507793123017975,3.0998440062059185,3.6969242067823207,v1.0.0,v1.0.0
Mohamed Kamara,4427677,EDGE,EDGE,2024,1.5216626918475837,3.2901030460767906,-1.7684403542292069,3.3472251104724475,-1.8255624186248638,3.031835352614988,3.55288345466314,v1.0.0,v1.0.0
Jack Kiser,4427716,LB,LB,2025,2.5095420008001468,3.083644128429934,-0.5741021276297871,2.9881555217652878,-0.478613520965141,2.8740000844724922,3.2936686423291848,v1.0.0,v1.0.0
Demetrius Knight Jr.,4427729,LB,LB,2025,2.723108274324083,3.6209803752435037,-0.8978721009194208,3.4761110329784555,-0.7530027586543726,3.445540727220588,3.7900981888213785,v1.0.0,v1.0.0
Marist Liufau,4427816,LB,LB,2024,3.2119768491235505,3.3363628217797014,-0.12438597265615092,3.3531913362708985,-0.14121448714734797,3.0676413789576613,3.5852989206230816,v1.0.0,v1.0.0
Zion Logue,4427826,DT,IDL,2024,1.4639229141164507,3.173538589497201,-1.7096156753807503,3.117175819657324,-1.6532529055408731,2.733815010318947,3.5863347389257387,v1.0.0,v1.0.0
Erick All,4427834,TE,TE,2024,2.0548197685407565,3.156075297150113,-1.1012555286093564,3.051787518919797,-0.9969677503790404,2.8936085636188222,3.4249499320102004,v1.0.0,v1.0.0
Isaiah McGuire,4427963,DE,EDGE,2023,3.3063672737986014,3.4859326419719023,-0.17956536817330093,3.260740826746057,0.04562644705254426,3.201223728833396,3.811821767341748,v1.0.0,v1.0.0
Bub Means,4427985,WR,WR,2024,1.8158181812103182,3.4725545897649734,-1.6567364085546552,3.5066165018753384,-1.6907983206650201,3.2511740142514505,3.7075027915992695,v1.0.0,v1.0.0
Darius Muasau,4428072,LB,LB,2024,3.064574191536438,3.211136559731677,-0.14656236819523905,3.0283047419039884,0.036269449632449824,2.965841244756208,3.5194577529743247,v1.0.0,v1.0.0
Luke Musgrave,4428085,TE,TE,2023,3.270741920076855,3.562350716943898,-0.2916087968670431,3.225496026902406,0.045245893174448604,3.2186763668954073,3.8628339860501444,v1.0.0,v1.0.0
Ricky Pearsall,4428209,WR,WR,2024,2.759613832938619,3.5725582223603642,-0.8129443894217454,3.697030788274041,-0.9374169553354221,3.356698973317488,3.816712884553587,v1.0.0,v1.0.0
Deantre Prince,4428283,CB,DB,2024,2.1593671492279647,3.1587680134785776,-0.9994008642506129,3.089853433617354,-0.9304862843893895,2.9999135531868464,3.3194258357373947,v1.0.0,v1.0.0
Deonte Banks,4428328,CB,DB,2023,3.4320586792359524,3.3705363986839827,0.06152228055196973,3.2777774828619144,0.15428119637403803,3.183435984385107,3.5580384268220433,v1.0.0,v1.0.0
Rashee Rice,4428331,WR,WR,2023,3.035568106998676,3.313186092225575,-0.27761798522689896,3.192083424735357,-0.1565153177366807,3.1226511481190085,3.502308940542908,v1.0.0,v1.0.0
Quincy Riley,4428350,CB,DB,2025,2.723108274324083,3.4046421575372747,-0.6815338832131919,3.358831837411884,-0.6357235630878013,3.261267413269988,3.5330908491710407,v1.0.0,v1.0.0
Mike Sainristil,4428414,CB,DB,2024,3.2119768491235505,3.6129379392467187,-0.40096109012316816,3.4353027004241703,-0.22332585130061977,3.4607299625724104,3.7786783656688465,v1.0.0,v1.0.0
JL Skinner,4428503,DB,DB,2023,3.1528451932898274,3.2247971514230613,-0.07195195813323396,3.1437245261502467,0.009120667139580707,3.024652471273119,3.4372230881058523,v1.0.0,v1.0.0
Tykee Smith,4428522,SAF,OTHER,2024,3.1102069596740494,2.8606090407330336,0.2495979189410158,3.1716388998631406,-0.06143194018909126,2.473072168921027,3.2315353368862154,v1.0.0,v1.0.0
Ainias Smith,4428532,WR,WR,2024,1.8158181812103182,3.346312334130257,-1.5304941529199387,3.221662509377785,-1.4058443281674669,3.0196214712204483,3.6065770042205605,v1.0.0,v1.0.0
Javon Solomon,4428548,EDGE,EDGE,2024,3.1528451932898274,3.115348226563056,0.0374969667267715,3.3093705360623447,-0.15652534277251728,2.9290684926133275,3.346421449805081,v1.0.0,v1.0.0
Tyjae Spears,4428557,RB,RB,2023,3.3877233167187057,2.4012555078359306,0.9864678088827752,2.7768374342390754,0.6108858824796304,2.041657884459482,2.739408596717772,v1.0.0,v1.0.0
T'Vondre Sweat,4428617,DT,IDL,2024,3.1102069596740494,3.2668520196270583,-0.15664505995300892,3.3538202618805824,-0.243613302206533,2.936117668463163,3.6552425551097008,v1.0.0,v1.0.0
Dadrion Taylor-Demerson,4428633,SAF,OTHER,2024,3.1102069596740494,2.794728755728354,0.31547820394569515,3.1858320134832874,-0.07562505380923801,2.4211780424242697,3.1884265302636283,v1.0.0,v1.0.0
Jamari Thrash,4428678,WR,WR,2024,2.6469482242548565,3.020245585198459,-0.37329736094360255,3.110311507301408,-0.4633632830465513,2.708732060534042,3.2956902164523965,v1.0.0,v1.0.0
Tre Tucker,4428718,WR,WR,2023,3.4998283359468187,3.1987802926848645,0.3010480432619542,3.11935624993566,0.3804720860111588,3.0289276753574175,3.377983189366866,v1.0.0,v1.0.0
Dontayvion Wicks,4428850,WR,WR,2023,3.4461896705496162,3.1637542121895663,0.2824354583600499,3.089728879409121,0.3564607911404951,2.929115781791219,3.352179572260007,v1.0.0,v1.0.0
Evan Williams,4428863,SAF,OTHER,2024,3.1102069596740494,2.5860937204144188,0.5241132392596306,3.15931365612465,-0.04910669645060084,2.1604789775189785,3.091187521861412,v1.0.0,v1.0.0
JD Bertrand,4428872,LB,LB,2024,3.064574191536438,3.262307320776259,-0.197733129239821,3.1868147600233017,-0.12224056848686349,3.044367573507524,3.459489906468182,v1.0.0,v1.0.0
Dee Winters,4428914,LB,LB,2023,3.460019979540351,3.4769986020150534,-0.016978622474702387,3.0966539724427165,0.36336600709763456,3.2158809857095028,3.7384168241513707,v1.0.0,v1.0.0
Craig Woodson,4428930,SAF,OTHER,2025,2.723108274324083,2.5289047265350275,0.19420354778905535,3.274519078700829,-0.5514108043767463,2.0361624502051687,2.8818239314115526,v1.0.0,v1.0.0
Cade York,4428963,K,ST,2022,2.936430038305891,3.077877803860906,-0.14144776555501481,3.1517609652120693,-0.21533092690617828,1.5702974444346158,4.151304097396461,v1.0.0,v1.0.0
Myles Murphy,4428985,EDGE,EDGE,2023,3.460019979540351,3.327684638603249,0.13233534093710198,3.300743135865948,0.15927684367440298,3.090194400780823,3.5762820058730833,v1.0.0,v1.0.0
Bryan Bresee,4428988,DT,IDL,2023,3.486827902587483,3.371118820676737,0.11570908191074603,3.337000722736477,0.1498271798510058,3.048763770496171,3.6968546945128,v1.0.0,v1.0.0
Chris Braswell,4428989,EDGE,EDGE,2024,3.2119768491235505,3.2195738290551064,-0.007596979931555836,3.2013815557130543,0.010595293410496254,3.005359190490727,3.4482971233140427,v1.0.0,v1.0.0
Broderick Jones,4428990,OT,OL,2023,3.2119768491235505,3.0824377866686246,0.12953906245492597,3.251170830284024,-0.039193981160473346,2.915619799737603,3.300502098442721,v1.0.0,v1.0.0
Kelee Ringo,4428992,CB,DB,2023,3.512573842349263,3.3000593671766554,0.21251447517260758,3.296355991639033,0.21621785071023014,3.1244442439859297,3.4844376025602695,v1.0.0,v1.0.0
Jordan Burch,4428996,EDGE,EDGE,2025,2.723108274324083,3.865772012888261,-1.142663738564178,3.5265996769573937,-0.8034914026333109,3.6796979320457113,4.091589554487496,v1.0.0,v1.0.0
Jase McClellan,4429001,RB,RB,2024,0.9146634597162007,2.823781489941713,-1.9091180302255122,3.256238014636375,-2.3415745549201743,2.4457234294446044,3.184269141934175,v1.0.0,v1.0.0
Jalen Rivers,4429010,OT,OL,2025,2.6554775013275047,3.272758259686946,-0.6172807583594411,3.3842945166546565,-0.7288170153271518,2.919791239388491,3.6647208887974707,v1.0.0,v1.0.0
Tank Bigsby,4429013,RB,RB,2023,3.600945005902682,3.1379206247248725,0.46302438117780964,3.0877908419486384,0.5131541639540438,2.9417395932845176,3.333829090150986,v1.0.0,v1.0.0
Gervon Dexter,4429014,DT,IDL,2023,3.486827902587483,3.503031132039155,-0.016203229451672296,3.5320588838744427,-0.04523098128695979,3.1312934184588084,3.862443492407606,v1.0.0,v1.0.0
R.J. Mickens,4429018,SAF,OTHER,2025,2.3460445734134283,2.7234749796913147,-0.3774304062778864,3.2083869458612004,-0.8623423724477721,2.3418486303093307,3.142250984858039,v1.0.0,v1.0.0
Kayshon Boutte,4429022,WR,WR,2023,3.252169227988219,3.0834520440396607,0.16871718394855817,3.0823538835945596,0.1698153443936592,2.7435070385356077,3.4302300565231825,v1.0.0,v1.0.0
MarShawn Lloyd,4429023,RB,RB,2024,0.6417787318052229,3.4108007055038954,-2.7690219736986723,3.4406292526353632,-2.79885052083014,3.1132437385893,3.6710406543189547,v1.0.0,v1.0.0
Quentin Johnston,4429025,WR,WR,2023,3.4461896705496162,3.190121694263482,0.2560679762861344,2.8834843464014397,0.5627053241481765,2.8344835174535286,3.4908495903278616,v1.0.0,v1.0.0
Jermaine Burton,4429033,WR,WR,2024,2.5095420008001468,3.1344392935303493,-0.6248972927302026,3.1366737550954156,-0.6271317542952688,2.936697713843155,3.286485445631436,v1.0.0,v1.0.0
Jaquelin Roy,4429034,DT,IDL,2023,2.6469482242548565,3.3602619262416944,-0.7133137019868379,3.214140694833047,-0.5671924705781906,2.9196769861469605,3.800719454530538,v1.0.0,v1.0.0
Vernon Broughton,4429040,DT,IDL,2025,0.6417787318052229,3.034252609454873,-2.39247387764965,3.092041381250477,-2.450262649445254,2.759348405536492,3.3009223388297557,v1.0.0,v1.0.0
Jaylen Harrell,4429058,EDGE,EDGE,2024,3.2119768491235505,2.7316379736433283,0.48033887548022225,2.844585105278023,0.3673917438455274,2.442153779068532,3.026968498960813,v1.0.0,v1.0.0
Clark Phillips III,4429067,CB,DB,2023,3.035568106998676,3.3303577895579894,-0.29478968255931326,3.1728936760996653,-0.13732556910098914,3.010478368491463,3.6862709405315863,v1.0.0,v1.0.0
Cody Simon,4429071,LB,LB,2025,2.6554775013275047,3.065814373219417,-0.4103368718919125,2.967549985979041,-0.31207248465153636,2.8568204427661468,3.2800154959198298,v1.0.0,v1.0.0
Anthony Richardson,4429084,QB,QB,2023,2.511483348890144,3.053789518254149,-0.542306169364005,3.5351003979356093,-1.0236170490454652,2.378150664018274,3.8556308885887587,v1.0.0,v1.0.0
Michael Mayer,4429086,TE,TE,2023,3.3234735242048945,3.446041287032094,-0.12256776282719928,3.122196607482751,0.20127691672214354,3.155956958623333,3.727148644339224,v1.0.0,v1.0.0
Blake Corum,4429096,RB,RB,2024,3.2119768491235505,3.5386426405500635,-0.326665791426513,3.59612174006175,-0.38414489093819926,3.1477850381955372,3.8989923521903527,v1.0.0,v1.0.0
Peter Skoronski,4429100,OT,OL,2023,2.723108274324083,3.1843745600289215,-0.46126628570483863,3.3044305715165545,-0.5813222971924716,2.8230329229506945,3.520288322333748,v1.0.0,v1.0.0
Arian Smith,4429105,WR,WR,2025,2.6554775013275047,3.253468140439469,-0.5979906391119645,3.3299687315323663,-0.6744912302048616,3.1017628335582246,3.417873816665021,v1.0.0,v1.0.0
Tonka Hemingway,4429109,DT,IDL,2025,2.0548197685407565,2.9587836779713115,-0.9039639094305549,3.004926401657913,-0.9501066331171564,2.6562465562634023,3.2680866305275442,v1.0.0,v1.0.0
Lathan Ransom,4429110,SAF,OTHER,2025,2.6554775013275047,2.4497892491660145,0.20568825216149023,2.939385298354531,-0.2839077970270263,2.1747610488308036,2.7302115055832887,v1.0.0,v1.0.0
BJ Ojulari,4429111,EDGE,EDGE,2023,3.0057495495866404,2.753472955981891,0.2522765936047495,2.7487933571402716,0.2569561924463688,2.4237688361128855,3.074194543968128,v1.0.0,v1.0.0
Kalel Mullings,4429121,RB,RB,2025,2.0548197685407565,2.761683997363112,-0.7068642288223557,3.113213053605607,-1.0583932850648505,2.371534466939492,3.145092085529673,v1.0.0,v1.0.0
Devon Achane,4429160,RB,RB,2023,3.4176136403258908,3.364573503129517,0.05304013719637357,3.1020932420883542,0.3155203982375365,2.9793517854505693,3.6893218249563025,v1.0.0,v1.0.0
Nick Herbig,4429164,EDGE,EDGE,2023,3.4320586792359524,3.436596845614344,-0.0045381663783916615,3.5181791607515964,-0.086120481515644,3.2753475253366093,3.6138777171820773,v1.0.0,v1.0.0
Princely Umanmielen,4429166,EDGE,EDGE,2025,2.6554775013275047,3.3942951054183164,-0.7388176040908117,3.2018256852145113,-0.5463481838870066,3.165836572512786,3.646975703345874,v1.0.0,v1.0.0
Antonio Johnson,4429168,DB,DB,2023,3.460019979540351,3.2626893568596533,0.19733062268069768,3.2092172693741583,0.2508027101661927,3.064783241423767,3.4571445570319344,v1.0.0,v1.0.0
Kris Abrams-Draine,4429193,CB,DB,2024,2.863455195111033,3.171592878214003,-0.30813768310296963,3.008090877548176,-0.14463568243714287,2.8904863649457075,3.458109106176228,v1.0.0,v1.0.0
Israel Abanikanda,4429202,RB,RB,2023,1.6770794524643968,2.7843611326519544,-1.1072816801875576,3.0574663042648718,-1.380386851800475,2.412015957670783,3.1420666032598965,v1.0.0,v1.0.0
Jordan Addison,4429205,WR,WR,2023,3.4461896705496162,2.975270253041835,0.4709194175077811,2.9677443017402236,0.4784453688093926,2.7916750010676346,3.210577165206365,v1.0.0,v1.0.0
Anthony Bradford,4429211,OG,OL,2023,3.076286220113179,3.2561921239571068,-0.1799059038439279,3.4774326618519202,-0.40114644173874137,3.084838687400617,3.442653967619425,v1.0.0,v1.0.0
Graham Barton,4429251,C,OL,2024,2.723108274324083,2.856724754925671,-0.13361648060158826,3.059400236968844,-0.3362919626447609,2.6221980589484604,3.104766885219002,v1.0.0,v1.0.0
Jaheim Bell,4429262,TE,TE,2024,2.5844329182448638,3.284109390276452,-0.6996764720315882,3.0957533728734563,-0.5113204546285925,2.9148983089965297,3.5911787483514366,v1.0.0,v1.0.0
Trey Benson,4429275,RB,RB,2024,2.586733052501921,3.364756592826843,-0.7780235403249218,3.2141853160995573,-0.6274522635976361,3.169981776833212,3.6076301367544805,v1.0.0,v1.0.0
Tahj Brooks,4429299,RB,RB,2025,2.6554775013275047,3.362778825443916,-0.7073013241164112,3.587661100292427,-0.9321835989649223,3.1841044266751695,3.6007856189307814,v1.0.0,v1.0.0
SirVocea Dennis,4429511,LB,LB,2023,3.2183476152534807,3.181515975285472,0.036831639968008645,3.0873001218460057,0.131047493407475,2.927546686727151,3.4513394459931823,v1.0.0,v1.0.0
Tommy Eichenberg,4429560,LB,LB,2024,3.1528451932898274,3.234160909648066,-0.08131571635823853,2.8466123563210823,0.30623283696874504,2.8862131220420166,3.5305118566047025,v1.0.0,v1.0.0
Martin Emerson,4429568,CB,DB,2022,3.4998283359468187,3.3754145607508956,0.12441377519592312,3.3771000469361008,0.12272828901071797,3.182986734212476,3.5246131481973584,v1.0.0,v1.0.0
Cordale Flott,4429607,CB,DB,2022,3.5727489390252067,3.0235645855815347,0.549184353443672,2.8718283091609695,0.7009206298642372,2.7805118164890774,3.23009806515473,v1.0.0,v1.0.0
Zay Flowers,4429615,WR,WR,2023,3.4998283359468187,3.068751275230728,0.43107706071609053,3.0665225390370368,0.433305796909782,2.8690769964758536,3.263491584390705,v1.0.0,v1.0.0
Anthony Gould,4429684,WR,WR,2024,2.704490561053983,3.3213606000622713,-0.6168700390082882,3.165524025385102,-0.4610334643311189,2.9806703494718403,3.6258290731350007,v1.0.0,v1.0.0
Emmanuel Forbes,4429767,CB,DB,2023,3.4028402771254793,3.0555764106471988,0.34726386647828056,2.992040889140082,0.4107993879853975,2.8404955663985625,3.2589281104389163,v1.0.0,v1.0.0
Zach Frazier,4429775,C,OL,2024,3.173159346567495,2.839126623568885,0.3340327229986104,3.0589179926176246,0.11424135394987056,2.5860365614132768,3.08542931573081,v1.0.0,v1.0.0
Jahmyr Gibbs,4429795,RB,RB,2023,3.486827902587483,3.4044471605910234,0.0823807419964595,3.146157441668464,0.34067046091901876,3.0148473442064567,3.7319537617827945,v1.0.0,v1.0.0
Cedric Gray,4429834,LB,LB,2024,2.912533449240207,3.4040330988724103,-0.4914996496322033,3.269556313499168,-0.357022864258961,3.1592376717310517,3.716078301099716,v1.0.0,v1.0.0
Jawhar Jordan,4429939,RB,RB,2024,1.345801546169376,3.333292661620445,-1.9874911154510688,3.242687046086693,-1.8968854999173168,3.0729748208556997,3.6199812100873543,v1.0.0,v1.0.0
Marshawn Kneeland,4429996,EDGE,EDGE,2024,2.6469482242548565,3.88908401866324,-1.2421357944083833,3.624118541661735,-0.9771703174068787,3.7687574030867954,4.013376331487455,v1.0.0,v1.0.0
Sam LaPorta,4430027,TE,TE,2023,3.3877233167187057,3.527745564265568,-0.1400222475468622,3.407573762184829,-0.019850445466123467,3.218620509061418,3.828450469776893,v1.0.0,v1.0.0
Xavier Legette,4430034,WR,WR,2024,3.1528451932898274,3.4795129080872766,-0.32666771479744927,3.371414492783786,-0.21856929949395854,3.2549689868742826,3.7316919658885195,v1.0.0,v1.0.0
Cedric Johnson,4430065,EDGE,EDGE,2024,2.6469482242548565,3.3424898010878987,-0.6955415768330422,3.4346126941505197,-0.7876644698956632,3.1411891548239623,3.5681470362566476,v1.0.0,v1.0.0
Skyy Moore,4430191,WR,WR,2022,3.5727489390252067,3.1029577644756423,0.4697911745495644,3.194101451339333,0.37864748768587386,2.916792937954942,3.326887085440173,v1.0.0,v1.0.0
Tyler Nubin,4430261,SAF,OTHER,2024,3.0404973649442106,2.3394859325450397,0.701011432399171,2.9281883008902074,0.1123090640540032,2.0435462095861308,2.6523611052185907,v1.0.0,v1.0.0
Ruke Orhorhoro,4430271,DT,IDL,2024,3.0057495495866404,3.309802744700942,-0.30405319511430173,3.3447865212777286,-0.33903697169108815,3.068947870205948,3.5365026683593173,v1.0.0,v1.0.0
Darien Porter,4430330,CB,DB,2025,2.723108274324083,3.5714687259671405,-0.8483604516430576,3.537412489235411,-0.8143042149113282,3.3479509925035003,3.7507633933950943,v1.0.0,v1.0.0
Asim Richards,4430379,OT,OL,2023,2.4302874475538276,2.843174034073402,-0.41288658651957455,3.030376049220816,-0.6000886016669882,2.6072246533823784,3.085116737521879,v1.0.0,v1.0.0
Jammie Robinson,4430411,DB,DB,2023,2.995843821087393,3.305468798662896,-0.3096249775755031,3.230411136286823,-0.23456731519942986,3.093444122864065,3.512937243180885,v1.0.0,v1.0.0
Edgerrin Cooper,4430438,LB,LB,2024,3.131875632847984,3.4522445198454283,-0.32036888699744415,3.163027322442573,-0.031151689594588916,3.2251517452983856,3.6719524919823536,v1.0.0,v1.0.0
Brenton Strange,4430539,TE,TE,2023,3.4028402771254793,3.443547555855345,-0.04070727872986568,3.441341455953933,-0.0385011788284535,3.2013383324037696,3.695533920094288,v1.0.0,v1.0.0
Jer'Zhan Newton,4430560,DT,IDL,2024,3.1928578237394594,2.9595005928707803,0.2333572308686791,3.056994939131201,0.13586288460825857,2.7058822692869606,3.269070334600323,v1.0.0,v1.0.0
Ja'Lynn Polk,4430637,WR,WR,2024,2.5844329182448638,3.156916085609292,-0.5724831673644282,3.130479982834204,-0.5460470645893403,2.978797405086978,3.319068628980135,v1.0.0,v1.0.0
Jared Wiley,4430723,TE,TE,2024,2.2332680792706037,3.5758012300362894,-1.3425331507656857,3.3054957124863256,-1.072227633215722,3.096184330530727,4.211828224115963,v1.0.0,v1.0.0
Kyren Williams,4430737,RB,RB,2022,3.5966048274779854,2.986225174933472,0.6103796525445135,2.955987548208487,0.6406172792694984,2.6704429640818907,3.245619046884136,v1.0.0,v1.0.0
Darnell Washington,4430802,TE,TE,2023,3.4998283359468187,3.8011208254511843,-0.3012924895043656,3.6043247451932174,-0.10449640924639869,3.3379035651678635,4.274985301142496,v1.0.0,v1.0.0
Luke Wypler,4430806,C,OL,2023,2.863455195111033,3.3519134282189786,-0.48845823310794545,3.365043060155156,-0.5015878650441228,3.2014282844827386,3.48872835874,v1.0.0,v1.0.0
Bijan Robinson,4430807,RB,RB,2023,3.512573842349263,3.3060413789165173,0.20653246343274567,3.201969361892126,0.31060448045713684,3.126190708163823,3.4932890278976534,v1.0.0,v1.0.0
Noah Sewell,4430822,LB,LB,2023,3.270741920076855,3.6030017447960967,-0.33225982471924187,3.449692321771064,-0.1789504016942094,3.374697641316913,3.882288611158105,v1.0.0,v1.0.0
Trenton Simpson,4430831,LB,LB,2023,3.486827902587483,3.766510272976451,-0.27968237038896815,3.6788787331872133,-0.19205083059973038,3.418226993797377,4.195547680661936,v1.0.0,v1.0.0
Jalen McMillan,4430834,WR,WR,2024,2.586733052501921,3.2520396458811227,-0.6653065933792015,3.3053209443028013,-0.7185878918008801,3.1159146243573623,3.3944519744488595,v1.0.0,v1.0.0
Alfred Collins,4430835,DT,IDL,2025,2.6554775013275047,2.8817336281690533,-0.2262561268415486,2.961696727885934,-0.30621922655842937,2.535144679917843,3.2432934674473706,v1.0.0,v1.0.0
KeAndre Lambert-Smith,4430870,WR,WR,2025,2.1593671492279647,3.1172852272908482,-0.9579180780628835,3.1490641632845193,-0.9896970140565546,2.942518511582677,3.2999149860663595,v1.0.0,v1.0.0
Roger Rosengarten,4430876,OT,OL,2024,2.723108274324083,3.2207259030361826,-0.4976176287120997,3.317156953319718,-0.5940486789956352,2.9785588163058403,3.5304708396490536,v1.0.0,v1.0.0
Jaxon Smith-Njigba,4430878,WR,WR,2023,3.512573842349263,3.4057516139355064,0.10682222841375655,3.178672689776069,0.3339011525731941,3.118998731929487,3.764650605874529,v1.0.0,v1.0.0
JJ Pegues,4430896,DT,IDL,2025,2.0548197685407565,3.1621480489287745,-1.107328280388018,3.1049114745960997,-1.0500917060553432,2.8718706423213693,3.491511832874539,v1.0.0,v1.0.0
Jahdae Barron,4430925,CB,DB,2025,2.723108274324083,3.2666098257956526,-0.5435015514715698,3.1847108683017185,-0.4616025939776356,3.114663212227552,3.4178495288185253,v1.0.0,v1.0.0
Yahya Black,4430947,DT,IDL,2025,2.723108274324083,3.4132459547677905,-0.6901376804437076,3.273337973209841,-0.550229698885758,3.168407143622997,3.7037473628794406,v1.0.0,v1.0.0
Carrington Valentine,4430965,CB,DB,2023,3.486827902587483,3.18867057577692,0.29815732681056284,2.933676874897139,0.553151027690344,2.898911557902302,3.47441904033431,v1.0.0,v1.0.0
Kimani Vidal,4430968,RB,RB,2024,2.912533449240207,3.4620856138446685,-0.5495521646044614,3.591565590443496,-0.6790321412032889,3.2571345438987884,3.690412517769378,v1.0.0,v1.0.0
Xavier Watts,4431005,SAF,OTHER,2025,2.723108274324083,2.4386823477277875,0.2844259265962954,2.9361460811490163,-0.21303780682493345,2.16622228723562,2.719820131910325,v1.0.0,v1.0.0
Caelen Carson,4431006,CB,DB,2024,2.3868469108371837,3.2298088673340253,-0.8429619564968416,3.0630567971761593,-0.6762098863389756,3.052104160730725,3.394230314853892,v1.0.0,v1.0.0
Ty Hamilton,4431118,DT,IDL,2025,2.5095420008001468,2.976377032267658,-0.4668350314675114,3.0327374167596894,-0.5231954159595427,2.740875717578797,3.272516658244967,v1.0.0,v1.0.0
Billy Bowman Jr.,4431194,SAF,OTHER,2025,1.6770794524643968,2.7288884266927873,-1.0518089742283905,3.292781818616792,-1.615702366152395,2.364846181221775,3.0725083779928823,v1.0.0,v1.0.0
Junior Colson,4431212,LB,LB,2024,2.2560511899300453,3.146048271666742,-0.8899970817366967,3.060274897017151,-0.8042237070871057,2.9049255035242716,3.3590726743457813,v1.0.0,v1.0.0
Chimere Dike,4431268,WR,WR,2025,2.723108274324083,3.309006059008117,-0.5858977846840343,3.4095588949629523,-0.6864506206388694,3.1420371695313474,3.478295548515923,v1.0.0,v1.0.0
Troy Franklin,4431280,WR,WR,2024,3.1928578237394594,3.170118708240513,0.02273911549894647,3.2267146588653115,-0.033856835125852136,2.944017915555691,3.3917264148645785,v1.0.0,v1.0.0
Rome Odunze,4431299,WR,WR,2024,3.1102069596740494,3.579426187810733,-0.4692192281366836,3.5256382486359485,-0.4154312889618992,3.4336604002452673,3.7604597962122344,v1.0.0,v1.0.0
Andru Phillips,4431321,CB,DB,2024,3.1528451932898274,3.2809797395422304,-0.12813454625240306,3.126459813532286,0.026385379757541294,3.0803959894104884,3.467607093347331,v1.0.0,v1.0.0
Bradyn Swinson,4431424,EDGE,EDGE,2025,1.1451351194023418,3.60576517689619,-2.460630057493848,3.234990364754165,-2.0898552453518233,3.2354419571216293,3.94344608133412,v1.0.0,v1.0.0
Tuli Tuipulotu,4431442,EDGE,EDGE,2023,3.4998283359468187,3.2960352844486156,0.20379305149820315,3.113717020850467,0.38611131509635177,3.079949891983519,3.5377482790489085,v1.0.0,v1.0.0
Drake Maye,4431452,QB,QB,2024,3.131875632847984,2.6797705545669817,0.45210507828100255,3.062895168976297,0.0689804638716871,2.3789182701782776,3.091788384991214,v1.0.0,v1.0.0
Deuce Vaughn,4431453,RB,RB,2023,2.3868469108371837,2.321694719672781,0.06515219116440285,2.651595151802009,-0.2647482409648254,1.8838712329083716,2.7358107045551967,v1.0.0,v1.0.0
Tyler Warren,4431459,TE,TE,2025,2.723108274324083,3.26964284012574,-0.5465345658016569,3.0924458797025873,-0.36933760537850446,2.9950091669224195,3.5655617785609524,v1.0.0,v1.0.0
Savion Williams,4431487,WR,WR,2025,2.3460445734134283,3.502743073279697,-1.1566984998662688,3.5045409749674095,-1.1584964015539811,3.303868762101205,3.7270223977426498,v1.0.0,v1.0.0
Roman Wilson,4431492,WR,WR,2024,2.4302874475538276,3.4257988313632124,-0.9955113838093848,3.505727564760323,-1.0754401172064956,3.1474845502895374,3.6522387792188966,v1.0.0,v1.0.0
Calen Bullock,4431517,SAF,OTHER,2024,3.2119768491235505,2.5268665582380048,0.6851102908855458,3.3557322811441,-0.14375543202054963,2.011479735509565,2.8838554501113514,v1.0.0,v1.0.0
Barrett Carter,4431519,LB,LB,2025,2.723108274324083,3.1811938906088577,-0.45808561628477484,2.7704113409576037,-0.047303066633520796,2.784563512858734,3.548704655309158,v1.0.0,v1.0.0
Connor Colby,4431523,G,OL,2025,2.4302874475538276,3.2396851170372467,-0.8093976694834191,3.324909848686528,-0.8946224011327004,3.100289300185914,3.391577042477684,v1.0.0,v1.0.0
Will Shipley,4431545,RB,RB,2024,3.1528451932898274,2.685261814101127,0.4675833791887003,3.002715249775663,0.1501299435141643,2.340231224522439,3.039051468566296,v1.0.0,v1.0.0
Donovan Jackson,4431553,G,OL,2025,2.5095420008001468,2.8503015168342154,-0.3407595160340686,3.0735506475794434,-0.5640086467792966,2.601177332361508,3.0903083170656793,v1.0.0,v1.0.0
Phil Mafah,4431562,RB,RB,2025,0.6417787318052229,2.8458345103573603,-2.2040557785521373,3.156974069402913,-2.51519533759769,2.4507596848542628,3.2277019265467257,v1.0.0,v1.0.0
Maason Smith,4431567,DT,IDL,2024,2.9599211317095553,3.4328047877770267,-0.4728836560674714,3.336268120082907,-0.3763469883733519,3.2331759449630284,3.612834539003616,v1.0.0,v1.0.0
Amarius Mims,4431571,OT,OL,2024,3.173159346567495,2.938610086527865,0.23454926003963017,3.3504840952381576,-0.1773247486706624,2.711200207586402,3.236117497878074,v1.0.0,v1.0.0
Smael Mondon,4431573,LB,LB,2025,2.723108274324083,3.186981372365493,-0.4638730980414101,3.2401941160197603,-0.5170858416956774,2.856720175654063,3.6774614686865705,v1.0.0,v1.0.0
Ja'Tavion Sanders,4431588,TE,TE,2024,3.1102069596740494,3.4230949646738003,-0.3128880049997509,3.402594035380562,-0.2923870757065128,3.0140117832968354,3.8945099598896156,v1.0.0,v1.0.0
Jack Sawyer,4431590,EDGE,EDGE,2025,2.723108274324083,3.2178044534954813,-0.4946961791713984,3.0840130761603124,-0.3609048018362295,2.9895927764718926,3.476014929622785,v1.0.0,v1.0.0
Jay Toia,4431603,DT,IDL,2025,1.5216626918475837,3.0011670719140278,-1.479504380066444,3.243227773262328,-1.7215650814147443,2.655485656510423,3.3747333063418243,v1.0.0,v1.0.0
Caleb Williams,4431611,QB,QB,2024,3.2119768491235505,2.6596498000003588,0.5523270491231917,2.988292058393159,0.22368479073039138,2.286584205417337,2.9518455986638936,v1.0.0,v1.0.0
James Williams,4431613,SAF,OTHER,2024,3.1102069596740494,2.511482905380207,0.5987240542938426,3.1255735706048986,-0.015366610930849234,1.9723386002417898,2.8773140626998286,v1.0.0,v1.0.0
Tyleik Williams,4431615,DT,IDL,2025,2.723108274324083,3.01475405243907,-0.29164577811498704,3.2042676587225696,-0.4811593843984867,2.729711626512979,3.344016404646588,v1.0.0,v1.0.0
Dante Trader Jr.,4431664,SAF,OTHER,2025,2.723108274324083,3.256644110335455,-0.5335358360113722,3.2160497358412554,-0.49294146151717255,2.7370444072885345,4.015216296353946,v1.0.0,v1.0.0
Kris Jenkins,4432301,DT,IDL,2024,3.1102069596740494,3.2991146229361403,-0.18890766326209096,3.3529474065209106,-0.24274044684686125,2.902381857931756,3.6660837748602004,v1.0.0,v1.0.0
Kyle Kennard,4432333,EDGE,EDGE,2025,1.5216626918475837,3.5489449074983805,-2.027282215650797,3.538483658019042,-2.0168209661714585,3.400277253289714,3.7329733165390935,v1.0.0,v1.0.0
Tarheeb Still,4432571,CB,DB,2024,3.1102069596740494,3.18858805336219,-0.07838109368814061,3.097872624031702,0.012334335642347316,3.002793683100194,3.3509823499507463,v1.0.0,v1.0.0
C.J. Stroud,4432577,QB,QB,2023,3.4461896705496162,2.621389172411345,0.8248004981382713,2.988695335321017,0.45749433522859917,2.301926038349327,2.949451198803457,v1.0.0,v1.0.0
Parker Washington,4432620,WR,WR,2023,3.3877233167187057,3.453277357156002,-0.06555404043729629,3.260058493659985,0.12766482305872096,3.1724975482192646,3.6757173923255233,v1.0.0,v1.0.0
Brock Bowers,4432665,TE,TE,2024,3.1102069596740494,3.015448976065138,0.09475798360891119,2.961202157184277,0.14900480248977255,2.7223567557388537,3.3052408313049626,v1.0.0,v1.0.0
Denzel Burke,4432668,CB,DB,2025,2.723108274324083,3.3427579755675385,-0.6196497012434556,3.2950143520507638,-0.5719060777266809,3.198308426926461,3.464462527130988,v1.0.0,v1.0.0
Marvin Harrison,4432708,WR,WR,2024,3.1102069596740494,3.3923543573278363,-0.28214739765378694,3.1096681058766076,0.0005388537974417851,3.159492525984683,3.594894462123283,v1.0.0,v1.0.0
TreVeyon Henderson,4432710,RB,RB,2025,2.723108274324083,3.279711978362178,-0.5566037040380953,3.1478129661062693,-0.4247046917821864,3.0377885722246045,3.516498412470654,v1.0.0,v1.0.0
Jason Marshall Jr.,4432730,CB,DB,2025,2.3460445734134283,3.2332577893600667,-0.8872132159466384,3.1331808383653614,-0.7871362649519331,3.1008397975095066,3.3944558706577057,v1.0.0,v1.0.0
Moliki Matavao,4432731,TE,TE,2025,1.6770794524643968,3.5751728704739785,-1.8980934180095816,3.190154384568062,-1.5130749321036652,3.2534947770775933,3.9015678209872804,v1.0.0,v1.0.0
Jalen Milroe,4432734,QB,QB,2025,1.1451351194023418,2.6663567181892334,-1.5212215987868916,3.013159761920872,-1.8680246425185303,2.3382586773343785,2.9849340180478277,v1.0.0,v1.0.0
Jaylen Reed,4432758,SAF,OTHER,2025,1.8158181812103182,2.412693568103433,-0.5968753868931149,3.325317163999397,-1.5094989827890786,1.9815336279198617,3.1171587084986245,v1.0.0,v1.0.0
Shedeur Sanders,4432762,QB,QB,2025,1.940930471343771,2.6232946648835975,-0.6823641935398266,2.9720496534812324,-1.0311191821374615,2.3063645285909824,2.9157511265728977,v1.0.0,v1.0.0
Brian Thomas,4432773,WR,WR,2024,3.1528451932898274,3.431189928706456,-0.27834473541662863,3.4665008063893095,-0.3136556130994821,3.1856724599861836,3.6646108335231564,v1.0.0,v1.0.0
Dont'e Thornton Jr.,4432775,WR,WR,2025,2.5844329182448638,3.1270948961718803,-0.5426619779270165,3.257788651447161,-0.673355733202297,2.876338297995229,3.3883788238739787,v1.0.0,v1.0.0
Jeremiah Trotter Jr.,4432777,LB,LB,2024,3.2119768491235505,3.258383960297967,-0.04640711117441665,3.21668807230992,-0.0047112231863692955,2.8912729803174555,3.60670425770831,v1.0.0,v1.0.0
Shemar Turner,4432804,DT,IDL,2025,1.5216626918475837,2.966508655652152,-1.444845963804568,2.9886296402549486,-1.4669669484073649,2.699146229697943,3.2438395022060136,v1.0.0,v1.0.0
J.J. McCarthy,4433970,QB,QB,2024,2.1593671492279647,3.079566188764304,-0.9201990395363393,3.285267812412312,-1.1259006631843471,2.385394070596214,3.8365809372763193,v1.0.0,v1.0.0
Kool-Aid McKinstry,4433975,CB,DB,2024,3.173159346567495,3.2298088673340253,-0.05664952076653007,3.0630567971761593,0.1101025493913359,3.052104160730725,3.394230314853892,v1.0.0,v1.0.0
Carson Palmer,4459,QB,QB,2003,4.615880781759732,3.224248437912574,1.3916323438471583,3.5302292088492524,1.0856515729104799,2.7921314874755345,3.6010944813744152,v1.0.0,v1.0.0
Charles Rogers,4460,WR,WR,2003,2.3868469108371837,3.4350131754608344,-1.0481662646236507,3.448758395908219,-1.0619114850710352,3.2321790701047566,3.6493484376207266,v1.0.0,v1.0.0
Andre Johnson,4461,WR,WR,2003,4.653923552400471,3.389408910149914,1.2645146422505569,3.369450051223873,1.2844735011765978,3.1388943850025206,3.665478576946848,v1.0.0,v1.0.0
Dewayne Robertson,4462,DT,IDL,2003,3.9900939829605995,3.3689593754934943,0.6211346074671051,3.40331056003775,0.5867834229228497,3.1507824942024936,3.606522271268188,v1.0.0,v1.0.0
Terence Newman,4463,CB,DB,2003,4.760820350529338,3.706140100675136,1.0546802498542016,3.5084110619508824,1.2524092885784555,3.520609849899716,3.9221928174955645,v1.0.0,v1.0.0
Johnathan Sullivan,4464,DT,IDL,2003,3.288798636746454,3.416665204898733,-0.12786656815227904,3.4048302231284766,-0.11603158638202249,3.2530442840776463,3.6087898496782125,v1.0.0,v1.0.0
Byron Leftwich,4465,QB,QB,2003,3.629321249214048,3.2925582031865526,0.3367630460274955,3.523104818493937,0.106216430720111,2.8746992524703945,3.6594528213726933,v1.0.0,v1.0.0
Jordan Gross,4466,OT,OL,2003,4.144729330144801,3.650346012524484,0.4943833176203172,3.5813624120484575,0.5633669180963436,3.502492235741069,3.795494305309178,v1.0.0,v1.0.0
Kevin Williams,4467,DE,EDGE,2003,4.666977178553777,3.7605909351859106,0.9063862433678667,3.3075049039175077,1.3594722746362695,3.391988944432518,4.076519533886684,v1.0.0,v1.0.0
Terrell Suggs,4468,DE,EDGE,2003,4.8605559216422725,3.51412817977438,1.3464277418678923,3.358240647733289,1.5023152739089833,3.36453293646888,3.681017146000214,v1.0.0,v1.0.0
Marcus Trufant,4469,CB,DB,2003,4.343650385423533,3.5909233599953327,0.7527270254282006,3.5345006970995168,0.8091496883240166,3.4250130508815233,3.774928996031127,v1.0.0,v1.0.0
Jimmy Kennedy,4470,DT,IDL,2003,4.095090271813432,3.4341443866285513,0.6609458851848808,3.407925750547606,0.6871645212658262,3.23034874767058,3.6304808192467783,v1.0.0,v1.0.0
Ty Warren,4471,DT,IDL,2003,4.134839907711126,3.6396635736285705,0.4951763340825557,3.547215248251529,0.5876246594595971,3.4396247589836393,3.8200060608715773,v1.0.0,v1.0.0
Michael Haynes,4472,DE,EDGE,2003,3.4028402771254793,3.3621851314074176,0.040655145718061725,3.3722921247193622,0.03054815240611708,3.1088337861681077,3.6226790702004052,v1.0.0,v1.0.0
Jerome McDougle,4473,DE,EDGE,2003,3.274913274630675,3.655580307414934,-0.3806670327842592,3.2854157006411113,-0.010502426010436494,3.4682126934309623,3.847104704986354,v1.0.0,v1.0.0
Troy Polamalu,4474,S,DB,2003,4.4841188443398305,3.5526218439032373,0.9314970004365932,3.515524488379441,0.9685943559603896,3.37449419397696,3.7362548984987933,v1.0.0,v1.0.0
Bryant Johnson,4475,WR,WR,2003,4.334629307209144,3.4226913270377075,0.9119379801714365,3.393663010267812,0.9409662969413319,3.2005689239967867,3.6109301682112642,v1.0.0,v1.0.0
Calvin Pace,4476,DE,EDGE,2003,4.613750524896858,3.266612064496154,1.347138460400704,3.19213868722894,1.421611837667918,3.0890200024858165,3.4919109216100206,v1.0.0,v1.0.0
Kyle Boller,4477,QB,QB,2003,3.7741274941009326,3.273310571692471,0.5008169224084615,3.5907015997905978,0.18342589431033485,2.714394058424267,3.7986727536303957,v1.0.0,v1.0.0
George Foster,4478,OT,OL,2003,3.6841318028230527,3.0012131082709743,0.6829186945520784,3.3310807907628757,0.3530510120601771,2.797613226391605,3.223622401811031,v1.0.0,v1.0.0
Jeff Faine,4479,C,OL,2003,3.797802106141877,3.093165976384862,0.7046361297570152,3.3278179884958523,0.46998411764602466,2.8925714168762537,3.305264512752253,v1.0.0,v1.0.0
Rex Grossman,4480,QB,QB,2003,3.516252307190782,3.1527195752875565,0.3635327319032253,3.2397910293039502,0.2764612778868316,2.6004002696621686,3.622924928231831,v1.0.0,v1.0.0
Willis McGahee,4481,RB,RB,2003,4.371611685727933,3.6180473230818158,0.753564362646117,3.4689123914118523,0.9026992943160805,3.4096735785583583,3.7814477572426393,v1.0.0,v1.0.0
Dallas Clark,4482,TE,TE,2003,4.398278682514417,3.5452619461227117,0.8530167363917052,3.270931438177792,1.127347244336625,3.1848449387396567,3.897379743875907,v1.0.0,v1.0.0
William Joseph,4483,DT,IDL,2003,3.804270753194638,3.671240556584353,0.13303019661028515,3.528849476709275,0.2754212764853632,3.4442129191697264,3.872324383439637,v1.0.0,v1.0.0
Kwame Harris,4484,OT,OL,2003,3.7238388026099476,3.437897909937527,0.2859408926724205,3.348867926815669,0.3749708757942787,3.2340647745584543,3.6175789586503684,v1.0.0,v1.0.0
Andre Woolfolk,4486,CB,DB,2003,3.3336385885689284,3.697287864353109,-0.3636492757841805,3.5692618126610567,-0.23562322409212832,3.5565540477876496,3.843547213230429,v1.0.0,v1.0.0
Nick Barnett,4487,OLB,EDGE,2003,4.442066278202341,3.5102260819219087,0.9318401962804321,3.5778328871133134,0.8642333910890274,3.308632424285135,3.7666467899433442,v1.0.0,v1.0.0
Sammy Davis,4488,CB,DB,2003,3.7932724710864165,3.464531374753866,0.32874109633255033,3.4000473967082936,0.39322507437812293,3.2428839161054293,3.70873494155555,v1.0.0,v1.0.0
Nnamdi Asomugha,4489,CB,DB,2003,4.4587874575073245,3.5062755996411497,0.9525118578661749,3.491268095167988,0.9675193623393366,3.358537443391663,3.6675986535050384,v1.0.0,v1.0.0
Tyler Brayton,4490,DE,EDGE,2003,4.343882132493361,3.876134743240515,0.4677473892528461,3.6266733482874383,0.7172087842059227,3.74836273400907,4.016928929861076,v1.0.0,v1.0.0
Eric Steinbach,4491,OG,OL,2003,3.8622111928606273,3.549950262996821,0.31226092986380616,3.5000053933283035,0.3622057995323238,3.36942549341706,3.7299536985477815,v1.0.0,v1.0.0
Boss Bailey,4492,OLB,EDGE,2003,3.726301524252564,3.086026217866989,0.6402753063855751,3.1447547094573065,0.5815468147952574,2.8134475539137163,3.3361319418908346,v1.0.0,v1.0.0
Charles Tillman,4493,CB,DB,2003,4.544302512745126,3.75660099959381,0.7877015131513163,3.6395578393551475,0.9047446733899789,3.5428808680740227,3.94247043740727,v1.0.0,v1.0.0
Eugene Wilson,4494,CB,DB,2003,4.070748622788176,3.5437901050504035,0.5269585177377722,3.4506021336895416,0.6201464890986341,3.39796083044934,3.693971585814917,v1.0.0,v1.0.0
Al Johnson,4496,C,OL,2003,3.4461896705496162,3.1840535480921117,0.2621361224575045,3.4389745235038744,0.0072151470457417766,2.9800683852976366,3.3857792147561736,v1.0.0,v1.0.0
Rashean Mathis,4497,S,DB,2003,4.570759653268903,3.560678964757796,1.0100806885111067,3.5762454649714233,0.9945141882974795,3.423621322268296,3.7061804736009036,v1.0.0,v1.0.0
E.J. Henderson,4498,ILB,LB,2003,4.265886059460916,3.3580994886816793,0.907786570779237,3.5297079810463865,0.7361780784145298,3.067330357015942,3.702803032191867,v1.0.0,v1.0.0
Bennie Joppru,4499,TE,TE,2003,2.6469482242548565,3.7881550237388972,-1.1412067994840407,3.481515538864683,-0.8345673146098265,3.354271929528319,4.24545239542527,v1.0.0,v1.0.0
Ken Hamlin,4500,S,DB,2003,4.128707786759444,3.7090700795752447,0.419637707184199,3.617339311947182,0.5113684748122616,3.527799192680467,3.9018131807348193,v1.0.0,v1.0.0
Pisa Tinoisamoa,4501,OLB,EDGE,2003,4.084082423679693,3.5941652745658836,0.489917149113809,3.5508079246246163,0.5332744990550764,3.4220590828433046,3.7858867967994683,v1.0.0,v1.0.0
Taylor Jacobs,4502,WR,WR,2003,3.6516293448535895,3.462813842157709,0.18881550269588043,3.4509708920698823,0.2006584527837072,3.2606019884620605,3.6557313193147536,v1.0.0,v1.0.0
Bethel Johnson,4503,WR,WR,2003,3.535238532571787,3.3042256696997234,0.2310128628720638,3.2415810473068363,0.29365748526495095,3.113547441480288,3.487778969399155,v1.0.0,v1.0.0
Drayton Florence,4504,CB,DB,2003,4.4587874575073245,3.4311531252168144,1.0276343322905102,3.39593117383208,1.0628562836752447,3.3034265951102877,3.571462269472956,v1.0.0,v1.0.0
Kawika Mitchell,4505,ILB,LB,2003,4.045012691500104,3.7036827871632227,0.3413299043368814,3.6340596357733097,0.4109530557267944,3.4312264863754383,3.9418545200508768,v1.0.0,v1.0.0
Chris Kelsay,4506,DE,EDGE,2003,4.394027700174193,3.4103611334000656,0.9836665667741271,3.416044936384635,0.9779827637895577,3.1887005786595317,3.6130121629013714,v1.0.0,v1.0.0
Eddie Moore,4507,OLB,EDGE,2003,2.6469482242548565,3.3398846078453777,-0.6929363835905211,3.296735205452379,-0.6497869811975225,3.154618274783196,3.5427830984522974,v1.0.0,v1.0.0
Terry Pierce,4509,ILB,LB,2003,2.6469482242548565,3.238634198577204,-0.5916859743223473,3.3407189020070445,-0.6937706777521879,2.753509511856412,3.7042971575613017,v1.0.0,v1.0.0
Chaun Thompson,4510,OLB,EDGE,2003,4.058346492391621,3.6347999763960837,0.4235465159955374,3.5887993232957878,0.46954716909583327,3.4867245908506024,3.7951877348617282,v1.0.0,v1.0.0
Victor Hobson,4511,ILB,LB,2003,3.875089022657199,3.4051108340733656,0.4699781885838332,3.4757986839927875,0.3992903386644113,3.032432795220596,3.7338802260598203,v1.0.0,v1.0.0
Anquan Boldin,4512,WR,WR,2003,4.683474095550363,3.1318798296754906,1.551594265874872,3.048940367019087,1.6345337285312755,2.865956594198703,3.432738256363048,v1.0.0,v1.0.0
Bryan Scott,4513,S,DB,2003,4.376157158797064,3.647926638101951,0.7282305206951127,3.6202624950503024,0.7558946637467612,3.448146165817135,3.8792867524295,v1.0.0,v1.0.0
Anthony Adams,4515,DT,IDL,2003,4.244831587196613,3.2703865273598636,0.9744450598367491,3.2605607638843055,0.9842708233123072,3.0201441097092423,3.54626375232848,v1.0.0,v1.0.0
Mike Doss,4516,S,DB,2003,3.6599020999991216,3.5387563181694066,0.12114578182971503,3.4852576796783015,0.17464442032082017,3.3655094400170658,3.712083908248159,v1.0.0,v1.0.0
Alonzo Jackson,4517,DE,EDGE,2003,2.786338238179417,3.4731770042896795,-0.6868387661102626,3.2938354021103513,-0.5074971639309345,3.143361841879364,3.739786646375884,v1.0.0,v1.0.0
Tyrone Calico,4518,WR,WR,2003,2.995843821087393,3.4737874154787263,-0.47794359439133327,3.5943606427373727,-0.5985168216499797,3.2175792040048785,3.744791352653861,v1.0.0,v1.0.0
L.J. Smith,4519,TE,TE,2003,4.058346492391621,3.907169124579568,0.15117736781205293,3.803632912090945,0.25471358030067615,3.590662789019733,4.195522684871626,v1.0.0,v1.0.0
Terrence Kiel,4520,S,DB,2003,3.6418404671474622,3.8009029956486584,-0.15906252850119618,3.6751215580201793,-0.03328109087271702,3.689144297825767,3.9177631569765423,v1.0.0,v1.0.0
Teyo Johnson,4521,WR,WR,2003,3.111644679156027,3.13041944934504,-0.01877477018901308,3.292037974313393,-0.18039329515736613,2.750964817490181,3.495258142167501,v1.0.0,v1.0.0
DeWayne White,4522,DE,EDGE,2003,4.045012691500104,3.8049887776052023,0.24002391389490185,3.555833283473582,0.48917940802652193,3.6761684440641043,3.932947043974275,v1.0.0,v1.0.0
Kelley Washington,4523,WR,WR,2003,3.984434164699998,3.5598562054428764,0.4245779592571215,3.5533635741132783,0.4310705905867196,3.3411356716554144,3.785027667035334,v1.0.0,v1.0.0
Cory Redding,4524,DE,EDGE,2003,4.617207979857298,3.709713095770411,0.907494884086887,3.5948839401458748,1.0223240397114233,3.556653405256977,3.8981746171394582,v1.0.0,v1.0.0
Antwan Peek,4525,OLB,EDGE,2003,3.7363017214982253,3.682541956614672,0.053759764883553274,3.4939119104896252,0.24238981100860002,3.5326007160048745,3.7954850116318695,v1.0.0,v1.0.0
Lance Briggs,4526,ILB,LB,2003,4.542893798285056,3.47114511974974,1.0717486785353163,3.3378875996913986,1.2050061985936575,3.2639318938833646,3.701984292424885,v1.0.0,v1.0.0
Jason Witten,4527,TE,TE,2003,4.92951716102495,3.830718741571403,1.0987984194535474,3.485193282781255,1.4443238782436953,3.361691271394522,4.42066161596266,v1.0.0,v1.0.0
Gerald Hayes,4528,ILB,LB,2003,4.031399628500696,3.4450382396853416,0.5863613888153547,3.082651045269352,0.9487485832313443,3.0572196315411215,3.794037414488218,v1.0.0,v1.0.0
Nate Burleson,4529,WR,WR,2003,4.360992475842469,3.4701305200772947,0.8908619557651742,3.35213729105855,1.008855184783919,3.263509844558176,3.663608876015829,v1.0.0,v1.0.0
Vince Manuwai,4530,OG,OL,2003,3.6738141258714645,3.608950019801965,0.06486410606949944,3.612279839610717,0.06153428626074753,3.4357817826549875,3.763465675413997,v1.0.0,v1.0.0
Kevin Curtis,4532,S,DB,2002,3.9609376305243957,3.883140056016152,0.07779757450824354,3.8123166651101537,0.14862096541424208,3.693717471266028,4.081061129813999,v1.0.0,v1.0.0
Seth Wand,4533,OT,OL,2003,2.6554775013275047,3.5664286489370314,-0.9109511476095267,3.658490280005142,-1.0030127786776375,3.4005985650023454,3.722683196505649,v1.0.0,v1.0.0
Mike Seidman,4534,TE,TE,2003,3.2119768491235505,3.479459195261437,-0.2674823461378866,3.599186607252487,-0.38720975812893643,3.1424603223666754,3.7415931789314345,v1.0.0,v1.0.0
Musa Smith,4535,RB,RB,2003,3.5345302867139483,3.3960561653913257,0.1384741213226226,3.2880817015465467,0.24644858516740165,3.1933347057866133,3.581771735064972,v1.0.0,v1.0.0
Kenny Peterson,4537,DE,EDGE,2003,3.8940487176170118,3.987687926078129,-0.09363920846111728,3.557348693371969,0.33670002424504286,3.7569801966187875,4.235934447539594,v1.0.0,v1.0.0
Derrick Dockery,4539,OG,OL,2003,3.7702871291983415,2.9031978620994763,0.8670892670988652,3.2562677860027245,0.514019343195617,2.634023374853252,3.226574391912825,v1.0.0,v1.0.0
Ricky Manning,4540,CB,DB,2003,3.9312968613596864,3.426659560887496,0.5046373004721905,3.3188703048205035,0.6124265565391829,3.2915662464816884,3.581594696848973,v1.0.0,v1.0.0
B.J. Askew,4543,RB,RB,2003,3.9509600467828196,3.5549216829434847,0.396038363839335,3.485071262571397,0.46588878421142255,3.3196925188467925,3.7686846349823564,v1.0.0,v1.0.0
Cie Grant,4544,OLB,EDGE,2003,1.8158181812103182,3.2567532385111817,-1.4409350573008635,3.2665795941290456,-1.4507614129187274,3.055265603908031,3.4763350144533014,v1.0.0,v1.0.0
Dave Ragone,4546,QB,QB,2003,0.9146634597162007,2.5287403456544544,-1.6140768859382537,3.38472181898208,-2.470058359265879,1.984071271761024,3.0730205699395623,v1.0.0,v1.0.0
Andrew Williams,4547,DE,EDGE,2003,1.9594796171115287,3.4941898986317987,-1.53471028152027,3.4304293564238604,-1.4709497393123316,3.3074487536933384,3.675132366187443,v1.0.0,v1.0.0
Donald Strickland,4548,CB,DB,2003,4.06050764837218,3.5424255241979905,0.5180821241741898,3.414410371894002,0.6460972764781783,3.425686474669374,3.6552407744501925,v1.0.0,v1.0.0
Visanthe Shiancoe,4549,TE,TE,2003,4.42490356497461,3.768297187221571,0.6566063777530387,3.649264697585873,0.7756388673887367,3.4760308685502945,4.056504786322428,v1.0.0,v1.0.0
Julian Battle,4550,CB,DB,2003,3.0404973649442106,3.4409183293038392,-0.4004209643596286,3.470199180610708,-0.42970181566649757,3.2699808523783425,3.595475587741604,v1.0.0,v1.0.0
Chris Brown,4551,RB,RB,2003,3.7948502984479697,3.5126279552023685,0.28222234324560125,3.4474814332843686,0.3473688651636011,3.2149650779611556,3.7711529189566684,v1.0.0,v1.0.0
Angelo Crowell,4552,ILB,LB,2003,3.7363017214982253,3.3271517047477532,0.409150016750472,3.420747363871497,0.31555435762672834,3.0160611624010882,3.714289414658781,v1.0.0,v1.0.0
Billy McMullen,4553,WR,WR,2003,3.5345302867139483,3.3567878787595657,0.17774240795438256,3.3423151680934695,0.1922151186204788,3.1049083273857336,3.55008177123761,v1.0.0,v1.0.0
Justin Fargas,4554,RB,RB,2003,4.017495355012839,3.7608715008965676,0.2566238541162713,3.6404326554942985,0.37706269951854043,3.3017430253815947,4.237901793657018,v1.0.0,v1.0.0
Chris Simms,4555,QB,QB,2003,2.728987706835182,2.4833504669395463,0.24563723989563568,3.2673291055642983,-0.5383413987291163,1.8455993364356957,2.928836790427895,v1.0.0,v1.0.0
Artose Pinner,4557,RB,RB,2003,3.4875223938306,3.4832077147495237,0.004314679081076189,3.3739879385343903,0.11353445529620965,3.219908943221966,3.7391171399324685,v1.0.0,v1.0.0
Todd Johnson,4558,S,DB,2003,3.8997755338995894,3.497520140758596,0.40225539314099334,3.4810155719462963,0.4187599619532931,3.392511059110377,3.598931437830199,v1.0.0,v1.0.0
Domanick Williams,4559,RB,RB,2003,3.356391950537085,3.3639567892375033,-0.007564838700418353,3.28961084824324,0.06678110229384515,3.1361206310154586,3.5505632509555864,v1.0.0,v1.0.0
Montrae Holland,4560,OG,OL,2003,3.65267405126285,3.2905408064090347,0.3621332448538155,3.5838294472224543,0.06884460404039583,2.9498201058560056,3.6036905275045337,v1.0.0,v1.0.0
Bradie James,4561,ILB,LB,2003,4.436665933789971,3.3271988872379548,1.1094670465520164,3.0712025200387965,1.3654634137511747,2.9813403089219306,3.640025767475831,v1.0.0,v1.0.0
George Wrighster,4562,TE,TE,2003,3.785291302644668,3.1595226803996925,0.6257686222449754,3.2613007877319715,0.5239905149126964,2.641209340953733,3.5725071379291555,v1.0.0,v1.0.0
Onterrio Smith,4563,RB,RB,2003,3.0404973649442106,3.6069471834162155,-0.5664498184720048,3.601280140695388,-0.5607827757511772,3.380562486810102,3.7904831492104125,v1.0.0,v1.0.0
Shaun McDonald,4564,WR,WR,2003,3.9312968613596864,3.2634532141559323,0.6678436472037541,3.238941488232612,0.6923553731270742,3.002046711849145,3.5003023942042653,v1.0.0,v1.0.0
DeJuan Groce,4565,CB,DB,2003,3.5847863200739116,3.6981239654539206,-0.11333764538000901,3.5810989901163888,0.0036873299575228558,3.5731681949615157,3.8283394819375633,v1.0.0,v1.0.0
Tai Felton,4565185,WR,WR,2025,2.723108274324083,3.1658423445563657,-0.44273407023228284,3.146730827064554,-0.4236225527404711,2.9803709813115185,3.3582894419886165,v1.0.0,v1.0.0
Dallas Turner,4565190,EDGE,EDGE,2024,3.1928578237394594,3.3329862961732863,-0.14012847243382698,3.2868781022092732,-0.09402027846981387,3.05983554895319,3.571951657968303,v1.0.0,v1.0.0
Upton Stout,4565200,CB,DB,2025,2.6554775013275047,3.3553094235549143,-0.6998319222274096,3.270346035956815,-0.6148685346293101,3.1184997996584434,3.601537959028991,v1.0.0,v1.0.0
Aeneas Peebles,4565311,DT,IDL,2025,1.6770794524643968,3.1555442148782102,-1.4784647624138134,3.15502493425192,-1.477945481787523,2.7838711096709376,3.558277365838738,v1.0.0,v1.0.0
Tyler Scott,4565908,WR,WR,2023,3.087790945227789,3.073185809505822,0.014605135721966978,3.048526858530914,0.039264086696874756,2.869952625080174,3.2565555821179735,v1.0.0,v1.0.0
Quentin Griffin,4566,RB,RB,2003,2.523550556078262,2.9793777590671153,-0.4558272029888535,3.4068753934020872,-0.8833248373238254,2.5861036662863373,3.315514908700416,v1.0.0,v1.0.0
Jaylan Ford,4566088,LB,LB,2024,3.0057495495866404,3.0635849047890527,-0.05783535520241223,2.83063209993103,0.17511744965561027,2.7470534554522033,3.32939319690813,v1.0.0,v1.0.0
Ennis Rakestraw Jr.,4566092,CB,DB,2024,1.940930471343771,3.2460021408444257,-1.3050716695006548,3.259539986135653,-1.318609514791882,2.9551185886588813,3.5013005004334055,v1.0.0,v1.0.0
JT Tuimoloau,4566154,EDGE,EDGE,2025,2.4302874475538276,3.278679617254093,-0.8483921697002654,3.1089417769314713,-0.6786543293776437,3.0512205575279188,3.5351168036948355,v1.0.0,v1.0.0
Joshua Karty,4566192,K,ST,2024,3.0057495495866404,3.488611651619964,-0.48286210203332347,3.0402736897771567,-0.034524140190516306,3.2219617386219817,3.7907516908131424,v1.0.0,v1.0.0
Jarret Johnson,4567,DT,IDL,2003,4.582850509945941,3.3686758008316993,1.2141747091142419,3.332253246435285,1.250597263510656,3.193955194680357,3.528913420235283,v1.0.0,v1.0.0
Kenneth Walker,4567048,RB,RB,2022,3.6418404671474622,3.4077571143434127,0.23408335280404957,3.197448374236259,0.4443920929112033,3.189693758368598,3.6588410218895584,v1.0.0,v1.0.0
Keilan Robinson,4567095,RB,RB,2024,1.1451351194023418,3.2665723654677077,-2.1214372460653657,3.041194530303351,-1.8960594109010092,3.037149564561277,3.5712885942843946,v1.0.0,v1.0.0
John Metchie,4567096,WR,WR,2022,3.5373387424002383,3.288532852654119,0.2488058897461194,2.9842782469271594,0.5530604954730789,3.0601760216795992,3.4876370126378764,v1.0.0,v1.0.0
Jordan Battle,4567098,DB,DB,2023,3.512573842349263,3.60131928681443,-0.08874544446516719,3.602678562589651,-0.09010472024038796,3.4208771892649956,3.7762520125912507,v1.0.0,v1.0.0
Christian Harris,4567099,LB,LB,2022,3.4815998671745847,3.222027647274188,0.2595722199003969,3.106367569835904,0.3752322973386808,3.037997949847927,3.5012820663562643,v1.0.0,v1.0.0
Will Reichard,4567104,K,ST,2024,2.936430038305891,3.2215475857729134,-0.28511754746702245,2.94374152074303,-0.007311482437139194,2.940883818176058,3.5355857384626885,v1.0.0,v1.0.0
DeMarcco Hellams,4567111,DB,DB,2023,3.0404973649442106,3.168379821764474,-0.12788245682026345,3.074683529998043,-0.03418616505383243,2.9710575609643466,3.3679523952835377,v1.0.0,v1.0.0
Byron Young,4567123,DT,IDL,2023,2.912533449240207,2.8933645130249306,0.01916893621527649,2.9766317896465977,-0.06409834040639062,2.4765100614390314,3.3655290891677745,v1.0.0,v1.0.0
Evan Neal,4567134,OT,OL,2022,2.4302874475538276,2.9116318830041044,-0.4813444354502767,3.232821996930183,-0.8025345493763552,2.648118602247676,3.198219279623049,v1.0.0,v1.0.0
Justin Eboigbe,4567138,DT,IDL,2024,2.863455195111033,3.1775993132780536,-0.31414411816702037,3.040190861099638,-0.17673566598860502,2.866444539236465,3.5044545858072635,v1.0.0,v1.0.0
Treylon Burks,4567156,WR,WR,2022,3.2135152637140565,3.104691706318388,0.1088235573956684,3.195209319643134,0.018305944070922564,2.842689476309921,3.4538211977679967,v1.0.0,v1.0.0
Beaux Limmer,4567175,C,OL,2024,2.6554775013275047,3.468515156617294,-0.8130376552897891,3.404904756762202,-0.7494272554346972,3.2452668140072447,3.68872159275261,v1.0.0,v1.0.0
Owen Pappoe,4567219,LB,LB,2023,3.486827902587483,3.5682191231969247,-0.08139122060944182,3.3808747690612395,0.10595313352624336,3.2699691636469064,3.9129943589884166,v1.0.0,v1.0.0
Nehemiah Pritchett,4567222,CB,DB,2024,3.064574191536438,3.2829606809235843,-0.2183864893871461,3.1704926623130305,-0.10591847077659233,3.0633875608722234,3.57916760240416,v1.0.0,v1.0.0
Colby Wooden,4567224,DE,EDGE,2023,3.460019979540351,3.6933910254762736,-0.23337104593592262,3.6226877962610735,-0.1626678167207225,3.2519276207493917,4.200094305324414,v1.0.0,v1.0.0
Jaylin Simpson,4567225,SAF,OTHER,2024,0.6417787318052229,2.2571199007696636,-1.6153411689644406,3.1325042831862038,-2.4907255513809807,1.638454690629983,2.919832957125341,v1.0.0,v1.0.0
Derick Hall,4567226,EDGE,EDGE,2023,3.4735621360271987,3.346530395657022,0.12703174037017684,3.1936996138986866,0.27986252212851204,3.1616994649004386,3.588436511910378,v1.0.0,v1.0.0
Snoop Conner,4567246,RB,RB,2022,1.940930471343771,3.306407599937751,-1.3654771285939802,3.304455997191695,-1.363525525847924,3.03692430696267,3.5869215889302777,v1.0.0,v1.0.0
Kaiir Elam,4567399,CB,DB,2022,3.535238532571787,3.358542269032859,0.1766962635389282,3.4044113744742837,0.13082715809750356,3.1747135741818,3.5421689717446894,v1.0.0,v1.0.0
Ty'Ron Hopper,4567406,LB,LB,2024,3.2119768491235505,3.083644128429934,0.12833272069361668,2.9881555217652878,0.22382132735826277,2.8740000844724922,3.2936686423291848,v1.0.0,v1.0.0
Damarion Williams,4567480,CB,DB,2022,2.422444344869869,3.1093048570165642,-0.6868605121466951,2.875604869086793,-0.45316052421692365,2.8313462010168764,3.40628388872973,v1.0.0,v1.0.0
Gervarrius Owens,4567482,DB,DB,2023,1.1451351194023418,3.199890167506475,-2.0547550481041332,2.978232517429539,-1.8330973980271972,2.9077347211206943,3.501920615399894,v1.0.0,v1.0.0
Emeka Egbuka,4567750,WR,WR,2025,2.723108274324083,3.3662330969614396,-0.6431248226373567,3.0696576064411247,-0.34654933211704186,3.125851896460486,3.555737210036238,v1.0.0,v1.0.0
Jermaine Johnson II,4567962,DE,EDGE,2022,3.4954301761653195,3.303638249044363,0.19179192712095627,3.1692804304456272,0.32614974571969224,3.0985330291303703,3.542912253438024,v1.0.0,v1.0.0
Seneca Wallace,4568,QB,QB,2003,3.7231298986418215,3.3118678355835223,0.41126206305829927,3.3076337383100434,0.41549616033177816,2.7549001044339976,3.846664934351373,v1.0.0,v1.0.0
Jay Ward,4568007,CB,DB,2023,3.4998283359468187,3.2520519152468514,0.2477764206999673,3.141963476251655,0.3578648596951637,3.005860985130382,3.451653795452841,v1.0.0,v1.0.0
Tyler Davis,4568217,DT,IDL,2024,3.1928578237394594,3.309874273075523,-0.11701644933606348,3.255205225486178,-0.06234740174671849,2.894409760742339,3.676014495527502,v1.0.0,v1.0.0
Amaré Barno,4568439,EDGE,EDGE,2022,3.0741435672906428,3.5460007206249684,-0.47185715333432565,3.3010724940750964,-0.22692892678445364,3.2425271906853945,3.93861354036826,v1.0.0,v1.0.0
RJ Harvey,4568490,RB,RB,2025,2.723108274324083,3.2123448443520046,-0.48923657002792176,3.361329928339001,-0.6382216540149179,2.9007083400688076,3.585916493558305,v1.0.0,v1.0.0
Garrett Williams,4568506,CB,DB,2023,3.270741920076855,3.2168436797970728,0.05389824027978207,3.0067685613488355,0.2639733587280193,3.021568023113166,3.411445709557145,v1.0.0,v1.0.0
Matthew Bergeron,4568510,OT,OL,2023,3.4461896705496162,2.80800975608283,0.6381799144667863,2.8987222762479723,0.5474673943016439,2.5215463792975497,3.083405576148396,v1.0.0,v1.0.0
Jordan Magee,4568617,LB,LB,2024,3.0057495495866404,3.2708901499998473,-0.26514060041320686,3.107025293021966,-0.10127574343532553,3.1063311195367533,3.4716120282421055,v1.0.0,v1.0.0
Dorian Williams,4568624,LB,LB,2023,3.4998283359468187,3.4222716661360444,0.07755666981077436,3.133257949027402,0.3665703869194168,3.2299877158878334,3.6398911303614203,v1.0.0,v1.0.0
Tyler Smith,4568652,OT,OL,2022,3.340141104103564,3.2914924617267176,0.04864864237684641,3.4725532420991216,-0.13241213799555762,3.1361850874941144,3.465556618218791,v1.0.0,v1.0.0
Dorian Strong,4568703,CB,DB,2025,1.345801546169376,3.2692281993149144,-1.9234266531455384,3.237043246859425,-1.8912417006900488,3.080987138736099,3.441675736412395,v1.0.0,v1.0.0
Terrence McGee,4569,CB,DB,2003,4.273311555407383,3.6602106051022374,0.6131009503051454,3.498243478336357,0.7750680770710257,3.560460783955278,3.7854965149138553,v1.0.0,v1.0.0
Rhamondre Stevenson,4569173,RB,RB,2021,3.7841173901632863,3.2784412390447057,0.5056761511185806,3.5179851838502834,0.26613220631300294,3.0340369661638924,3.5287549770418742,v1.0.0,v1.0.0
Jordan Whittington,4569382,WR,WR,2024,3.173159346567495,3.4207264137077167,-0.24756706714022148,3.2826610791854316,-0.10950173261793639,3.153380489025027,3.6298111400150392,v1.0.0,v1.0.0
Jordan Jefferson,4569448,DT,IDL,2024,1.940930471343771,3.114730432793579,-1.173799961449808,3.105037848600802,-1.164107377257031,2.8235856158645487,3.3889451061346567,v1.0.0,v1.0.0
Jack Campbell,4569465,LB,LB,2023,3.512573842349263,3.3501372483971545,0.1624365939521084,3.5645489588244392,-0.051975116475176275,2.997049380392035,3.673954026332706,v1.0.0,v1.0.0
Logan Lee,4569474,DT,IDL,2024,1.8158181812103182,3.583610929576187,-1.7677927483658686,3.538771501679801,-1.7229533204694827,3.3532241988949263,3.7708303161694863,v1.0.0,v1.0.0
Darius Robinson,4569480,DE,EDGE,2024,2.812538078173407,3.360771604006099,-0.5482335258326922,3.388623072580583,-0.576084994407176,3.1130326410673335,3.612299546197747,v1.0.0,v1.0.0
Devaughn Vele,4569559,WR,WR,2024,3.0404973649442106,3.144896053608536,-0.10439868866432533,3.161159946950685,-0.1206625820064744,2.9417450358420045,3.327232479778519,v1.0.0,v1.0.0
Ty Robinson,4569586,DT,IDL,2025,2.2560511899300453,3.564415886516808,-1.3083646965867626,3.5563725790206506,-1.3003213890906054,3.3825602485754724,3.7793828328929635,v1.0.0,v1.0.0
Wan'Dale Robinson,4569587,WR,WR,2022,3.5847863200739116,3.141624343709394,0.4431619763645176,3.055520577588848,0.5292657424850638,2.934410674477,3.3487220925796177,v1.0.0,v1.0.0
Malik Washington,4569603,WR,WR,2024,3.1528451932898274,3.4042158875600492,-0.25137069427022185,3.3786069179201816,-0.22576172463035427,3.134081194054629,3.6256093740657183,v1.0.0,v1.0.0
Cameron Mitchell,4569607,CB,DB,2023,3.4320586792359524,3.4174150020404146,0.01464367719553783,3.2660389151381097,0.1660197640978427,3.1611310825428114,3.7261208419501646,v1.0.0,v1.0.0
Garrett Wilson,4569618,WR,WR,2022,3.6418404671474622,3.162372152850382,0.47946831429708014,3.122412801259646,0.5194276658878163,2.8083175662392996,3.4924797214544223,v1.0.0,v1.0.0
Josh Simmons,4569659,OT,OL,2025,1.940930471343771,2.861476410099547,-0.920545938755776,3.088183302541262,-1.1472528311974912,2.6243968557928725,3.1031426429965747,v1.0.0,v1.0.0
Audric Estimé,4569682,RB,RB,2024,2.759613832938619,3.13450733219043,-0.37489349925181115,3.2913522281213323,-0.5317383951827135,2.816861065827734,3.4402944926392185,v1.0.0,v1.0.0
Matt Wilhelm,4570,ILB,LB,2003,4.021800773796491,3.1902361143661198,0.831564659430371,3.3727977997165697,0.649002974079921,2.854482820073637,3.523801789796427,v1.0.0,v1.0.0
Terrance Ferguson,4570037,TE,TE,2025,2.5095420008001468,3.567994386505655,-1.0584523857055084,3.205721210299132,-0.6961792094989852,3.2365431395774618,3.901330557155561,v1.0.0,v1.0.0
Jaquan Brisker,4570044,S,DB,2022,3.5604844242273583,3.378088087466054,0.1823963367613044,3.3449690770317537,0.2155153471956046,3.2194544101767013,3.542534851232628,v1.0.0,v1.0.0
Alex Wright,4570119,DE,EDGE,2022,3.5479840389742314,3.478089770503438,0.06989426847079327,3.2623300703806515,0.28565396859357994,3.202652800046519,3.763690014741858,v1.0.0,v1.0.0
David Bell,4570409,WR,WR,2022,3.2183476152534807,2.92406654133707,0.29428107391641056,3.0206384973054528,0.19770911794802792,2.5991338307412173,3.2728593315087187,v1.0.0,v1.0.0
Jalen Graham,4570410,LB,LB,2023,2.3868481303175892,3.279876838266172,-0.8930287079485826,2.9571207294207835,-0.5702725991031943,2.972547806586465,3.6119755286008677,v1.0.0,v1.0.0
Marcus Harris,4570469,DT,IDL,2024,2.5095420008001468,3.3284372166363294,-0.8188952158361826,3.243497616318834,-0.733955615518687,3.0829221956233908,3.561361338265066,v1.0.0,v1.0.0
Nahshon Wright,4570470,DB,DB,2021,3.5222380992124513,2.9229676785986185,0.5992704206138328,2.999788315775288,0.5224497834371635,2.6331931779096895,3.2215622923647764,v1.0.0,v1.0.0
Eric Gray,4570561,RB,RB,2023,3.183687955948746,2.41098832482038,0.7726996311283658,2.821356047122337,0.362331908826409,2.043302939448967,2.746005578571461,v1.0.0,v1.0.0
Wanya Morris,4570577,OT,OL,2023,2.723108274324083,2.9527502596200086,-0.22964198529592572,3.1369517369541438,-0.4138434626300609,2.787975221840271,3.162228228964669,v1.0.0,v1.0.0
Cam Smith,4570672,CB,DB,2023,2.812538078173407,3.13497663605454,-0.3224385578811333,3.0366073378089853,-0.22406925963557844,2.9299548787695224,3.328326349552505,v1.0.0,v1.0.0
Kevin Harris,4570674,RB,RB,2022,1.9594796171115287,2.5712011643498824,-0.6117215472383537,3.0535255772385512,-1.0940459601270225,2.2186323983702834,2.9460672719139476,v1.0.0,v1.0.0
Nick Eason,4572,DT,IDL,2003,4.22307223321896,3.6081925040925467,0.6148797291264132,3.5202157965672614,0.7028564366516985,3.3172411786868508,3.857351721197694,v1.0.0,v1.0.0
DJ Turner,4572036,CB,DB,2023,3.4320586792359524,3.240775153328856,0.1912835259070964,3.1693967542448167,0.2626619249911357,3.035612178789514,3.4237337311896843,v1.0.0,v1.0.0
Mike Morris,4572055,DE,EDGE,2023,3.2183476152534807,3.2308742566143067,-0.01252664136082604,3.270097710221285,-0.05175009496780447,2.957696753615654,3.496314466959502,v1.0.0,v1.0.0
Tucker Kraft,4572680,TE,TE,2023,3.3877233167187057,3.5892019253883434,-0.20147860866963763,3.556022505177297,-0.16829918845859115,3.4229313166977424,3.7529289892138418,v1.0.0,v1.0.0
Lee Suggs,4573,RB,RB,2003,3.009975397161222,3.4710151519785177,-0.46103975481729575,3.359060302147419,-0.34908490498619704,3.2335296643310305,3.6996955397441837,v1.0.0,v1.0.0
Nickolas Martin,4573188,LB,LB,2025,1.8158181812103182,3.4256683642625902,-1.609850183052272,3.2804493710818274,-1.4646311898715092,3.158924210463586,3.8018804029814466,v1.0.0,v1.0.0
Jackson Hawes,4573699,TE,TE,2025,2.723108274324083,3.4439322999242723,-0.7208240256001894,3.282495900305008,-0.559387625980925,2.9813234958231076,3.812402555927824,v1.0.0,v1.0.0
Ian Scott,4574,DT,IDL,2003,3.695343292409548,3.5102699649487863,0.18507332746076166,3.280673166356023,0.41467012605352505,3.2547887247446363,3.7283370801154887,v1.0.0,v1.0.0
Trey Amos,4574689,CB,DB,2025,2.1593671492279647,3.32754669021837,-1.1681795409904052,3.2702405511385297,-1.110873401910565,3.1623100867773184,3.503482792497083,v1.0.0,v1.0.0
Dan Klecko,4575,DT,IDL,2003,3.745584302857773,3.5037581257741808,0.24182617708359233,3.5402689469666955,0.20531535589107763,3.2536461254307,3.8003576130585266,v1.0.0,v1.0.0
Devon Witherspoon,4575431,CB,DB,2023,3.4028402771254793,3.09056945790212,0.3122708192233592,2.9194674551136384,0.48337282201184095,2.8795389659933255,3.281596534013309,v1.0.0,v1.0.0
Kyle Hamilton,4575517,S,DB,2022,3.6942882594600555,3.3961717313857944,0.29811652807426103,3.362075364139561,0.33221289532049436,3.15067117428709,3.6047104687168825,v1.0.0,v1.0.0
Jacob Cowing,4575665,WR,WR,2024,2.5844329182448638,3.128862002643589,-0.5444290843987254,3.1428942950417897,-0.558461376796926,2.9560762918860966,3.3403245623518436,v1.0.0,v1.0.0
Jeremi Johnson,4576,FB,RB,2003,4.017611319447864,3.1205297786436965,0.8970815408041677,3.370735605062513,0.6468757143853514,2.646688776474698,3.5301665423806696,v1.0.0,v1.0.0
AJ Barner,4576297,TE,TE,2024,3.2119768491235505,3.2097553046991965,0.0022215444243540716,3.0422628930282123,0.16971395609533824,2.964489147153505,3.5238537008059323,v1.0.0,v1.0.0
Colin Branch,4577,S,DB,2003,3.4735621360271987,3.4877794191559297,-0.01421728312873105,3.4862555354833487,-0.01269339945615,3.32471574534168,3.6633703850185975,v1.0.0,v1.0.0
Asante Samuel,4578,CB,DB,2003,4.4587874575073245,3.4614488395979186,0.9973386179094059,3.3594800968528538,1.0993073606544708,3.3456016095313292,3.5830345914250943,v1.0.0,v1.0.0
Jared Verse,4578085,EDGE,EDGE,2024,3.2119768491235505,3.6090885241060016,-0.39711167498245104,3.500707753788341,-0.28873090466479034,3.398462457201771,3.787685947910437,v1.0.0,v1.0.0
Justin Griffith,4579,FB,RB,2003,4.045012691500104,3.574219997908455,0.4707926935916493,3.2570072180540084,0.7880054734460957,3.0725223657416656,3.9577678939100522,v1.0.0,v1.0.0
Steve Sciullo,4580,OT,OL,2003,2.4302874475538276,3.3231581844899147,-0.8928707369360871,3.4789120732023044,-1.0486246256484768,3.1749902402550965,3.4493610682918963,v1.0.0,v1.0.0
Brandon Lloyd,4582,WR,WR,2003,4.427073850797194,2.8588858028881377,1.568188047909056,2.9584144273734068,1.4686594234237869,2.4986050666659607,3.2550022896602138,v1.0.0,v1.0.0
Rien Long,4584,DT,IDL,2003,3.340141104103564,3.415047368343393,-0.07490626423982905,3.362302108062859,-0.022161003959294767,3.055520924736574,3.7058224260427792,v1.0.0,v1.0.0
Sam Aiken,4585,WR,WR,2003,4.063977728230309,3.2459988457126374,0.8179788825176719,3.181557337230498,0.8824203909998114,2.886408382827315,3.537020962424686,v1.0.0,v1.0.0
Jaylin Noel,4586312,WR,WR,2025,2.723108274324083,3.399970480873058,-0.6768622065489751,3.652524909619644,-0.9294166352955613,3.1393922614640832,3.66583586583688,v1.0.0,v1.0.0
Mekhi Wingo,4586333,DT,IDL,2024,2.3124415619933303,3.2239103128214373,-0.911468750828107,3.312190247455339,-0.9997486854620088,2.9453534046239462,3.5184263639945628,v1.0.0,v1.0.0
Shurron Pierson,4587,DE,EDGE,2003,2.2332680792706037,3.1451205013596866,-0.9118524220890829,3.161418091035157,-0.9281500117645534,2.937065295864924,3.376997571514584,v1.0.0,v1.0.0
Kobe King,4588300,LB,LB,2025,2.85691210955678,3.140648362651359,-0.28373625309457884,3.039400368553052,-0.1824882589962722,2.9058107713836274,3.358336957629544,v1.0.0,v1.0.0
Jamaal Green,4589,DE,EDGE,2003,1.940930471343771,3.3299180035977605,-1.3889875322539895,3.413141179301023,-1.472210707957252,3.092644137394765,3.567338039632057,v1.0.0,v1.0.0
Jeremy Crawshaw,4589212,P,ST,2025,2.723108274324083,3.3561999855475504,-0.6330917112234675,2.9972445385705844,-0.2741362642465015,2.7922011437245544,3.7570787637985736,v1.0.0,v1.0.0
LaBrandon Toefield,4590,RB,RB,2003,3.4388430247339876,3.560595681876706,-0.12175265714271832,3.6063947271565087,-0.16755170242252104,3.3450141114957614,3.771441462537932,v1.0.0,v1.0.0
Omarr Norman-Lott,4591008,DT,IDL,2025,1.5216626918475837,2.6125774853644446,-1.0909147935168608,2.7636068015588986,-1.2419441097113149,2.2727748270636927,2.955429402538276,v1.0.0,v1.0.0
Ovie Mughelli,4592,FB,RB,2003,4.1652563673082375,3.2903680329193965,0.874888334388841,3.203788766574642,0.9614676007335956,2.7732474328701735,3.674515469585024,v1.0.0,v1.0.0
Terrion Arnold,4592837,CB,DB,2024,2.9599211317095553,3.1834544493983428,-0.22353331768878748,3.062302984295449,-0.10238185258589372,3.037464509151002,3.3462045132701483,v1.0.0,v1.0.0
Solomon Bates,4593,ILB,LB,2003,2.586733052501921,3.345531498085984,-0.7587984455840626,3.2844869412234217,-0.6977538887215005,3.091974940327977,3.629298908303797,v1.0.0,v1.0.0
Khalid Abdullah,4594,OLB,EDGE,2003,2.6554775013275047,3.436492811842605,-0.7810153105151003,3.4538694573604305,-0.7983919560329258,3.246573969119804,3.6324509265033775,v1.0.0,v1.0.0
Jaylin Smith,4594277,CB,DB,2025,1.345801546169376,3.1559351217416785,-1.8101335755723025,3.0540628008323187,-1.7082612546629428,2.991971728072208,3.332590376126253,v1.0.0,v1.0.0
Terrence Holt,4595,S,DB,2003,3.8227117063286284,3.596320820390775,0.22639088593785361,3.5332334505622445,0.289478255766384,3.445275799992619,3.723971827719076,v1.0.0,v1.0.0
Oronde Gadsden II,4595342,TE,TE,2025,2.5844329182448638,3.225899671473066,-0.6414667532282023,2.7515150445419807,-0.16708212629711694,2.82272461242999,3.683826780439476,v1.0.0,v1.0.0
Malik Nabers,4595348,WR,WR,2024,2.704490561053983,3.3628435262671643,-0.6583529652131812,3.0581590179880984,-0.3536684569341153,3.141894729340372,3.5609505924271314,v1.0.0,v1.0.0
Kamren Kinchens,4596363,SAF,OTHER,2024,3.2119768491235505,2.978844961142371,0.23313188798117945,3.1464826211713963,0.0654942279521542,2.5429700885436493,3.3184378411453537,v1.0.0,v1.0.0
Dominic Lovett,4596439,WR,WR,2025,1.6770794524643968,3.2025908935421024,-1.5255114410777055,3.137921496655063,-1.460842044190666,2.9046000184006897,3.5223093130619563,v1.0.0,v1.0.0
Bucky Irving,4596448,RB,RB,2024,3.064574191536438,3.0775567235967816,-0.012982532060343388,2.9756015858004776,0.08897260573596055,2.845488781808793,3.3255084379916133,v1.0.0,v1.0.0
Jordan Hancock,4596480,CB,DB,2025,2.4302874475538276,3.198866776349157,-0.7685793287953295,3.031148054495599,-0.6008606069417715,3.0190789533469804,3.359732837029304,v1.0.0,v1.0.0
Brashard Smith,4596602,RB,RB,2025,2.723108274324083,3.2235743671599173,-0.5004660928358344,3.101973003807243,-0.3788647294831602,3.0184167439735194,3.4855966020886897,v1.0.0,v1.0.0
Bobby Wade,4597,WR,WR,2003,4.121197348513228,3.2836252751050394,0.8375720734081882,3.171550278551668,0.9496470699615598,3.0802187412517767,3.51317380727187,v1.0.0,v1.0.0
Adonai Mitchell,4597500,WR,WR,2024,3.3320540162031205,3.2228940535020296,0.10915996270109085,3.2673838351227933,0.06467018108032718,2.982574151868829,3.4342969312042118,v1.0.0,v1.0.0
Tory Horton,4597703,WR,WR,2025,1.940930471343771,3.073973209219659,-1.133042737875888,3.198070952408729,-1.2571404810649582,2.7022995617718877,3.4735963752823453,v1.0.0,v1.0.0
Derek Pagel,4598,S,DB,2003,2.704490561053983,3.668707899757838,-0.9642173387038548,3.6479048240507486,-0.9434142629967655,3.4874166222169203,3.824765427658241,v1.0.0,v1.0.0
Kenny King,4599,DE,EDGE,2003,2.2560511899300453,3.5698009325326203,-1.313749742602575,3.449151835043415,-1.1931006451133697,3.3875595326315966,3.7473123827796138,v1.0.0,v1.0.0
Kendre Miller,4599739,RB,RB,2023,2.7280462042748432,2.752531439105731,-0.024485234830887936,3.0521704238892258,-0.32412421961438254,2.39073034117942,3.0996334435757014,v1.0.0,v1.0.0
Pat Bryant,4600981,WR,WR,2025,2.5844329182448638,3.182302692007346,-0.5978697737624823,3.092777647558471,-0.5083447293136074,2.981871329239778,3.357578461947705,v1.0.0,v1.0.0
Justin Gage,4601,WR,WR,2003,4.097148190238399,3.486333912610946,0.610814277627453,3.497917556669793,0.599230633568606,3.294606197865918,3.7158721229057114,v1.0.0,v1.0.0
Jaylon Carlies,4601021,SAF,OTHER,2024,2.3124415619933303,2.4119597074787156,-0.09951814548538529,3.3098498997409984,-0.9974083377476681,1.9306235895240997,2.794757533597903,v1.0.0,v1.0.0
Nate Wiggins,4601278,CB,DB,2024,3.173159346567495,3.122157832724608,0.0510015138428872,3.098289141133621,0.07487020543387413,2.902630229779262,3.3066337266357038,v1.0.0,v1.0.0
Andrew Mukuba,4602197,SAF,OTHER,2025,2.2560511899300453,2.745276362297625,-0.48922517236757956,3.359383730320458,-1.1033325403904128,2.294362233069208,3.066498778217306,v1.0.0,v1.0.0
Jeffrey Bassa,4602389,LB,LB,2025,2.723108274324083,3.4529023086076327,-0.7297940342835498,3.3541251869609416,-0.6310169126368588,3.1736049730263685,3.8334052705834147,v1.0.0,v1.0.0
Kamari Lassiter,4602699,CB,DB,2024,3.131875632847984,3.4424723581330596,-0.3105967252850754,3.2423207205553335,-0.11044508770734929,3.1767052878323505,3.707243556005389,v1.0.0,v1.0.0
Kindal Moorehead,4603,DE,EDGE,2003,3.968663470456179,3.442506021048493,0.5261574494076862,3.31326840866001,0.655395061796169,3.2209046615478356,3.66946585376536,v1.0.0,v1.0.0
Jack Bech,4603186,WR,WR,2025,2.6554775013275047,3.28316925392249,-0.6276917525949854,3.2744080124589177,-0.618930511131413,2.976936653590058,3.6103756957836293,v1.0.0,v1.0.0
Aubrayo Franklin,4604,DT,IDL,2003,4.393733209445286,3.1506086153374855,1.2431245941078006,3.1074686534642804,1.2862645559810058,2.7342883554860933,3.553320262086446,v1.0.0,v1.0.0
James Lee,4605,DT,IDL,2003,2.0548197685407565,3.5173049302549724,-1.4624851617142158,3.5652634892473536,-1.510443720706597,3.3000407457792758,3.7066473395942077,v1.0.0,v1.0.0
Decamerion Richardson,4605498,CB,DB,2024,3.064574191536438,3.1792075788355127,-0.11463338729907457,3.154858733882412,-0.09028454234597394,2.981785414394161,3.345894900439914,v1.0.0,v1.0.0
Taliese Fuaga,4606711,OT,OL,2024,2.4302874475538276,3.0766963076682456,-0.646408860114418,3.290384323901831,-0.8600968763480035,2.9054925728018057,3.292378092127572,v1.0.0,v1.0.0
Mike Scifres,4607,P,ST,2003,4.630856775303151,4.004934202247183,0.6259225730559681,3.492340515045654,1.138516260257497,3.604220910393196,4.388556432919309,v1.0.0,v1.0.0
Matt Walters,4608,DE,EDGE,2003,2.2560511899300453,3.53853056270047,-1.2824793727704247,3.5821952305918794,-1.3261440406618341,3.3595068497503195,3.762397414178242,v1.0.0,v1.0.0
Quinn Meinerz,4608138,OL,OTHER,2021,3.6942882594600555,3.516228700433921,0.17805955902613446,3.4523164488689058,0.2419718105911497,3.046411951402222,3.970311737286947,v1.0.0,v1.0.0
Kyle Monangai,4608686,RB,RB,2025,2.723108274324083,3.1803192673241085,-0.45721099300002566,3.101749416843654,-0.37864114251957126,2.8903071357185404,3.407325296324727,v1.0.0,v1.0.0
Tez Johnson,4608810,WR,WR,2025,2.6554775013275047,2.992390267443995,-0.3369127661164901,3.1207840187115496,-0.46530651738404494,2.6490088081776464,3.274997439590515,v1.0.0,v1.0.0
Michael Lehan,4610,CB,DB,2003,3.785291302644668,3.5214150459344915,0.26387625671017645,3.4658697915012184,0.3194215111434495,3.446599203404432,3.6156221732820084,v1.0.0,v1.0.0
Nohl Williams,4610705,CB,DB,2025,2.723108274324083,3.375844343212403,-0.6527360688883199,3.322623914535539,-0.5995156402114561,3.255222432007927,3.5163126646175633,v1.0.0,v1.0.0
Jordan Black,4611,OT,OL,2003,3.1528451932898274,3.37560374251462,-0.22275854922479255,3.4284322713590356,-0.27558707806920824,3.2239661190875335,3.5142625497662516,v1.0.0,v1.0.0
Ben Bartch,4611506,OL,OTHER,2020,1.5216626918475837,2.5932197037116262,-1.0715570118640425,3.1070465609684166,-1.5853838691208328,2.2226956213845246,2.9821595161732883,v1.0.0,v1.0.0
Joshua Farmer,4611993,DT,IDL,2025,2.4302874475538276,3.1989310110742437,-0.7686435635204161,3.270943144798455,-0.8406556972446273,2.9354180603176148,3.4067064000456324,v1.0.0,v1.0.0
Donnie Nickey,4612,S,DB,2003,4.23634438270206,3.5305298638097464,0.7058145188923137,3.494840974202586,0.741503408499474,3.3825444567002116,3.666339029610018,v1.0.0,v1.0.0
Felix Anudike-Uzomah,4612387,EDGE,EDGE,2023,3.2119768491235505,3.162109924179669,0.049866924943881674,3.0588738791539174,0.15310296996963313,2.9346596385169725,3.404136546801219,v1.0.0,v1.0.0
Ladd McConkey,4612826,WR,WR,2024,3.173159346567495,3.207247808169695,-0.03408846160219969,3.285578816094583,-0.11241946952708792,3.0351522255146106,3.3959755365907878,v1.0.0,v1.0.0
Malachi Corley,4613104,WR,WR,2024,2.863455195111033,3.469059296447353,-0.6056041013363198,3.143069257201847,-0.27961406209081385,3.181712905113001,3.7310821441874538,v1.0.0,v1.0.0
Kyle Williams,4613202,WR,WR,2025,2.723108274324083,3.270316096801436,-0.5472078224773531,3.1740315451780825,-0.45092327085399964,3.09233373283232,3.4518261531384136,v1.0.0,v1.0.0
Donald Lee,4614,TE,TE,2003,4.306053276985419,3.335175783528764,0.9708774934566549,3.3792643439519883,0.9267889330334307,2.90549215802653,3.634202128568243,v1.0.0,v1.0.0
Adrian Madise,4616,WR,WR,2003,2.2560511899300453,3.190598587399135,-0.9345473974690899,3.2078540827533857,-0.9518028928233404,2.944209645783028,3.4886187944808205,v1.0.0,v1.0.0
David Diehl,4618,OG,OL,2003,4.364231620499639,3.261295658341842,1.1029359621577974,3.311040573546132,1.0531910469535073,3.0736806003728003,3.4053766296576407,v1.0.0,v1.0.0
Aaron Walker,4619,TE,TE,2003,3.5966048274779854,3.4707990401718227,0.12580578730616265,3.4100499096925447,0.18655491778544064,3.092013989388642,3.820767619719661,v1.0.0,v1.0.0
Keyon Whiteside,4620,ILB,LB,2003,2.2332680792706037,3.3670806889719564,-1.1338126097013528,3.211305631820073,-0.9780375525494693,3.0653496422155118,3.6271546572238655,v1.0.0,v1.0.0
Dan Koppen,4622,C,OL,2003,3.619616080061081,3.3827495377491026,0.23686654231197846,3.2421970485558433,0.3774190315052377,3.137347206189688,3.5934529795502717,v1.0.0,v1.0.0
Doug Gabriel,4625,WR,WR,2003,3.5847863200739116,3.4269234308355383,0.15786288923837333,3.3615342651489284,0.22325205492498323,3.2711772185979076,3.612668775889277,v1.0.0,v1.0.0
Sean Mahan,4626,OG,OL,2003,3.173159346567495,3.4585171665287198,-0.28535781996122456,3.4509981715332603,-0.27783882496576506,3.2854184080910995,3.5957820573406094,v1.0.0,v1.0.0
Shane Walton,4628,CB,DB,2003,1.345801546169376,3.198409758809443,-1.8526082126400671,3.120060664155263,-1.7742591179858869,3.0273198276706346,3.3944890104217826,v1.0.0,v1.0.0
Tron LaFavor,4629,DT,IDL,2003,1.345801546169376,3.232206741325496,-1.8864051951561198,3.2199178845033627,-1.8741163383339867,2.9807321841331333,3.4739241325383015,v1.0.0,v1.0.0
Tyrion Ingram-Dawkins,4629149,DT,IDL,2025,2.5095420008001468,3.3927507117587954,-0.8832087109586486,3.4338468936169675,-0.9243048928168207,3.137072255320784,3.6851118355543884,v1.0.0,v1.0.0
Kevin Garrett,4630,CB,DB,2003,2.868907891409407,3.6300466983798714,-0.7611388069704645,3.476536367397973,-0.607628475988566,3.4319060682863785,3.862304147819492,v1.0.0,v1.0.0
Tony Pashos,4631,OT,OL,2003,3.4176136403258908,3.452628287886462,-0.035014647560571266,3.756175825582439,-0.33856218525654835,3.23554655517606,3.709908019752966,v1.0.0,v1.0.0
Langston Moore,4632,DT,IDL,2003,3.57999730376674,3.6846819427252364,-0.10468463895849656,3.6397458316975277,-0.05974852793078789,3.412415602861691,3.9816091880850686,v1.0.0,v1.0.0
Brandon Green,4634,DE,EDGE,2003,3.183687955948746,3.7182458123451574,-0.5345578563964115,3.5131543534462537,-0.32946639749750783,3.545357743060017,3.874303950084211,v1.0.0,v1.0.0
Reggie Wells,4635,OT,OL,2003,3.567024266341811,3.4235210879389366,0.1435031784028742,3.3332017555658937,0.2338225107759171,3.1596838347282032,3.6718895015385176,v1.0.0,v1.0.0
Keon Coleman,4635008,WR,WR,2024,3.0404973649442106,3.2037475361132137,-0.1632501711690031,3.137310490278069,-0.09681312533385844,3.000819099461068,3.3897306946941215,v1.0.0,v1.0.0
B.J. Tucker,4636,CB,DB,2003,2.057714358921055,3.4222157075212647,-1.3645013486002098,3.404824771147736,-1.347110412226681,3.2329588149063913,3.627908793297795,v1.0.0,v1.0.0
Eddie Johnson,4638,P,ST,2003,2.5095420008001468,3.701018115710783,-1.1914761149106363,3.3551347939783653,-0.8455927931782186,3.0316892579935284,4.321404875243841,v1.0.0,v1.0.0
Gerome Sapp,4640,S,DB,2003,3.755852067402456,3.3287602328494974,0.4270918345529586,3.288984377726156,0.4668676896763002,3.1266598402465093,3.5596607269035125,v1.0.0,v1.0.0
Rashad Moore,4641,DT,IDL,2003,3.4530238369508592,3.4287265540954626,0.024297282855396674,3.4587397277453817,-0.005715890794522505,3.2495826515978736,3.636481635959201,v1.0.0,v1.0.0
Jeremy Bridges,4643,OG,OL,2003,3.372246395067789,3.339454431565782,0.03279196350200664,3.2698576638428922,0.10238873122489656,3.1340952873402745,3.476363664190305,v1.0.0,v1.0.0
Lauvale Sape,4645,DT,IDL,2003,2.0548197685407565,3.2690871295902157,-1.2142673610494592,3.171492586628954,-1.1166728180881975,3.033962723086198,3.5228483401256443,v1.0.0,v1.0.0
Hanik Milligan,4646,S,DB,2003,3.5727489390252067,3.4326345261843607,0.14011441284084603,3.37119573414959,0.20155320487561657,3.2483944844502344,3.622224119747554,v1.0.0,v1.0.0
Jimmy Wilkerson,4647,DE,EDGE,2003,4.209701308755482,3.452783350432121,0.7569179583233616,3.436605532636357,0.7730957761191255,3.2975111533904617,3.62907653389977,v1.0.0,v1.0.0
Joe Odom,4649,OLB,EDGE,2003,3.035568106998676,3.486637718496542,-0.4510696114978656,3.552818183373312,-0.5172500763746357,3.3025333898693194,3.6648902961715857,v1.0.0,v1.0.0
Antonio Garay,4653,DE,EDGE,2003,3.6040935902907383,3.8630164097186075,-0.2589228194278692,3.493337972693433,0.11075561759730546,3.6421850909112297,4.09858841109999,v1.0.0,v1.0.0
LaTarence Dunbar,4654,WR,WR,2003,1.5216626918475837,2.9997137813304526,-1.478051089482869,3.0240346238668345,-1.5023719320192508,2.7325685706685463,3.265249962344484,v1.0.0,v1.0.0
Arnaz Battle,4655,WR,WR,2003,4.200559160388169,3.5223027074425066,0.6782564529456621,3.4717621950308817,0.728796965357287,3.314892652212775,3.7289875288632985,v1.0.0,v1.0.0
Cato June,4656,S,DB,2003,3.961360022832677,3.3382559254154396,0.6231040974172375,3.2499235551681434,0.7114364676645337,3.0918929973191975,3.562423663469198,v1.0.0,v1.0.0
Kliff Kingsbury,4659,QB,QB,2003,0.6417787318052229,2.3937933399479316,-1.7520146081427086,3.3894102603689906,-2.7476315285637676,1.747306565827469,3.009227667629252,v1.0.0,v1.0.0
Torrie Cox,4663,CB,DB,2003,3.6402255435804984,3.221740677439334,0.4184848661411644,3.0758583843643077,0.5643671592161907,3.0240766490540105,3.4045850471394585,v1.0.0,v1.0.0
Makoa Freitas,4666,OG,OL,2003,2.3460445734134283,3.4130157053012544,-1.066971131887826,3.397260518320627,-1.0512159449071987,3.159827894826272,3.6883903875117223,v1.0.0,v1.0.0
Tony Gilbert,4668,ILB,LB,2003,3.765411063205758,3.4483165767635526,0.31709448644220517,3.2715225506304457,0.4938885125753121,3.146707129685838,3.7887045689202887,v1.0.0,v1.0.0
Curry Burns,4675,S,DB,2003,2.057714358921055,3.6311066195092545,-1.5733922605881996,3.5843601263202296,-1.5266457673991747,3.526861518135655,3.746538827740134,v1.0.0,v1.0.0
Cole Bishop,4676004,SAF,OTHER,2024,3.1928578237394594,2.5215762304903495,0.6712815932491099,3.1977114251077805,-0.0048536013683211365,2.125910126957716,2.8481090129366615,v1.0.0,v1.0.0
Elijah Arroyo,4678006,TE,TE,2025,2.4302874475538276,3.238581755372492,-0.8082943078186644,3.209906762524733,-0.7796193149709052,2.9908716024398467,3.5170674965846813,v1.0.0,v1.0.0
Jonathon Brooks,4678008,RB,RB,2024,1.1451351194023418,2.7356505511160862,-1.5905154317137444,3.0578645822054824,-1.9127294628031406,2.3754614662830376,3.088331611771066,v1.0.0,v1.0.0
Keenan Howry,4679,WR,WR,2003,2.7280462042748432,2.964084508420429,-0.2360383041455858,2.947670328452348,-0.21962412417750476,2.6692907960876617,3.237140690404494,v1.0.0,v1.0.0
Josh Brown,4680,K,ST,2003,4.6386287290838455,3.641473148030366,0.9971555810534793,3.3737762413236934,1.2648524877601521,3.308225003314437,3.9840122786776835,v1.0.0,v1.0.0
Trent Smith,4681,TE,TE,2003,1.5216626918475837,3.3303616773410862,-1.8086989854935025,3.3071608451052117,-1.785498153257628,3.054790883165765,3.5965156776529645,v1.0.0,v1.0.0
Cooper DeJean,4682618,CB,DB,2024,3.173159346567495,3.2401592224756097,-0.06699987590811451,3.095189507924891,0.0779698386426042,3.0674187471014234,3.4040283021680873,v1.0.0,v1.0.0
Devin Neal,4682652,RB,RB,2025,2.1593671492279647,3.169305502334037,-1.0099383531060724,3.1302517739704987,-0.970884624742534,2.9058248081635623,3.371309848199909,v1.0.0,v1.0.0
Jaylen Wright,4682745,RB,RB,2024,3.0057495495866404,3.404270803385279,-0.3985212537986387,3.1891035090946245,-0.18335395950798405,3.167939033065435,3.675489002964046,v1.0.0,v1.0.0
Derrick Harmon,4682980,DT,IDL,2025,2.3460445734134283,3.4835050452020444,-1.137460471788616,3.467212389438043,-1.1211678160246148,3.2226056303320534,3.695555601193691,v1.0.0,v1.0.0
Josaiah Stewart,4682983,EDGE,EDGE,2025,2.723108274324083,3.0994209965549344,-0.37631272223085155,3.028538445758055,-0.3054301714339722,2.8520688512015564,3.3506002930477403,v1.0.0,v1.0.0
Collin Oliver,4683059,EDGE,EDGE,2025,0.6417787318052229,3.1625715192284707,-2.5207927874232476,3.188659306121048,-2.546880574315825,2.9410403498872784,3.398038270636445,v1.0.0,v1.0.0
Xavier Worthy,4683062,WR,WR,2024,3.1528451932898274,3.193469426091117,-0.04062423280128957,3.1749187525790785,-0.022073559289251143,2.9226304702192016,3.4541409838769286,v1.0.0,v1.0.0
Mike Green,4683188,EDGE,EDGE,2025,2.723108274324083,3.0969063406160604,-0.37379806629197754,3.2315756465579337,-0.5084673722338509,2.8396583851439225,3.347222559590908,v1.0.0,v1.0.0
Danny Stutsman,4683215,LB,LB,2025,2.723108274324083,3.3313104507347835,-0.6082021764107006,3.1789627800810614,-0.4558545057569785,2.880750390103157,3.7292354676478925,v1.0.0,v1.0.0
Mitchell Evans,4683243,TE,TE,2025,2.723108274324083,3.4826370067877743,-0.7595287324636915,3.285619651562928,-0.5625113772388453,3.213765697082013,3.736149001564977,v1.0.0,v1.0.0
Riley Leonard,4683423,QB,QB,2025,1.5216626918475837,2.619483679939092,-1.0978209880915082,3.0053410171608017,-1.483678325313218,2.273142226617997,3.0180431973571458,v1.0.0,v1.0.0
Austin Booker,4683553,EDGE,EDGE,2024,3.064574191536438,2.9282178963772565,0.13635629515918168,3.0221152184122855,0.0424589731241527,2.685852317281607,3.193575011175796,v1.0.0,v1.0.0
Barryn Sorrell,4683643,EDGE,EDGE,2025,2.5095420008001468,3.6879329183163687,-1.178390917516222,3.5452990323351044,-1.0357570315349576,3.558280619002775,3.822345332917575,v1.0.0,v1.0.0
Jonas Sanker,4683813,SAF,OTHER,2025,2.723108274324083,2.529975698175001,0.19313257614908208,3.274390381734247,-0.5512821074101639,2.0510251647650963,2.8898602979403165,v1.0.0,v1.0.0
Trevin Wallace,4683815,LB,LB,2024,3.0057495495866404,3.358463084229078,-0.3527135346424375,3.236461228490605,-0.2307116789039645,3.152931728471616,3.5527438937772704,v1.0.0,v1.0.0
Donovan Ezeiruaku,4683848,EDGE,EDGE,2025,2.723108274324083,3.3321669657674184,-0.6090586914433356,3.2425091375173336,-0.5194008631932507,3.0465637249018127,3.6100964432832394,v1.0.0,v1.0.0
Walter Young,4684,WR,WR,2003,1.8526840240530842,3.407379691155496,-1.554695667102412,3.3866129493152597,-1.5339289252621755,3.1968537003300486,3.619540398812301,v1.0.0,v1.0.0
Ashton Gillotte,4684432,EDGE,EDGE,2025,2.723108274324083,2.944590478811742,-0.2214822044876592,3.071615562360855,-0.34850728803677233,2.607477639981384,3.1967274010879843,v1.0.0,v1.0.0
T.J. Sanders,4684527,DT,IDL,2025,2.3460445734134283,2.901339895068531,-0.5552953216551026,2.9321578609372834,-0.586113287523855,2.624675901789159,3.2344693739648465,v1.0.0,v1.0.0
Zach Evans,4685035,RB,RB,2023,2.1593671492279647,2.6553642029879696,-0.4959970537600049,2.9807351723918574,-0.8213680231638927,2.3205351565013093,3.0186218812545236,v1.0.0,v1.0.0
Cody Lindenberg,4685126,LB,LB,2025,2.723108274324083,3.128218516456225,-0.405110242132142,3.0396693612309043,-0.3165610869068214,2.9003453224674294,3.327675031411658,v1.0.0,v1.0.0
Jaylon Jones,4685145,CB,DB,2023,3.4176136403258908,3.4578102804657918,-0.040196640139900985,3.428646956006585,-0.011033315680694322,3.307861746079762,3.5858851987417326,v1.0.0,v1.0.0
Tanner McKee,4685201,QB,QB,2023,1.6069508975281073,2.3956220075595427,-0.7886711100314354,2.999234533864526,-1.3922836363364186,1.8478460189707269,3.0002464225502505,v1.0.0,v1.0.0
Jaden Hicks,4685232,SAF,OTHER,2024,3.2119768491235505,3.1319183936136645,0.080058455509886,3.330574955225688,-0.11859810610213728,2.559448369803896,3.8361546936530355,v1.0.0,v1.0.0
Braelon Allen,4685247,RB,RB,2024,2.812538078173407,2.629843267593949,0.1826948105794579,3.120021461247744,-0.3074833830743371,2.245522948833895,3.1020294596191738,v1.0.0,v1.0.0
Luther Burden III,4685278,WR,WR,2025,2.5844329182448638,3.4745371165817667,-0.8901041983369029,3.4638860393301707,-0.8794531210853069,3.269473297892021,3.674807330777564,v1.0.0,v1.0.0
Jihaad Campbell,4685287,LB,LB,2025,2.723108274324083,3.4197808325607792,-0.6966725582366964,3.401231643728283,-0.6781233694041999,3.0632379760419326,3.835016407535127,v1.0.0,v1.0.0
Will Campbell,4685298,OT,OL,2025,2.4302874475538276,3.108971304510123,-0.6786838569562952,3.3094421987409754,-0.8791547511871478,2.938194503775203,3.320028539511982,v1.0.0,v1.0.0
Trevor Etienne,4685350,RB,RB,2025,2.723108274324083,3.2317261294162547,-0.5086178550921718,3.251378730716416,-0.5282704563923333,3.012278038899216,3.444118652626897,v1.0.0,v1.0.0
Omarion Hampton,4685382,RB,RB,2025,2.0548197685407565,3.241905492810231,-1.1870857242694743,3.3918134923383993,-1.3369937237976428,2.9412204130935717,3.5861377158068017,v1.0.0,v1.0.0
Shemar James,4685400,LB,LB,2025,2.5095420008001468,3.2542022612803243,-0.7446602604801775,3.115838915190731,-0.6062969143905841,3.0141697101302922,3.5259618723707304,v1.0.0,v1.0.0
Will Johnson,4685408,CB,DB,2025,2.3460445734134283,3.1499477819163735,-0.8039032085029452,3.0236188049618025,-0.6775742315483742,2.9387458702716334,3.3200370944008952,v1.0.0,v1.0.0
Travis Hunter,4685415,CB/WR,OTHER,2025,1.8158181812103182,2.349827136221972,-0.5340089550116536,2.910232343504897,-1.0944141622945789,2.0435387555938607,2.6691770450913466,v1.0.0,v1.0.0
Tetairoa McMillan,4685472,WR,WR,2025,2.723108274324083,3.4473229119630355,-0.7242146376389527,3.166535554408116,-0.4434272800840331,3.191842247873,3.6585444653345327,v1.0.0,v1.0.0
Walter Nolen,4685503,DT,IDL,2025,1.6770794524643968,2.99544644424576,-1.3183669917813632,3.0182816225003424,-1.3412021700359456,2.7290907131840596,3.264725388677091,v1.0.0,v1.0.0
Malaki Starks,4685530,SAF,OTHER,2025,2.723108274324083,2.8589622499528184,-0.13585397562873558,3.4842114482081956,-0.7611031738841127,2.467527076674543,3.540050599824692,v1.0.0,v1.0.0
Shemar Stewart,4685562,EDGE,EDGE,2025,1.940930471343771,3.4675345666357815,-1.5266040952920106,3.3015273396033677,-1.3605968682595968,3.2051042823199127,3.7008181577199735,v1.0.0,v1.0.0
Azareye'h Thomas,4685596,CB,DB,2025,2.3460445734134283,3.112239732185376,-0.7661951587719478,3.050591982100595,-0.7045474086871666,2.7583004054302753,3.3899550569172763,v1.0.0,v1.0.0
Jalon Walker,4685597,LB,LB,2025,2.5844329182448638,3.203052505888166,-0.6186195876433023,3.1115197438049154,-0.5270868255600516,2.9122771632002933,3.4899821881881237,v1.0.0,v1.0.0
Kevin Winston Jr.,4685617,SAF,OTHER,2025,2.1593671492279647,2.3569119824636764,-0.1975448332357117,2.9542423012893044,-0.7948751520613397,2.064391890247053,2.664029455959506,v1.0.0,v1.0.0
Mykel Williams,4685623,EDGE,EDGE,2025,2.0548197685407565,3.2126238190526815,-1.157804050511925,3.084223572395548,-1.0294038038547915,2.9479953745331797,3.4807465122325936,v1.0.0,v1.0.0
Quinshon Judkins,4685702,RB,RB,2025,2.5095420008001468,3.3479261688927604,-0.8383841680926136,3.208371305966917,-0.6988293051667704,3.1111833392587434,3.6252953730577784,v1.0.0,v1.0.0
Bryce Young,4685720,QB,QB,2023,3.4461896705496162,2.630916634772608,0.8152730357770084,2.9054669261220933,0.5407227444275229,1.9964969769456837,3.090851877408951,v1.0.0,v1.0.0
Drew Sanders,4685721,LB,LB,2023,2.812538078173407,3.094443946460699,-0.28190586828729236,3.029904578693485,-0.217366500520078,2.854242993405569,3.33067906998589,v1.0.0,v1.0.0
Will Anderson Jr.,4685724,EDGE,EDGE,2023,3.4461896705496162,3.610923654016525,-0.16473398346690882,3.431307883098456,0.0148817874511602,3.4302281667528085,3.8312204944171198,v1.0.0,v1.0.0
Emery Jones,4685736,OT,OL,2025,1.5216626918475837,2.8591005825126086,-1.3374378906650248,3.073791769755053,-1.5521290779074692,2.6288091951096213,3.1011101777007135,v1.0.0,v1.0.0
Jalen Carter,4685759,DT,IDL,2023,3.4176136403258908,2.9928243266268346,0.42478931369905615,3.1062503776009236,0.31136326272496717,2.7769512680186432,3.291527213039871,v1.0.0,v1.0.0
Darrell Luter Jr.,4685978,CB,DB,2023,2.995843821087393,3.262558920685376,-0.2667150995979828,3.23455985515727,-0.23871603406987685,3.0804653532772304,3.4529454216946087,v1.0.0,v1.0.0
Mario Haggan,4686,ILB,LB,2003,4.3243181054443545,3.406197197334448,0.9181209081099064,3.2889416482711393,1.0353764571732151,2.9826852235578487,3.7008053219880797,v1.0.0,v1.0.0
Johnny Wilson,4686104,WR,WR,2024,2.6554775013275047,3.484512466992376,-0.8290349656648712,3.389735943410251,-0.7342584420827465,3.1807674494677647,3.794657024585029,v1.0.0,v1.0.0
Quinyon Mitchell,4686273,CB,DB,2024,3.173159346567495,3.4756885419039425,-0.3025291953364473,3.477941492584917,-0.3047821460174216,3.3155923070423645,3.645513495436244,v1.0.0,v1.0.0
CJ West,4686308,DT,IDL,2025,2.5095420008001468,3.272022978515508,-0.7624809777153612,3.2896694061856695,-0.7801274053855227,2.8789985883043423,3.6709256843263343,v1.0.0,v1.0.0
YaYa Diaby,4686334,DE,EDGE,2023,3.512573842349263,3.4604966164846336,0.05207722586462937,3.327671383862325,0.18490245848693787,3.19539518609995,3.7042087497245184,v1.0.0,v1.0.0
Cam Little,4686361,K,ST,2024,3.0281160382132595,3.017504790538267,0.010611247674992441,2.8714680036180837,0.15664803459517573,2.6253471387503753,3.4484975865585197,v1.0.0,v1.0.0
Xavier Hutchinson,4686422,WR,WR,2023,3.486827902587483,3.260595428714959,0.22623247387252388,3.2695950332265937,0.21723286936088915,3.051628279378453,3.4777390589728263,v1.0.0,v1.0.0
Perrion Winfrey,4686470,DT,IDL,2022,2.3868481303175892,3.4447758291094117,-1.0579276987918225,3.379001146435957,-0.9921530161183676,3.2060625395071387,3.669141253791906,v1.0.0,v1.0.0
Marvin Mims,4686472,WR,WR,2023,3.4735621360271987,3.150277520479831,0.32328461554736787,3.254324682729067,0.2192374532981316,2.8617144914799355,3.430512733985298,v1.0.0,v1.0.0
Tyrice Knight,4686540,LB,LB,2024,3.173159346567495,3.4727964589607616,-0.2996371123932664,3.3423510469808266,-0.16919170041333143,3.2887051092642534,3.644465935494133,v1.0.0,v1.0.0
Gunnar Helm,4686728,TE,TE,2025,2.6554775013275047,3.1915901639185518,-0.5361126625910471,3.067613905070764,-0.4121364037432591,2.777263118166809,3.767561193101056,v1.0.0,v1.0.0
Christian Gonzalez,4686772,CB,DB,2023,3.252169227988219,3.4765285560958734,-0.22435932810765458,3.420303462733339,-0.16813423474512001,3.2913246998555317,3.6583839980597546,v1.0.0,v1.0.0
Tory Taylor,4686889,P,ST,2024,3.2119768491235505,3.696271310938629,-0.4842944618150784,3.117700400445495,0.0942764486780554,3.151486129637586,4.111964130682465,v1.0.0,v1.0.0
Jakorian Bennett,4686911,CB,DB,2023,3.270741920076855,3.4680601829345092,-0.19731826285765441,3.3900268807613214,-0.11928496068446659,3.2769409877565407,3.6841877662252864,v1.0.0,v1.0.0
Andrew Pinnock,4687,FB,RB,2003,3.3088110969247433,3.833206270696076,-0.5243951737713326,3.78719630538988,-0.47838520846513655,3.4391223340618335,4.25813334987695,v1.0.0,v1.0.0
Cam Jackson,4687513,DT,IDL,2025,2.0548197685407565,3.3044408420092766,-1.24962107346852,3.2094296977954673,-1.1546099292547107,2.988967863142713,3.6336597756391527,v1.0.0,v1.0.0
Jonah Elliss,4687592,EDGE,EDGE,2024,3.131875632847984,3.0820653293604114,0.04981030348757276,3.0237632018390594,0.10811243100892476,2.8307895498040687,3.3318276042096597,v1.0.0,v1.0.0
Cam Ward,4688380,QB,QB,2025,2.723108274324083,2.6835815395114873,0.03952673481259561,3.029603805296728,-0.3064955309726449,2.3607879860779066,3.009703741777449,v1.0.0,v1.0.0
Josh Downs,4688813,WR,WR,2023,3.460019979540351,3.016313798925252,0.44370618061509903,2.9813614444126495,0.4786585351277015,2.7942988596572444,3.226641758240754,v1.0.0,v1.0.0
Javon Bullard,4688930,SAF,OTHER,2024,3.173159346567495,2.801764957102783,0.37139438946471204,3.3739447304556758,-0.20078538388818057,2.3837233161349993,3.1656474918456077,v1.0.0,v1.0.0
Maxwell Hairston,4688931,CB,DB,2025,2.2560511899300453,3.283445439017538,-1.0273942490874926,3.215585435767803,-0.9595342458377578,3.0965400043824274,3.4515969119465986,v1.0.0,v1.0.0
Talman Gardner,4689,WR,WR,2003,2.812538078173407,3.110149468054568,-0.297611389881161,3.090273772124869,-0.27773569395146236,2.7499080562449074,3.446924148686256,v1.0.0,v1.0.0
Jaxson Dart,4689114,QB,QB,2025,2.5095420008001468,2.718031182155996,-0.20848918135584915,3.0624918920484396,-0.5529498912482929,2.3868266388737283,3.06357567150176,v1.0.0,v1.0.0
Danny Gray,4689546,WR,WR,2022,2.4302874475538276,3.0732533322944535,-0.6429658847406259,3.1401964755805296,-0.709909028026702,2.8704320322175083,3.3039201998347743,v1.0.0,v1.0.0
Rasheen Ali,4690013,RB,RB,2024,2.812538078173407,2.685261814101127,0.12727626407227977,3.002715249775663,-0.19017717160225622,2.340231224522439,3.039051468566296,v1.0.0,v1.0.0
LaJohntay Wester,4690143,WR,WR,2025,2.723108274324083,2.8773942053732067,-0.1542859310491238,2.911596574290768,-0.18848829996668526,2.638723947210619,3.125291274010093,v1.0.0,v1.0.0
Elijah Roberts,4690795,EDGE,EDGE,2025,2.723108274324083,3.475729842862038,-0.7526215685379549,3.254900275763208,-0.5317920014391251,3.2393379020044746,3.7050868482756667,v1.0.0,v1.0.0
Ben Sinnott,4690923,TE,TE,2024,3.1928578237394594,3.6262812247043965,-0.43342340096493714,3.4919596004196722,-0.29910177668021287,3.282175130149523,3.978410343680803,v1.0.0,v1.0.0
Robbie Ouzts,4691688,TE,TE,2025,2.3460445734134283,3.477128731559824,-1.1310841581463955,3.5316989092217583,-1.18565433580833,3.0426224634068153,3.827497122730191,v1.0.0,v1.0.0
Spencer Nead,4692,TE,TE,2003,2.1593671492279647,3.5366878662840224,-1.3773207170560577,3.403952429755028,-1.2445852805270632,3.2143588857195304,3.869771058008678,v1.0.0,v1.0.0
Javon Baker,4692022,WR,WR,2024,2.2560511899300453,3.2429207688698813,-0.9868695789398361,3.138650835660893,-0.8825996457308478,3.063055306589509,3.415450153951176,v1.0.0,v1.0.0
Malachi Moore,4692024,SAF,OTHER,2025,2.723108274324083,2.46568390356206,0.25742437076202274,2.923048949571979,-0.19994067524789605,2.159266575916159,2.768023596334126,v1.0.0,v1.0.0
Brian Branch,4692025,CB,DB,2023,3.4028402771254793,3.271721585653489,0.13111869147199018,3.1520424045302273,0.250797872595252,3.0975467512334114,3.429739650856346,v1.0.0,v1.0.0
Que Robinson,4692048,EDGE,EDGE,2025,1.6770794524643968,3.0108288967161996,-1.3337494442518028,2.999255493538372,-1.3221760410739753,2.7448602325682536,3.2660723988301057,v1.0.0,v1.0.0
Anton Harrison,4692525,OT,OL,2023,2.723108274324083,3.0581659988120364,-0.33505772448795357,3.268975544059078,-0.5458672697349951,2.8815883371969164,3.301845573593969,v1.0.0,v1.0.0
Tyler Baron,4692555,EDGE,EDGE,2025,1.6770794524643968,3.3837903141773245,-1.7067108617129276,3.37190069203694,-1.694821239572543,3.1574258844716323,3.5914341870322337,v1.0.0,v1.0.0
Jalin Hyatt,4692590,WR,WR,2023,3.372246395067789,3.0569408584362217,0.31530553663156713,3.0698144668947984,0.30243192817299036,2.836464164244,3.2758523150706353,v1.0.0,v1.0.0
McKinnley Jackson,4692680,DT,IDL,2024,2.863455195111033,2.9746671722428917,-0.11121197713185849,3.093449679629303,-0.22999448451826998,2.564133389256885,3.350032260587519,v1.0.0,v1.0.0
Jalen Brooks,4692835,WR,WR,2023,3.0930240427835574,2.91187467098316,0.18114937180039714,3.0081655874072037,0.08485845537635361,2.574096285577604,3.211270572324162,v1.0.0,v1.0.0
Ji'Ayir Brown,4693644,DB,DB,2023,3.486827902587483,3.3481441971869668,0.1386837054005161,3.224533324030479,0.2622945785570039,3.164894284735285,3.5386424873504336,v1.0.0,v1.0.0
Demetrin Veal,4696,DE,EDGE,2003,3.274913274630675,3.328101382655347,-0.05318810802467233,3.5039711344956745,-0.2290578598649997,2.8926475702427714,3.740509581716837,v1.0.0,v1.0.0
Malik Mustapha,4696211,SAF,OTHER,2024,3.087790945227789,2.57585727709734,0.5119336681304492,3.1065755149082035,-0.01878456968041453,2.1480958811933273,3.0280307141397644,v1.0.0,v1.0.0
Tip Reiman,4696700,TE,TE,2024,2.812538078173407,3.9277521958528285,-1.1152141176794217,3.814275408924172,-1.0017373307507653,3.6579744124111597,4.247409131216284,v1.0.0,v1.0.0
Devontez Walker,4696882,WR,WR,2024,2.812538078173407,3.2023051341813233,-0.3897670560079165,3.206181935356482,-0.39364385718307515,2.9911851746694254,3.3897703849540566,v1.0.0,v1.0.0
Cam Skattebo,4696981,RB,RB,2025,1.940930471343771,2.5208898559671526,-0.5799593846233817,2.8898043975681844,-0.9488739262244135,2.1274592725552046,2.8559711587591203,v1.0.0,v1.0.0
Tully Banta-Cain,4697,DE,EDGE,2003,4.176217511362912,3.605392646309589,0.5708248650533232,3.5691620241509825,0.6070554872119298,3.4531167968735024,3.7877523157691897,v1.0.0,v1.0.0
Chau Smith-Wade,4697636,CB,DB,2024,3.131875632847984,3.3140710375100584,-0.18219540466207418,3.2282556246686904,-0.09637999182070622,3.159387633434757,3.448727076481871,v1.0.0,v1.0.0
Jaylen Watson,4697639,CB,DB,2022,3.5727489390252067,3.5074688237242313,0.06528011530097544,3.543757480580534,0.02899145844467288,3.301646668598962,3.6843310391664668,v1.0.0,v1.0.0
Rachaad White,4697815,RB,RB,2022,3.7238388026099476,3.2552445014863207,0.4685943011236269,3.193039176906468,0.5307996257034797,3.027309395932199,3.4413960952753726,v1.0.0,v1.0.0
Max Melton,4698113,CB,DB,2024,3.064574191536438,3.2780314021164543,-0.2134572105800161,3.147328887598677,-0.08275469606223895,3.0815703171139885,3.446651801097897,v1.0.0,v1.0.0
Teddye Buchanan,4698244,LB,LB,2025,2.5095420008001468,3.385975288191418,-0.8764332873912712,3.3805564420576224,-0.8710144412574756,3.1067176395910185,3.737594086169642,v1.0.0,v1.0.0
Ken Dorsey,4699,QB,QB,2003,2.40505078004331,3.015250099376482,-0.6101993193331721,3.312620041952315,-0.9075692619090048,2.39576379269064,3.582020634564443,v1.0.0,v1.0.0
Matthew Golden,4701936,WR,WR,2025,2.5095420008001468,3.4506425141607933,-0.9411005133606465,3.4655915302553497,-0.9560495294552029,3.209508412190877,3.6838787001327638,v1.0.0,v1.0.0
Norman LeJeune,4702,S,DB,2003,1.735795963476514,3.2363160340575607,-1.5005200705810466,3.1917916764561785,-1.4559957129796643,3.028352156442861,3.4841242532630012,v1.0.0,v1.0.0
Wayne Lucier,4707,C,OL,2003,2.3460445734134283,3.061105847467485,-0.7150612740540567,3.271595837788812,-0.9255512643753838,2.863456991309012,3.2851361540047734,v1.0.0,v1.0.0
Jimmy Horn Jr.,4708486,WR,WR,2025,2.4302874475538276,3.0616470150854007,-0.6313595675315731,2.995557789698382,-0.5652703421445544,2.6800854239346874,3.3787331584183415,v1.0.0,v1.0.0
Scott Shanle,4709,OLB,EDGE,2003,4.329205346513472,3.499054511243928,0.8301508352695439,3.392799856435069,0.9364054900784029,3.3593594786106977,3.659699131641653,v1.0.0,v1.0.0
Willie Pile,4710,S,DB,2003,3.173159346567495,3.6011930103354572,-0.42803366376796204,3.534446603028568,-0.36128725646107274,3.467919703189772,3.7431907223884315,v1.0.0,v1.0.0
Konata Mumpfield,4710855,WR,WR,2025,2.723108274324083,3.049876780643297,-0.32676850631921406,2.985707391725286,-0.26259911740120323,2.848183883451455,3.2628340157509714,v1.0.0,v1.0.0
Ollie Gordon II,4711533,RB,RB,2025,2.723108274324083,3.179150484530133,-0.45604221020604996,3.167230544396174,-0.44412227007209104,2.9305557006928984,3.3645283311729535,v1.0.0,v1.0.0
Colston Loveland,4723086,TE,TE,2025,2.6554775013275047,3.1738227834432706,-0.5183452821157659,3.012153101023587,-0.3566755996960822,2.9364476047751147,3.493855997176503,v1.0.0,v1.0.0
Abdul Carter,4725996,EDGE,EDGE,2025,2.723108274324083,3.1012347604210566,-0.37812648609697375,3.033945178382759,-0.31083690405867603,2.8755819543513534,3.3470568308187496,v1.0.0,v1.0.0
Armand Membou,4789907,OT,OL,2025,2.723108274324083,3.1750996149468897,-0.4519913406228069,3.4487327797237652,-0.7256245053996824,2.964444240752496,3.4507676308602733,v1.0.0,v1.0.0
Mason Taylor,4808766,TE,TE,2025,2.4302874475538276,3.176926547382,-0.7466390998281724,3.042006907306567,-0.6117194597527393,2.933859707495175,3.4441619973235773,v1.0.0,v1.0.0
Benjamin Morrison,4816107,CB,DB,2025,2.1593671492279647,3.1833957308567236,-1.0240285816287589,3.015193683155319,-0.8558265339273543,3.0026137426415125,3.348507550644671,v1.0.0,v1.0.0
Kaleb Johnson,4819231,RB,RB,2025,2.1593671492279647,3.482002988202834,-1.3226358389748691,3.408086745721556,-1.2487195964935913,3.3016332316659964,3.7167168955516807,v1.0.0,v1.0.0
Jonah Savaiinaea,4819257,OT,OL,2025,2.723108274324083,3.226660218884488,-0.5035519445604053,3.418241866355523,-0.6951335920314401,2.9415263146145776,3.5488683190473425,v1.0.0,v1.0.0
Deone Walker,4831989,DT,IDL,2025,2.723108274324083,2.762971017774412,-0.03986274345032914,2.91420381622193,-0.19109554189784728,2.369224311814432,3.0961343397276333,v1.0.0,v1.0.0
Nic Scourton,4833355,EDGE,EDGE,2025,2.723108274324083,3.186459989683114,-0.46335171535903097,3.0688453594623812,-0.3457370851382984,2.966846459845703,3.4309952668859216,v1.0.0,v1.0.0
Nick Emmanwori,4869523,SAF,OTHER,2025,2.5095420008001468,2.1811525780451557,0.32838942275499106,3.388719646897345,-0.8791776460971983,1.5252947209300431,2.692253577417692,v1.0.0,v1.0.0
Mason Graham,4873232,DT,IDL,2025,2.723108274324083,3.1168875651388883,-0.39377929081480545,3.1749673331461787,-0.45185905882209587,2.8164570893628875,3.3905285944314882,v1.0.0,v1.0.0
Daijahn Anthony,4874448,SAF,OTHER,2024,2.6469482242548565,2.7624398453222,-0.11549162106734334,3.1595161898976585,-0.5125679656428019,2.391075440904387,3.007019578140272,v1.0.0,v1.0.0
DJ Giddens,4874509,RB,RB,2025,2.0548197685407565,3.1796594538429503,-1.1248396853021938,3.243208923967393,-1.1883891554266364,2.8471787079304463,3.5526205692025776,v1.0.0,v1.0.0
Marcellas Dial,4875079,CB,DB,2024,2.723108274324083,3.251545698646005,-0.5284374243219223,3.147209707121443,-0.42410143279736,3.0962385528713607,3.411187424472177,v1.0.0,v1.0.0
Byron Young,4875196,EDGE,EDGE,2023,3.512573842349263,3.742406063248091,-0.22983222089882815,3.5210773628278615,-0.008503520478598592,3.4013489122336575,4.082425491823447,v1.0.0,v1.0.0
Jackson Powers-Johnson,4875295,C,OL,2024,2.912533449240207,2.838177288015945,0.07435616122426225,2.984798654779902,-0.07226520553969484,2.5075856268552434,3.141913859209376,v1.0.0,v1.0.0
Carson Schwesinger,4876017,LB,LB,2025,2.6554775013275047,3.1995594294865066,-0.5440819281590019,3.0939781640946,-0.4385006627670953,2.8139930192395446,3.7222728771268323,v1.0.0,v1.0.0
Oluwafemi Oladejo,4876057,EDGE,EDGE,2025,1.6770794524643968,2.9292673285111386,-1.2521878760467418,3.0253387472105,-1.348259294746103,2.620044380469036,3.2093996180679536,v1.0.0,v1.0.0
Jayden Higgins,4877706,WR,WR,2025,2.723108274324083,3.296327200361001,-0.573218926036918,3.2528940726591355,-0.5297857983350527,3.0911836856060244,3.4428295549460133,v1.0.0,v1.0.0
Jamar Johnson,4878878,DB,DB,2021,0.9146634597162007,3.259353557247594,-2.344690097531393,3.2905493243163946,-2.375885864600194,3.105782141743306,3.4321483078046313,v1.0.0,v1.0.0
Rayuan Lane III,4880675,SAF,OTHER,2025,2.723108274324083,3.2941228088707497,-0.5710145345466668,3.564069798484473,-0.8409615241603903,2.7626780527591257,4.11236849894514,v1.0.0,v1.0.0
Bhayshul Tuten,4882093,RB,RB,2025,2.5844329182448638,3.3508797339520644,-0.7664468157072006,3.2509917026307638,-0.6665587843859,2.945152528187673,3.776711405358868,v1.0.0,v1.0.0
Elic Ayomanor,4883647,WR,WR,2025,2.6554775013275047,3.2762916002012816,-0.6208140988737769,3.226941466653235,-0.5714639653257301,3.1194483242399365,3.438367495892251,v1.0.0,v1.0.0
Quinn Ewers,4889929,QB,QB,2025,1.345801546169376,2.640519486205852,-1.294717940036476,2.988493696857088,-1.6426921506877121,2.3048661912659543,2.9342832870364197,v1.0.0,v1.0.0
Ashton Jeanty,4890973,RB,RB,2025,2.723108274324083,2.771344409528442,-0.04823613520435899,3.0297920685648094,-0.30668379424072656,2.3950686636132104,3.136767011314091,v1.0.0,v1.0.0
Kenneth Grant,4894654,DT,IDL,2025,2.723108274324083,3.1129856360566293,-0.3898773617325464,3.336756973111786,-0.6136486987877032,2.7905451327994757,3.4463464992232877,v1.0.0,v1.0.0
LeQuint Allen,4911851,RB,RB,2025,2.723108274324083,2.365253933373884,0.35785434095019886,2.768043632815794,-0.04493535849171115,2.0034897466068524,2.7019193778956327,v1.0.0,v1.0.0
Sione Vaki,4912274,SAF,OTHER,2024,3.064574191536438,2.627478808473793,0.4370953830626454,3.318072168547813,-0.2534979770113748,2.313443189311263,3.022325233438183,v1.0.0,v1.0.0
Jacob Parrish,4912847,CB,DB,2025,2.723108274324083,3.4517013604299676,-0.7285930861058847,3.3465132780510487,-0.6234050037269658,3.2654226355342812,3.6701677712417493,v1.0.0,v1.0.0
Joshua Williams,4917635,CB,DB,2022,3.704288456705717,3.1436395899143994,0.5606488667913174,3.095558141541204,0.6087303151645127,2.9574374708607554,3.30833725764602,v1.0.0,v1.0.0
James Pearce Jr.,5081394,EDGE,EDGE,2025,2.723108274324083,3.284390587146782,-0.5612823128226991,3.1742385305216128,-0.4511302561975299,3.0494908723072256,3.539790798116131,v1.0.0,v1.0.0
Dylan Sampson,5081397,RB,RB,2025,2.5844329182448638,2.391873422415573,0.19255949582929066,2.8621258508954495,-0.2776929326505857,1.9960311444640022,2.804382510368149,v1.0.0,v1.0.0
Jalen Royals,5082630,WR,WR,2025,1.8158181812103182,3.5241720163462236,-1.7083538351359053,3.6058051479962088,-1.7899869667858905,3.3113613146034915,3.755432975092968,v1.0.0,v1.0.0
Harold Fannin Jr.,5083076,TE,TE,2025,2.6554775013275047,3.4627469162680233,-0.8072694149405186,3.4162164495668925,-0.7607389482393878,3.2474001483596595,3.682497704704958,v1.0.0,v1.0.0
Isaiah Adams,5084939,G,OL,2024,2.723108274324083,3.0926950609660433,-0.36958678664196043,3.2775132012002746,-0.5544049268761917,2.9399764490568105,3.261468295679261,v1.0.0,v1.0.0
Jamaree Caldwell,5089178,DT,IDL,2025,2.723108274324083,3.152858907481975,-0.4297506331578922,3.207037973911662,-0.48392969958757925,2.8096669193703554,3.4841114366257964,v1.0.0,v1.0.0
Dominick Puni,5092959,G,OL,2024,3.2119768491235505,3.3497019593362958,-0.13772511021274525,3.4089045140837055,-0.196927664960155,3.1555033695910053,3.5549784266887317,v1.0.0,v1.0.0
Shavon Revel Jr.,5095865,CB,DB,2025,1.8158181812103182,3.1499477819163735,-1.3341296007060552,3.0236188049618025,-1.2078006237514842,2.9387458702716334,3.3200370944008952,v1.0.0,v1.0.0
Isaac TeSlaa,5123663,WR,WR,2025,2.723108274324083,3.5667810921807783,-0.8436728178566955,3.7253647353555546,-1.0022564610314717,3.361759132741919,3.78482295042777,v1.0.0,v1.0.0
Eli Manning,5526,QB,QB,2004,4.821877846362405,3.118009507294969,1.7038683390674358,3.338383738348711,1.4834941080136939,2.6360884834609597,3.520830780706597,v1.0.0,v1.0.0
Robert Gallery,5527,OT,OL,2004,3.915727254695066,3.7226682720578763,0.19305898263718957,3.821440840240791,0.09428641445427477,3.5474009143559644,3.9313655373535337,v1.0.0,v1.0.0
Larry Fitzgerald,5528,WR,WR,2004,4.910076459619778,3.5315903675484996,1.3784860920712783,3.521397924063435,1.388678535556343,3.324151789264064,3.7501731440590595,v1.0.0,v1.0.0
Philip Rivers,5529,QB,QB,2004,4.886797387200749,3.178627054975437,1.7081703322253121,3.3311495848601336,1.5556478023406157,2.613757391559037,3.64071513161257,v1.0.0,v1.0.0
Sean Taylor,5530,S,DB,2004,3.5966048274779854,3.6083851397832074,-0.01178031230522203,3.623736029118674,-0.02713120164068883,3.3848822306862143,3.848405113230382,v1.0.0,v1.0.0
Kellen Winslow,5531,TE,TE,2004,4.1530494357847,3.5623664206322303,0.5906830151524698,3.648280050949202,0.5047693848354982,3.1664910275736218,4.017034077435884,v1.0.0,v1.0.0
Roy Williams,5532,WR,WR,2004,4.187571511839166,3.4572796939354538,0.7302918179037121,3.447517153002496,0.7400543588366699,3.272267558290946,3.653854743228864,v1.0.0,v1.0.0
DeAngelo Hall,5533,CB,DB,2004,4.603293943091568,3.547601011094426,1.0556929319971422,3.529508538944417,1.0737854041471513,3.355033810846459,3.7425641285034956,v1.0.0,v1.0.0
Reggie Williams,5534,WR,WR,2004,3.8622111928606273,3.5056674727764707,0.3565437200841566,3.4862864095322563,0.375924783328371,3.2766472892690652,3.732333320298883,v1.0.0,v1.0.0
Dunta Robinson,5535,CB,DB,2004,4.357781376737197,3.774096933342882,0.5836844433943149,3.6792766562616896,0.6785047204755075,3.5654210301415854,3.971228189159689,v1.0.0,v1.0.0
Ben Roethlisberger,5536,QB,QB,2004,4.892028803769588,3.2971591685246358,1.5948696352449518,3.5636661112672705,1.328362692502317,2.9138093695210694,3.696751110677919,v1.0.0,v1.0.0
Jonathan Vilma,5537,ILB,LB,2004,4.294196886226198,3.393432136942426,0.9007647492837716,3.3600247021597687,0.934172184066429,3.168102125678033,3.6473965882305337,v1.0.0,v1.0.0
Lee Evans,5538,WR,WR,2004,4.204239091737835,3.2316174032216827,0.9726216885161527,3.1912943227137087,1.0129447690241267,3.0549628791655783,3.4159785567237546,v1.0.0,v1.0.0
Tommie Harris,5539,DT,IDL,2004,4.1987305841937035,3.6489018851990886,0.5498286989946148,3.6294340382315493,0.5692965459621542,3.3862465205656145,3.86824756016065,v1.0.0,v1.0.0
Michael Clayton,5540,WR,WR,2004,4.063977728230309,3.300041152761141,0.7639365754691685,3.3119335397750906,0.7520441884552187,3.0676242467947854,3.518662018304784,v1.0.0,v1.0.0
Shawn Andrews,5541,OT,OL,2004,3.087790945227789,3.2258155541067643,-0.13802460887897539,3.602067254462033,-0.5142763092342442,2.9788520023743588,3.4707005179555828,v1.0.0,v1.0.0
D.J. Williams,5542,OLB,EDGE,2004,4.407275365932134,3.634013668141934,0.7732616977901996,3.4402459240379737,0.9670294418941601,3.4411534586146852,3.8553072877672907,v1.0.0,v1.0.0
Will Smith,5543,DE,EDGE,2004,4.334629307209144,3.8839550089972175,0.4506742982119265,3.540783670256319,0.7938456369528248,3.6552520083990947,4.139899555465493,v1.0.0,v1.0.0
Vernon Carey,5544,OG,OL,2004,3.761259206293908,3.3241020588255923,0.4371571474683158,3.6872352679706224,0.07402393832328569,3.153231138080229,3.5034734490885495,v1.0.0,v1.0.0
Kenechi Udeze,5545,DE,EDGE,2004,3.5479840389742314,3.807156294730154,-0.2591722557559226,3.487307160814781,0.06067687815945044,3.632532611402905,3.993790272642486,v1.0.0,v1.0.0
Vince Wilfork,5546,DT,IDL,2004,4.620647141319669,3.7609767556672544,0.8596703856524144,3.6767263998998763,0.9439207414197925,3.552146400927169,4.004828967357119,v1.0.0,v1.0.0
J.P. Losman,5547,QB,QB,2004,3.366502391892785,2.6661856937972086,0.7003166980955764,3.203397387600061,0.1631050042927238,2.2259960515121193,3.1802537230692667,v1.0.0,v1.0.0
Marcus Tubbs,5548,DT,IDL,2004,3.0741435672906428,3.489664702194265,-0.4155211349036221,3.4591126132958974,-0.3849690460052546,3.261344852257887,3.714521103369902,v1.0.0,v1.0.0
Steven Jackson,5549,RB,RB,2004,4.492269421354108,3.628928409915309,0.8633410114387994,3.5125887086038223,0.979680712750286,3.4048176240608514,3.8120028639691017,v1.0.0,v1.0.0
Ahmad Carroll,5550,CB,DB,2004,3.6402255435804984,3.5370616598858113,0.1031638836946871,3.4545440924616497,0.1856814511188487,3.344601481275995,3.72745600979183,v1.0.0,v1.0.0
Chris Perry,5551,RB,RB,2004,3.2135152637140565,3.5086919150672804,-0.2951766513532239,3.5793119600154357,-0.36579669630137923,3.3374146151454886,3.681195172774415,v1.0.0,v1.0.0
Jason Babin,5552,DE,EDGE,2004,4.434599159393674,3.8530353395607864,0.5815638198328874,3.6753599606693075,0.7592391987243663,3.74546017448165,3.994335806931002,v1.0.0,v1.0.0
Chris Gamble,5553,CB,DB,2004,4.255444067833442,3.377119938051538,0.8783241297819036,3.360593320731765,0.8948507471016769,3.214493271267725,3.522755815465524,v1.0.0,v1.0.0
Michael Jenkins,5554,WR,WR,2004,4.291279913785008,3.5191607927607707,0.7721191210242373,3.539808862931994,0.7514710508530138,3.3003892257418586,3.770061714651695,v1.0.0,v1.0.0
Kevin Jones,5555,RB,RB,2004,3.726301524252564,3.4210114156583082,0.30529010859425565,3.3405684992221834,0.38573302503038054,3.1739853415934505,3.6281373135209565,v1.0.0,v1.0.0
Rashaun Woods,5556,WR,WR,2004,2.5095420008001468,3.5340760931061954,-1.0245340923060486,3.45891988691611,-0.9493778861159634,3.3789171909971674,3.7484410602999363,v1.0.0,v1.0.0
Karlos Dansby,5558,OLB,EDGE,2004,4.7148054617319834,3.6093835065767497,1.1054219551552338,3.4309366065979248,1.2838688551340587,3.4525335845335645,3.8254099109742308,v1.0.0,v1.0.0
Chris Snee,5559,OG,OL,2004,4.138925720161006,3.558272964118789,0.580652756042217,3.597621182404475,0.5413045377565311,3.423252715379198,3.682312290902121,v1.0.0,v1.0.0
Igor Olshansky,5560,DT,IDL,2004,4.187571511839166,3.987786253431696,0.19978525840746997,3.7549518288907593,0.4326196829484066,3.726449555599754,4.264577843521577,v1.0.0,v1.0.0
Junior Siavii,5561,DT,IDL,2004,3.5966048274779854,3.7097345795340897,-0.11312975205610432,3.515656310359106,0.08094851711887951,3.449558858929855,3.9350353908604423,v1.0.0,v1.0.0
Teddy Lehman,5562,OLB,EDGE,2004,3.4388430247339876,3.7426891058508995,-0.3038460811169119,3.692569521271333,-0.25372649653734536,3.6022820398007958,3.920254887216574,v1.0.0,v1.0.0
Ricardo Colclough,5563,CB,DB,2004,3.3481281960375067,3.4096266315126194,-0.06149843547511269,3.2744804232724802,0.07364777276502643,3.225057891967794,3.6328649780831457,v1.0.0,v1.0.0
Daryl Smith,5564,OLB,EDGE,2004,4.624068201848447,3.3573053688476415,1.2667628330008052,3.4731169911882387,1.150951210660208,3.183041737617088,3.549036914542152,v1.0.0,v1.0.0
Ben Troupe,5565,TE,TE,2004,3.5966048274779854,3.6297455191751116,-0.03314069169712619,3.5573451453814857,0.03925968209649966,3.261094105470275,3.9874825997487453,v1.0.0,v1.0.0
Tatum Bell,5566,RB,RB,2004,3.61679958486642,3.3724087273551855,0.24439085751123457,3.480050682859999,0.13674890200642098,3.0145848821683843,3.6499713414964563,v1.0.0,v1.0.0
Travis Laboy,5567,DE,EDGE,2004,4.038241796942238,3.790500165623853,0.24774163131838467,3.719922527406765,0.31831926953547285,3.5654065537491224,4.029375533224218,v1.0.0,v1.0.0
Julius Jones,5568,RB,RB,2004,4.071412258950327,3.4519920369347306,0.6194202220155969,3.4658130553432698,0.6055992036070577,3.2420572787897797,3.6651073374150274,v1.0.0,v1.0.0
Bob Sanders,5569,S,DB,2004,3.4580761165880167,4.053343117532605,-0.5952670009445882,3.8700206990170583,-0.41194458242904153,3.8571819795587823,4.292016203455634,v1.0.0,v1.0.0
Jake Grove,5570,C,OL,2004,2.886462652706672,3.3548373831730185,-0.46837473046634637,3.5334322366852966,-0.6469695839786245,3.1755760300926092,3.5531500930828868,v1.0.0,v1.0.0
Justin Smiley,5571,OG,OL,2004,3.765411063205758,3.5357341339247315,0.22967692928102634,3.510414403172841,0.254996660032917,3.3547695915058293,3.7417055476793917,v1.0.0,v1.0.0
Tank Johnson,5572,DT,IDL,2004,4.010430068058852,3.6985930904641604,0.31183697759469187,3.704264806445387,0.30616526161346513,3.545763459624013,3.869821219436259,v1.0.0,v1.0.0
Dontarrious Thomas,5573,OLB,EDGE,2004,3.716145067615561,3.4161304925227975,0.30001457509276364,3.530223244909941,0.18592182270562008,3.117830654661255,3.728719754078764,v1.0.0,v1.0.0
Keiwan Ratliff,5574,CB,DB,2004,3.9108238421883286,3.529021201913113,0.3818026402752155,3.438784179654575,0.47203966253375373,3.359162949474569,3.731028542473295,v1.0.0,v1.0.0
Devery Henderson,5575,WR,WR,2004,4.231102418808185,3.4324633079317985,0.7986391108763868,3.418360805818283,0.8127416129899023,3.2151856464136856,3.6471001540897823,v1.0.0,v1.0.0
Dwan Edwards,5576,DT,IDL,2004,4.365771909140887,3.5091743970598333,0.8565975120810534,3.4696941630244327,0.896077746116454,3.3627498833236205,3.653040420310067,v1.0.0,v1.0.0
Michael Boulware,5578,OLB,EDGE,2004,3.6942882594600555,4.014490555184901,-0.3202022957248456,3.7120130267529463,-0.017724767292890853,3.688263545990476,4.325349290384354,v1.0.0,v1.0.0
Darius Watts,5579,WR,WR,2004,2.863455195111033,3.3014961145407544,-0.43804091942972123,3.2967661198326876,-0.43331092472165444,3.0880015048245424,3.5015247633091207,v1.0.0,v1.0.0
Greg Jones,5580,RB,RB,2004,4.296241769940804,3.688723632141624,0.6075181377991798,3.5565488633714337,0.73969290656937,3.4323299225759247,3.8899642913588957,v1.0.0,v1.0.0
Madieu Williams,5581,S,DB,2004,4.234042957780739,3.469267244684489,0.7647757130962498,3.524845867130213,0.7091970906505258,3.1419955878396526,3.7322783854282173,v1.0.0,v1.0.0
Antwan Odom,5582,DE,EDGE,2004,3.876829167576477,3.7933883805933775,0.08344078698309954,3.5612463445350584,0.3155828230414186,3.5756909875865914,4.008290381498508,v1.0.0,v1.0.0
Sean Jones,5584,S,DB,2004,4.1151787869949095,3.329262554001439,0.7859162329934706,3.2422828241187522,0.8728959628761572,3.0742334476226665,3.60577822717275,v1.0.0,v1.0.0
Courtney Watson,5585,OLB,EDGE,2004,2.812538078173407,3.4724230497075954,-0.6598849715341886,3.4564303221885537,-0.6438922440151469,3.2873798432029493,3.6617348720249923,v1.0.0,v1.0.0
Keary Colbert,5586,WR,WR,2004,3.870881888228548,2.7864599043593348,1.084421983869213,3.027457233604045,0.8434246546245028,2.365956345428068,3.139164096475769,v1.0.0,v1.0.0
Kris Wilson,5587,TE,TE,2004,4.077449713066436,3.6988203810221947,0.3786293320442411,3.6982744794981373,0.3791752335682985,3.403702546227592,3.9534456402639986,v1.0.0,v1.0.0
Marquise Hill,5588,DE,EDGE,2004,1.940930471343771,3.4085278282891736,-1.4675973569454026,3.363753993427001,-1.4228235220832302,3.119939938335079,3.734043883366512,v1.0.0,v1.0.0
Darnell Dockett,5589,DT,IDL,2004,4.440779871573542,3.3529218232348406,1.0878580483387017,3.328601684444431,1.1121781871291114,3.130492010683634,3.5408393055047065,v1.0.0,v1.0.0
Nate Kaeding,5590,K,ST,2004,4.171274928826556,3.3107632118726,0.8605117169539556,3.237742795517587,0.9335321333089688,2.7868074265946254,3.839655985327594,v1.0.0,v1.0.0
Nick Hardwick,5591,C,OL,2004,4.144729330144801,3.597900838531464,0.5468284916133372,3.472847285840184,0.671882044304617,3.4073867327798166,3.7391378854133848,v1.0.0,v1.0.0
Stuart Schweigert,5592,S,DB,2004,3.774831517952426,3.970533792242505,-0.19570227429007891,3.8939192020366344,-0.11908768408420833,3.8242476504575036,4.164179941616923,v1.0.0,v1.0.0
Ben Hartsock,5593,TE,TE,2004,4.11626721562249,3.6915569437353843,0.42471027188710586,3.7386989506613753,0.37756826496111495,3.3461072378157697,4.007913618650491,v1.0.0,v1.0.0
Gilbert Gardner,5594,OLB,EDGE,2004,3.535238532571787,3.2901915622514095,0.2450469703203777,3.2864918805832652,0.24874665198852197,3.1225488383177074,3.4975991144046863,v1.0.0,v1.0.0
Joey Thomas,5595,CB,DB,2004,3.2976423105827104,3.7792541826658534,-0.48161187208314304,3.7037562263695367,-0.4061139157868263,3.6389711823902187,3.9059138880779862,v1.0.0,v1.0.0
Randy Starks,5596,DT,IDL,2004,4.589858664088078,3.3933825526686747,1.1964761114194036,3.3765164862472434,1.2133421778408349,3.15003970138389,3.583921791989547,v1.0.0,v1.0.0
Keith Smith,5598,CB,DB,2004,3.849427795524237,3.4421138889502205,0.40731390657401656,3.3681891234572783,0.4812386720669588,3.247651887709492,3.599233243611855,v1.0.0,v1.0.0
Tim Anderson,5599,DT,IDL,2004,3.424876285714672,3.423359546317125,0.001516739397547262,3.412558181087043,0.012318104627629278,3.2550876407493012,3.6063685783365202,v1.0.0,v1.0.0
Max Starks,5600,OT,OL,2004,3.9758857669824756,3.3285664717870187,0.647319295195457,3.587069012652518,0.38881675432995744,3.0709063507517236,3.545106522610013,v1.0.0,v1.0.0
Derrick Strait,5601,CB,DB,2004,3.2183476152534807,3.402832364245671,-0.18448474899219036,3.3441910132551413,-0.12584339800166067,3.2512273223711508,3.5346497896293356,v1.0.0,v1.0.0
Bernard Berrian,5603,WR,WR,2004,4.152896624380726,3.057910165783279,1.0949864585974471,3.025546930903378,1.1273496934773481,2.7156022290870396,3.3583208739580703,v1.0.0,v1.0.0
Marquis Cooper,5604,OLB,EDGE,2004,3.3358583827264905,3.504578661648661,-0.16872027892217067,3.548317714897082,-0.21245933217059143,3.324433802025778,3.685164241640194,v1.0.0,v1.0.0
Caleb Miller,5605,ILB,LB,2004,3.3336385885689284,3.5504659320848284,-0.21682734351590005,3.585919025871876,-0.25228043730294747,3.2289078100190873,3.8907267669156145,v1.0.0,v1.0.0
Chris Cooley,5606,TE,TE,2004,4.22307223321896,3.521875619822766,0.7011966133961938,3.5821523685256063,0.6409198646933536,3.204398383605903,3.7662905220880782,v1.0.0,v1.0.0
Devard Darling,5607,WR,WR,2004,3.467468875860921,3.2029096401245396,0.2645592357363813,3.180854631313193,0.286614244547728,2.9855797734616543,3.4059794294958605,v1.0.0,v1.0.0
Stephen Peterman,5608,OG,OL,2004,3.5604844242273583,3.242912589349155,0.3175718348782035,3.3336198643957995,0.22686455983155884,3.078371630268964,3.357281625478105,v1.0.0,v1.0.0
Sean Locklear,5609,OG,OL,2004,3.628618092270494,3.55235832793708,0.07625976433341375,3.525425906294432,0.10319218597606161,3.421746726720542,3.6693975108201005,v1.0.0,v1.0.0
Jorge Cordova,5611,ILB,LB,2004,2.4570567304749815,3.5397208445437585,-1.082664114068777,3.5467408411451435,-1.089684110670162,3.1831715065560404,3.9114230461960715,v1.0.0,v1.0.0
B.J. Sander,5612,P,ST,2004,2.5095420008001468,3.82952977974409,-1.3199877789439434,3.4425617126125916,-0.9330197118124448,3.285376669523843,4.262567673761931,v1.0.0,v1.0.0
Darrion Scott,5613,DE,EDGE,2004,3.6599020999991216,3.6635018511182706,-0.0035997511191490084,3.3827052742111303,0.2771968257879913,3.3165770004097848,4.005966990888574,v1.0.0,v1.0.0
Matt Ware,5614,S,DB,2004,4.038241796942238,3.580474346819855,0.4577674501223825,3.598579364597344,0.4396624323448939,3.3853892012241125,3.751312833628198,v1.0.0,v1.0.0
Matt Schaub,5615,QB,QB,2004,4.5493312367591505,2.8249115133242886,1.724419723434862,3.1337724098785587,1.4155588268805919,2.218029968470349,3.332344315590935,v1.0.0,v1.0.0
Rich Gardner,5617,CB,DB,2004,3.087790945227789,3.7500553015038594,-0.6622643562760704,3.613653026310597,-0.5258620810828081,3.613281641627118,3.880022981321021,v1.0.0,v1.0.0
Keyaron Fox,5618,OLB,EDGE,2004,4.084082423679693,3.244157409748446,0.8399250139312469,3.469375624530981,0.6147067991487116,3.0237541173533438,3.495776054082797,v1.0.0,v1.0.0
Travelle Wharton,5619,OT,OL,2004,3.9830286960066124,3.3552638173626965,0.6277648786439158,3.301611679376866,0.6814170166297462,3.1332756950516694,3.561254706738043,v1.0.0,v1.0.0
Guss Scott,5620,S,DB,2004,2.3868469108371837,3.5423101224615268,-1.155463211624343,3.4547302578558963,-1.0678833470187126,3.3584540443641355,3.710370131756829,v1.0.0,v1.0.0
Landon Johnson,5621,OLB,EDGE,2004,4.07784795508909,3.5400676978209757,0.5377802572681141,3.5264892832396026,0.5513586718494872,3.3884531238000166,3.7051866730436585,v1.0.0,v1.0.0
Reggie Torbor,5622,DE,EDGE,2004,4.096781332489056,3.6252825486320197,0.47149878385703614,3.3528314189084605,0.7439499135805954,3.4264781911169204,3.8373958367040126,v1.0.0,v1.0.0
Shaun Phillips,5623,DE,EDGE,2004,4.532819479277306,3.6551722539987757,0.8776472252785301,3.3845716255543734,1.1482478537229324,3.473142155911984,3.8474369302220754,v1.0.0,v1.0.0
Carlos Francis,5624,WR,WR,2004,1.5216626918475837,3.7057650397039077,-2.184102347856324,3.527647234463492,-2.0059845426159084,3.4370170814857026,4.012091760257649,v1.0.0,v1.0.0
Demorrio Williams,5626,OLB,EDGE,2004,4.329953028047027,3.7706610984026057,0.559291929644421,3.553055498889573,0.7768975291574538,3.58306630190271,3.9760279792560453,v1.0.0,v1.0.0
Will Poole,5627,CB,DB,2004,2.5844329182448638,3.5793366237954505,-0.9949037055505867,3.5375532818597155,-0.9531203636148518,3.419845076097937,3.744607506749258,v1.0.0,v1.0.0
Bo Schobel,5628,DE,EDGE,2004,3.009975397161222,3.7905968575786577,-0.7806214604174357,3.597742065995725,-0.5877666688345031,3.630074075789996,3.96023247722138,v1.0.0,v1.0.0
Isaac Sopoaga,5629,DT,IDL,2004,4.366453844886351,3.9808011650680046,0.3856526798183464,3.652701888789512,0.7137519560968388,3.7188483583792276,4.206461754466382,v1.0.0,v1.0.0
Samie Parker,5630,WR,WR,2004,3.4954301761653195,2.9670050214301367,0.5284251547351828,3.0963590572185438,0.3990711189467757,2.6146989458719534,3.3418869878247026,v1.0.0,v1.0.0
Luke McCown,5631,QB,QB,2004,3.4996911730240434,3.123611325515905,0.3760798475081386,3.3859447108436367,0.11374646218040674,2.5498032518867553,3.6304806590640775,v1.0.0,v1.0.0
Kendyll Pope,5632,OLB,EDGE,2004,0.9146634597162007,3.2470857814679466,-2.332422321751746,3.3407362652525654,-2.4260728055363647,2.76871024566553,3.7691033590128833,v1.0.0,v1.0.0
Jerricho Cotchery,5633,WR,WR,2004,4.55034373657241,3.574296369121806,0.976047367450604,3.4690242870196037,1.0813194495528062,3.380989201421047,3.7972419530489154,v1.0.0,v1.0.0
Tim Euhus,5634,TE,TE,2004,3.035568106998676,3.634739451366376,-0.5991713443676998,3.6240347750831026,-0.5884666680844264,3.2864351437034487,3.960378851668919,v1.0.0,v1.0.0
Nathan Vasher,5635,CB,DB,2004,3.981374951762213,3.28940979699886,0.691965154763353,3.215346914077076,0.7660280376851367,3.1209156189286236,3.427883943031515,v1.0.0,v1.0.0
Will Allen,5636,S,DB,2004,4.584609644984473,3.4027325067036323,1.181877138280841,3.346385302098618,1.2382243428858555,3.251658889887594,3.5514007347008314,v1.0.0,v1.0.0
Leon Joe,5637,OLB,EDGE,2004,3.2135152637140565,3.177102834727446,0.03641242898661057,3.4044394689315043,-0.1909242052174478,2.7974727604834317,3.592205329852764,v1.0.0,v1.0.0
Dexter Reid,5638,S,DB,2004,3.340141104103564,3.439700184685152,-0.0995590805815878,3.369436117449098,-0.02929501334553386,3.2778658405796115,3.5882948155383705,v1.0.0,v1.0.0
Matthias Askew,5639,DT,IDL,2004,1.6069508975281073,3.5053597731988058,-1.8984088756706985,3.481886477880421,-1.8749355803523136,3.2023463272939154,3.744316464130125,v1.0.0,v1.0.0
Niko Koutouvides,5641,ILB,LB,2004,4.265886059460916,3.7781278387971198,0.4877582206637965,3.5660510394880625,0.6998350199728538,3.3362168468785787,4.087475259833172,v1.0.0,v1.0.0
Robert Geathers,5642,DE,EDGE,2004,4.407115390640079,3.268982076716756,1.1381333139233227,3.366456050017665,1.0406593406224136,3.04103089266557,3.4829703015502043,v1.0.0,v1.0.0
Mewelde Moore,5644,RB,RB,2004,4.25015948587933,3.1639965804604566,1.086162905418873,3.2850954825739507,0.965064003305379,2.8742314906977104,3.4393947008314583,v1.0.0,v1.0.0
Ernest Wilford,5645,WR,WR,2004,3.981374951762213,3.3840202924772966,0.5973546592849162,3.1760672788391826,0.8053076729230302,3.0112215570736054,3.739610417533066,v1.0.0,v1.0.0
Bruce Thornton,5646,CB,DB,2004,2.273490858124716,3.293816590449096,-1.02032573232438,3.161558611749739,-0.8880677536250232,3.088087346551098,3.462566440596546,v1.0.0,v1.0.0
Glenn Earl,5647,S,DB,2004,3.3063672737986014,3.665539106326108,-0.3591718325275064,3.6478519349610146,-0.34148466116241316,3.4944350545323086,3.869680258577928,v1.0.0,v1.0.0
Stacy Andrews,5648,OT,OL,2004,3.4320586792359524,3.5937746695960455,-0.1617159903600931,3.7299270533494533,-0.29786837411350087,3.40669476127065,3.791433167761051,v1.0.0,v1.0.0
Michael Waddell,5649,CB,DB,2004,3.173159346567495,3.699738439613851,-0.5265790930463559,3.6440553175172763,-0.4708959709497811,3.5650104339614197,3.847303179462267,v1.0.0,v1.0.0
Jared Allen,5651,DE,EDGE,2004,4.618828071749998,3.897974198281124,0.7208538734688736,3.477397894120435,1.1414301776295628,3.6927229571974545,4.108391204561028,v1.0.0,v1.0.0
Richard Seigler,5652,ILB,LB,2004,1.9594796171115287,3.257292999343169,-1.2978133822316404,3.518274603251652,-1.5587949861401234,2.9161429332429196,3.6193237748176186,v1.0.0,v1.0.0
Cedric Cobbs,5653,RB,RB,2004,1.4639229141164507,3.031620596702239,-1.5676976825857882,3.1242581714377566,-1.660335257321306,2.585770946053091,3.363024380882211,v1.0.0,v1.0.0
Brandon Chillar,5655,OLB,EDGE,2004,4.051713781778364,3.4013067499151406,0.6504070318632236,3.468008078169101,0.583705703609263,3.092367713957775,3.7172921313149656,v1.0.0,v1.0.0
Dave Ball,5658,DE,EDGE,2004,3.8811770098744947,3.5127042014258962,0.3684728084485984,3.4919213056625495,0.3892557042119451,3.268032277837788,3.799239942550866,v1.0.0,v1.0.0
Johnnie Morant,5659,WR,WR,2004,2.3535644179292246,3.4142107909381245,-1.0606463730089,3.3502141002674564,-0.9966496823382318,3.13336278574716,3.767700064797335,v1.0.0,v1.0.0
Antonio Smith,5660,DE,EDGE,2004,4.582850509945941,3.1821397625370174,1.4007107474089238,3.2253937413199734,1.3574567686259678,2.8213512336066247,3.6115615077285494,v1.0.0,v1.0.0
Gibril Wilson,5661,S,DB,2004,4.071412258950327,3.4984843760274504,0.572927882922877,3.567350380257188,0.5040618786931392,3.1970029484312446,3.7573791552098954,v1.0.0,v1.0.0
Josh Scobee,5662,K,ST,2004,4.4841188443398305,3.4354159925487493,1.0487028517910812,3.293521755321463,1.1905970890183677,2.974391296756712,3.9112937049392076,v1.0.0,v1.0.0
Jacob Bell,5663,OG,OL,2004,3.60821227878799,3.2875280430219753,0.3206842357660147,3.475572384057137,0.13263989473085314,3.0999768588485823,3.4797070055923816,v1.0.0,v1.0.0
Rodney Leisle,5664,DT,IDL,2004,2.511483348890144,3.674322670149449,-1.162839321259305,3.5553750610431836,-1.0438917121530396,3.5089441460226616,3.844212172477881,v1.0.0,v1.0.0
Alex Lewis,5665,OLB,EDGE,2004,3.5479840389742314,3.3142991014343837,0.23368493753984776,3.3676615788249484,0.180322460149283,3.0808261016334497,3.578125156139573,v1.0.0,v1.0.0
Jake Scott,5666,OT,OL,2004,4.187571511839166,3.53475367144825,0.6528178403909157,3.330411365436358,0.857160146402808,3.2550860666468493,3.741707247818098,v1.0.0,v1.0.0
Chad Lavalais,5667,DT,IDL,2004,3.131875632847984,3.3624574068663047,-0.23058177401832047,3.3594538914493044,-0.2275782586013202,3.1702202473586745,3.58331284873808,v1.0.0,v1.0.0
Erik Coleman,5668,S,DB,2004,4.255444067833442,3.517215616055642,0.7382284517777999,3.3943273561818237,0.8611167116516181,3.4067514165478237,3.63400641577937,v1.0.0,v1.0.0
Sean Ryan,5669,TE,TE,2004,3.475514709963917,3.4887916086721935,-0.01327689870827653,3.3552106847868646,0.12030402517705241,3.024476879780796,3.857314786492512,v1.0.0,v1.0.0
Craig Krenzel,5673,QB,QB,2004,1.6770794524643968,3.4168145432273036,-1.7397350907629068,3.3473498935798514,-1.6702704411154545,2.81524345613156,3.9708356317362297,v1.0.0,v1.0.0
Chris Thompson,5675,CB,DB,2004,2.3460445734134283,3.411711015973981,-1.0656664425605529,3.365321760253255,-1.0192771868398265,3.287398027992565,3.5368336634250563,v1.0.0,v1.0.0
Jeff Shoate,5677,CB,DB,2004,2.3868469108371837,3.601575365373471,-1.2147284545362873,3.404024284344043,-1.0171773735068594,3.4330495318268675,3.7615921327668307,v1.0.0,v1.0.0
Roderick Green,5678,DE,EDGE,2004,3.61679958486642,3.6397878772174375,-0.022988292351017403,3.4749052241291003,0.14189436073731976,3.3979903836680463,3.886219715254793,v1.0.0,v1.0.0
Michael Turner,5679,RB,RB,2004,4.310904045766452,3.4775627355344754,0.8333413102319764,3.5521212399840816,0.7587828057823702,3.031596606733166,3.9269725978129317,v1.0.0,v1.0.0
Rod Davis,5680,ILB,LB,2004,3.4320586792359524,3.6334151707560136,-0.2013564915200612,3.60678893355309,-0.1747302543171374,3.1065303986633865,4.0541512081746385,v1.0.0,v1.0.0
Mike Karney,5681,FB,RB,2004,4.07784795508909,2.999497639524386,1.0783503155647036,3.309908081424449,0.7679398736646408,2.4893945863269002,3.4038434387133587,v1.0.0,v1.0.0
D.J. Hackett,5682,WR,WR,2004,3.4172722487377465,3.409236416086968,0.008035832650778563,3.3969338743075617,0.020338374430184825,3.248016740206701,3.606048402120455,v1.0.0,v1.0.0
Jason Shivers,5683,S,DB,2004,0.6417787318052229,3.416459033656977,-2.774680301851754,3.3305775749704813,-2.6887988431652583,3.2494323142261914,3.5692809508214163,v1.0.0,v1.0.0
Thomas Tapeh,5687,FB,RB,2004,3.389950372522161,3.3015538189301576,0.08839655359200327,3.2646311882112338,0.12531918431092715,2.8812198108144793,3.5843990452189955,v1.0.0,v1.0.0
Drew Carter,5688,WR,WR,2004,3.2183476152534807,3.4500011765899217,-0.231653561336441,3.4893895167965634,-0.2710419015430827,3.2247202593714355,3.7039431296383847,v1.0.0,v1.0.0
Nick Leckey,5692,C,OL,2004,3.087790945227789,3.395293810894856,-0.30750286566706686,3.347048719417577,-0.2592577741897881,3.1624703413131234,3.586245987084924,v1.0.0,v1.0.0
Jamaar Taylor,5693,WR,WR,2004,2.3124415619933303,3.3806260772000614,-1.068184515206731,3.3767822464228927,-1.0643406844295624,3.194814283331882,3.5682324310065012,v1.0.0,v1.0.0
Ryan Krause,5694,WR,WR,2004,2.1486374407659596,3.5458929428811423,-1.3972555021151827,3.724128489524563,-1.5754910487586034,3.293804326586055,3.833339620576278,v1.0.0,v1.0.0
Triandos Luke,5696,WR,WR,2004,2.1593671492279647,3.332377233925141,-1.1730100846971765,3.2785202262670703,-1.1191530770391056,3.176736100881273,3.518694341279242,v1.0.0,v1.0.0
Kelly Butler,5697,OT,OL,2004,2.6554775013275047,3.215061886011306,-0.5595843846838013,3.332003121432829,-0.6765256201053242,3.0512855473887868,3.3797663422599067,v1.0.0,v1.0.0
Von Hutchins,5698,CB,DB,2004,3.304592901681356,3.4942400403878757,-0.1896471387065195,3.4044159319794396,-0.09982303029808337,3.3617059449937314,3.632445496952203,v1.0.0,v1.0.0
Rex Hadnot,5699,C,OL,2004,3.6892298681727196,3.3174870187583827,0.3717428494143369,3.4243389766191936,0.26489089155352596,3.1205361790912556,3.50090014758794,v1.0.0,v1.0.0
Kirk Chambers,5701,OT,OL,2004,2.863455195111033,3.440612697332633,-0.5771575022216,3.4914766224719584,-0.6280214273609253,3.2312797497385675,3.651660577057225,v1.0.0,v1.0.0
Corey Williams,5704,DT,IDL,2004,4.2710448166981445,3.4530464070759472,0.8179984096221973,3.404220194476499,0.8668246222216456,3.2494951019017773,3.65588894023602,v1.0.0,v1.0.0
Jim Molinaro,5705,OT,OL,2004,1.601674621825631,3.4747877479814693,-1.8731131261558382,3.5184807337100374,-1.9168061118844064,3.3320316589514833,3.6095730318484818,v1.0.0,v1.0.0
Cody Spencer,5707,ILB,LB,2004,3.5222380992124513,3.7507125018540544,-0.228474402641603,3.721997281497865,-0.19975918228541367,3.562287451414121,3.927735664649023,v1.0.0,v1.0.0
Greg Brooks,5708,CB,DB,2004,2.523550556078262,3.2860988999396143,-0.7625483438613525,3.2461660776422714,-0.7226155215640095,3.115366167200709,3.428154382019219,v1.0.0,v1.0.0
Etric Pruitt,5711,S,DB,2004,1.9594796171115287,3.4158302439906008,-1.456350626879072,3.331435156092783,-1.3719555389812543,3.133468776135364,3.6612733380668843,v1.0.0,v1.0.0
Andy Lee,5713,P,ST,2004,5.023385306854596,3.530805800795031,1.492579506059565,3.3115633755706555,1.7118219312839407,3.0641060455450218,3.992138293592881,v1.0.0,v1.0.0
Craig Terrill,5714,DT,IDL,2004,3.988761394884917,3.6554420936324044,0.33331930125251263,3.559970219014351,0.42879117587056603,3.2151920172763684,4.0170694316274504,v1.0.0,v1.0.0
Troy Fleming,5716,FB,RB,2004,3.1102069596740494,3.2792229541062126,-0.1690159944321632,3.4845717993655625,-0.37436483969151313,2.9326932002054615,3.587897248986349,v1.0.0,v1.0.0
Dexter Wynn,5717,CB,DB,2004,3.6227356991825475,3.719267771878972,-0.09653207269642472,3.511778739122207,0.11095696006034039,3.5644841598148944,3.9189893220980188,v1.0.0,v1.0.0
Sean Tufts,5721,OLB,EDGE,2004,2.3460445734134283,3.7896746634776504,-1.443630090064222,3.6599796225786037,-1.3139350491651753,3.61960810571939,3.966981196598138,v1.0.0,v1.0.0
Keith Lewis,5723,S,DB,2004,3.83720811032256,3.469899773843176,0.3673083364793839,3.3833778379765582,0.4538302723460017,3.279940451075105,3.669471597208115,v1.0.0,v1.0.0
Clarence Moore,5724,WR,WR,2004,3.0741435672906428,3.249119976468875,-0.1749764091782322,3.351818943279165,-0.27767537598852243,3.0262740348411095,3.493369465954337,v1.0.0,v1.0.0
John Navarre,5727,QB,QB,2004,0.9206572609970627,2.6722141525194067,-1.751556891522344,3.1187768127810465,-2.198119551783984,2.045614230090649,3.2283045498138363,v1.0.0,v1.0.0
Ryon Bingham,5729,DT,IDL,2004,3.5222380992124513,3.7161369490942064,-0.1938988498817551,3.6079197362147357,-0.08568163700228437,3.5243115231978837,3.8775066926397197,v1.0.0,v1.0.0
Adimchinobi Echemandu,5733,RB,RB,2004,2.342891068893419,3.4895554587399236,-1.1466643898465048,3.557353916223509,-1.2144628473300902,3.2848522787405234,3.708596028003228,v1.0.0,v1.0.0
Shane Olivea,5734,OT,OL,2004,2.9284126914460935,3.2640983251977596,-0.33568563375166605,3.162559814364974,-0.2341471229188805,3.0016154059540834,3.4816270186251903,v1.0.0,v1.0.0
Sloan Thomas,5736,WR,WR,2004,0.6417787318052229,3.398206709429987,-2.7564279776247638,3.381832732479842,-2.740054000674619,3.199903681008966,3.5805314878100183,v1.0.0,v1.0.0
Jonathan Smith,5739,WR,WR,2004,2.523550556078262,3.0558769501815033,-0.5323263941032415,2.89354871484679,-0.3699981587685284,2.6589385468530815,3.400164646651104,v1.0.0,v1.0.0
Cody Pickett,5742,QB,QB,2004,1.6069508975281073,2.9112398636535937,-1.3042889661254864,3.3840833531964503,-1.777132455668343,2.5775707633597906,3.2112652598498177,v1.0.0,v1.0.0
Quincy Wilson,5744,RB,RB,2004,1.1451351194023418,3.410889644433626,-2.2657545250312845,3.330794932191756,-2.185659812789414,2.9892308105961423,3.80778263686141,v1.0.0,v1.0.0
Jeff Dugan,5745,TE,TE,2004,3.8834224701360887,3.286233929877691,0.5971885402583976,3.342050126839358,0.5413723432967306,3.00134224110237,3.5462513832923204,v1.0.0,v1.0.0
Derrick Pope,5747,OLB,EDGE,2004,3.5966048274779854,3.1081274676931807,0.48847735978480467,3.4831286742926233,0.11347615318536208,2.6799887854362727,3.460965874806478,v1.0.0,v1.0.0
Donnie Jones,5749,P,ST,2004,4.775329881563972,3.8377141517171376,0.9376157298468346,3.4386796653185367,1.3366502162454355,3.40170587486052,4.235257623848715,v1.0.0,v1.0.0
Matt Mauck,5750,QB,QB,2004,0.9146634597162007,3.2407483851782706,-2.32608492546207,3.439950396823087,-2.5252869371068862,2.876061825176676,3.593106033262759,v1.0.0,v1.0.0
Jared Clauss,5755,DT,IDL,2004,3.1102069596740494,3.5629734519467133,-0.45276649227266397,3.5259113820196792,-0.4157044223456299,3.3380642858609533,3.808844705274899,v1.0.0,v1.0.0
Michael Gaines,5757,TE,TE,2004,3.915727254695066,3.3868959149574294,0.5288313397376365,3.5174358810247877,0.3982913736702782,2.837424638698342,3.821984299131053,v1.0.0,v1.0.0
Trevor Johnson,5759,DE,EDGE,2004,3.2135152637140565,3.6978034934919206,-0.4842882297778641,3.6346093431728095,-0.421094079458753,3.4960819449869045,3.8775725190498083,v1.0.0,v1.0.0
Rashad Washington,5761,S,DB,2004,3.4954301761653195,3.660917468936369,-0.16548729277104934,3.6143078031409814,-0.11887762697566195,3.482254877482768,3.8235663075275133,v1.0.0,v1.0.0
Colby Bockwoldt,5765,OLB,EDGE,2004,3.5222380992124513,3.6174872378756917,-0.09524913866324036,3.5038305965149514,0.01840750269749991,3.387143019168544,3.8230638091557596,v1.0.0,v1.0.0
Sean McHugh,5766,TE,TE,2004,3.2898343678084,3.3325513562637807,-0.04271698845538063,3.4653451689810635,-0.17551080117266338,2.961330540794001,3.7107687639176206,v1.0.0,v1.0.0
Courtney Anderson,5770,TE,TE,2004,3.340141104103564,3.3839037784569603,-0.043762674353396314,3.295095622785195,0.04504548131836916,2.879902903351194,3.8643480747136936,v1.0.0,v1.0.0
Bobby McCray,5774,DE,EDGE,2004,3.99708329761517,3.37597973568381,0.6211035619313598,3.3846199061940463,0.6124633914211235,3.0188631456136394,3.762977464895055,v1.0.0,v1.0.0
Bradlee Van Pelt,5775,QB,QB,2004,1.1451351194023418,3.141780911501382,-1.9966457920990404,3.4477686589903693,-2.3026335395880277,2.666742250335394,3.614558794219706,v1.0.0,v1.0.0
Scott Wells,5776,C,OL,2004,4.204239091737835,3.6133430463508205,0.5908960453870149,3.533839709494695,0.6703993822431404,3.458328186262102,3.802023917491855,v1.0.0,v1.0.0
Marlin Jackson,6472,CB,DB,2005,3.6402255435804984,3.650622084138654,-0.010396540558155642,3.5843386872916425,0.055886856288855924,3.4723608980935685,3.8202423539474855,v1.0.0,v1.0.0
Greg Robinson,7439,OT,OL,2014,3.5785289914564222,3.44999049433897,0.12853849711745235,3.6912801572747926,-0.11275116581837041,3.273797809309049,3.6459457794798538,v1.0.0,v1.0.0
Mike Adams,8133,OT,OL,2012,3.460019979540351,3.2352151387113284,0.22480484082902263,3.407826987768614,0.052192991771736974,3.0437519612974615,3.376761309900011,v1.0.0,v1.0.0
Marcus Thomas,8207,DT,IDL,2007,3.83720811032256,3.583448750506667,0.25375935981589315,3.52739093973344,0.30981717058911995,3.409362212480188,3.7719026691090587,v1.0.0,v1.0.0
Alex Smith,8416,QB,QB,2005,4.58674425136269,3.0902867511231706,1.4964575002395195,3.5004938963816183,1.0862503549810718,2.566833461580695,3.6561582133868473,v1.0.0,v1.0.0
Ronnie Brown,8417,RB,RB,2005,4.348394932036581,3.4874782970739107,0.8609166349626705,3.6948639583297833,0.6535309737067978,3.203597486810149,3.8059613975123656,v1.0.0,v1.0.0
Braylon Edwards,8418,WR,WR,2005,4.249267273562049,3.4571548499462086,0.7921124236158406,3.463734538177526,0.785532735384523,3.274495934483618,3.6837980527422456,v1.0.0,v1.0.0
Cedric Benson,8419,RB,RB,2005,4.070748622788176,3.4904686187461667,0.5802800040420091,3.368782705116007,0.7019659176721689,3.272797321677509,3.704740424223255,v1.0.0,v1.0.0
Cadillac Williams,8420,RB,RB,2005,3.935201699236324,3.473887907788384,0.46131379144794016,3.6393195572058503,0.2958821420304738,3.318994331519517,3.636744602600204,v1.0.0,v1.0.0
Adam Jones,8421,CB,DB,2005,4.4329448871806925,3.4348790669604172,0.9980658202202752,3.379031590327121,1.0539132968535716,3.2791226493136185,3.6012132808279675,v1.0.0,v1.0.0
Troy Williamson,8422,WR,WR,2005,3.5345302867139483,3.4334767651367692,0.10105352157717906,3.5940102183771367,-0.059479931663188434,3.084687260302403,3.7792093052413205,v1.0.0,v1.0.0
Antrel Rolle,8423,CB,DB,2005,4.450480635187165,3.5856948947127423,0.8647857404744226,3.5802067363454153,0.8702738988417495,3.4168268263378843,3.752275789445555,v1.0.0,v1.0.0
Carlos Rogers,8424,CB,DB,2005,4.329205346513472,4.000444578862713,0.3287607676507589,3.837274644100848,0.49193070241262404,3.8490616206869785,4.195527540327242,v1.0.0,v1.0.0
Mike Williams,8425,WR,WR,2005,3.6846873160553586,3.1516272951006155,0.5330600209547431,3.26419679760388,0.42049051845147867,2.7789282249279808,3.4879060858129654,v1.0.0,v1.0.0
DeMarcus Ware,8426,OLB,EDGE,2005,4.561360949476363,3.9031881894565057,0.6581727600198573,3.7774590605266787,0.7839018889496843,3.7324875917122315,4.058513536363888,v1.0.0,v1.0.0
Shawne Merriman,8427,DE,EDGE,2005,3.901409269581502,3.824651266594298,0.07675800298720414,3.6830491881790692,0.2183600814024329,3.6477203206330024,4.006833986283117,v1.0.0,v1.0.0
Jammal Brown,8428,OT,OL,2005,3.5966048274779854,3.340986508567333,0.25561831891065223,3.397019555954905,0.19958527152308037,3.187549081967837,3.477657469477898,v1.0.0,v1.0.0
Thomas Davis,8429,S,DB,2005,4.692824920978411,3.6427718932779256,1.0500530277004851,3.567006175848809,1.1258187451296018,3.387927736200484,3.888248560475299,v1.0.0,v1.0.0
Derrick Johnson,8430,OLB,EDGE,2005,4.63690687377232,3.720316207698328,0.9165906660739922,3.535941750441722,1.1009651233305981,3.389986987880626,4.03368945489146,v1.0.0,v1.0.0
Travis Johnson,8431,DT,IDL,2005,3.866647345564772,3.4582735103214635,0.4083738352433084,3.444262297878289,0.422385047686483,3.2272932205244262,3.661184190017223,v1.0.0,v1.0.0
David Pollack,8432,DE,EDGE,2005,2.523550556078262,3.9595382602399725,-1.4359877041617106,3.782071716011749,-1.2585211599334873,3.7436426200676562,4.195583247029627,v1.0.0,v1.0.0
Erasmus James,8433,DE,EDGE,2005,2.8236674677521854,3.490243606247662,-0.6665761384954765,3.2503522628993724,-0.42668479514718705,3.2516505543996654,3.75726163857303,v1.0.0,v1.0.0
Alex Barron,8434,OT,OL,2005,3.65267405126285,3.5807796471964477,0.07189440406640246,3.594263702653453,0.0584103486093972,3.3923812696679096,3.8000623203401753,v1.0.0,v1.0.0
Marcus Spears,8435,DE,EDGE,2005,4.2606860317273165,3.87171654113995,0.38896949058736663,3.4797971004556896,0.780888931271627,3.6221906047667596,4.168150575541189,v1.0.0,v1.0.0
Matt Jones,8436,TE,TE,2005,3.5847863200739116,3.686389775928666,-0.10160345585475428,3.2741017475432446,0.31068457253066706,3.244037937393132,4.1470138622781745,v1.0.0,v1.0.0
Mark Clayton,8437,WR,WR,2005,3.9509600467828196,3.4832322884176787,0.4677277583651409,3.4010852140008563,0.5498748327819634,3.3166938050253387,3.6576614173226996,v1.0.0,v1.0.0
Fabian Washington,8438,CB,DB,2005,3.907800327184084,3.7183923717385072,0.18940795544557698,3.6284653989128137,0.2793349282712705,3.477294254085104,3.9548149736324327,v1.0.0,v1.0.0
Aaron Rodgers,8439,QB,QB,2005,4.979704844681408,2.4770758986961434,2.502628945985265,3.2706273147306235,1.7090775299507848,1.2751576490229837,3.6305131556026513,v1.0.0,v1.0.0
Jason Campbell,8440,QB,QB,2005,4.0533647193480435,3.20426303738747,0.8491016819605735,3.489448389809396,0.5639163295386473,2.8025791269557176,3.5447897280496674,v1.0.0,v1.0.0
Chris Spencer,8441,C,OL,2005,3.946502233083245,3.530929057390455,0.41557317569278984,3.473783255724364,0.4727189773588809,3.3693676732565447,3.662176467611636,v1.0.0,v1.0.0
Roddy White,8442,WR,WR,2005,4.514140032928523,3.4450998071262164,1.0690402258023068,3.4334933215209955,1.0806467114075278,3.2613945115199527,3.619968236224943,v1.0.0,v1.0.0
Luis Castillo,8443,DT,IDL,2005,3.943128626747306,3.488189832389107,0.4549387943581986,3.490819558086317,0.45230906866098897,3.231582615238199,3.69709995840065,v1.0.0,v1.0.0
Heath Miller,8444,TE,TE,2005,4.502669146999699,3.406160958254809,1.0965081887448895,3.3901140931373015,1.1125550538623972,3.126770403061906,3.615244482348536,v1.0.0,v1.0.0
Mike Patterson,8445,DT,IDL,2005,4.394027700174193,3.5153541621434363,0.8786735380307564,3.5377383767578263,0.8562893234163664,3.3113406593759565,3.7644852389164187,v1.0.0,v1.0.0
Logan Mankins,8446,OG,OL,2005,4.096781332489056,3.718105096138606,0.3786762363504499,3.6788576894598446,0.41792364302921126,3.473693669578989,3.9316295503099687,v1.0.0,v1.0.0
David Baas,8447,OG,OL,2005,3.460019979540351,3.6616839249965505,-0.20166394545619948,3.739681647889595,-0.2796616683492439,3.538153780975625,3.8020639737942923,v1.0.0,v1.0.0
Brodney Pool,8448,S,DB,2005,4.071412258950327,3.446739642767491,0.6246726161828366,3.4323879917630253,0.6390242671873021,3.286566060870756,3.609740771353065,v1.0.0,v1.0.0
Reggie Brown,8449,WR,WR,2005,3.80230039399085,3.5645503641408953,0.23775002984995464,3.451258325447834,0.3510420685430158,3.3464437070508226,3.8233521947019407,v1.0.0,v1.0.0
Barrett Ruud,8450,ILB,LB,2005,4.176217511362912,3.7326565638979514,0.4435609474649609,3.6361193418431963,0.540098169519716,3.430692074879196,4.012864949220524,v1.0.0,v1.0.0
Shaun Cody,8451,DT,IDL,2005,4.170465261432873,3.757304249965728,0.4131610114671447,3.533077984045188,0.6373872773876847,3.489012607931609,4.01673950005353,v1.0.0,v1.0.0
Stanford Routt,8452,CB,DB,2005,4.1987305841937035,3.724998485297415,0.47373209889628853,3.634278979152146,0.5644516050415573,3.526807881524564,3.923169028031753,v1.0.0,v1.0.0
Mark Bradley,8453,WR,WR,2005,3.705827390663973,3.550445017888544,0.1553823727754291,3.505008504544904,0.20081888611906873,3.3792460231298764,3.7752290225751577,v1.0.0,v1.0.0
Josh Bullocks,8454,S,DB,2005,3.9758857669824756,3.5088057528885543,0.4670800140939213,3.4617348299066735,0.5141509370758022,3.3209604433703714,3.7170729143807018,v1.0.0,v1.0.0
Michael Roos,8455,OT,OL,2005,4.251821304352977,3.507961992899894,0.7438593114530829,3.5666313629506665,0.6851899414023106,3.2989515311862525,3.6859896785345265,v1.0.0,v1.0.0
Kevin Burnett,8456,OLB,EDGE,2005,4.32049831589548,3.220918744377252,1.0995795715182282,3.2723296681138874,1.0481686477815928,3.0086258195534326,3.4482530379365444,v1.0.0,v1.0.0
Corey Webster,8457,CB,DB,2005,4.244831587196613,3.547863188286387,0.6969683989102258,3.513038872452419,0.7317927147441936,3.3553638314241074,3.7710118265259185,v1.0.0,v1.0.0
J.J. Arrington,8458,RB,RB,2005,3.63082325424351,3.549150831207719,0.08167242303579103,3.668463168699274,-0.03763991445576398,3.3505945575216987,3.7534882367432587,v1.0.0,v1.0.0
Lofa Tatupu,8459,ILB,LB,2005,3.9312968613596864,3.495684887963589,0.43561197339609725,3.4149070818120912,0.5163897795475951,3.2618713330931994,3.734313058959222,v1.0.0,v1.0.0
Matt Roth,8460,DE,EDGE,2005,4.07784795508909,3.5737963907766743,0.5040515643124155,3.4466478887493364,0.6312000663397535,3.3791422149853823,3.7695438782189505,v1.0.0,v1.0.0
Mike Nugent,8461,K,ST,2005,4.569902573877159,3.4690337295792535,1.1008688442979055,3.3177899733870753,1.2521126004900838,2.9647302630343444,3.9993899926884584,v1.0.0,v1.0.0
Odell Thurman,8462,ILB,LB,2005,2.6554775013275047,3.5265542040226427,-0.871076702695138,3.3033546467000727,-0.647877145372568,3.2169154354798444,3.819484220878856,v1.0.0,v1.0.0
Marcus Johnson,8463,OG,OL,2005,2.1593671492279647,3.246354565252857,-1.0869874160248925,3.4163761130835737,-1.257008963855609,3.0621200612992387,3.3958882331261,v1.0.0,v1.0.0
Nick Collins,8465,CB,DB,2005,4.038241796942238,3.7326963081802367,0.30554548876200105,3.701142174207479,0.3370996227347587,3.554230087575961,3.948766864305629,v1.0.0,v1.0.0
Khalif Barnes,8466,OT,OL,2005,3.9586982334119263,3.793743949565447,0.16495428384647948,3.710744212300621,0.24795402111130516,3.5974179128674395,3.993565261575329,v1.0.0,v1.0.0
Dan Cody,8467,DE,EDGE,2005,0.9146634597162007,3.4856984251689185,-2.571034965452718,3.3629238691641627,-2.448260409447962,3.3132378748428493,3.68787577731238,v1.0.0,v1.0.0
Eric Shelton,8468,RB,RB,2005,2.0548197685407565,3.413467967397717,-1.3586481988569603,3.486203252105365,-1.4313834835646086,2.9836189777612785,3.7748435254608528,v1.0.0,v1.0.0
Roscoe Parrish,8469,WR,WR,2005,4.029023070322787,3.2696508991700566,0.7593721711527306,3.277047366092482,0.751975704230305,3.0351351569724074,3.5226071411516178,v1.0.0,v1.0.0
Darrent Williams,8470,CB,DB,2005,3.064574191536438,3.670791870941471,-0.6062176794050327,3.5721377112267554,-0.5075635196903172,3.497607143495302,3.844325322009019,v1.0.0,v1.0.0
Terrence Murphy,8472,WR,WR,2005,1.1451351194023418,3.4497942521832328,-2.304659132780891,3.4558460622252922,-2.3107109428229506,3.2513283638290034,3.657246085646125,v1.0.0,v1.0.0
Jonathan Babineaux,8473,DT,IDL,2005,4.586364032014431,3.3744593307355553,1.2119047012788755,3.436471536805218,1.1498924952092127,3.1839165437035106,3.5416100366375356,v1.0.0,v1.0.0
Kelvin Hayden,8474,CB,DB,2005,4.103583886377161,3.7665355617522716,0.3370483246248899,3.6743835743885533,0.4292003119886081,3.593961344297789,3.964288991239797,v1.0.0,v1.0.0
Vincent Jackson,8475,WR,WR,2005,4.4716980842361,3.3741556623809568,1.097542421855143,3.4363726183219514,1.0353254659141484,2.9720548847369868,3.7718584656239735,v1.0.0,v1.0.0
Bryant McFadden,8476,CB,DB,2005,4.045012691500104,3.5493081562638182,0.4957045352362859,3.486558673849915,0.5584540176501891,3.3044517159707127,3.775150587856282,v1.0.0,v1.0.0
Adam Terry,8478,OT,OL,2005,3.0057495495866404,3.210457184907663,-0.20470763532102243,3.340796303509912,-0.33504675392327155,3.02744278194947,3.4148470218507794,v1.0.0,v1.0.0
Frank Gore,8479,RB,RB,2005,4.8354766687168205,3.5171730445857663,1.3183036241310542,3.363281737418129,1.4721949312986915,3.2794895882347896,3.7219656210293746,v1.0.0,v1.0.0
Charlie Frye,8481,QB,QB,2005,2.8533491496878853,3.0091805299094863,-0.15583138022160092,3.4744184764693387,-0.6210693267814533,2.622444224397479,3.3593518511725833,v1.0.0,v1.0.0
Courtney Roby,8482,WR,WR,2005,4.063977728230309,3.4710179982602156,0.5929597299700937,3.5113341109767986,0.5526436172535107,3.2992875839768625,3.6921921214613254,v1.0.0,v1.0.0
Andrew Walter,8483,QB,QB,2005,2.3868481303175892,3.204068507569221,-0.8172203772516315,3.4534741541771083,-1.066626023859519,2.789089085531748,3.574117304495031,v1.0.0,v1.0.0
Channing Crowder,8484,ILB,LB,2005,3.915727254695066,3.4008734511263445,0.5148538035687213,3.4974015470258224,0.4183257076692435,3.1026724901232083,3.698008917134179,v1.0.0,v1.0.0
Alex Smith,8485,TE,TE,2005,4.273311555407383,3.4257147663169754,0.8475967890904075,3.578105433994247,0.6952061214131358,2.9706123549005046,3.874091162731644,v1.0.0,v1.0.0
Stanley Wilson,8486,CB,DB,2005,3.183687955948746,3.3896241391166235,-0.20593618316787765,3.346621968068628,-0.16293401211988234,3.213839188602666,3.5503376039519012,v1.0.0,v1.0.0
Vernand Morency,8487,RB,RB,2005,3.439162575081876,3.147136116337058,0.29202645874481803,3.4933937022870403,-0.05423112720516432,2.8649006556775185,3.3568922691300616,v1.0.0,v1.0.0
Justin Tuck,8488,DE,EDGE,2005,4.416149223891546,3.691407450934774,0.7247417729567722,3.452345631409744,0.9638035924818023,3.5333156553062683,3.8965136250990446,v1.0.0,v1.0.0
Eric Green,8489,CB,DB,2005,3.5479840389742314,3.4856828555743946,0.06230118339983681,3.34468342849169,0.20330061048254144,3.212715141540505,3.7116789335039617,v1.0.0,v1.0.0
Karl Paymah,8490,CB,DB,2005,3.849427795524237,3.8127810945070553,0.036646701017181815,3.7649999320877092,0.08442786343652786,3.600812055079334,3.992495254939395,v1.0.0,v1.0.0
Ryan Moats,8491,RB,RB,2005,3.304592901681356,3.3624075949688303,-0.05781469328747413,3.5409157553993937,-0.23632285371803752,3.057519936124342,3.621928518235015,v1.0.0,v1.0.0
Kirk Morrison,8492,ILB,LB,2005,4.170465261432873,3.441897206257916,0.7285680551749567,3.537591603251521,0.6328736581813517,3.064461325985904,3.8480455196208503,v1.0.0,v1.0.0
Dustin Fox,8494,S,DB,2005,2.171652080276462,3.5210126270346676,-1.3493605467582057,3.3612725092104943,-1.1896204289340324,3.19736727426564,3.9007888878906116,v1.0.0,v1.0.0
Richie Incognito,8495,C,OL,2005,4.0842205551518935,3.456108170184592,0.6281123849673014,3.6720920231687515,0.41212853198314203,3.2290628878441483,3.7212722958322684,v1.0.0,v1.0.0
Alfred Fincher,8496,ILB,LB,2005,3.304592901681356,3.5202219789993543,-0.21562907731799807,3.2242252895744685,0.0803676121068877,3.1674533134559004,3.8375073138677553,v1.0.0,v1.0.0
Chris Henry,8497,WR,WR,2005,3.628618092270494,3.3310069456014264,0.2976111466690674,3.348275207721197,0.280342884549297,3.08758802120841,3.5801445828773453,v1.0.0,v1.0.0
Ellis Hobbs,8498,CB,DB,2005,3.8916504281028392,3.762288590588697,0.12936183751414232,3.6071430557659814,0.28450737233685786,3.598320401227169,3.948840231700748,v1.0.0,v1.0.0
Kevin Everett,8500,TE,TE,2005,2.586733052501921,3.3008062292100395,-0.7140731767081183,3.278143964090153,-0.6914109115882319,3.0145973693749806,3.599558816594444,v1.0.0,v1.0.0
Scott Starks,8501,CB,DB,2005,3.5727489390252067,3.6974462024966512,-0.1246972634714445,3.4857432241411015,0.08700571488410525,3.464673127549337,3.9390035935475387,v1.0.0,v1.0.0
Jordan Beck,8504,OLB,EDGE,2005,3.0404973649442106,3.575664596581538,-0.5351672316373275,3.584347565166745,-0.5438502002225345,3.400405569238544,3.766777320962073,v1.0.0,v1.0.0
Adam Snyder,8508,OG,OL,2005,4.0440108868980875,3.3449865210493264,0.6990243658487612,3.425819538422792,0.6181913484752957,3.1532234720389285,3.4824808602707864,v1.0.0,v1.0.0
Darryl Blackstock,8509,OLB,EDGE,2005,3.819988560282025,3.6291471439954264,0.1908414162865988,3.5406883629849237,0.2793001972971014,3.444624454207733,3.7842538932772842,v1.0.0,v1.0.0
Brandon Jones,8510,WR,WR,2005,3.6738537319399707,3.6174460667483803,0.05640766519159035,3.484398779441848,0.1894549524981226,3.378002178534902,3.8430180306005077,v1.0.0,v1.0.0
Domonique Foxworth,8511,CB,DB,2005,3.8834224701360887,3.8123872487170383,0.07103522141905039,3.7026733527450832,0.1807491173910054,3.6642595753944427,3.959136564957957,v1.0.0,v1.0.0
Leroy Hill,8512,ILB,LB,2005,4.045012691500104,3.6106531928902514,0.4343594986098527,3.470085120138626,0.5749275713614783,3.3904167855838514,3.8270547463620117,v1.0.0,v1.0.0
Dustin Colquitt,8513,P,ST,2005,4.9113086874769625,3.6930757630108753,1.2182329244660872,3.385511606559378,1.5257970809175845,3.3046314777669865,4.036827375254209,v1.0.0,v1.0.0
Sean Considine,8516,S,DB,2005,4.128707786759444,3.7590751576009507,0.36963262915849304,3.707785864574523,0.42092192218492075,3.596938562221943,3.9319582350644957,v1.0.0,v1.0.0
Antonio Perkins,8517,CB,DB,2005,1.5373628566898307,3.508293211756113,-1.9709303550662824,3.401845986091113,-1.8644831294012822,3.31114798143153,3.6763918025641464,v1.0.0,v1.0.0
Travis Daniels,8518,CB,DB,2005,4.140914718282981,3.4279022203046168,0.7130124979783643,3.3274817465935866,0.8134329716893944,3.2321316794155877,3.5875911182830027,v1.0.0,v1.0.0
Ray Willis,8519,OT,OL,2005,2.6760367716165465,3.353544207842437,-0.6775074362258904,3.6777170194046196,-1.001680247788073,3.185366573761468,3.5726044469596374,v1.0.0,v1.0.0
Kyle Orton,8520,QB,QB,2005,4.064049891471098,3.259943647451327,0.8041062440197706,3.086372193125487,0.9776776983456106,2.5226283413358392,4.022425306710989,v1.0.0,v1.0.0
Dan Buenning,8521,OG,OL,2005,2.6554775013275047,3.3624166334835555,-0.7069391321560508,3.4671263266756314,-0.8116488253481267,3.2088281815092277,3.5321798151178183,v1.0.0,v1.0.0
Vincent Fuller,8522,S,DB,2005,3.8112046428236552,3.3420619109036602,0.469142731919995,3.349989040694551,0.46121560212910406,3.176840642093432,3.491258029154667,v1.0.0,v1.0.0
Marion Barber,8523,RB,RB,2005,4.064912204782848,3.3258254490549812,0.7390867557278669,3.4119631287811845,0.6529490760016636,3.094181757318833,3.554747233723575,v1.0.0,v1.0.0
Brandon Jacobs,8524,RB,RB,2005,4.177238273405982,3.594054442611199,0.5831838307947832,3.587424091605815,0.5898141818001674,3.1971525312019304,3.9865391579997858,v1.0.0,v1.0.0
Elton Brown,8525,OG,OL,2005,2.6469482242548565,3.237858283893919,-0.5909100596390626,3.620569509308892,-0.9736212850540356,3.0412858125555253,3.4762837554452566,v1.0.0,v1.0.0
Ciatrick Fason,8526,RB,RB,2005,2.6469482242548565,3.3450078537311367,-0.6980596294762802,3.3091280998398362,-0.6621798755849797,3.086566065297609,3.6564509349639143,v1.0.0,v1.0.0
David Stewart,8527,OT,OL,2005,4.096781332489056,3.2747852491157223,0.8219960833733335,3.5391798663097056,0.5576014661793502,3.08872578103947,3.472091576266481,v1.0.0,v1.0.0
Jerome Mathis,8528,WR,WR,2005,2.4507728289107145,3.177898188959887,-0.7271253600491727,3.179913968129017,-0.7291411392183025,2.957113220694233,3.383260596800835,v1.0.0,v1.0.0
Marviel Underwood,8529,S,DB,2005,2.6554775013275047,3.597832650658776,-0.9423551493312714,3.5702460414896473,-0.9147685401621426,3.4647184165011837,3.749410392125888,v1.0.0,v1.0.0
Craphonso Thorpe,8530,WR,WR,2005,1.5216626918475837,3.3648069317180576,-1.8431442398704738,3.3836945968384264,-1.8620319049908427,3.149113587949426,3.5849136014132714,v1.0.0,v1.0.0
Eric Ghiaciuc,8533,C,OL,2005,3.1528451932898274,3.6501338376600034,-0.49728864437017606,3.5404369623543595,-0.3875917690645321,3.4880625267843546,3.7992718014178823,v1.0.0,v1.0.0
Duke Preston,8536,C,OL,2005,3.131875632847984,3.4176170928589884,-0.2857414600110042,3.3061248028378296,-0.1742491699898454,3.061474014595677,3.6847714262081475,v1.0.0,v1.0.0
Kerry Rhodes,8537,S,DB,2005,4.204239091737835,3.6572323517296543,0.5470067400081811,3.600802068087915,0.6034370236499202,3.468961067066334,3.8561992600579806,v1.0.0,v1.0.0
Jason Brown,8538,C,OL,2005,3.917062997841033,3.436972578789569,0.4800904190514639,3.477465430386372,0.43959756745466105,3.3042934347161634,3.5815030436033584,v1.0.0,v1.0.0
Brady Poppinga,8539,DE,EDGE,2005,4.097148190238399,3.6879833633756696,0.4091648268627295,3.5965007267091984,0.5006474635292006,3.5106067258819666,3.8749838049144922,v1.0.0,v1.0.0
Alvin Pearman,8541,RB,RB,2005,3.2529746770177805,3.224424394356603,0.02855028266117765,3.501220781298423,-0.2482461042806423,2.962354391592198,3.465267253579507,v1.0.0,v1.0.0
Chauncey Davis,8542,DE,EDGE,2005,4.0842205551518935,3.5726562941539854,0.5115642609979081,3.4121067192340044,0.6721138359178891,3.328753185797216,3.833470011114384,v1.0.0,v1.0.0
Dylan Gandy,8543,OG,OL,2005,3.549376123448943,3.4000177284344346,0.14935839501450854,3.402013240296755,0.14736288315218804,3.203186577683342,3.5592411628418197,v1.0.0,v1.0.0
Darren Sproles,8544,RB,RB,2005,4.619432703166583,3.205971509934384,1.4134611932321994,3.5666917389844106,1.0527409641821728,2.68921001732393,3.575478911063189,v1.0.0,v1.0.0
Chris Canty,8546,DE,EDGE,2005,4.420541132492418,3.5769762134363674,0.8435649190560506,3.3751653149939953,1.0453758174984227,3.341552953358987,3.849275772917187,v1.0.0,v1.0.0
Claude Terrell,8548,OG,OL,2005,2.759613832938619,3.335077130654632,-0.5754632977160132,3.539595578119104,-0.7799817451804851,3.076720389798728,3.575147926003708,v1.0.0,v1.0.0
Ronald Fields,8551,DT,IDL,2005,3.981374951762213,3.2730075001731236,0.7083674515890892,3.170641989002758,0.8107329627594546,3.102967698474081,3.5108549333996377,v1.0.0,v1.0.0
Boomer Grigsby,8552,ILB,LB,2005,3.467468875860921,3.7860611183908506,-0.3185922425299297,3.680826991760408,-0.21335811589948728,3.299834326000627,4.230683851112588,v1.0.0,v1.0.0
David McMillan,8553,DE,EDGE,2005,3.0057495495866404,4.027337283291116,-1.0215877337044756,3.6484291591773714,-0.642679609590731,3.762942335821071,4.274950047835714,v1.0.0,v1.0.0
Donte Nicholson,8555,S,DB,2005,2.3868469108371837,3.622492352280722,-1.2356454414435385,3.624947303193183,-1.2381003923559994,3.4491141827332714,3.7983184389424314,v1.0.0,v1.0.0
Dan Orlovsky,8559,QB,QB,2005,2.7433557463001605,2.7051136577318475,0.038242088568313015,3.1900285026963195,-0.446672756396159,2.350136761888648,3.0494250877042663,v1.0.0,v1.0.0
Trent Cole,8560,OLB,EDGE,2005,4.554036928326241,3.3261629480184904,1.2278739803077503,3.2970758077902036,1.2569611205360371,3.1647498878451232,3.517196924552483,v1.0.0,v1.0.0
Jonathan Welsh,8562,OLB,EDGE,2005,1.6770794524643968,3.4365267537599027,-1.7594473012955059,3.371084970527747,-1.69400551806335,3.04557625966347,3.8456940586900203,v1.0.0,v1.0.0
Adam Seward,8563,ILB,LB,2005,3.3883443891304488,3.776589970555967,-0.38824558142551835,3.7819140356173344,-0.39356964648688564,3.4715428824062755,4.073609882482376,v1.0.0,v1.0.0
Robert McCune,8568,ILB,LB,2005,1.8070542371339542,3.789578597262463,-1.982524360128509,3.801236359694126,-1.9941821225601717,3.410998322369142,4.246830145009362,v1.0.0,v1.0.0
Eric King,8570,CB,DB,2005,3.7804585666277806,3.589976492840368,0.19048207378741244,3.5038706830002257,0.2765878836275548,3.3943333005239453,3.8142266709396355,v1.0.0,v1.0.0
Gerald Sensabaugh,8571,S,DB,2005,4.170465261432873,3.6649450397135492,0.5055202217193235,3.587329530204038,0.5831357312288348,3.4174473035128545,3.9113432128762886,v1.0.0,v1.0.0
Justin Green,8572,FB,RB,2005,3.340141104103564,3.2828289412033773,0.0573121629001867,3.504892401376085,-0.16475129727252114,2.960345242325252,3.525918025369352,v1.0.0,v1.0.0
Michael Boley,8574,OLB,EDGE,2005,4.296241769940804,3.582536994816578,0.7137047751242256,3.4182656328382572,0.8779761371025465,3.3519475896035904,3.832568715408345,v1.0.0,v1.0.0
Wesley Britt,8578,OT,OL,2005,2.1593671492279647,3.3116250639769236,-1.152257914748959,3.560697980709145,-1.40133083148118,3.076344703519661,3.5833782235894023,v1.0.0,v1.0.0
Rian Wallace,8580,OLB,EDGE,2005,2.523550556078262,3.5648966888065736,-1.0413461327283118,3.446804427782589,-0.9232538717043273,3.218533955817901,3.970196363329558,v1.0.0,v1.0.0
Lance Mitchell,8582,ILB,LB,2005,2.3460445734134283,3.1668803666422316,-0.8208357932288033,3.241191080799633,-0.8951465073862046,2.7282337857925505,3.7649844621253616,v1.0.0,v1.0.0
Geoff Hangartner,8583,C,OL,2005,3.356391950537085,3.5079708650539954,-0.1515789145169104,3.4869748387670154,-0.13058288822993047,3.401023120249308,3.6167299186593187,v1.0.0,v1.0.0
Ben Emanuel,8585,S,DB,2005,2.2560511899300453,3.5915843144153135,-1.3355331244852682,3.6436815735275125,-1.3876303835974673,3.3756253246701773,3.767177664875251,v1.0.0,v1.0.0
Tyjuan Hagler,8587,OLB,EDGE,2005,3.557448840607585,3.4721736901562044,0.08527515045138045,3.5922689802549,-0.03482013964731534,3.2238621144580453,3.7349788206851433,v1.0.0,v1.0.0
Rasheed Marshall,8588,WR,WR,2005,2.3460445734134283,3.481043200461146,-1.1349986270477177,3.384959177022711,-1.0389146036092827,3.3145399921681347,3.6970549875823098,v1.0.0,v1.0.0
Anttaj Hawthorne,8589,DT,IDL,2005,2.6469482242548565,3.3940091828473133,-0.7470609585924568,3.3627850760416673,-0.7158368517868108,3.16695928094435,3.5935088739552956,v1.0.0,v1.0.0
Anthony Bryant,8592,DT,IDL,2005,2.319330128167699,3.5236061165831467,-1.2042759884154477,3.598726623839962,-1.279396495672263,3.266630603219021,3.752114917542663,v1.0.0,v1.0.0
Bo Scaife,8593,TE,TE,2005,3.9758857669824756,3.4894025033513953,0.4864832636310803,3.527006618565972,0.4488791484165038,3.2564517570596094,3.7073657707946492,v1.0.0,v1.0.0
Cedric Houston,8596,RB,RB,2005,2.759613832938619,3.4984668235538785,-0.7388529906152597,3.3910102191247122,-0.6313963861860934,3.3034360239648377,3.700324457211035,v1.0.0,v1.0.0
Chad Owens,8599,WR,WR,2005,1.5741499636073684,3.522499378028346,-1.9483494144209774,3.341811869696198,-1.7676619060888297,3.2245902926882204,3.818319683055781,v1.0.0,v1.0.0
Eric Moore,8600,DE,EDGE,2005,3.2094552223660693,3.3659670092262477,-0.15651178686017841,3.2773193161694327,-0.06786409380336345,3.1643993921305795,3.5739152229316855,v1.0.0,v1.0.0
Jovan Haye,8603,DE,EDGE,2005,3.831739629233062,3.74709511245851,0.08464451677455198,3.649594483189591,0.18214514604347087,3.5431460424410743,3.930066299000531,v1.0.0,v1.0.0
Tab Perry,8604,WR,WR,2005,2.6773591454928125,3.353362020161803,-0.6760028746689906,3.412086341673915,-0.7347271961811024,3.0752027808594593,3.6597256276169383,v1.0.0,v1.0.0
C.J. Mosley,8605,DT,IDL,2005,4.384545777337598,3.4908731436610654,0.8936726336765326,3.3980896995967784,0.9864560777408196,3.207957870460718,3.720768788536458,v1.0.0,v1.0.0
Jason Jefferson,8607,DT,IDL,2005,3.035568106998676,3.386104561887334,-0.3505364548886578,3.344449440187001,-0.3088813331883249,3.153607230770942,3.6134709552664472,v1.0.0,v1.0.0
Joel Dreessen,8612,TE,TE,2005,4.215118006768925,3.839010054821206,0.3761079519477195,3.767556412112675,0.44756159465625034,3.4889556691394765,4.197769613058693,v1.0.0,v1.0.0
Chris Myers,8614,OG,OL,2005,4.144729330144801,3.3153580116429398,0.8293713185018614,3.5022791080713302,0.6424502220734709,3.1179601375049315,3.5256640127708483,v1.0.0,v1.0.0
DeAndra Cobb,8615,RB,RB,2005,0.7854339968946757,3.272033095576956,-2.48659909868228,3.374290055524796,-2.58885605863012,3.0957158691785858,3.452839151287494,v1.0.0,v1.0.0
Dave Rayner,8616,K,ST,2005,3.5673968745386397,3.566621365376149,0.0007755091624908061,3.3261855585298425,0.2412113160087972,3.080142929653035,4.009400297758001,v1.0.0,v1.0.0
Chris Kemoeatu,8618,OG,OL,2005,3.1528451932898274,3.5392364217852554,-0.38639122849542806,3.73657351142946,-0.5837283181396327,3.3165462971263615,3.787601529458856,v1.0.0,v1.0.0
Derrick Johnson,8619,CB,DB,2005,2.8382365037161765,3.7130948893563827,-0.8748583856402061,3.7344970482769444,-0.8962605445607679,3.417784678457138,3.9653571810043156,v1.0.0,v1.0.0
Reggie Hodges,8624,P,ST,2005,3.819988560282025,3.9071045471771475,-0.08711598689512234,3.4574501646159286,0.3625383956660966,3.5333736074041537,4.314073175818938,v1.0.0,v1.0.0
Ryan Riddle,8626,DE,EDGE,2005,2.586733052501921,3.552449840605584,-0.9657167881036628,3.472295502667198,-0.8855624501652768,3.3761398262325253,3.7816126478921266,v1.0.0,v1.0.0
Derek Anderson,8627,QB,QB,2005,3.853179150489601,2.5034746796153273,1.3497044708742738,3.1318667676571477,0.7213123828324535,1.9315121592433488,3.0293854385581764,v1.0.0,v1.0.0
Daven Holly,8629,CB,DB,2005,3.183687955948746,3.5866905039251136,-0.4030025479763677,3.5556655092557246,-0.3719775533069787,3.3802799639277272,3.790549501506853,v1.0.0,v1.0.0
Kevin Vickerson,8630,DT,IDL,2005,3.9996395364235564,3.521255465889568,0.47838407053398857,3.3805053359816215,0.6191342004419349,3.2199526572842156,3.7487526240914075,v1.0.0,v1.0.0
Nehemiah Broughton,8636,RB,RB,2005,1.4639229141164507,3.501911452331641,-2.03798853821519,3.536754342241325,-2.072831428124874,3.085552635750688,3.9347231989004285,v1.0.0,v1.0.0
Paris Warren,8639,WR,WR,2005,1.940930471343771,2.870739166048537,-0.9298086947047661,3.034678992890442,-1.093748521546671,2.404933152587944,3.271056423285427,v1.0.0,v1.0.0
Leron McCoy,8640,WR,WR,2005,2.1593671492279647,3.421375569543347,-1.2620084203153823,3.3725620375757837,-1.213194888347819,3.2062208417326548,3.640939560515358,v1.0.0,v1.0.0
Hamza Abdullah,8645,S,DB,2005,3.4131189778609787,3.437760883522577,-0.024641905661598074,3.315193138220045,0.09792583964093371,3.0929638577022094,3.7471293783122754,v1.0.0,v1.0.0
Cornelius Wortham,8649,OLB,EDGE,2005,1.940930471343771,3.123283554686089,-1.182353083342318,3.345167552472463,-1.404237081128692,2.7810407798469012,3.4622529883214983,v1.0.0,v1.0.0
Darrell Shropshire,8655,DT,IDL,2005,2.912533449240207,3.526062135680556,-0.6135286864403491,3.6744286533556205,-0.7618952041154134,3.2732700845214553,3.7666118718847366,v1.0.0,v1.0.0
Scott Mruczkowski,8656,C,OL,2005,3.1481389932070876,3.2986127975169346,-0.15047380430984703,3.5929619198943703,-0.44482292668728274,3.1350821055348206,3.4571771042780783,v1.0.0,v1.0.0
Noah Herron,8658,RB,RB,2005,3.0281160382132595,3.210052031953763,-0.1819359937405034,3.629556183847358,-0.6014401456340983,2.871031677226423,3.537007913496225,v1.0.0,v1.0.0
Billy Bajema,8663,TE,TE,2005,4.239459655794183,3.703370170010066,0.5360894857841165,3.5850299892152124,0.6544296665789702,3.437333041873307,3.956423579085598,v1.0.0,v1.0.0
Ryan Fitzpatrick,8664,QB,QB,2005,4.58984278783774,2.837956601554833,1.7518861862829067,3.4664419498079657,1.1234008380297742,2.4020061802519157,3.3051638090545703,v1.0.0,v1.0.0
Madison Hedgecock,8665,FB,RB,2005,3.9865709391055297,3.284155554885576,0.7024153842199539,3.5699819485382642,0.4165889905672655,2.828516124228562,3.6515685473006143,v1.0.0,v1.0.0
Mario Williams,9587,DE,EDGE,2006,4.462901395290896,3.978108342215308,0.48479305307558773,3.8179403442888846,0.644961051002011,3.699348989649416,4.282998593104848,v1.0.0,v1.0.0
Reggie Bush,9588,RB,RB,2006,4.356177639011858,3.5574080506536094,0.7987695883582488,3.392169362834985,0.9640082761768731,3.3246620698374216,3.770375379288369,v1.0.0,v1.0.0
Vince Young,9589,QB,QB,2006,3.7141265512975705,3.206232847003933,0.5078937042936373,3.5745173415001354,0.13960920979743507,2.600648377752767,3.7148293607558234,v1.0.0,v1.0.0
D'Brickashaw Ferguson,9590,OT,OL,2006,4.017611319447864,3.1687377645700927,0.8488735548777715,3.4353749926570627,0.5822363267908015,2.9526198482350408,3.388836376687499,v1.0.0,v1.0.0
A.J. Hawk,9591,OLB,EDGE,2006,4.440779871573542,3.8908614933028507,0.5499183782706916,3.815751670453146,0.6250282011203963,3.674161890554119,4.093438638196622,v1.0.0,v1.0.0
Vernon Davis,9592,TE,TE,2006,4.694612679008305,4.051890094653188,0.6427225843551172,3.938235671568636,0.756377007439669,3.6863883872235905,4.446682604776541,v1.0.0,v1.0.0
Michael Huff,9593,S,DB,2006,4.231102418808185,3.5735535499287203,0.6575488688794651,3.568626354152468,0.6624760646557175,3.3969591833295434,3.756752120308556,v1.0.0,v1.0.0
Donte Whitner,9594,S,DB,2006,4.4587874575073245,3.5746611552738274,0.8841263022334971,3.468441599138973,0.9903458583683515,3.352704447255178,3.8035363551773465,v1.0.0,v1.0.0
Ernie Sims,9595,OLB,EDGE,2006,4.152896624380726,3.5302070831051138,0.6226895412756122,3.5452929416947945,0.6076036826859315,3.3045622982888507,3.767968430869733,v1.0.0,v1.0.0
Matt Leinart,9596,QB,QB,2006,3.0675709244736535,3.1352343286172233,-0.06766340414356975,3.3548277817245666,-0.2872568572509131,2.672508977008965,3.5286717929645013,v1.0.0,v1.0.0
Jay Cutler,9597,QB,QB,2006,4.463283727251276,3.73631500335141,0.7269687238998657,3.85436460921942,0.6089191180318556,3.007321758231884,4.764656014339814,v1.0.0,v1.0.0
Haloti Ngata,9598,DT,IDL,2006,4.5890192809324635,3.749329474330729,0.8396898066017346,3.6065401984793506,0.9824790824531129,3.5156822481347225,4.015748696439953,v1.0.0,v1.0.0
Kamerion Wimbley,9599,DE,EDGE,2006,4.3392721840921915,3.7294532341245707,0.6098189499676208,3.523343964365443,0.8159282197267483,3.4954174600946217,3.9024992587026635,v1.0.0,v1.0.0
Brodrick Bunkley,9600,DT,IDL,2006,4.291279913785008,3.6551741851427053,0.6361057286423026,3.4445134855382538,0.8467664282467542,3.3283284233246837,3.9439264088686787,v1.0.0,v1.0.0
Tye Hill,9601,CB,DB,2006,3.3358583827264905,3.685617067256462,-0.3497586845299714,3.5305156274695,-0.19465724474300972,3.53173445659344,3.856247037622249,v1.0.0,v1.0.0
Jason Allen,9602,S,DB,2006,4.106045147248737,3.9894645749513447,0.11658057229739205,3.8793828420896137,0.226662305159123,3.8374574408717224,4.171372504365304,v1.0.0,v1.0.0
Chad Greenway,9603,OLB,EDGE,2006,4.43252579240441,3.631815429210133,0.8007103631942769,3.443162017328903,0.9893637750755069,3.4608457421181944,3.8080009757711477,v1.0.0,v1.0.0
Bobby Carpenter,9604,OLB,EDGE,2006,4.0746380720227116,3.613736812105115,0.46090125991759656,3.4213173609827594,0.6533207110399522,3.4639663367788875,3.7847378646863534,v1.0.0,v1.0.0
Antonio Cromartie,9605,CB,DB,2006,4.479101610784992,3.468380613460692,1.0107209973243005,3.4212278553102404,1.057873755474752,3.293504559407276,3.636835821673496,v1.0.0,v1.0.0
Tamba Hali,9606,DE,EDGE,2006,4.557709254478619,3.6459596801154657,0.911749574363153,3.40833921967355,1.1493700348050688,3.4922435343841984,3.824601519790129,v1.0.0,v1.0.0
Laurence Maroney,9607,RB,RB,2006,3.5345302867139483,3.543410044689745,-0.008879757975796654,3.4193123243345056,0.1152179623794427,3.359207261739321,3.725779000527264,v1.0.0,v1.0.0
Manny Lawson,9608,OLB,EDGE,2006,4.376157158797064,3.8877460944344877,0.48841106436257586,3.7204563171292695,0.6557008416677941,3.6645859033234713,4.10345954573551,v1.0.0,v1.0.0
Davin Joseph,9609,OG,OL,2006,3.6633300276170395,3.20210901591426,0.46122101170277974,3.3557084764044207,0.3076215512126188,2.915097390796385,3.5282379476807835,v1.0.0,v1.0.0
Johnathan Joseph,9610,CB,DB,2006,4.747478947165263,3.59229367400241,1.1551852731628527,3.576250951576358,1.1712279955889047,3.4515586692968983,3.7375894320167897,v1.0.0,v1.0.0
Santonio Holmes,9611,WR,WR,2006,4.19480691045813,3.3996449865942955,0.7951619238638346,3.4051139692230503,0.7896929412350797,3.171882494204039,3.6255766326851724,v1.0.0,v1.0.0
John McCargo,9612,DT,IDL,2006,3.2241261668418204,3.413081948450028,-0.18895578160820747,3.4372324933655842,-0.21310632652376382,3.204207874190021,3.661240828465655,v1.0.0,v1.0.0
DeAngelo Williams,9613,RB,RB,2006,4.393733209445286,3.3969301168236337,0.9968030926216525,3.39501365829564,0.9987195511496463,3.133318197329844,3.6398734832355095,v1.0.0,v1.0.0
Marcedes Lewis,9614,TE,TE,2006,4.996623379526343,3.616034640661856,1.3805887388644873,3.3658686566599703,1.630754722866373,3.1350708463387873,4.0892891161778975,v1.0.0,v1.0.0
Nick Mangold,9615,C,OL,2006,4.380671065826391,3.5835909973817297,0.7970800684446613,3.5946536807514207,0.7860173850749703,3.438711216519113,3.752422598498288,v1.0.0,v1.0.0
Joseph Addai,9616,RB,RB,2006,3.8834224701360887,3.6177954890260113,0.2656269811100773,3.4763866802399623,0.4070357898961263,3.3770510842015105,3.8800638163586867,v1.0.0,v1.0.0
Kelly Jennings,9617,CB,DB,2006,3.9830286960066124,3.353192098957518,0.6298365970490942,3.2698644171280926,0.7131642788785197,3.0377927889743854,3.544410571675339,v1.0.0,v1.0.0
Mathias Kiwanuka,9618,DE,EDGE,2006,4.239459655794183,3.8632458417768523,0.37621381401733034,3.532051504140592,0.7074081516535906,3.640895927715522,4.090396277781976,v1.0.0,v1.0.0
DeMeco Ryans,9619,OLB,EDGE,2006,4.362424253620245,3.5517717265058315,0.8106525271144132,3.492935424587941,0.8694888290323037,3.349204011855546,3.7599958541226597,v1.0.0,v1.0.0
D'Qwell Jackson,9620,ILB,LB,2006,4.367034202021414,3.440381047648246,0.926653154373168,3.3621537509038824,1.0048804511175318,3.1936287495533593,3.6980228570527225,v1.0.0,v1.0.0
Rocky McIntosh,9621,OLB,EDGE,2006,4.23634438270206,3.140760459521591,1.095583923180469,3.341033061920166,0.8953113207818943,2.8758464250913116,3.3850126432398997,v1.0.0,v1.0.0
Chad Jackson,9622,WR,WR,2006,2.511483348890144,3.75452032480492,-1.2430369759147761,3.700986598618878,-1.189503249728734,3.531611625816053,3.98131715840615,v1.0.0,v1.0.0
Jimmy Williams,9623,CB,DB,2006,3.064574191536438,3.507122720969584,-0.4425485294331457,3.5416654648460844,-0.4770912733096462,3.315364755351628,3.6845059531307394,v1.0.0,v1.0.0
Thomas Howard,9624,OLB,EDGE,2006,4.02448466966741,3.857189269851349,0.1672953998160609,3.6501910713994663,0.3742935982679434,3.681141617362571,4.02792340900524,v1.0.0,v1.0.0
Winston Justice,9625,OT,OL,2006,2.9007489420738763,3.502711680868939,-0.6019627387950628,3.5766363907322325,-0.6758874486583561,3.291810773350227,3.7450184451188706,v1.0.0,v1.0.0
Daniel Bullocks,9626,S,DB,2006,3.1528451932898274,3.752498540039361,-0.5996533467495335,3.733383142587219,-0.5805379492973914,3.628214643250851,3.871684312769033,v1.0.0,v1.0.0
Deuce Lutui,9627,OG,OL,2006,3.5966048274779854,3.3861368284947195,0.21046799898326585,3.533315704945328,0.0632891225326575,3.2638071796511183,3.520100068960014,v1.0.0,v1.0.0
Danieal Manning,9628,CB,DB,2006,4.28124110420715,3.585215572107662,0.6960255320994881,3.528202905934146,0.7530381982730039,3.4229613620557906,3.761004427741774,v1.0.0,v1.0.0
Roman Harper,9629,S,DB,2006,4.454647316121763,3.5629947347766744,0.8916525813450886,3.5649215114559536,0.8897258046658094,3.376531290646807,3.720858352630143,v1.0.0,v1.0.0
Sinorice Moss,9630,WR,WR,2006,3.274913274630675,3.3929906891949897,-0.11807741456431486,3.365899407141968,-0.09098613251129306,3.1322692976302173,3.6561844640182417,v1.0.0,v1.0.0
LenDale White,9631,RB,RB,2006,3.63082325424351,3.690442215793044,-0.05961896154953372,3.5291644135989393,0.10165884064457087,3.4556028082416166,3.888529949697059,v1.0.0,v1.0.0
Joe Klopfenstein,9632,TE,TE,2006,3.5222380992124513,3.841274593454525,-0.3190364942420736,3.641347582939128,-0.11910948372667685,3.4578439568888335,4.26780283225996,v1.0.0,v1.0.0
Daryn Colledge,9633,OT,OL,2006,3.967644062372958,3.529321325721701,0.43832273665125676,3.5552639571141897,0.4123801052587681,3.3829745253772114,3.6752378400884034,v1.0.0,v1.0.0
Cedric Griffin,9634,S,DB,2006,3.996064842508419,3.6261726463712756,0.3698921961371435,3.5329562667106966,0.46310857579772247,3.542376734185586,3.7137316671779703,v1.0.0,v1.0.0
Kellen Clemens,9635,QB,QB,2006,3.65339306660651,3.2016977771956796,0.45169528941083037,3.3665010172980416,0.28689204930846834,2.7931823970796317,3.566628451403262,v1.0.0,v1.0.0
Marcus McNeill,9636,OT,OL,2006,3.4461896705496162,3.2903940426696896,0.15579562787992662,3.431113244219909,0.015076426329707182,3.084471161714361,3.519783556621441,v1.0.0,v1.0.0
Ryan Cook,9637,OT,OL,2006,3.270741920076855,3.393877275177513,-0.1231353551006582,3.48191248550364,-0.21117056542678503,3.2256068016438477,3.5648000943020657,v1.0.0,v1.0.0
Greg Jennings,9638,WR,WR,2006,4.376157158797064,3.4893505744361253,0.8868065843609383,3.470463461870312,0.9056936969267517,3.2985763143546705,3.69530561945727,v1.0.0,v1.0.0
Anthony Fasano,9639,TE,TE,2006,4.56860336423597,3.8044959349789895,0.7641074292569803,3.620554400133089,0.9480489641028806,3.553593083595031,4.082802570141225,v1.0.0,v1.0.0
Bernard Pollard,9640,S,DB,2006,4.2710448166981445,3.3762932699958883,0.8947515467022562,3.273429667511652,0.9976151491864926,3.1359598914320217,3.6088461837379535,v1.0.0,v1.0.0
Andrew Whitworth,9641,OT,OL,2006,4.3157188825970625,3.3952163877598416,0.9205024948372209,3.537952307725157,0.7777665748719054,3.142113131226579,3.6016941012111165,v1.0.0,v1.0.0
Chris Chester,9642,C,OL,2006,4.286562396741195,3.7375911292671145,0.548971267474081,3.757255920238783,0.5293064765024122,3.5316014088019236,3.9789184782846068,v1.0.0,v1.0.0
Devin Hester,9643,WR,WR,2006,4.444180101203487,3.2901871883598077,1.153992912843679,3.343658036249045,1.1005220649544416,3.1151669642651045,3.471451684051696,v1.0.0,v1.0.0
Richard Marshall,9644,CB,DB,2006,4.2606860317273165,3.6568394771924337,0.6038465545348828,3.5280025718903025,0.732683459837014,3.5148265708127084,3.811919002522354,v1.0.0,v1.0.0
Jeremy Trueblood,9645,OT,OL,2006,3.561194630853017,3.4111271749678167,0.1500674558852002,3.4791687166808756,0.08202591417214133,3.2084266112214315,3.58154901466754,v1.0.0,v1.0.0
Maurice Jones-Drew,9646,RB,RB,2006,4.2710448166981445,3.58926121065194,0.6817836060462046,3.4885851887357773,0.7824596279623672,3.329803084910859,3.8707714588474516,v1.0.0,v1.0.0
Tony Scheffler,9647,TE,TE,2006,4.140914718282981,3.9830291208960116,0.1578855973869695,3.811166845585239,0.32974787269774186,3.636153253754649,4.323034598929346,v1.0.0,v1.0.0
Tim Jennings,9648,CB,DB,2006,4.348394932036581,3.4728217427847974,0.8755731892517837,3.4012503423916964,0.9471445896448847,3.2424081264858557,3.7045249066892216,v1.0.0,v1.0.0
Darryl Tapp,9649,DE,EDGE,2006,4.512209635314689,3.343719649572119,1.1684899857425703,3.37977711203484,1.1324325232798493,3.167744204589372,3.5273388567218844,v1.0.0,v1.0.0
Tarvaris Jackson,9650,QB,QB,2006,3.6111702060770683,2.520271883282627,1.090898322794441,3.4766081907794453,0.13456201529762302,1.7863771678601528,3.2655538623699143,v1.0.0,v1.0.0
Eric Winston,9652,OT,OL,2006,4.117327958092561,3.460943679630662,0.6563842784618994,3.532494806238797,0.5848331518537644,3.317759869341104,3.634508205440196,v1.0.0,v1.0.0
Abdul Hodge,9653,ILB,LB,2006,3.2135152637140565,3.467859323189703,-0.2543440594756463,3.2280515892698376,-0.014536325555781104,3.176366749251201,3.742367870145974,v1.0.0,v1.0.0
Claude Wroten,9654,DT,IDL,2006,3.0404973649442106,3.385194597999192,-0.34469723305498157,3.358925730001573,-0.3184283650573625,3.2068481275426275,3.5672084566702273,v1.0.0,v1.0.0
Paul McQuistan,9655,OT,OL,2006,3.4735621360271987,3.5145261397191074,-0.04096400369190878,3.571949106784779,-0.09838697075758018,3.4072427210891463,3.6267219160851623,v1.0.0,v1.0.0
Ashton Youboty,9656,CB,DB,2006,3.490798326169174,3.362653646746944,0.1281446794222303,3.3497650726263797,0.1410332535427945,3.2071526173638167,3.496719216612801,v1.0.0,v1.0.0
Chris Gocong,9657,DE,EDGE,2006,3.8622111928606273,3.832297622222505,0.029913570638122167,3.712013613543215,0.15019757931741218,3.6805895574485628,3.992151855198031,v1.0.0,v1.0.0
Leonard Pope,9658,TE,TE,2006,4.090531284334419,3.744428723324895,0.3461025610095234,3.4306248177929017,0.6599064665415169,3.275255540637349,4.184665728267885,v1.0.0,v1.0.0
Dusty Dvoracek,9659,DT,IDL,2006,2.3124415619933303,3.730008072183569,-1.4175665101902388,3.6642238422654683,-1.351782280272138,3.490798305435431,3.930281809082181,v1.0.0,v1.0.0
Brian Calhoun,9660,RB,RB,2006,2.1486374407659596,3.309336707289219,-1.1606992665232592,3.348999495432692,-1.2003620546667322,3.1154987475052978,3.547666192139588,v1.0.0,v1.0.0
Jason Spitz,9661,OG,OL,2006,3.5222380992124513,3.4046409907335304,0.11759710847892091,3.4442349982163605,0.07800310099609087,3.2757109140094802,3.521725491561586,v1.0.0,v1.0.0
Anthony Schlegel,9662,ILB,LB,2006,2.586733052501921,3.4423683478185385,-0.8556352953166173,3.331329042497984,-0.7445959899960628,3.1566825096517688,3.7301835452142855,v1.0.0,v1.0.0
Jon Alston,9663,OLB,EDGE,2006,3.3336385885689284,3.5897767531150926,-0.2561381645461642,3.6241001352845243,-0.290461546715596,3.359410423619139,3.8004794145994456,v1.0.0,v1.0.0
Travis Wilson,9664,FB,RB,2004,1.345801546169376,3.175892901553066,-1.8300913553836902,3.3984791383791566,-2.052677592209781,2.693136935662583,3.4934850212579085,v1.0.0,v1.0.0
Jerious Norwood,9665,RB,RB,2006,3.7755896300038287,3.488675092685825,0.28691453731800376,3.5855583260543398,0.19003130394948897,3.292087054068193,3.657144485663399,v1.0.0,v1.0.0
Clint Ingram,9666,OLB,EDGE,2006,3.60821227878799,3.7911735952832553,-0.18296131649526526,3.632450099835329,-0.024237821047338848,3.409708184393868,4.197321643341361,v1.0.0,v1.0.0
Charlie Whitehurst,9667,QB,QB,2006,2.7632413548960524,2.9013679393639635,-0.13812658446791115,3.4524039040753807,-0.6891625491793283,2.4605921392145724,3.293570771439748,v1.0.0,v1.0.0
Derek Hagan,9668,WR,WR,2006,4.1225172637771275,3.464160926274208,0.6583563375029193,3.330776752935695,0.7917405108414326,3.18849991478677,3.759932187414206,v1.0.0,v1.0.0
Anthony Smith,9669,S,DB,2006,3.935131680742359,3.461292927952259,0.47383875279010024,3.343262155289389,0.59186952545297,3.2480247323570977,3.695250660305301,v1.0.0,v1.0.0
Brandon Williams,9670,WR,WR,2006,3.087790945227789,3.3506999808881788,-0.2629090356603898,3.284285998809114,-0.19649505358132524,3.186730765740263,3.5384142954802553,v1.0.0,v1.0.0
Brodie Croyle,9671,QB,QB,2006,2.487180498989918,2.448881134449437,0.03829936454048122,3.1140976347603364,-0.6269171357704182,1.87211880602661,2.814205809743491,v1.0.0,v1.0.0
David Thomas,9672,TE,TE,2006,3.9271769059518293,3.7622700667070776,0.1649068392447517,3.593346127142169,0.33383077880966017,3.5058725447270027,4.010458630049585,v1.0.0,v1.0.0
David Pittman,9673,CB,DB,2006,1.8158181812103182,3.3225282095604864,-1.5067100283501682,3.2417235754880718,-1.4259053942777535,3.1285835176887513,3.5528678551361104,v1.0.0,v1.0.0
James Anderson,9674,OLB,EDGE,2006,4.278596137361495,3.6810440939360443,0.5975520434254507,3.5389014574495112,0.7396946799119837,3.372375230929159,3.9318352263661294,v1.0.0,v1.0.0
Maurice Stovall,9676,WR,WR,2006,3.8982832602807878,3.3528957573807023,0.5453875029000854,3.401761695274482,0.49652156500630573,3.1654169454693055,3.5266490685485055,v1.0.0,v1.0.0
Frostee Rucker,9677,DE,EDGE,2006,4.4800049065562595,3.1526202390266516,1.327384667529608,3.1154957643867505,1.364509142169509,2.9187224581974514,3.441324047191714,v1.0.0,v1.0.0
Jason Hatcher,9678,DE,EDGE,2006,4.394027700174193,3.566428973702009,0.8275987264721838,3.4725483112754016,0.9214793888987911,3.2641953512211574,3.8128240537640457,v1.0.0,v1.0.0
Dominique Byrd,9679,TE,TE,2006,2.3535644179292246,3.328525936535108,-0.9749615186058835,3.3795655243591365,-1.026001106429912,2.983844277439423,3.6215154613146066,v1.0.0,v1.0.0
Freddy Keiaho,9680,ILB,LB,2006,3.5966048274779854,3.634173415366265,-0.03756858788827966,3.427382248588186,0.1692225788897992,3.3422366714113467,3.978602241316844,v1.0.0,v1.0.0
Willie Reid,9681,WR,WR,2006,1.6729986527459453,3.382760174337679,-1.709761521591734,3.3254775625963493,-1.652478909850404,3.1702463306268394,3.5928706533048187,v1.0.0,v1.0.0
Gerris Wilkinson,9682,ILB,LB,2006,3.6628365190360186,3.487763999853278,0.17507251918274047,3.477146090719424,0.18569042831659477,3.235290384665528,3.7906265798637215,v1.0.0,v1.0.0
Eric Smith,9683,S,DB,2006,4.045012691500104,3.6749523582132166,0.3700603332868875,3.581134065260606,0.46387862623949827,3.5325251420940598,3.8344055396356693,v1.0.0,v1.0.0
Owen Daniels,9684,TE,TE,2006,4.319393839468857,3.845952361127064,0.47344147834179306,3.7443647154956343,0.5750291239732226,3.5704953169666824,4.088370668864112,v1.0.0,v1.0.0
Max Jean-Gilles,9685,OG,OL,2006,2.586733052501921,3.099131804704949,-0.512398752203028,3.4073330836837457,-0.8206000311818245,2.8637698875905384,3.2981947238660028,v1.0.0,v1.0.0
Michael Robinson,9686,WR,WR,2006,4.170465261432873,3.5160123512326646,0.6544529102002081,3.46723103446194,0.7032342269709329,3.2849743827682123,3.726558509087932,v1.0.0,v1.0.0
Darnell Bing,9687,S,DB,2006,1.4639229141164507,3.6260431581149866,-2.162120243998536,3.6303366414506573,-2.1664137273342066,3.4109104734502127,3.8443638386440453,v1.0.0,v1.0.0
Calvin Lowry,9688,S,DB,2006,3.4028402771254793,3.455174821697024,-0.05233454457154485,3.3949311706176584,0.007909106507820951,3.3544431551198612,3.5777670373351795,v1.0.0,v1.0.0
Brad Smith,9689,WR,WR,2006,4.265886059460916,3.308526432473965,0.9573596269869511,3.3487036685115865,0.9171823909493297,3.100347994067866,3.483366514143297,v1.0.0,v1.0.0
Ko Simpson,9691,S,DB,2006,3.389950372522161,3.614451059660571,-0.2245006871384101,3.596897707978403,-0.2069473354562419,3.4243642100944274,3.8115054576551035,v1.0.0,v1.0.0
Garrett Mills,9692,FB,RB,2006,2.4507728289107145,3.3750222885530765,-0.924249459642362,3.778284260269761,-1.3275114313590466,3.082245302337825,3.676598932745462,v1.0.0,v1.0.0
Gabe Watson,9693,DT,IDL,2006,3.705827390663973,3.6781210883420035,0.027706302321969467,3.405146125045145,0.3006812656188278,3.415121122424781,3.9621346376158484,v1.0.0,v1.0.0
Jahri Evans,9694,OT,OL,2006,4.056819183099654,3.3023949918859903,0.7544241912136633,3.4127446183403163,0.6440745647593373,3.1183748631908292,3.4326864456378186,v1.0.0,v1.0.0
Jason Avant,9695,WR,WR,2006,4.43252579240441,3.344917382783477,1.0876084096209326,3.362705652173274,1.0698201402311356,3.0449097134487415,3.5719619419660433,v1.0.0,v1.0.0
Demetrius Williams,9697,WR,WR,2006,3.475514709963917,3.3430277627110705,0.1324869472528465,3.3560211705597784,0.11949353940413854,3.207043114767035,3.522302867948582,v1.0.0,v1.0.0
Isaac Sowells,9698,OG,OL,2006,1.940930471343771,3.2295683913249147,-1.2886379199811437,3.424322501352677,-1.4833920300089058,3.016987486403378,3.3892072738967083,v1.0.0,v1.0.0
Victor Adeyanju,9699,DE,EDGE,2006,3.5727489390252067,3.6348444194326333,-0.06209548040742652,3.4332239671341944,0.13952497189101232,3.524280084134878,3.7529595168774943,v1.0.0,v1.0.0
Will Blackmon,9701,CB,DB,2006,4.118242341341485,3.543079468398518,0.5751628729429674,3.4157487652000165,0.7024935761414688,3.3718779500057483,3.6984321581579978,v1.0.0,v1.0.0
Stephen Tulloch,9702,ILB,LB,2006,4.4669894590808115,3.5239782658828807,0.9430111931979308,3.4891785015827077,0.9778109574981038,3.2971340064467975,3.7658884405712403,v1.0.0,v1.0.0
Leon Washington,9703,RB,RB,2006,4.288784709185349,3.4612080843192587,0.8275766248660905,3.4786494229549785,0.8101352862303708,3.1355939821135044,3.7789583033663288,v1.0.0,v1.0.0
Brandon Marshall,9705,WR,WR,2006,4.585408160533472,3.4142216209763907,1.1711865395570813,3.311061246534015,1.274346913999457,3.147080397357395,3.6500358425951696,v1.0.0,v1.0.0
Jamar Williams,9706,OLB,EDGE,2006,3.61679958486642,3.5776272123955293,0.03917237247089078,3.36707390442386,0.24972568044256027,3.4001337494180532,3.770210269295473,v1.0.0,v1.0.0
Nate Salley,9707,S,DB,2006,2.9599211317095553,3.7045638877076548,-0.7446427559980995,3.62180141993,-0.6618802882204449,3.5486051070036324,3.889281863543407,v1.0.0,v1.0.0
Domata Peko,9709,DT,IDL,2006,4.7399469973032105,3.5238638283651733,1.2160831689380371,3.4319017345119613,1.308045262791249,3.309286163071645,3.6987453284142284,v1.0.0,v1.0.0
Barry Cofield,9710,DT,IDL,2006,4.3157188825970625,3.9524433282947773,0.3632755543022852,3.7571237060858476,0.5585951765112149,3.7063913142086253,4.19017280372687,v1.0.0,v1.0.0
Skyler Green,9711,WR,WR,2006,2.003094559837425,3.1564191020211707,-1.153324542183746,3.0635396717861796,-1.0604451119487548,2.9293939186649367,3.3729675202170926,v1.0.0,v1.0.0
Elvis Dumervil,9712,DE,EDGE,2006,4.479101610784992,3.5140278707951627,0.9650737399898297,3.5799368974259846,0.8991647133590077,3.299555107222473,3.7611202265635533,v1.0.0,v1.0.0
Ray Edwards,9713,DE,EDGE,2006,4.051713781778364,3.388219128411557,0.6634946533668074,3.4345944868918936,0.6171192948864705,3.05358339830829,3.7121689384409837,v1.0.0,v1.0.0
Rob Sims,9714,OG,OL,2006,3.917062997841033,3.2764503780316976,0.6406126198093354,3.5036281069481907,0.41343489089284224,3.1194815267740865,3.445720690982953,v1.0.0,v1.0.0
Orien Harris,9719,DT,IDL,2006,2.6469482242548565,3.521016253180793,-0.8740680289259366,3.4374354862092935,-0.790487261954437,3.3311488224081307,3.7212552440602673,v1.0.0,v1.0.0
Rob Ninkovich,9721,DE,EDGE,2006,4.314431983313061,3.655220659200239,0.6592113241128219,3.5360046893203325,0.7784272939927286,3.488009425319876,3.8700207729488834,v1.0.0,v1.0.0
Terna Nande,9723,OLB,EDGE,2006,0.6417787318052229,3.5152978372779824,-2.8735191054727593,3.7314170985601582,-3.089638366754935,3.1709280620051157,3.8450453042173605,v1.0.0,v1.0.0
Pat Watkins,9724,S,DB,2006,3.604762203817715,3.4790245369975374,0.12573766682017773,3.495665547225416,0.10909665659229928,3.252378349804949,3.709636912554362,v1.0.0,v1.0.0
Quinn Ojinnaka,9725,OT,OL,2006,2.2560511899300453,3.0391181397713702,-0.783066949841325,3.0967198823188835,-0.8406686923888382,2.8037026908880267,3.2374695486720224,v1.0.0,v1.0.0
Parys Haralson,9726,DE,EDGE,2006,4.204239091737835,3.470966629591224,0.7332724621466116,3.4061754555057626,0.7980636362320728,3.320698005787904,3.6495209998914877,v1.0.0,v1.0.0
Jonathan Scott,9727,OT,OL,2006,3.1528451932898274,3.022231728046366,0.1306134652434614,3.213746168063009,-0.06090097477318146,2.8421168959266185,3.20209365233299,v1.0.0,v1.0.0
Brandon Johnson,9728,OLB,EDGE,2006,3.981374951762213,3.6844976629569364,0.2968772888052764,3.460415569705706,0.5209593820565068,3.405008252385042,4.009947972524172,v1.0.0,v1.0.0
Brad Butler,9729,OT,OL,2006,2.8882144816102446,3.094345931943002,-0.20613145033275737,3.332873927843938,-0.44465944623369325,2.88262364164264,3.3072695873672613,v1.0.0,v1.0.0
Marques Hagans,9730,RB,RB,2006,1.6069508975281073,3.2477106744618256,-1.6407597769337183,3.1553924592959115,-1.5484415617678042,2.9379562402965136,3.5386029345031713,v1.0.0,v1.0.0
Jerome Harrison,9731,RB,RB,2006,3.765740956740437,3.408429515891782,0.35731144084865507,3.5674615459356422,0.19827941080479494,3.2664728503054676,3.6030762088809865,v1.0.0,v1.0.0
Dawan Landry,9732,S,DB,2006,4.291279913785008,3.493726963598224,0.797552950186784,3.436379449654815,0.8549004641301932,3.2713179915722432,3.7835130342503906,v1.0.0,v1.0.0
Ingle Martin,9734,QB,QB,2006,0.6417787318052229,2.6290241678213238,-1.9872454360161007,3.4305680506526364,-2.7887893188474133,2.2246131529517497,3.041718968152027,v1.0.0,v1.0.0
Greg Blue,9735,S,DB,2006,2.759613832938619,3.4782916126741155,-0.7186777797354966,3.4401380008667455,-0.6805241679281266,3.3051608888455704,3.6560409436049843,v1.0.0,v1.0.0
Jason Pociask,9736,TE,TE,2006,1.345801546169376,3.504567277946848,-2.158765731777472,3.537089533734732,-2.1912879875653557,3.2075308556747655,3.738441629487551,v1.0.0,v1.0.0
Tim Dobbins,9737,ILB,LB,2006,4.1151787869949095,3.8526530115949607,0.2625257753999488,3.5670423273115146,0.5481364596833949,3.573905960754807,4.098090585513429,v1.0.0,v1.0.0
Jeff King,9741,TE,TE,2006,4.121197348513228,3.6062810981315057,0.514916250381722,3.5193598725354582,0.6018374759777694,3.284011407395882,3.9158116576135744,v1.0.0,v1.0.0
Julian Jenkins,9742,DE,EDGE,2006,2.3460445734134283,3.629594646174403,-1.2835500727609745,3.542718131014733,-1.1966735576013048,3.439759012060368,3.8580865658707904,v1.0.0,v1.0.0
Charlie Peprah,9744,S,DB,2006,3.876829167576477,3.6751908357764473,0.20163833180002966,3.5266622409140327,0.3501669266624443,3.5422835408315247,3.8176719122023766,v1.0.0,v1.0.0
Mark Anderson,9745,DE,EDGE,2006,4.106045147248737,3.8961399712235254,0.2099051760252113,3.66837599977008,0.4376691474786565,3.691047197008216,4.061549840801364,v1.0.0,v1.0.0
Chris Kuper,9747,OG,OL,2006,3.7841173901632863,3.464959843694125,0.31915754646916117,3.5002500403902563,0.28386734977302996,3.3518622288265023,3.5688836156465618,v1.0.0,v1.0.0
Quinn Sypniewski,9752,TE,TE,2006,3.1528451932898274,3.781060517293059,-0.6282153240032318,3.5549342720243837,-0.40208907873455635,3.5260662197751067,4.11468378064036,v1.0.0,v1.0.0
Omar Gaither,9754,OLB,EDGE,2006,4.0432312863009106,3.2881182177858364,0.7551130685150742,3.3800738980020313,0.6631573882988793,3.1061539795093958,3.4768009503078954,v1.0.0,v1.0.0
Jesse Mahelona,9755,DT,IDL,2006,2.1593671492279647,3.3075758422815116,-1.148208693053547,3.282888674404432,-1.1235215251764674,3.0515932881361127,3.603419625440972,v1.0.0,v1.0.0
Wali Lundy,9756,RB,RB,2006,2.5095420008001468,3.4418490818746834,-0.9323070810745366,3.5180247217818787,-1.008482720981732,3.174592201704542,3.678090031237712,v1.0.0,v1.0.0
Reed Doughty,9759,S,DB,2006,4.140914718282981,3.689832869591728,0.4510818486912531,3.5560976266158217,0.5848170916671593,3.5336450545651124,3.860410669659321,v1.0.0,v1.0.0
Delanie Walker,9761,WR,WR,2006,4.619432703166583,3.5413767872831965,1.078055915883387,3.397036618088175,1.2223960850784086,3.249533349622032,3.8813383750315134,v1.0.0,v1.0.0
Kevin Boothe,9762,OT,OL,2006,3.8094293881938275,3.2380681008026886,0.5713612873911389,3.252386216700221,0.5570431714936066,3.0009899667601285,3.4112744927849894,v1.0.0,v1.0.0
Jonathan Lewis,9763,DT,IDL,2006,1.345801546169376,3.5555547474692597,-2.2097532012998835,3.6803617651280414,-2.334560218958665,3.2555457291833743,3.842993113548153,v1.0.0,v1.0.0
Keith Ellison,9764,OLB,EDGE,2006,3.6628365190360186,3.3737364250313546,0.28910009400466397,3.412352300551637,0.2504842184843814,3.2326223429347594,3.5769104651844206,v1.0.0,v1.0.0
Lawrence Vickers,9766,FB,RB,2006,4.109103976423055,3.267221685113703,0.8418822913093518,3.194563718989789,0.9145402574332655,2.771617497949833,3.6047147223656077,v1.0.0,v1.0.0
Montavious Stanley,9768,DT,IDL,2006,3.183687955948746,3.273907394088554,-0.09021943813980826,3.2449150581592594,-0.06122710221051353,3.0701938090745173,3.5351034870984153,v1.0.0,v1.0.0
Johnny Jolly,9769,DT,IDL,2006,3.695343292409548,3.3335335085647246,0.3618097838448233,3.3109713173425166,0.38437197506703136,3.0324741723617907,3.617265493406862,v1.0.0,v1.0.0
Adam Jennings,9770,WR,WR,2006,3.5727489390252067,3.41182726678498,0.1609216722402267,3.3254807700490447,0.247268168976162,3.2407719866808335,3.568788528368437,v1.0.0,v1.0.0
Jeromey Clary,9773,OT,OL,2006,4.045012691500104,3.344408689384394,0.7006040021157101,3.411644020082553,0.6333686714175513,3.2151357244439427,3.4642121655735023,v1.0.0,v1.0.0
Jeff Webb,9776,P,ST,2002,3.1481389932070876,3.592441481279296,-0.4443024880722084,3.078987045111326,0.06915194809576164,3.197834993779151,3.9459008540399703,v1.0.0,v1.0.0
Jeremy Mincey,9777,DE,EDGE,2006,4.103583886377161,3.7018463359334595,0.40173755044370196,3.583240213203722,0.5203436731734392,3.58192908483037,3.8575098902736515,v1.0.0,v1.0.0
Marcus Hudson,9778,S,DB,2006,3.705827390663973,3.4715662040792727,0.2342611865847002,3.4471048827333455,0.25872250793062745,3.2870439269869967,3.6625846643057103,v1.0.0,v1.0.0
Reggie McNeal,9779,QB,QB,2006,1.8158181812103182,3.264488524875604,-1.4486703436652857,3.3046819776859735,-1.4888637964756553,2.727495418758642,3.866549496067515,v1.0.0,v1.0.0
Bruce Gradkowski,9780,QB,QB,2006,3.139427615102977,2.5372642686763216,0.6021633464266554,3.450316252625072,-0.31088863752209495,2.0620283811174303,3.004044919990369,v1.0.0,v1.0.0
Kedric Golston,9782,DT,IDL,2006,4.393733209445286,3.7212152405566745,0.6725179688886116,3.6448405053011492,0.7488927041441369,3.5666473892919943,3.871871141867119,v1.0.0,v1.0.0
Melvin Oliver,9783,DE,EDGE,2006,2.6554775013275047,3.4730272348480478,-0.817549733520543,3.3103126093745163,-0.6548351080470116,3.216221382807306,3.771545149242005,v1.0.0,v1.0.0
Antoine Bethea,9793,S,DB,2006,4.705563599880502,3.6792154815525917,1.0263481183279106,3.623594982496606,1.0819686173838963,3.5629827989100376,3.844729686875144,v1.0.0,v1.0.0
Derrick Martin,9794,CB,DB,2006,3.870679296108311,3.8866006495493686,-0.015921353441057384,3.713528223637591,0.15715107247072035,3.7595869144834775,4.033759089383434,v1.0.0,v1.0.0
Zach Strief,9796,OT,OL,2006,3.5966048274779854,3.1021215732573717,0.4944832542206137,3.3677572328807157,0.22884759459726967,2.874338778223454,3.336514993604554,v1.0.0,v1.0.0
James Wyche,9799,DE,EDGE,2006,0.9146634597162007,3.458114731439099,-2.5434512717228985,3.382358353835127,-2.4676948941189263,3.1681452690758825,3.7482288449602246,v1.0.0,v1.0.0
Todd Watkins,9804,WR,WR,2006,2.812538078173407,3.3863677367286713,-0.5738296585552645,3.4957740245232833,-0.6832359463498765,3.177071346017085,3.570877905046772,v1.0.0,v1.0.0
Ryan LaCasse,9805,DE,EDGE,2006,2.3460445734134283,3.5914803350016924,-1.245435761588264,3.6161045440792274,-1.2700599706657991,3.402266588474275,3.782612099838882,v1.0.0,v1.0.0
Titus Adams,9806,DT,IDL,2006,0.9146634597162007,3.4144768757475386,-2.499813416031338,3.5111080219895436,-2.596444562273343,3.0677850706625764,3.6905213483973474,v1.0.0,v1.0.0
Tim McGarigle,9807,ILB,LB,2006,2.3460445734134283,3.499379649645253,-1.1533350762318246,3.4644671849548585,-1.1184226115414302,3.188685811919867,3.7956963419653658,v1.0.0,v1.0.0
Rodrique Wright,9812,DT,IDL,2006,2.4302874475538276,3.6570159338857096,-1.226728486331882,3.4853374083751114,-1.0550499608212838,3.4334836573501337,3.851825463879959,v1.0.0,v1.0.0
Jarrad Page,9814,S,DB,2006,3.8957256765616757,3.8038018578038106,0.09192381875786504,3.6398337280533193,0.2558919485083564,3.4890504197788306,4.137065327952426,v1.0.0,v1.0.0
Willie Andrews,9815,S,DB,2006,3.131875632847984,3.5051197758994235,-0.37324414305143927,3.387592835956687,-0.25571720310870294,3.3217162133150935,3.7081162779230286,v1.0.0,v1.0.0
Devin Aromashodu,9819,WR,WR,2006,3.695343292409548,3.5095546445955508,0.18578864781399718,3.4468772442932933,0.2484660481162546,3.2868886537709474,3.7302311006472797,v1.0.0,v1.0.0
Dee Webb,9822,CB,DB,2006,2.2560511899300453,3.191665302933065,-0.9356141130030196,3.1098837707680116,-0.8538325808379663,3.041878323385961,3.3693703042164853,v1.0.0,v1.0.0
Stanley McClover,9823,DE,EDGE,2006,2.2560511899300453,3.4397402128590664,-1.1836890229290211,3.3582329367782813,-1.102181746848236,3.0874006324863195,3.780867904733622,v1.0.0,v1.0.0
Ryan Plackemeier,9825,P,ST,2006,3.480228861135872,3.958465142884517,-0.4782362817486452,3.442690764564655,0.03753809657121687,3.1692683843543175,4.642264940385794,v1.0.0,v1.0.0
Charles Bennett,9827,DE,EDGE,2006,1.1451351194023418,3.552792890722358,-2.4076577713200162,3.35834959764334,-2.2132144782409986,3.3882467121257607,3.75048115996001,v1.0.0,v1.0.0
Mark Setterstrom,9828,OG,OL,2006,1.8158181812103182,3.3271635870195895,-1.5113454058092712,3.4549641131832534,-1.6391459319729351,3.1429176096885834,3.4796311191495857,v1.0.0,v1.0.0
Quinton Ganther,9832,RB,RB,2006,3.3224044171552096,3.724816215756635,-0.4024117986014253,3.4784801727767585,-0.15607575562154885,3.362275340510106,4.056573856774214,v1.0.0,v1.0.0
Ben Obomanu,9835,WR,WR,2006,3.804270753194638,3.457394501963823,0.3468762512308152,3.338772961027942,0.46549779216669585,3.2041280971625143,3.6825478921878143,v1.0.0,v1.0.0
David Anderson,9837,WR,WR,2006,3.8135566254054982,3.24725753558667,0.5662990898188283,3.2246922041319017,0.5888644212735965,3.081657232196938,3.4379233445123565,v1.0.0,v1.0.0
Marques Colston,9838,WR,WR,2006,4.389605914414404,3.2961190637836255,1.0934868506307787,3.5296132613945037,0.8599926530199005,3.066396038648832,3.516430903880389,v1.0.0,v1.0.0
