athlete_id,player_name,row_index,id_column,id_value,reason
2144,John Abraham,,NFL_id,2144,fetch_failed: RuntimeError: fetch_failed after 3 attempts: 404 Client Error: Not Found for url: https://site.web.api.espn.com/apis/common/v3/sports/football/college-football/athletes/2144/stats?region=us&lang=en&contentorigin=espn
2150,Shaun Alexander,,NFL_id,2150,fetch_failed: RuntimeError: fetch_failed after 3 attempts: 404 Client Error: Not Found for url: https://site.web.api.espn.com/apis/common/v3/sports/football/college-football/athletes/2150/stats?region=us&lang=en&contentorigin=espn
2154,Rashard Anderson,,NFL_id,2154,fetch_failed: RuntimeError: fetch_failed after 3 attempts: 404 Client Error: Not Found for url: https://site.web.api.espn.com/apis/common/v3/sports/football/college-football/athletes/2154/stats?region=us&lang=en&contentorigin=espn
2133,LaVar Arrington,,NFL_id,2133,fetch_failed: RuntimeError: fetch_failed after 3 attempts: 404 Client Error: Not Found for url: https://site.web.api.espn.com/apis/common/v3/sports/football/college-football/athletes/2133/stats?region=us&lang=en&contentorigin=espn
2256,Reggie Austin,,NFL_id,2256,fetch_failed: RuntimeError: fetch_failed after 3 attempts: 404 Client Error: Not Found for url: https://site.web.api.espn.com/apis/common/v3/sports/football/college-football/athletes/2256/stats?region=us&lang=en&contentorigin=espn
2356,Rashidi Barnes,,NFL_id,2356,fetch_failed: RuntimeError: fetch_failed after 3 attempts: 404 Client Error: Not Found for url: https://site.web.api.espn.com/apis/common/v3/sports/football/college-football/athletes/2356/stats?region=us&lang=en&contentorigin=espn
2233,David Barrett,,NFL_id,2233,fetch_failed: RuntimeError: fetch_failed after 3 attempts: 404 Client Error: Not Found for url: https://site.web.api.espn.com/apis/common/v3/sports/football/college-football/athletes/2233/stats?region=us&lang=en&contentorigin=espn
2185,William Bartee,,NFL_id,2185,fetch_failed: RuntimeError: fetch_failed after 3 attempts: 404 Client Error: Not Found for url: https://site.web.api.espn.com/apis/common/v3/sports/football/college-football/athletes/2185/stats?region=us&lang=en&contentorigin=espn
2264,Robert Bean,,NFL_id,2264,fetch_failed: RuntimeError: fetch_failed after 3 attempts: 404 Client Error: Not Found for url: https://site.web.api.espn.com/apis/common/v3/sports/football/college-football/athletes/2264/stats?region=us&lang=en&contentorigin=espn
2158,Anthony Becht,,NFL_id,2158,fetch_failed: RuntimeError: fetch_failed after 3 attempts: 404 Client Error: Not Found for url: https://site.web.api.espn.com/apis/common/v3/sports/football/college-football/athletes/2158/stats?region=us&lang=en&contentorigin=espn
2174,Rogers Beckett,,NFL_id,2174,fetch_failed: RuntimeError: fetch_failed after 3 attempts: 404 Client Error: Not Found for url: https://site.web.api.espn.com/apis/common/v3/sports/football/college-football/athletes/2174/stats?region=us&lang=en&contentorigin=espn
2337,Brad Bedell,,NFL_id,2337,fetch_failed: RuntimeError: fetch_failed after 3 attempts: 404 Client Error: Not Found for url: https://site.web.api.espn.com/apis/common/v3/sports/football/college-football/athletes/2337/stats?region=us&lang=en&contentorigin=espn
2247,Marcus Bell,,NFL_id,2247,fetch_failed: RuntimeError: fetch_failed after 3 attempts: 404 Client Error: Not Found for url: https://site.web.api.espn.com/apis/common/v3/sports/football/college-football/athletes/2247/stats?region=us&lang=en&contentorigin=espn
2257,Gary Berry,,NFL_id,2257,fetch_failed: RuntimeError: fetch_failed after 3 attempts: 404 Client Error: Not Found for url: https://site.web.api.espn.com/apis/common/v3/sports/football/college-football/athletes/2257/stats?region=us&lang=en&contentorigin=espn
2329,Matt Bowen,,NFL_id,2329,fetch_failed: RuntimeError: fetch_failed after 3 attempts: 404 Client Error: Not Found for url: https://site.web.api.espn.com/apis/common/v3/sports/football/college-football/athletes/2329/stats?region=us&lang=en&contentorigin=espn
2330,Tom Brady,,NFL_id,2330,fetch_failed: RuntimeError: fetch_failed after 3 attempts: 404 Client Error: Not Found for url: https://site.web.api.espn.com/apis/common/v3/sports/football/college-football/athletes/2330/stats?region=us&lang=en&contentorigin=espn
2132,Courtney Brown,,NFL_id,2132,fetch_failed: RuntimeError: fetch_failed after 3 attempts: 404 Client Error: Not Found for url: https://site.web.api.espn.com/apis/common/v3/sports/football/college-football/athletes/2132/stats?region=us&lang=en&contentorigin=espn
2170,Mike Brown,,NFL_id,2170,fetch_failed: RuntimeError: fetch_failed after 3 attempts: 404 Client Error: Not Found for url: https://site.web.api.espn.com/apis/common/v3/sports/football/college-football/athletes/2170/stats?region=us&lang=en&contentorigin=espn
2271,Ralph Brown,,NFL_id,2271,fetch_failed: RuntimeError: fetch_failed after 3 attempts: 404 Client Error: Not Found for url: https://site.web.api.espn.com/apis/common/v3/sports/football/college-football/athletes/2271/stats?region=us&lang=en&contentorigin=espn
2299,Marc Bulger,,NFL_id,2299,fetch_failed: RuntimeError: fetch_failed after 3 attempts: 404 Client Error: Not Found for url: https://site.web.api.espn.com/apis/common/v3/sports/football/college-football/athletes/2299/stats?region=us&lang=en&contentorigin=espn
2161,Keith Bulluck,,NFL_id,2161,fetch_failed: RuntimeError: fetch_failed after 3 attempts: 404 Client Error: Not Found for url: https://site.web.api.espn.com/apis/common/v3/sports/football/college-football/athletes/2161/stats?region=us&lang=en&contentorigin=espn
2139,Plaxico Burress,,NFL_id,2139,fetch_failed: RuntimeError: fetch_failed after 3 attempts: 404 Client Error: Not Found for url: https://site.web.api.espn.com/apis/common/v3/sports/football/college-football/athletes/2139/stats?region=us&lang=en&contentorigin=espn
2162,Trung Canidate,,NFL_id,2162,fetch_failed: RuntimeError: fetch_failed after 3 attempts: 404 Client Error: Not Found for url: https://site.web.api.espn.com/apis/common/v3/sports/football/college-football/athletes/2162/stats?region=us&lang=en&contentorigin=espn
2243,Cooper Carlisle,,NFL_id,2243,fetch_failed: RuntimeError: fetch_failed after 3 attempts: 404 Client Error: Not Found for url: https://site.web.api.espn.com/apis/common/v3/sports/football/college-football/athletes/2243/stats?region=us&lang=en&contentorigin=espn
2244,Leonardo Carson,,NFL_id,2244,fetch_failed: RuntimeError: fetch_failed after 3 attempts: 404 Client Error: Not Found for url: https://site.web.api.espn.com/apis/common/v3/sports/football/college-football/athletes/2244/stats?region=us&lang=en&contentorigin=espn
2249,Tyrone Carter,,NFL_id,2249,fetch_failed: RuntimeError: fetch_failed after 3 attempts: 404 Client Error: Not Found for url: https://site.web.api.espn.com/apis/common/v3/sports/football/college-football/athletes/2249/stats?region=us&lang=en&contentorigin=espn
2219,Doug Chapman,,NFL_id,2219,fetch_failed: RuntimeError: fetch_failed after 3 attempts: 404 Client Error: Not Found for url: https://site.web.api.espn.com/apis/common/v3/sports/football/college-football/athletes/2219/stats?region=us&lang=en&contentorigin=espn
2183,Ike Charlton,,NFL_id,2183,fetch_failed: RuntimeError: fetch_failed after 3 attempts: 404 Client Error: Not Found for url: https://site.web.api.espn.com/apis/common/v3/sports/football/college-football/athletes/2183/stats?region=us&lang=en&contentorigin=espn
2203,Kendrick Clancy,,NFL_id,2203,fetch_failed: RuntimeError: fetch_failed after 3 attempts: 404 Client Error: Not Found for url: https://site.web.api.espn.com/apis/common/v3/sports/football/college-football/athletes/2203/stats?region=us&lang=en&contentorigin=espn
2168,Travis Claridge,,NFL_id,2168,fetch_failed: RuntimeError: fetch_failed after 3 attempts: 404 Client Error: Not Found for url: https://site.web.api.espn.com/apis/common/v3/sports/football/college-football/athletes/2168/stats?region=us&lang=en&contentorigin=espn
2376,Danny Clark,,NFL_id,2376,fetch_failed: RuntimeError: fetch_failed after 3 attempts: 404 Client Error: Not Found for url: https://site.web.api.espn.com/apis/common/v3/sports/football/college-football/athletes/2376/stats?region=us&lang=en&contentorigin=espn
2175,Chad Clifton,,NFL_id,2175,fetch_failed: RuntimeError: fetch_failed after 3 attempts: 404 Client Error: Not Found for url: https://site.web.api.espn.com/apis/common/v3/sports/football/college-football/athletes/2175/stats?region=us&lang=en&contentorigin=espn
2201,Chris Cole,,NFL_id,2201,fetch_failed: RuntimeError: fetch_failed after 3 attempts: 404 Client Error: Not Found for url: https://site.web.api.espn.com/apis/common/v3/sports/football/college-football/athletes/2201/stats?region=us&lang=en&contentorigin=espn
2182,Cosey Coleman,,NFL_id,2182,fetch_failed: RuntimeError: fetch_failed after 3 attempts: 404 Client Error: Not Found for url: https://site.web.api.espn.com/apis/common/v3/sports/football/college-football/athletes/2182/stats?region=us&lang=en&contentorigin=espn
2209,Laveranues Coles,,NFL_id,2209,fetch_failed: RuntimeError: fetch_failed after 3 attempts: 404 Client Error: Not Found for url: https://site.web.api.espn.com/apis/common/v3/sports/football/college-football/athletes/2209/stats?region=us&lang=en&contentorigin=espn
2304,Chris Combs,,NFL_id,2304,fetch_failed: RuntimeError: fetch_failed after 3 attempts: 404 Client Error: Not Found for url: https://site.web.api.espn.com/apis/common/v3/sports/football/college-football/athletes/2304/stats?region=us&lang=en&contentorigin=espn
2210,JaJuan Dawson,,NFL_id,2210,fetch_failed: RuntimeError: fetch_failed after 3 attempts: 404 Client Error: Not Found for url: https://site.web.api.espn.com/apis/common/v3/sports/football/college-football/athletes/2210/stats?region=us&lang=en&contentorigin=espn
2142,Ron Dayne,,NFL_id,2142,fetch_failed: RuntimeError: fetch_failed after 3 attempts: 404 Client Error: Not Found for url: https://site.web.api.espn.com/apis/common/v3/sports/football/college-football/athletes/2142/stats?region=us&lang=en&contentorigin=espn
2229,Na'il Diggs,,NFL_id,2229,fetch_failed: RuntimeError: fetch_failed after 3 attempts: 404 Client Error: Not Found for url: https://site.web.api.espn.com/apis/common/v3/sports/football/college-football/athletes/2229/stats?region=us&lang=en&contentorigin=espn
2212,Reuben Droughns,,NFL_id,2212,fetch_failed: RuntimeError: fetch_failed after 3 attempts: 404 Client Error: Not Found for url: https://site.web.api.espn.com/apis/common/v3/sports/football/college-football/athletes/2212/stats?region=us&lang=en&contentorigin=espn
2197,Ron Dugans,,NFL_id,2197,fetch_failed: RuntimeError: fetch_failed after 3 attempts: 404 Client Error: Not Found for url: https://site.web.api.espn.com/apis/common/v3/sports/football/college-football/athletes/2197/stats?region=us&lang=en&contentorigin=espn
2248,Deon Dyer,,NFL_id,2248,fetch_failed: RuntimeError: fetch_failed after 3 attempts: 404 Client Error: Not Found for url: https://site.web.api.espn.com/apis/common/v3/sports/football/college-football/athletes/2248/stats?region=us&lang=en&contentorigin=espn
2311,Mario Edwards,,NFL_id,2311,fetch_failed: RuntimeError: fetch_failed after 3 attempts: 404 Client Error: Not Found for url: https://site.web.api.espn.com/apis/common/v3/sports/football/college-football/athletes/2311/stats?region=us&lang=en&contentorigin=espn
2143,Shaun Ellis,,NFL_id,2143,fetch_failed: RuntimeError: fetch_failed after 3 attempts: 404 Client Error: Not Found for url: https://site.web.api.espn.com/apis/common/v3/sports/football/college-football/athletes/2143/stats?region=us&lang=en&contentorigin=espn
2166,John Engelberger,,NFL_id,2166,fetch_failed: RuntimeError: fetch_failed after 3 attempts: 404 Client Error: Not Found for url: https://site.web.api.espn.com/apis/common/v3/sports/football/college-football/athletes/2166/stats?region=us&lang=en&contentorigin=espn
2234,Danny Farmer,,NFL_id,2234,fetch_failed: RuntimeError: fetch_failed after 3 attempts: 404 Client Error: Not Found for url: https://site.web.api.espn.com/apis/common/v3/sports/football/college-football/athletes/2234/stats?region=us&lang=en&contentorigin=espn
2157,Erik Flowers,,NFL_id,2157,fetch_failed: RuntimeError: fetch_failed after 3 attempts: 404 Client Error: Not Found for url: https://site.web.api.espn.com/apis/common/v3/sports/football/college-football/athletes/2157/stats?region=us&lang=en&contentorigin=espn
2145,Bubba Franks,,NFL_id,2145,fetch_failed: RuntimeError: fetch_failed after 3 attempts: 404 Client Error: Not Found for url: https://site.web.api.espn.com/apis/common/v3/sports/football/college-football/athletes/2145/stats?region=us&lang=en&contentorigin=espn
2276,Todd Franz,,NFL_id,2276,fetch_failed: RuntimeError: fetch_failed after 3 attempts: 404 Client Error: Not Found for url: https://site.web.api.espn.com/apis/common/v3/sports/football/college-football/athletes/2276/stats?region=us&lang=en&contentorigin=espn
2283,Arturo Freeman,,NFL_id,2283,fetch_failed: RuntimeError: fetch_failed after 3 attempts: 404 Client Error: Not Found for url: https://site.web.api.espn.com/apis/common/v3/sports/football/college-football/athletes/2283/stats?region=us&lang=en&contentorigin=espn
2224,Byron Frisch,,NFL_id,2224,fetch_failed: RuntimeError: fetch_failed after 3 attempts: 404 Client Error: Not Found for url: https://site.web.api.espn.com/apis/common/v3/sports/football/college-football/athletes/2224/stats?region=us&lang=en&contentorigin=espn
2358,Mondriel Fulcher,,NFL_id,2358,fetch_failed: RuntimeError: fetch_failed after 3 attempts: 404 Client Error: Not Found for url: https://site.web.api.espn.com/apis/common/v3/sports/football/college-football/athletes/2358/stats?region=us&lang=en&contentorigin=espn
2242,Trevor Gaylor,,NFL_id,2242,fetch_failed: RuntimeError: fetch_failed after 3 attempts: 404 Client Error: Not Found for url: https://site.web.api.espn.com/apis/common/v3/sports/football/college-football/athletes/2242/stats?region=us&lang=en&contentorigin=espn
2280,Kabeer Gbaja-Biamila,,NFL_id,2280,fetch_failed: RuntimeError: fetch_failed after 3 attempts: 404 Client Error: Not Found for url: https://site.web.api.espn.com/apis/common/v3/sports/football/college-football/athletes/2280/stats?region=us&lang=en&contentorigin=espn
2171,Ian Gold,,NFL_id,2171,fetch_failed: RuntimeError: fetch_failed after 3 attempts: 404 Client Error: Not Found for url: https://site.web.api.espn.com/apis/common/v3/sports/football/college-football/athletes/2171/stats?region=us&lang=en&contentorigin=espn
2180,Dwayne Goodrich,,NFL_id,2180,fetch_failed: RuntimeError: fetch_failed after 3 attempts: 404 Client Error: Not Found for url: https://site.web.api.espn.com/apis/common/v3/sports/football/college-football/athletes/2180/stats?region=us&lang=en&contentorigin=espn
2188,Deon Grant,,NFL_id,2188,fetch_failed: RuntimeError: fetch_failed after 3 attempts: 404 Client Error: Not Found for url: https://site.web.api.espn.com/apis/common/v3/sports/football/college-football/athletes/2188/stats?region=us&lang=en&contentorigin=espn
2298,Ernest Grant,,NFL_id,2298,fetch_failed: RuntimeError: fetch_failed after 3 attempts: 404 Client Error: Not Found for url: https://site.web.api.espn.com/apis/common/v3/sports/football/college-football/athletes/2298/stats?region=us&lang=en&contentorigin=espn
2181,Barrett Green,,NFL_id,2181,fetch_failed: RuntimeError: fetch_failed after 3 attempts: 404 Client Error: Not Found for url: https://site.web.api.espn.com/apis/common/v3/sports/football/college-football/athletes/2181/stats?region=us&lang=en&contentorigin=espn
2344,Mike Green,,NFL_id,2344,fetch_failed: RuntimeError: fetch_failed after 3 attempts: 404 Client Error: Not Found for url: https://site.web.api.espn.com/apis/common/v3/sports/football/college-football/athletes/2344/stats?region=us&lang=en&contentorigin=espn
2173,Cornelius Griffin,,NFL_id,2173,fetch_failed: RuntimeError: fetch_failed after 3 attempts: 404 Client Error: Not Found for url: https://site.web.api.espn.com/apis/common/v3/sports/football/college-football/athletes/2173/stats?region=us&lang=en&contentorigin=espn
2268,Clark Haggans,,NFL_id,2268,fetch_failed: RuntimeError: fetch_failed after 3 attempts: 404 Client Error: Not Found for url: https://site.web.api.espn.com/apis/common/v3/sports/football/college-football/athletes/2268/stats?region=us&lang=en&contentorigin=espn
2318,Antwan Harris,,NFL_id,2318,fetch_failed: RuntimeError: fetch_failed after 3 attempts: 404 Client Error: Not Found for url: https://site.web.api.espn.com/apis/common/v3/sports/football/college-football/athletes/2318/stats?region=us&lang=en&contentorigin=espn
2195,Lloyd Harrison,,NFL_id,2195,fetch_failed: RuntimeError: fetch_failed after 3 attempts: 404 Client Error: Not Found for url: https://site.web.api.espn.com/apis/common/v3/sports/football/college-football/athletes/2195/stats?region=us&lang=en&contentorigin=espn
2274,Windrell Hayes,,NFL_id,2274,fetch_failed: RuntimeError: fetch_failed after 3 attempts: 404 Client Error: Not Found for url: https://site.web.api.espn.com/apis/common/v3/sports/football/college-football/athletes/2274/stats?region=us&lang=en&contentorigin=espn
2156,Chris Hovan,,NFL_id,2156,fetch_failed: RuntimeError: fetch_failed after 3 attempts: 404 Client Error: Not Found for url: https://site.web.api.espn.com/apis/common/v3/sports/football/college-football/athletes/2156/stats?region=us&lang=en&contentorigin=espn
2164,Darren Howard,,NFL_id,2164,fetch_failed: RuntimeError: fetch_failed after 3 attempts: 404 Client Error: Not Found for url: https://site.web.api.espn.com/apis/common/v3/sports/football/college-football/athletes/2164/stats?region=us&lang=en&contentorigin=espn
2333,Todd Husak,,NFL_id,2333,fetch_failed: RuntimeError: fetch_failed after 3 attempts: 404 Client Error: Not Found for url: https://site.web.api.espn.com/apis/common/v3/sports/football/college-football/athletes/2333/stats?region=us&lang=en&contentorigin=espn
2238,Junior Ioane,,NFL_id,2238,fetch_failed: RuntimeError: fetch_failed after 3 attempts: 404 Client Error: Not Found for url: https://site.web.api.espn.com/apis/common/v3/sports/football/college-football/athletes/2238/stats?region=us&lang=en&contentorigin=espn
2307,Jabari Issa,,NFL_id,2307,fetch_failed: RuntimeError: fetch_failed after 3 attempts: 404 Client Error: Not Found for url: https://site.web.api.espn.com/apis/common/v3/sports/football/college-football/athletes/2307/stats?region=us&lang=en&contentorigin=espn
2211,Darrell Jackson,,NFL_id,2211,fetch_failed: RuntimeError: fetch_failed after 3 attempts: 404 Client Error: Not Found for url: https://site.web.api.espn.com/apis/common/v3/sports/football/college-football/athletes/2211/stats?region=us&lang=en&contentorigin=espn
2345,Jarious Jackson,,NFL_id,2345,fetch_failed: RuntimeError: fetch_failed after 3 attempts: 404 Client Error: Not Found for url: https://site.web.api.espn.com/apis/common/v3/sports/football/college-football/athletes/2345/stats?region=us&lang=en&contentorigin=espn
2313,Jeno James,,NFL_id,2313,fetch_failed: RuntimeError: fetch_failed after 3 attempts: 404 Client Error: Not Found for url: https://site.web.api.espn.com/apis/common/v3/sports/football/college-football/athletes/2313/stats?region=us&lang=en&contentorigin=espn
2148,Sebastian Janikowski,,NFL_id,2148,fetch_failed: RuntimeError: fetch_failed after 3 attempts: 404 Client Error: Not Found for url: https://site.web.api.espn.com/apis/common/v3/sports/football/college-football/athletes/2148/stats?region=us&lang=en&contentorigin=espn
2773,Eric Johnson,,NFL_id,2773,fetch_failed: RuntimeError: fetch_failed after 3 attempts: 404 Client Error: Not Found for url: https://site.web.api.espn.com/apis/common/v3/sports/football/college-football/athletes/2773/stats?region=us&lang=en&contentorigin=espn
2232,Jerry Johnson,,NFL_id,2232,fetch_failed: RuntimeError: fetch_failed after 3 attempts: 404 Client Error: Not Found for url: https://site.web.api.espn.com/apis/common/v3/sports/football/college-football/athletes/2232/stats?region=us&lang=en&contentorigin=espn
2308,Dhani Jones,,NFL_id,2308,fetch_failed: RuntimeError: fetch_failed after 3 attempts: 404 Client Error: Not Found for url: https://site.web.api.espn.com/apis/common/v3/sports/football/college-football/athletes/2308/stats?region=us&lang=en&contentorigin=espn
2138,Thomas Jones,,NFL_id,2138,fetch_failed: RuntimeError: fetch_failed after 3 attempts: 404 Client Error: Not Found for url: https://site.web.api.espn.com/apis/common/v3/sports/football/college-football/athletes/2138/stats?region=us&lang=en&contentorigin=espn
2213,Leander Jordan,,NFL_id,2213,fetch_failed: RuntimeError: fetch_failed after 3 attempts: 404 Client Error: Not Found for url: https://site.web.api.espn.com/apis/common/v3/sports/football/college-football/athletes/2213/stats?region=us&lang=en&contentorigin=espn
2228,Curtis Keaton,,NFL_id,2228,fetch_failed: RuntimeError: fetch_failed after 3 attempts: 404 Client Error: Not Found for url: https://site.web.api.espn.com/apis/common/v3/sports/football/college-football/athletes/2228/stats?region=us&lang=en&contentorigin=espn
2215,Ben Kelly,,NFL_id,2215,fetch_failed: RuntimeError: fetch_failed after 3 attempts: 404 Client Error: Not Found for url: https://site.web.api.espn.com/apis/common/v3/sports/football/college-football/athletes/2215/stats?region=us&lang=en&contentorigin=espn
2176,Kenoy Kennedy,,NFL_id,2176,fetch_failed: RuntimeError: fetch_failed after 3 attempts: 404 Client Error: Not Found for url: https://site.web.api.espn.com/apis/common/v3/sports/football/college-football/athletes/2176/stats?region=us&lang=en&contentorigin=espn
2199,Erron Kinney,,NFL_id,2199,fetch_failed: RuntimeError: fetch_failed after 3 attempts: 404 Client Error: Not Found for url: https://site.web.api.espn.com/apis/common/v3/sports/football/college-football/athletes/2199/stats?region=us&lang=en&contentorigin=espn
2240,Kareem Larrimore,,NFL_id,2240,fetch_failed: RuntimeError: fetch_failed after 3 attempts: 404 Client Error: Not Found for url: https://site.web.api.espn.com/apis/common/v3/sports/football/college-football/athletes/2240/stats?region=us&lang=en&contentorigin=espn
2325,Leif Larsen,,NFL_id,2325,fetch_failed: RuntimeError: fetch_failed after 3 attempts: 404 Client Error: Not Found for url: https://site.web.api.espn.com/apis/common/v3/sports/football/college-football/athletes/2325/stats?region=us&lang=en&contentorigin=espn
2273,Shane Lechler,,NFL_id,2273,fetch_failed: RuntimeError: fetch_failed after 3 attempts: 404 Client Error: Not Found for url: https://site.web.api.espn.com/apis/common/v3/sports/football/college-football/athletes/2273/stats?region=us&lang=en&contentorigin=espn
2373,Charles Lee,,NFL_id,2373,fetch_failed: RuntimeError: fetch_failed after 3 attempts: 404 Client Error: Not Found for url: https://site.web.api.espn.com/apis/common/v3/sports/football/college-football/athletes/2373/stats?region=us&lang=en&contentorigin=espn
2136,Jamal Lewis,,NFL_id,2136,fetch_failed: RuntimeError: fetch_failed after 3 attempts: 404 Client Error: Not Found for url: https://site.web.api.espn.com/apis/common/v3/sports/football/college-football/athletes/2136/stats?region=us&lang=en&contentorigin=espn
2218,Dustin Lyman,,NFL_id,2218,fetch_failed: RuntimeError: fetch_failed after 3 attempts: 404 Client Error: Not Found for url: https://site.web.api.espn.com/apis/common/v3/sports/football/college-football/athletes/2218/stats?region=us&lang=en&contentorigin=espn
2222,David Macklin,,NFL_id,2222,fetch_failed: RuntimeError: fetch_failed after 3 attempts: 404 Client Error: Not Found for url: https://site.web.api.espn.com/apis/common/v3/sports/football/college-football/athletes/2222/stats?region=us&lang=en&contentorigin=espn
2261,Anthony Malbrough,,NFL_id,2261,fetch_failed: RuntimeError: fetch_failed after 3 attempts: 404 Client Error: Not Found for url: https://site.web.api.espn.com/apis/common/v3/sports/football/college-football/athletes/2261/stats?region=us&lang=en&contentorigin=espn
2294,Tee Martin,,NFL_id,2294,fetch_failed: RuntimeError: fetch_failed after 3 attempts: 404 Client Error: Not Found for url: https://site.web.api.espn.com/apis/common/v3/sports/football/college-football/athletes/2294/stats?region=us&lang=en&contentorigin=espn
2251,Alvin McKinley,,NFL_id,2251,fetch_failed: RuntimeError: fetch_failed after 3 attempts: 404 Client Error: Not Found for url: https://site.web.api.espn.com/apis/common/v3/sports/football/college-football/athletes/2251/stats?region=us&lang=en&contentorigin=espn
2383,Rondell Mealey,,NFL_id,2383,fetch_failed: RuntimeError: fetch_failed after 3 attempts: 404 Client Error: Not Found for url: https://site.web.api.espn.com/apis/common/v3/sports/football/college-football/athletes/2383/stats?region=us&lang=en&contentorigin=espn
2191,Brad Meester,,NFL_id,2191,fetch_failed: RuntimeError: fetch_failed after 3 attempts: 404 Client Error: Not Found for url: https://site.web.api.espn.com/apis/common/v3/sports/football/college-football/athletes/2191/stats?region=us&lang=en&contentorigin=espn
2372,Rob Meier,,NFL_id,2372,fetch_failed: RuntimeError: fetch_failed after 3 attempts: 404 Client Error: Not Found for url: https://site.web.api.espn.com/apis/common/v3/sports/football/college-football/athletes/2372/stats?region=us&lang=en&contentorigin=espn
2220,Corey Moore,,NFL_id,2220,fetch_failed: RuntimeError: fetch_failed after 3 attempts: 404 Client Error: Not Found for url: https://site.web.api.espn.com/apis/common/v3/sports/football/college-football/athletes/2220/stats?region=us&lang=en&contentorigin=espn
2246,Frank Moreau,,NFL_id,2246,fetch_failed: RuntimeError: fetch_failed after 3 attempts: 404 Client Error: Not Found for url: https://site.web.api.espn.com/apis/common/v3/sports/football/college-football/athletes/2246/stats?region=us&lang=en&contentorigin=espn
2266,Aric Morris,,NFL_id,2266,fetch_failed: RuntimeError: fetch_failed after 3 attempts: 404 Client Error: Not Found for url: https://site.web.api.espn.com/apis/common/v3/sports/football/college-football/athletes/2266/stats?region=us&lang=en&contentorigin=espn
2159,Rob Morris,,NFL_id,2159,fetch_failed: RuntimeError: fetch_failed after 3 attempts: 404 Client Error: Not Found for url: https://site.web.api.espn.com/apis/common/v3/sports/football/college-football/athletes/2159/stats?region=us&lang=en&contentorigin=espn
2287,Sammy Morris,,NFL_id,2287,fetch_failed: RuntimeError: fetch_failed after 3 attempts: 404 Client Error: Not Found for url: https://site.web.api.espn.com/apis/common/v3/sports/football/college-football/athletes/2287/stats?region=us&lang=en&contentorigin=espn
2152,Sylvester Morris,,NFL_id,2152,fetch_failed: RuntimeError: fetch_failed after 3 attempts: 404 Client Error: Not Found for url: https://site.web.api.espn.com/apis/common/v3/sports/football/college-football/athletes/2152/stats?region=us&lang=en&contentorigin=espn
2297,Chad Morton,,NFL_id,2297,fetch_failed: RuntimeError: fetch_failed after 3 attempts: 404 Client Error: Not Found for url: https://site.web.api.espn.com/apis/common/v3/sports/football/college-football/athletes/2297/stats?region=us&lang=en&contentorigin=espn
2255,Bobby Myers,,NFL_id,2255,fetch_failed: RuntimeError: fetch_failed after 3 attempts: 404 Client Error: Not Found for url: https://site.web.api.espn.com/apis/common/v3/sports/football/college-football/athletes/2255/stats?region=us&lang=en&contentorigin=espn
2163,Dennis Northcutt,,NFL_id,2163,fetch_failed: RuntimeError: fetch_failed after 3 attempts: 404 Client Error: Not Found for url: https://site.web.api.espn.com/apis/common/v3/sports/football/college-football/athletes/2163/stats?region=us&lang=en&contentorigin=espn
2146,Deltha O'Neal,,NFL_id,2146,fetch_failed: RuntimeError: fetch_failed after 3 attempts: 404 Client Error: Not Found for url: https://site.web.api.espn.com/apis/common/v3/sports/football/college-football/athletes/2146/stats?region=us&lang=en&contentorigin=espn
2366,Erik Olson,,NFL_id,2366,fetch_failed: RuntimeError: fetch_failed after 3 attempts: 404 Client Error: Not Found for url: https://site.web.api.espn.com/apis/common/v3/sports/football/college-football/athletes/2366/stats?region=us&lang=en&contentorigin=espn
2149,Chad Pennington,,NFL_id,2149,fetch_failed: RuntimeError: fetch_failed after 3 attempts: 404 Client Error: Not Found for url: https://site.web.api.espn.com/apis/common/v3/sports/football/college-football/athletes/2149/stats?region=us&lang=en&contentorigin=espn
2147,Julian Peterson,,NFL_id,2147,fetch_failed: RuntimeError: fetch_failed after 3 attempts: 404 Client Error: Not Found for url: https://site.web.api.espn.com/apis/common/v3/sports/football/college-football/athletes/2147/stats?region=us&lang=en&contentorigin=espn
2167,Todd Pinkston,,NFL_id,2167,fetch_failed: RuntimeError: fetch_failed after 3 attempts: 404 Client Error: Not Found for url: https://site.web.api.espn.com/apis/common/v3/sports/football/college-football/athletes/2167/stats?region=us&lang=en&contentorigin=espn
2155,Ahmed Plummer,,NFL_id,2155,fetch_failed: RuntimeError: fetch_failed after 3 attempts: 404 Client Error: Not Found for url: https://site.web.api.espn.com/apis/common/v3/sports/football/college-football/athletes/2155/stats?region=us&lang=en&contentorigin=espn
2382,DaShon Polk,,NFL_id,2382,fetch_failed: RuntimeError: fetch_failed after 3 attempts: 404 Client Error: Not Found for url: https://site.web.api.espn.com/apis/common/v3/sports/football/college-football/athletes/2382/stats?region=us&lang=en&contentorigin=espn
2178,Jerry Porter,,NFL_id,2178,fetch_failed: RuntimeError: fetch_failed after 3 attempts: 404 Client Error: Not Found for url: https://site.web.api.espn.com/apis/common/v3/sports/football/college-football/athletes/2178/stats?region=us&lang=en&contentorigin=espn
2208,Hank Poteat,,NFL_id,2208,fetch_failed: RuntimeError: fetch_failed after 3 attempts: 404 Client Error: Not Found for url: https://site.web.api.espn.com/apis/common/v3/sports/football/college-football/athletes/2208/stats?region=us&lang=en&contentorigin=espn
2194,Travis Prentice,,NFL_id,2194,fetch_failed: RuntimeError: fetch_failed after 3 attempts: 404 Client Error: Not Found for url: https://site.web.api.espn.com/apis/common/v3/sports/football/college-football/athletes/2194/stats?region=us&lang=en&contentorigin=espn
2258,Greg Randall,,NFL_id,2258,fetch_failed: RuntimeError: fetch_failed after 3 attempts: 404 Client Error: Not Found for url: https://site.web.api.espn.com/apis/common/v3/sports/football/college-football/athletes/2258/stats?region=us&lang=en&contentorigin=espn
2343,Tim Rattay,,NFL_id,2343,fetch_failed: RuntimeError: fetch_failed after 3 attempts: 404 Client Error: Not Found for url: https://site.web.api.espn.com/apis/common/v3/sports/football/college-football/athletes/2343/stats?region=us&lang=en&contentorigin=espn
2206,Chris Redman,,NFL_id,2206,fetch_failed: RuntimeError: fetch_failed after 3 attempts: 404 Client Error: Not Found for url: https://site.web.api.espn.com/apis/common/v3/sports/football/college-football/athletes/2206/stats?region=us&lang=en&contentorigin=espn
2207,J.R. Redmond,,NFL_id,2207,fetch_failed: RuntimeError: fetch_failed after 3 attempts: 404 Client Error: Not Found for url: https://site.web.api.espn.com/apis/common/v3/sports/football/college-football/athletes/2207/stats?region=us&lang=en&contentorigin=espn
2186,Fred Robbins,,NFL_id,2186,fetch_failed: RuntimeError: fetch_failed after 3 attempts: 404 Client Error: Not Found for url: https://site.web.api.espn.com/apis/common/v3/sports/football/college-football/athletes/2186/stats?region=us&lang=en&contentorigin=espn
2165,Mark Roman,,NFL_id,2165,fetch_failed: RuntimeError: fetch_failed after 3 attempts: 404 Client Error: Not Found for url: https://site.web.api.espn.com/apis/common/v3/sports/football/college-football/athletes/2165/stats?region=us&lang=en&contentorigin=espn
2134,Chris Samuels,,NFL_id,2134,fetch_failed: RuntimeError: fetch_failed after 3 attempts: 404 Client Error: Not Found for url: https://site.web.api.espn.com/apis/common/v3/sports/football/college-football/athletes/2134/stats?region=us&lang=en&contentorigin=espn
2226,Lewis Sanders,,NFL_id,2226,fetch_failed: RuntimeError: fetch_failed after 3 attempts: 404 Client Error: Not Found for url: https://site.web.api.espn.com/apis/common/v3/sports/football/college-football/athletes/2226/stats?region=us&lang=en&contentorigin=espn
2346,Sekou Sanyika,,NFL_id,2346,fetch_failed: RuntimeError: fetch_failed after 3 attempts: 404 Client Error: Not Found for url: https://site.web.api.espn.com/apis/common/v3/sports/football/college-football/athletes/2346/stats?region=us&lang=en&contentorigin=espn
2230,Gari Scott,,NFL_id,2230,fetch_failed: RuntimeError: fetch_failed after 3 attempts: 404 Client Error: Not Found for url: https://site.web.api.espn.com/apis/common/v3/sports/football/college-football/athletes/2230/stats?region=us&lang=en&contentorigin=espn
2310,Tony Scott,,NFL_id,2310,fetch_failed: RuntimeError: fetch_failed after 3 attempts: 404 Client Error: Not Found for url: https://site.web.api.espn.com/apis/common/v3/sports/football/college-football/athletes/2310/stats?region=us&lang=en&contentorigin=espn
2241,Aaron Shea,,NFL_id,2241,fetch_failed: RuntimeError: fetch_failed after 3 attempts: 404 Client Error: Not Found for url: https://site.web.api.espn.com/apis/common/v3/sports/football/college-football/athletes/2241/stats?region=us&lang=en&contentorigin=espn
2193,Jacoby Shepherd,,NFL_id,2193,fetch_failed: RuntimeError: fetch_failed after 3 attempts: 404 Client Error: Not Found for url: https://site.web.api.espn.com/apis/common/v3/sports/football/college-football/athletes/2193/stats?region=us&lang=en&contentorigin=espn
2236,Brandon Short,,NFL_id,2236,fetch_failed: RuntimeError: fetch_failed after 3 attempts: 404 Client Error: Not Found for url: https://site.web.api.espn.com/apis/common/v3/sports/football/college-football/athletes/2236/stats?region=us&lang=en&contentorigin=espn
2137,Corey Simon,,NFL_id,2137,fetch_failed: RuntimeError: fetch_failed after 3 attempts: 404 Client Error: Not Found for url: https://site.web.api.espn.com/apis/common/v3/sports/football/college-football/athletes/2137/stats?region=us&lang=en&contentorigin=espn
2198,Mark Simoneau,,NFL_id,2198,fetch_failed: RuntimeError: fetch_failed after 3 attempts: 404 Client Error: Not Found for url: https://site.web.api.espn.com/apis/common/v3/sports/football/college-football/athletes/2198/stats?region=us&lang=en&contentorigin=espn
2259,Peter Sirmon,,NFL_id,2259,fetch_failed: RuntimeError: fetch_failed after 3 attempts: 404 Client Error: Not Found for url: https://site.web.api.espn.com/apis/common/v3/sports/football/college-football/athletes/2259/stats?region=us&lang=en&contentorigin=espn
2223,T.J. Slaughter,,NFL_id,2223,fetch_failed: RuntimeError: fetch_failed after 3 attempts: 404 Client Error: Not Found for url: https://site.web.api.espn.com/apis/common/v3/sports/football/college-football/athletes/2223/stats?region=us&lang=en&contentorigin=espn
2169,Marvel Smith,,NFL_id,2169,fetch_failed: RuntimeError: fetch_failed after 3 attempts: 404 Client Error: Not Found for url: https://site.web.api.espn.com/apis/common/v3/sports/football/college-football/athletes/2169/stats?region=us&lang=en&contentorigin=espn
2263,Paul Smith,,NFL_id,2263,fetch_failed: RuntimeError: fetch_failed after 3 attempts: 404 Client Error: Not Found for url: https://site.web.api.espn.com/apis/common/v3/sports/football/college-football/athletes/2263/stats?region=us&lang=en&contentorigin=espn
2328,Robaire Smith,,NFL_id,2328,fetch_failed: RuntimeError: fetch_failed after 3 attempts: 404 Client Error: Not Found for url: https://site.web.api.espn.com/apis/common/v3/sports/football/college-football/athletes/2328/stats?region=us&lang=en&contentorigin=espn
2227,Terrelle Smith,,NFL_id,2227,fetch_failed: RuntimeError: fetch_failed after 3 attempts: 404 Client Error: Not Found for url: https://site.web.api.espn.com/apis/common/v3/sports/football/college-football/athletes/2227/stats?region=us&lang=en&contentorigin=espn
2160,R. Jay Soward,,NFL_id,2160,fetch_failed: RuntimeError: fetch_failed after 3 attempts: 404 Client Error: Not Found for url: https://site.web.api.espn.com/apis/common/v3/sports/football/college-football/athletes/2160/stats?region=us&lang=en&contentorigin=espn
2272,Dave Stachelski,,NFL_id,2272,fetch_failed: RuntimeError: fetch_failed after 3 attempts: 404 Client Error: Not Found for url: https://site.web.api.espn.com/apis/common/v3/sports/football/college-football/athletes/2272/stats?region=us&lang=en&contentorigin=espn
2374,Shyrone Stith,,NFL_id,2374,fetch_failed: RuntimeError: fetch_failed after 3 attempts: 404 Client Error: Not Found for url: https://site.web.api.espn.com/apis/common/v3/sports/football/college-football/athletes/2374/stats?region=us&lang=en&contentorigin=espn
2295,Jay Tant,,NFL_id,2295,fetch_failed: RuntimeError: fetch_failed after 3 attempts: 404 Client Error: Not Found for url: https://site.web.api.espn.com/apis/common/v3/sports/football/college-football/athletes/2295/stats?region=us&lang=en&contentorigin=espn
2355,Mark Tauscher,,NFL_id,2355,fetch_failed: RuntimeError: fetch_failed after 3 attempts: 404 Client Error: Not Found for url: https://site.web.api.espn.com/apis/common/v3/sports/football/college-football/athletes/2355/stats?region=us&lang=en&contentorigin=espn
2315,Shannon Taylor,,NFL_id,2315,fetch_failed: RuntimeError: fetch_failed after 3 attempts: 404 Client Error: Not Found for url: https://site.web.api.espn.com/apis/common/v3/sports/football/college-football/athletes/2315/stats?region=us&lang=en&contentorigin=espn
2141,Travis Taylor,,NFL_id,2141,fetch_failed: RuntimeError: fetch_failed after 3 attempts: 404 Client Error: Not Found for url: https://site.web.api.espn.com/apis/common/v3/sports/football/college-football/athletes/2141/stats?region=us&lang=en&contentorigin=espn
2317,Adalius Thomas,,NFL_id,2317,fetch_failed: RuntimeError: fetch_failed after 3 attempts: 404 Client Error: Not Found for url: https://site.web.api.espn.com/apis/common/v3/sports/football/college-football/athletes/2317/stats?region=us&lang=en&contentorigin=espn
2231,Michael Thompson,,NFL_id,2231,fetch_failed: RuntimeError: fetch_failed after 3 attempts: 404 Client Error: Not Found for url: https://site.web.api.espn.com/apis/common/v3/sports/football/college-football/athletes/2231/stats?region=us&lang=en&contentorigin=espn
2172,Raynoch Thompson,,NFL_id,2172,fetch_failed: RuntimeError: fetch_failed after 3 attempts: 404 Client Error: Not Found for url: https://site.web.api.espn.com/apis/common/v3/sports/football/college-football/athletes/2172/stats?region=us&lang=en&contentorigin=espn
2189,Travares Tillman,,NFL_id,2189,fetch_failed: RuntimeError: fetch_failed after 3 attempts: 404 Client Error: Not Found for url: https://site.web.api.espn.com/apis/common/v3/sports/football/college-football/athletes/2189/stats?region=us&lang=en&contentorigin=espn
2267,Mao Tosi,,NFL_id,2267,fetch_failed: RuntimeError: fetch_failed after 3 attempts: 404 Client Error: Not Found for url: https://site.web.api.espn.com/apis/common/v3/sports/football/college-football/athletes/2267/stats?region=us&lang=en&contentorigin=espn
2217,Jeff Ulbrich,,NFL_id,2217,fetch_failed: RuntimeError: fetch_failed after 3 attempts: 404 Client Error: Not Found for url: https://site.web.api.espn.com/apis/common/v3/sports/football/college-football/athletes/2217/stats?region=us&lang=en&contentorigin=espn
2140,Brian Urlacher,,NFL_id,2140,fetch_failed: RuntimeError: fetch_failed after 3 attempts: 404 Client Error: Not Found for url: https://site.web.api.espn.com/apis/common/v3/sports/football/college-football/athletes/2140/stats?region=us&lang=en&contentorigin=espn
2342,Darrick Vaughn,,NFL_id,2342,fetch_failed: RuntimeError: fetch_failed after 3 attempts: 404 Client Error: Not Found for url: https://site.web.api.espn.com/apis/common/v3/sports/football/college-football/athletes/2342/stats?region=us&lang=en&contentorigin=espn
2184,Todd Wade,,NFL_id,2184,fetch_failed: RuntimeError: fetch_failed after 3 attempts: 404 Client Error: Not Found for url: https://site.web.api.espn.com/apis/common/v3/sports/football/college-football/athletes/2184/stats?region=us&lang=en&contentorigin=espn
2202,Darwin Walker,,NFL_id,2202,fetch_failed: RuntimeError: fetch_failed after 3 attempts: 404 Client Error: Not Found for url: https://site.web.api.espn.com/apis/common/v3/sports/football/college-football/athletes/2202/stats?region=us&lang=en&contentorigin=espn
2296,Troy Walters,,NFL_id,2296,fetch_failed: RuntimeError: fetch_failed after 3 attempts: 404 Client Error: Not Found for url: https://site.web.api.espn.com/apis/common/v3/sports/football/college-football/athletes/2296/stats?region=us&lang=en&contentorigin=espn
2205,Steve Warren,,NFL_id,2205,fetch_failed: RuntimeError: fetch_failed after 3 attempts: 404 Client Error: Not Found for url: https://site.web.api.espn.com/apis/common/v3/sports/football/college-football/athletes/2205/stats?region=us&lang=en&contentorigin=espn
2135,Peter Warrick,,NFL_id,2135,fetch_failed: RuntimeError: fetch_failed after 3 attempts: 404 Client Error: Not Found for url: https://site.web.api.espn.com/apis/common/v3/sports/football/college-football/athletes/2135/stats?region=us&lang=en&contentorigin=espn
2179,Jason Webster,,NFL_id,2179,fetch_failed: RuntimeError: fetch_failed after 3 attempts: 404 Client Error: Not Found for url: https://site.web.api.espn.com/apis/common/v3/sports/football/college-football/athletes/2179/stats?region=us&lang=en&contentorigin=espn
2288,James Whalen,,NFL_id,2288,fetch_failed: RuntimeError: fetch_failed after 3 attempts: 404 Client Error: Not Found for url: https://site.web.api.espn.com/apis/common/v3/sports/football/college-football/athletes/2288/stats?region=us&lang=en&contentorigin=espn
2334,Damen Wheeler,,NFL_id,2334,fetch_failed: RuntimeError: fetch_failed after 3 attempts: 404 Client Error: Not Found for url: https://site.web.api.espn.com/apis/common/v3/sports/football/college-football/athletes/2334/stats?region=us&lang=en&contentorigin=espn
2200,Dez White,,NFL_id,2200,fetch_failed: RuntimeError: fetch_failed after 3 attempts: 404 Client Error: Not Found for url: https://site.web.api.espn.com/apis/common/v3/sports/football/college-football/athletes/2200/stats?region=us&lang=en&contentorigin=espn
2275,Michael Wiley,,NFL_id,2275,fetch_failed: RuntimeError: fetch_failed after 3 attempts: 404 Client Error: Not Found for url: https://site.web.api.espn.com/apis/common/v3/sports/football/college-football/athletes/2275/stats?region=us&lang=en&contentorigin=espn
2306,James Williams,,NFL_id,2306,fetch_failed: RuntimeError: fetch_failed after 3 attempts: 404 Client Error: Not Found for url: https://site.web.api.espn.com/apis/common/v3/sports/football/college-football/athletes/2306/stats?region=us&lang=en&contentorigin=espn
11354,Jack Williams,,NFL_id,11354,fetch_failed: RuntimeError: fetch_failed after 3 attempts: 404 Client Error: Not Found for url: https://site.web.api.espn.com/apis/common/v3/sports/football/college-football/athletes/11354/stats?region=us&lang=en&contentorigin=espn
2253,Josh Williams,,NFL_id,2253,fetch_failed: RuntimeError: fetch_failed after 3 attempts: 404 Client Error: Not Found for url: https://site.web.api.espn.com/apis/common/v3/sports/football/college-football/athletes/2253/stats?region=us&lang=en&contentorigin=espn
2237,Antonio Wilson,,NFL_id,2237,fetch_failed: RuntimeError: fetch_failed after 3 attempts: 404 Client Error: Not Found for url: https://site.web.api.espn.com/apis/common/v3/sports/football/college-football/athletes/2237/stats?region=us&lang=en&contentorigin=espn
2322,Cedric Woodard,,NFL_id,2322,fetch_failed: RuntimeError: fetch_failed after 3 attempts: 404 Client Error: Not Found for url: https://site.web.api.espn.com/apis/common/v3/sports/football/college-football/athletes/2322/stats?region=us&lang=en&contentorigin=espn
2314,Spergon Wynn,,NFL_id,2314,fetch_failed: RuntimeError: fetch_failed after 3 attempts: 404 Client Error: Not Found for url: https://site.web.api.espn.com/apis/common/v3/sports/football/college-football/athletes/2314/stats?region=us&lang=en&contentorigin=espn
2270,Brian Young,,NFL_id,2270,fetch_failed: RuntimeError: fetch_failed after 3 attempts: 404 Client Error: Not Found for url: https://site.web.api.espn.com/apis/common/v3/sports/football/college-football/athletes/2270/stats?region=us&lang=en&contentorigin=espn
2781,Keith Adams,,NFL_id,2781,fetch_failed: RuntimeError: fetch_failed after 3 attempts: 404 Client Error: Not Found for url: https://site.web.api.espn.com/apis/common/v3/sports/football/college-football/athletes/2781/stats?region=us&lang=en&contentorigin=espn
2712,Hakim Akbar,,NFL_id,2712,fetch_failed: RuntimeError: fetch_failed after 3 attempts: 404 Client Error: Not Found for url: https://site.web.api.espn.com/apis/common/v3/sports/football/college-football/athletes/2712/stats?region=us&lang=en&contentorigin=espn
2631,Brian Allen,,NFL_id,2631,fetch_failed: RuntimeError: fetch_failed after 3 attempts: 404 Client Error: Not Found for url: https://site.web.api.espn.com/apis/common/v3/sports/football/college-football/athletes/2631/stats?region=us&lang=en&contentorigin=espn
2570,Will Allen,,NFL_id,2570,fetch_failed: RuntimeError: fetch_failed after 3 attempts: 404 Client Error: Not Found for url: https://site.web.api.espn.com/apis/common/v3/sports/football/college-football/athletes/2570/stats?region=us&lang=en&contentorigin=espn
2697,Scotty Anderson,,NFL_id,2697,fetch_failed: RuntimeError: fetch_failed after 3 attempts: 404 Client Error: Not Found for url: https://site.web.api.espn.com/apis/common/v3/sports/football/college-football/athletes/2697/stats?region=us&lang=en&contentorigin=espn
2568,Adam Archuleta,,NFL_id,2568,fetch_failed: RuntimeError: fetch_failed after 3 attempts: 404 Client Error: Not Found for url: https://site.web.api.espn.com/apis/common/v3/sports/football/college-football/athletes/2568/stats?region=us&lang=en&contentorigin=espn
2690,Billy Baber,,NFL_id,2690,fetch_failed: RuntimeError: fetch_failed after 3 attempts: 404 Client Error: Not Found for url: https://site.web.api.espn.com/apis/common/v3/sports/football/college-football/athletes/2690/stats?region=us&lang=en&contentorigin=espn
2566,Jeff Backus,,NFL_id,2566,fetch_failed: RuntimeError: fetch_failed after 3 attempts: 404 Client Error: Not Found for url: https://site.web.api.espn.com/apis/common/v3/sports/football/college-football/athletes/2566/stats?region=us&lang=en&contentorigin=espn
2730,Rodney Bailey,,NFL_id,2730,fetch_failed: RuntimeError: fetch_failed after 3 attempts: 404 Client Error: Not Found for url: https://site.web.api.espn.com/apis/common/v3/sports/football/college-football/athletes/2730/stats?region=us&lang=en&contentorigin=espn
2689,Alex Bannister,,NFL_id,2689,fetch_failed: RuntimeError: fetch_failed after 3 attempts: 404 Client Error: Not Found for url: https://site.web.api.espn.com/apis/common/v3/sports/football/college-football/athletes/2689/stats?region=us&lang=en&contentorigin=espn
2628,Kevan Barlow,,NFL_id,2628,fetch_failed: RuntimeError: fetch_failed after 3 attempts: 404 Client Error: Not Found for url: https://site.web.api.espn.com/apis/common/v3/sports/football/college-football/athletes/2628/stats?region=us&lang=en&contentorigin=espn
2585,Idrees Bashir,,NFL_id,2585,fetch_failed: RuntimeError: fetch_failed after 3 attempts: 404 Client Error: Not Found for url: https://site.web.api.espn.com/apis/common/v3/sports/football/college-football/athletes/2585/stats?region=us&lang=en&contentorigin=espn
2610,Gary Baxter,,NFL_id,2610,fetch_failed: RuntimeError: fetch_failed after 3 attempts: 404 Client Error: Not Found for url: https://site.web.api.espn.com/apis/common/v3/sports/football/college-football/athletes/2610/stats?region=us&lang=en&contentorigin=espn
2656,Monty Beisel,,NFL_id,2656,fetch_failed: RuntimeError: fetch_failed after 3 attempts: 404 Client Error: Not Found for url: https://site.web.api.espn.com/apis/common/v3/sports/football/college-football/athletes/2656/stats?region=us&lang=en&contentorigin=espn
2587,Kendrell Bell,,NFL_id,2587,fetch_failed: RuntimeError: fetch_failed after 3 attempts: 404 Client Error: Not Found for url: https://site.web.api.espn.com/apis/common/v3/sports/football/college-football/athletes/2587/stats?region=us&lang=en&contentorigin=espn
2672,Marcus Bell,,NFL_id,2672,fetch_failed: RuntimeError: fetch_failed after 3 attempts: 404 Client Error: Not Found for url: https://site.web.api.espn.com/apis/common/v3/sports/football/college-football/athletes/2672/stats?region=us&lang=en&contentorigin=espn
2575,Michael Bennett,,NFL_id,2575,fetch_failed: RuntimeError: fetch_failed after 3 attempts: 404 Client Error: Not Found for url: https://site.web.api.espn.com/apis/common/v3/sports/football/college-football/athletes/2575/stats?region=us&lang=en&contentorigin=espn
2708,Eddie Berlin,,NFL_id,2708,fetch_failed: RuntimeError: fetch_failed after 3 attempts: 404 Client Error: Not Found for url: https://site.web.api.espn.com/apis/common/v3/sports/football/college-football/athletes/2708/stats?region=us&lang=en&contentorigin=espn
2640,Cory Bird,,NFL_id,2640,fetch_failed: RuntimeError: fetch_failed after 3 attempts: 404 Client Error: Not Found for url: https://site.web.api.espn.com/apis/common/v3/sports/football/college-football/athletes/2640/stats?region=us&lang=en&contentorigin=espn
2759,Harold Blackmon,,NFL_id,2759,fetch_failed: RuntimeError: fetch_failed after 3 attempts: 404 Client Error: Not Found for url: https://site.web.api.espn.com/apis/common/v3/sports/football/college-football/athletes/2759/stats?region=us&lang=en&contentorigin=espn
2642,Willie Blade,,NFL_id,2642,fetch_failed: RuntimeError: fetch_failed after 3 attempts: 404 Client Error: Not Found for url: https://site.web.api.espn.com/apis/common/v3/sports/football/college-football/athletes/2642/stats?region=us&lang=en&contentorigin=espn
2699,Derrick Blaylock,,NFL_id,2699,fetch_failed: RuntimeError: fetch_failed after 3 attempts: 404 Client Error: Not Found for url: https://site.web.api.espn.com/apis/common/v3/sports/football/college-football/athletes/2699/stats?region=us&lang=en&contentorigin=espn
2582,Kyle Vanden Bosch,,NFL_id,2582,fetch_failed: RuntimeError: fetch_failed after 3 attempts: 404 Client Error: Not Found for url: https://site.web.api.espn.com/apis/common/v3/sports/football/college-football/athletes/2582/stats?region=us&lang=en&contentorigin=espn
2643,James Boyd,,NFL_id,2643,fetch_failed: RuntimeError: fetch_failed after 3 attempts: 404 Client Error: Not Found for url: https://site.web.api.espn.com/apis/common/v3/sports/football/college-football/athletes/2643/stats?region=us&lang=en&contentorigin=espn
2580,Drew Brees,,NFL_id,2580,fetch_failed: RuntimeError: fetch_failed after 3 attempts: 404 Client Error: Not Found for url: https://site.web.api.espn.com/apis/common/v3/sports/football/college-football/athletes/2580/stats?region=us&lang=en&contentorigin=espn
2614,Sean Brewer,,NFL_id,2614,fetch_failed: RuntimeError: fetch_failed after 3 attempts: 404 Client Error: Not Found for url: https://site.web.api.espn.com/apis/common/v3/sports/football/college-football/athletes/2614/stats?region=us&lang=en&contentorigin=espn
2670,Correll Buckhalter,,NFL_id,2670,fetch_failed: RuntimeError: fetch_failed after 3 attempts: 404 Client Error: Not Found for url: https://site.web.api.espn.com/apis/common/v3/sports/football/college-football/athletes/2670/stats?region=us&lang=en&contentorigin=espn
2611,Derrick Burgess,,NFL_id,2611,fetch_failed: RuntimeError: fetch_failed after 3 attempts: 404 Client Error: Not Found for url: https://site.web.api.espn.com/apis/common/v3/sports/football/college-football/athletes/2611/stats?region=us&lang=en&contentorigin=espn
2694,Jerametrius Butler,,NFL_id,2694,fetch_failed: RuntimeError: fetch_failed after 3 attempts: 404 Client Error: Not Found for url: https://site.web.api.espn.com/apis/common/v3/sports/football/college-football/athletes/2694/stats?region=us&lang=en&contentorigin=espn
2793,Robert Carswell,,NFL_id,2793,fetch_failed: RuntimeError: fetch_failed after 3 attempts: 404 Client Error: Not Found for url: https://site.web.api.espn.com/apis/common/v3/sports/football/college-football/athletes/2793/stats?region=us&lang=en&contentorigin=espn
2555,Andre Carter,,NFL_id,2555,fetch_failed: RuntimeError: fetch_failed after 3 attempts: 404 Client Error: Not Found for url: https://site.web.api.espn.com/apis/common/v3/sports/football/college-football/athletes/2555/stats?region=us&lang=en&contentorigin=espn
2601,Quincy Carter,,NFL_id,2601,fetch_failed: RuntimeError: fetch_failed after 3 attempts: 404 Client Error: Not Found for url: https://site.web.api.espn.com/apis/common/v3/sports/football/college-football/athletes/2601/stats?region=us&lang=en&contentorigin=espn
2603,Quinton Caver,,NFL_id,2603,fetch_failed: RuntimeError: fetch_failed after 3 attempts: 404 Client Error: Not Found for url: https://site.web.api.espn.com/apis/common/v3/sports/football/college-football/athletes/2603/stats?region=us&lang=en&contentorigin=espn
2600,Chris Chambers,,NFL_id,2600,fetch_failed: RuntimeError: fetch_failed after 3 attempts: 404 Client Error: Not Found for url: https://site.web.api.espn.com/apis/common/v3/sports/football/college-football/athletes/2600/stats?region=us&lang=en&contentorigin=espn
2706,Patrick Chukwurah,,NFL_id,2706,fetch_failed: RuntimeError: fetch_failed after 3 attempts: 404 Client Error: Not Found for url: https://site.web.api.espn.com/apis/common/v3/sports/football/college-football/athletes/2706/stats?region=us&lang=en&contentorigin=espn
2569,Nate Clements,,NFL_id,2569,fetch_failed: RuntimeError: fetch_failed after 3 attempts: 404 Client Error: Not Found for url: https://site.web.api.espn.com/apis/common/v3/sports/football/college-football/athletes/2569/stats?region=us&lang=en&contentorigin=espn
2615,Tay Cody,,NFL_id,2615,fetch_failed: RuntimeError: fetch_failed after 3 attempts: 404 Client Error: Not Found for url: https://site.web.api.espn.com/apis/common/v3/sports/football/college-football/athletes/2615/stats?region=us&lang=en&contentorigin=espn
2777,Derek Combs,,NFL_id,2777,fetch_failed: RuntimeError: fetch_failed after 3 attempts: 404 Client Error: Not Found for url: https://site.web.api.espn.com/apis/common/v3/sports/football/college-football/athletes/2777/stats?region=us&lang=en&contentorigin=espn
2723,Jameel Cook,,NFL_id,2723,fetch_failed: RuntimeError: fetch_failed after 3 attempts: 404 Client Error: Not Found for url: https://site.web.api.espn.com/apis/common/v3/sports/football/college-football/athletes/2723/stats?region=us&lang=en&contentorigin=espn
2733,Chris Cooper,,NFL_id,2733,fetch_failed: RuntimeError: fetch_failed after 3 attempts: 404 Client Error: Not Found for url: https://site.web.api.espn.com/apis/common/v3/sports/football/college-football/athletes/2733/stats?region=us&lang=en&contentorigin=espn
2692,Jarrod Cooper,,NFL_id,2692,fetch_failed: RuntimeError: fetch_failed after 3 attempts: 404 Client Error: Not Found for url: https://site.web.api.espn.com/apis/common/v3/sports/football/college-football/athletes/2692/stats?region=us&lang=en&contentorigin=espn
2583,Alge Crumpler,,NFL_id,2583,fetch_failed: RuntimeError: fetch_failed after 3 attempts: 404 Client Error: Not Found for url: https://site.web.api.espn.com/apis/common/v3/sports/football/college-football/athletes/2583/stats?region=us&lang=en&contentorigin=espn
2550,Leonard Davis,,NFL_id,2550,fetch_failed: RuntimeError: fetch_failed after 3 attempts: 404 Client Error: Not Found for url: https://site.web.api.espn.com/apis/common/v3/sports/football/college-football/athletes/2550/stats?region=us&lang=en&contentorigin=espn
2769,Rick DeMulling,,NFL_id,2769,fetch_failed: RuntimeError: fetch_failed after 3 attempts: 404 Client Error: Not Found for url: https://site.web.api.espn.com/apis/common/v3/sports/football/college-football/athletes/2769/stats?region=us&lang=en&contentorigin=espn
2762,Anthony Denman,,NFL_id,2762,fetch_failed: RuntimeError: fetch_failed after 3 attempts: 404 Client Error: Not Found for url: https://site.web.api.espn.com/apis/common/v3/sports/football/college-football/athletes/2762/stats?region=us&lang=en&contentorigin=espn
2667,Ryan Diem,,NFL_id,2667,fetch_failed: RuntimeError: fetch_failed after 3 attempts: 404 Client Error: Not Found for url: https://site.web.api.espn.com/apis/common/v3/sports/football/college-football/athletes/2667/stats?region=us&lang=en&contentorigin=espn
2604,Tony Dixon,,NFL_id,2604,fetch_failed: RuntimeError: fetch_failed after 3 attempts: 404 Client Error: Not Found for url: https://site.web.api.espn.com/apis/common/v3/sports/football/college-football/athletes/2604/stats?region=us&lang=en&contentorigin=espn
2742,Jason Doering,,NFL_id,2742,fetch_failed: RuntimeError: fetch_failed after 3 attempts: 404 Client Error: Not Found for url: https://site.web.api.espn.com/apis/common/v3/sports/football/college-football/athletes/2742/stats?region=us&lang=en&contentorigin=espn
2623,Eric Downing,,NFL_id,2623,fetch_failed: RuntimeError: fetch_failed after 3 attempts: 404 Client Error: Not Found for url: https://site.web.api.espn.com/apis/common/v3/sports/football/college-football/athletes/2623/stats?region=us&lang=en&contentorigin=espn
2608,Andre Dyson,,NFL_id,2608,fetch_failed: RuntimeError: fetch_failed after 3 attempts: 404 Client Error: Not Found for url: https://site.web.api.espn.com/apis/common/v3/sports/football/college-football/athletes/2608/stats?region=us&lang=en&contentorigin=espn
2624,Ron Edwards,,NFL_id,2624,fetch_failed: RuntimeError: fetch_failed after 3 attempts: 404 Client Error: Not Found for url: https://site.web.api.espn.com/apis/common/v3/sports/football/college-football/athletes/2624/stats?region=us&lang=en&contentorigin=espn
2630,Heath Evans,,NFL_id,2630,fetch_failed: RuntimeError: fetch_failed after 3 attempts: 404 Client Error: Not Found for url: https://site.web.api.espn.com/apis/common/v3/sports/football/college-football/athletes/2630/stats?region=us&lang=en&contentorigin=espn
2682,Mario Fatafehi,,NFL_id,2682,fetch_failed: RuntimeError: fetch_failed after 3 attempts: 404 Client Error: Not Found for url: https://site.web.api.espn.com/apis/common/v3/sports/football/college-football/athletes/2682/stats?region=us&lang=en&contentorigin=espn
2589,Robert Ferguson,,NFL_id,2589,fetch_failed: RuntimeError: fetch_failed after 3 attempts: 404 Client Error: Not Found for url: https://site.web.api.espn.com/apis/common/v3/sports/football/college-football/athletes/2589/stats?region=us&lang=en&contentorigin=espn
2574,Jamar Fletcher,,NFL_id,2574,fetch_failed: RuntimeError: fetch_failed after 3 attempts: 404 Client Error: Not Found for url: https://site.web.api.espn.com/apis/common/v3/sports/football/college-football/athletes/2574/stats?region=us&lang=en&contentorigin=espn
2768,Kynan Forney,,NFL_id,2768,fetch_failed: RuntimeError: fetch_failed after 3 attempts: 404 Client Error: Not Found for url: https://site.web.api.espn.com/apis/common/v3/sports/football/college-football/athletes/2768/stats?region=us&lang=en&contentorigin=espn
2676,Curtis Fuller,,NFL_id,2676,fetch_failed: RuntimeError: fetch_failed after 3 attempts: 404 Client Error: Not Found for url: https://site.web.api.espn.com/apis/common/v3/sports/football/college-football/athletes/2676/stats?region=us&lang=en&contentorigin=espn
2616,Mike Gandy,,NFL_id,2616,fetch_failed: RuntimeError: fetch_failed after 3 attempts: 404 Client Error: Not Found for url: https://site.web.api.espn.com/apis/common/v3/sports/football/college-football/athletes/2616/stats?region=us&lang=en&contentorigin=espn
2563,Rod Gardner,,NFL_id,2563,fetch_failed: RuntimeError: fetch_failed after 3 attempts: 404 Client Error: Not Found for url: https://site.web.api.espn.com/apis/common/v3/sports/football/college-football/athletes/2563/stats?region=us&lang=en&contentorigin=espn
2648,Roberto Garza,,NFL_id,2648,fetch_failed: RuntimeError: fetch_failed after 3 attempts: 404 Client Error: Not Found for url: https://site.web.api.espn.com/apis/common/v3/sports/football/college-football/athletes/2648/stats?region=us&lang=en&contentorigin=espn
2763,Reggie Germany,,NFL_id,2763,fetch_failed: RuntimeError: fetch_failed after 3 attempts: 404 Client Error: Not Found for url: https://site.web.api.espn.com/apis/common/v3/sports/football/college-football/athletes/2763/stats?region=us&lang=en&contentorigin=espn
2576,Derrick Gibson,,NFL_id,2576,fetch_failed: RuntimeError: fetch_failed after 3 attempts: 404 Client Error: Not Found for url: https://site.web.api.espn.com/apis/common/v3/sports/football/college-football/athletes/2576/stats?region=us&lang=en&contentorigin=espn
2722,Jason Glenn,,NFL_id,2722,fetch_failed: RuntimeError: fetch_failed after 3 attempts: 404 Client Error: Not Found for url: https://site.web.api.espn.com/apis/common/v3/sports/football/college-football/athletes/2722/stats?region=us&lang=en&contentorigin=espn
2638,DeLawrence Grant,,NFL_id,2638,fetch_failed: RuntimeError: fetch_failed after 3 attempts: 404 Client Error: Not Found for url: https://site.web.api.espn.com/apis/common/v3/sports/football/college-football/athletes/2638/stats?region=us&lang=en&contentorigin=espn
2637,Morlon Greenwood,,NFL_id,2637,fetch_failed: RuntimeError: fetch_failed after 3 attempts: 404 Client Error: Not Found for url: https://site.web.api.espn.com/apis/common/v3/sports/football/college-football/athletes/2637/stats?region=us&lang=en&contentorigin=espn
1818,Corey Hall,,NFL_id,1818,fetch_failed: RuntimeError: fetch_failed after 3 attempts: 404 Client Error: Not Found for url: https://site.web.api.espn.com/apis/common/v3/sports/football/college-football/athletes/1818/stats?region=us&lang=en&contentorigin=espn
2662,Ben Hamilton,,NFL_id,2662,fetch_failed: RuntimeError: fetch_failed after 3 attempts: 404 Client Error: Not Found for url: https://site.web.api.espn.com/apis/common/v3/sports/football/college-football/athletes/2662/stats?region=us&lang=en&contentorigin=espn
2567,Casey Hampton,,NFL_id,2567,fetch_failed: RuntimeError: fetch_failed after 3 attempts: 404 Client Error: Not Found for url: https://site.web.api.espn.com/apis/common/v3/sports/football/college-football/athletes/2567/stats?region=us&lang=en&contentorigin=espn
2669,Nick Harris,,NFL_id,2669,fetch_failed: RuntimeError: fetch_failed after 3 attempts: 404 Client Error: Not Found for url: https://site.web.api.espn.com/apis/common/v3/sports/football/college-football/athletes/2669/stats?region=us&lang=en&contentorigin=espn
2761,Shaunard Harts,,NFL_id,2761,fetch_failed: RuntimeError: fetch_failed after 3 attempts: 404 Client Error: Not Found for url: https://site.web.api.espn.com/apis/common/v3/sports/football/college-football/athletes/2761/stats?region=us&lang=en&contentorigin=espn
2636,Reggie Hayward,,NFL_id,2636,fetch_failed: RuntimeError: fetch_failed after 3 attempts: 404 Client Error: Not Found for url: https://site.web.api.espn.com/apis/common/v3/sports/football/college-football/athletes/2636/stats?region=us&lang=en&contentorigin=espn
2579,Todd Heap,,NFL_id,2579,fetch_failed: RuntimeError: fetch_failed after 3 attempts: 404 Client Error: Not Found for url: https://site.web.api.espn.com/apis/common/v3/sports/football/college-football/athletes/2579/stats?region=us&lang=en&contentorigin=espn
2650,Jamie Henderson,,NFL_id,2650,fetch_failed: RuntimeError: fetch_failed after 3 attempts: 404 Client Error: Not Found for url: https://site.web.api.espn.com/apis/common/v3/sports/football/college-football/athletes/2650/stats?region=us&lang=en&contentorigin=espn
2646,Anthony Henry,,NFL_id,2646,fetch_failed: RuntimeError: fetch_failed after 3 attempts: 404 Client Error: Not Found for url: https://site.web.api.espn.com/apis/common/v3/sports/football/college-football/athletes/2646/stats?region=us&lang=en&contentorigin=espn
2606,Travis Henry,,NFL_id,2606,fetch_failed: RuntimeError: fetch_failed after 3 attempts: 404 Client Error: Not Found for url: https://site.web.api.espn.com/apis/common/v3/sports/football/college-football/athletes/2606/stats?region=us&lang=en&contentorigin=espn
2751,Renaldo Hill,,NFL_id,2751,fetch_failed: RuntimeError: fetch_failed after 3 attempts: 404 Client Error: Not Found for url: https://site.web.api.espn.com/apis/common/v3/sports/football/college-football/athletes/2751/stats?region=us&lang=en&contentorigin=espn
2618,Sedrick Hodge,,NFL_id,2618,fetch_failed: RuntimeError: fetch_failed after 3 attempts: 404 Client Error: Not Found for url: https://site.web.api.espn.com/apis/common/v3/sports/football/college-football/athletes/2618/stats?region=us&lang=en&contentorigin=espn
2668,Jabari Holloway,,NFL_id,2668,fetch_failed: RuntimeError: fetch_failed after 3 attempts: 404 Client Error: Not Found for url: https://site.web.api.espn.com/apis/common/v3/sports/football/college-football/athletes/2668/stats?region=us&lang=en&contentorigin=espn
2728,Rashad Holman,,NFL_id,2728,fetch_failed: RuntimeError: fetch_failed after 3 attempts: 404 Client Error: Not Found for url: https://site.web.api.espn.com/apis/common/v3/sports/football/college-football/athletes/2728/stats?region=us&lang=en&contentorigin=espn
2605,Willie Howard,,NFL_id,2605,fetch_failed: RuntimeError: fetch_failed after 3 attempts: 404 Client Error: Not Found for url: https://site.web.api.espn.com/apis/common/v3/sports/football/college-football/athletes/2605/stats?region=us&lang=en&contentorigin=espn
2666,John Howell,,NFL_id,2666,fetch_failed: RuntimeError: fetch_failed after 3 attempts: 404 Client Error: Not Found for url: https://site.web.api.espn.com/apis/common/v3/sports/football/college-football/athletes/2666/stats?region=us&lang=en&contentorigin=espn
2653,Orlando Huff,,NFL_id,2653,fetch_failed: RuntimeError: fetch_failed after 3 attempts: 404 Client Error: Not Found for url: https://site.web.api.espn.com/apis/common/v3/sports/football/college-football/athletes/2653/stats?region=us&lang=en&contentorigin=espn
2565,Steve Hutchinson,,NFL_id,2565,fetch_failed: RuntimeError: fetch_failed after 3 attempts: 404 Client Error: Not Found for url: https://site.web.api.espn.com/apis/common/v3/sports/football/college-football/athletes/2565/stats?region=us&lang=en&contentorigin=espn
2613,James Jackson,,NFL_id,2613,fetch_failed: RuntimeError: fetch_failed after 3 attempts: 404 Client Error: Not Found for url: https://site.web.api.espn.com/apis/common/v3/sports/football/college-football/athletes/2613/stats?region=us&lang=en&contentorigin=espn
2680,Cedric James,,NFL_id,2680,fetch_failed: RuntimeError: fetch_failed after 3 attempts: 404 Client Error: Not Found for url: https://site.web.api.espn.com/apis/common/v3/sports/football/college-football/athletes/2680/stats?region=us&lang=en&contentorigin=espn
2714,Michael Jameson,,NFL_id,2714,fetch_failed: RuntimeError: fetch_failed after 3 attempts: 404 Client Error: Not Found for url: https://site.web.api.espn.com/apis/common/v3/sports/football/college-football/athletes/2714/stats?region=us&lang=en&contentorigin=espn
2592,Kris Jenkins,,NFL_id,2592,fetch_failed: RuntimeError: fetch_failed after 3 attempts: 404 Client Error: Not Found for url: https://site.web.api.espn.com/apis/common/v3/sports/football/college-football/athletes/2592/stats?region=us&lang=en&contentorigin=espn
2644,Jonas Jennings,,NFL_id,2644,fetch_failed: RuntimeError: fetch_failed after 3 attempts: 404 Client Error: Not Found for url: https://site.web.api.espn.com/apis/common/v3/sports/football/college-football/athletes/2644/stats?region=us&lang=en&contentorigin=espn
2584,Chad Johnson,,NFL_id,2584,fetch_failed: RuntimeError: fetch_failed after 3 attempts: 404 Client Error: Not Found for url: https://site.web.api.espn.com/apis/common/v3/sports/football/college-football/athletes/2584/stats?region=us&lang=en&contentorigin=espn
2649,Rudi Johnson,,NFL_id,2649,fetch_failed: RuntimeError: fetch_failed after 3 attempts: 404 Client Error: Not Found for url: https://site.web.api.espn.com/apis/common/v3/sports/football/college-football/athletes/2649/stats?region=us&lang=en&contentorigin=espn
2597,Lamont Jordan,,NFL_id,2597,fetch_failed: RuntimeError: fetch_failed after 3 attempts: 404 Client Error: Not Found for url: https://site.web.api.espn.com/apis/common/v3/sports/football/college-football/athletes/2597/stats?region=us&lang=en&contentorigin=espn
2619,Bhawoh Jue,,NFL_id,2619,fetch_failed: RuntimeError: fetch_failed after 3 attempts: 404 Client Error: Not Found for url: https://site.web.api.espn.com/apis/common/v3/sports/football/college-football/athletes/2619/stats?region=us&lang=en&contentorigin=espn
2739,Kevin Kasper,,NFL_id,2739,fetch_failed: RuntimeError: fetch_failed after 3 attempts: 404 Client Error: Not Found for url: https://site.web.api.espn.com/apis/common/v3/sports/football/college-football/athletes/2739/stats?region=us&lang=en&contentorigin=espn
2617,Eric Kelly,,NFL_id,2617,fetch_failed: RuntimeError: fetch_failed after 3 attempts: 404 Client Error: Not Found for url: https://site.web.api.espn.com/apis/common/v3/sports/football/college-football/athletes/2617/stats?region=us&lang=en&contentorigin=espn
2794,Andre King,,NFL_id,2794,fetch_failed: RuntimeError: fetch_failed after 3 attempts: 404 Client Error: Not Found for url: https://site.web.api.espn.com/apis/common/v3/sports/football/college-football/athletes/2794/stats?region=us&lang=en&contentorigin=espn
2779,Ross Kolodziej,,NFL_id,2779,fetch_failed: RuntimeError: fetch_failed after 3 attempts: 404 Client Error: Not Found for url: https://site.web.api.espn.com/apis/common/v3/sports/football/college-football/athletes/2779/stats?region=us&lang=en&contentorigin=espn
2657,George Layne,,NFL_id,2657,fetch_failed: RuntimeError: fetch_failed after 3 attempts: 404 Client Error: Not Found for url: https://site.web.api.espn.com/apis/common/v3/sports/football/college-football/athletes/2657/stats?region=us&lang=en&contentorigin=espn
2686,Matt Lehr,,NFL_id,2686,fetch_failed: RuntimeError: fetch_failed after 3 attempts: 404 Client Error: Not Found for url: https://site.web.api.espn.com/apis/common/v3/sports/football/college-football/athletes/2686/stats?region=us&lang=en&contentorigin=espn
2560,Damione Lewis,,NFL_id,2560,fetch_failed: RuntimeError: fetch_failed after 3 attempts: 404 Client Error: Not Found for url: https://site.web.api.espn.com/apis/common/v3/sports/football/college-football/athletes/2560/stats?region=us&lang=en&contentorigin=espn
2596,Matt Light,,NFL_id,2596,fetch_failed: RuntimeError: fetch_failed after 3 attempts: 404 Client Error: Not Found for url: https://site.web.api.espn.com/apis/common/v3/sports/football/college-football/athletes/2596/stats?region=us&lang=en&contentorigin=espn
2588,Ken Lucas,,NFL_id,2588,fetch_failed: RuntimeError: fetch_failed after 3 attempts: 404 Client Error: Not Found for url: https://site.web.api.espn.com/apis/common/v3/sports/football/college-football/athletes/2588/stats?region=us&lang=en&contentorigin=espn
2678,Brandon Manumaleuna,,NFL_id,2678,fetch_failed: RuntimeError: fetch_failed after 3 attempts: 404 Client Error: Not Found for url: https://site.web.api.espn.com/apis/common/v3/sports/football/college-football/athletes/2678/stats?region=us&lang=en&contentorigin=espn
2620,Torrance Marshall,,NFL_id,2620,fetch_failed: RuntimeError: fetch_failed after 3 attempts: 404 Client Error: Not Found for url: https://site.web.api.espn.com/apis/common/v3/sports/football/college-football/athletes/2620/stats?region=us&lang=en&contentorigin=espn
2747,David Martin,,NFL_id,2747,fetch_failed: RuntimeError: fetch_failed after 3 attempts: 404 Client Error: Not Found for url: https://site.web.api.espn.com/apis/common/v3/sports/football/college-football/athletes/2747/stats?region=us&lang=en&contentorigin=espn
2571,Deuce McAllister,,NFL_id,2571,fetch_failed: RuntimeError: fetch_failed after 3 attempts: 404 Client Error: Not Found for url: https://site.web.api.espn.com/apis/common/v3/sports/football/college-football/athletes/2571/stats?region=us&lang=en&contentorigin=espn
2673,Justin McCareins,,NFL_id,2673,fetch_failed: RuntimeError: fetch_failed after 3 attempts: 404 Client Error: Not Found for url: https://site.web.api.espn.com/apis/common/v3/sports/football/college-football/athletes/2673/stats?region=us&lang=en&contentorigin=espn
2785,Quentin McCord,,NFL_id,2785,fetch_failed: RuntimeError: fetch_failed after 3 attempts: 404 Client Error: Not Found for url: https://site.web.api.espn.com/apis/common/v3/sports/football/college-football/athletes/2785/stats?region=us&lang=en&contentorigin=espn
2782,Marlon McCree,,NFL_id,2782,fetch_failed: RuntimeError: fetch_failed after 3 attempts: 404 Client Error: Not Found for url: https://site.web.api.espn.com/apis/common/v3/sports/football/college-football/athletes/2782/stats?region=us&lang=en&contentorigin=espn
2627,Kareem McKenzie,,NFL_id,2627,fetch_failed: RuntimeError: fetch_failed after 3 attempts: 404 Client Error: Not Found for url: https://site.web.api.espn.com/apis/common/v3/sports/football/college-football/athletes/2627/stats?region=us&lang=en&contentorigin=espn
2698,Mike McMahon,,NFL_id,2698,fetch_failed: RuntimeError: fetch_failed after 3 attempts: 404 Client Error: Not Found for url: https://site.web.api.espn.com/apis/common/v3/sports/football/college-football/athletes/2698/stats?region=us&lang=en&contentorigin=espn
2639,Shad Meier,,NFL_id,2639,fetch_failed: RuntimeError: fetch_failed after 3 attempts: 404 Client Error: Not Found for url: https://site.web.api.espn.com/apis/common/v3/sports/football/college-football/athletes/2639/stats?region=us&lang=en&contentorigin=espn
2572,Willie Middlebrooks,,NFL_id,2572,fetch_failed: RuntimeError: fetch_failed after 3 attempts: 404 Client Error: Not Found for url: https://site.web.api.espn.com/apis/common/v3/sports/football/college-football/athletes/2572/stats?region=us&lang=en&contentorigin=espn
2625,Snoop Minnis,,NFL_id,2625,fetch_failed: RuntimeError: fetch_failed after 3 attempts: 404 Client Error: Not Found for url: https://site.web.api.espn.com/apis/common/v3/sports/football/college-football/athletes/2625/stats?region=us&lang=en&contentorigin=espn
2633,Travis Minor,,NFL_id,2633,fetch_failed: RuntimeError: fetch_failed after 3 attempts: 404 Client Error: Not Found for url: https://site.web.api.espn.com/apis/common/v3/sports/football/college-football/athletes/2633/stats?region=us&lang=en&contentorigin=espn
2573,Freddie Mitchell,,NFL_id,2573,fetch_failed: RuntimeError: fetch_failed after 3 attempts: 404 Client Error: Not Found for url: https://site.web.api.espn.com/apis/common/v3/sports/football/college-football/athletes/2573/stats?region=us&lang=en&contentorigin=espn
2735,Mario Monds,,NFL_id,2735,fetch_failed: RuntimeError: fetch_failed after 3 attempts: 404 Client Error: Not Found for url: https://site.web.api.espn.com/apis/common/v3/sports/football/college-football/athletes/2735/stats?region=us&lang=en&contentorigin=espn
2688,Zeke Moreno,,NFL_id,2688,fetch_failed: RuntimeError: fetch_failed after 3 attempts: 404 Client Error: Not Found for url: https://site.web.api.espn.com/apis/common/v3/sports/football/college-football/athletes/2688/stats?region=us&lang=en&contentorigin=espn
2559,Dan Morgan,,NFL_id,2559,fetch_failed: RuntimeError: fetch_failed after 3 attempts: 404 Client Error: Not Found for url: https://site.web.api.espn.com/apis/common/v3/sports/football/college-football/athletes/2559/stats?region=us&lang=en&contentorigin=espn
2581,Quincy Morgan,,NFL_id,2581,fetch_failed: RuntimeError: fetch_failed after 3 attempts: 404 Client Error: Not Found for url: https://site.web.api.espn.com/apis/common/v3/sports/football/college-football/athletes/2581/stats?region=us&lang=en&contentorigin=espn
2564,Santana Moss,,NFL_id,2564,fetch_failed: RuntimeError: fetch_failed after 3 attempts: 404 Client Error: Not Found for url: https://site.web.api.espn.com/apis/common/v3/sports/football/college-football/athletes/2564/stats?region=us&lang=en&contentorigin=espn
2749,Leonard Myers,,NFL_id,2749,fetch_failed: RuntimeError: fetch_failed after 3 attempts: 404 Client Error: Not Found for url: https://site.web.api.espn.com/apis/common/v3/sports/football/college-football/athletes/2749/stats?region=us&lang=en&contentorigin=espn
2664,Moran Norris,,NFL_id,2664,fetch_failed: RuntimeError: fetch_failed after 3 attempts: 404 Client Error: Not Found for url: https://site.web.api.espn.com/apis/common/v3/sports/football/college-football/athletes/2664/stats?region=us&lang=en&contentorigin=espn
2744,Dan O'Leary,,NFL_id,2744,fetch_failed: RuntimeError: fetch_failed after 3 attempts: 404 Client Error: Not Found for url: https://site.web.api.espn.com/apis/common/v3/sports/football/college-football/athletes/2744/stats?region=us&lang=en&contentorigin=espn
2674,Jesse Palmer,,NFL_id,2674,fetch_failed: RuntimeError: fetch_failed after 3 attempts: 404 Client Error: Not Found for url: https://site.web.api.espn.com/apis/common/v3/sports/football/college-football/athletes/2674/stats?region=us&lang=en&contentorigin=espn
2766,Tupe Peko,,NFL_id,2766,fetch_failed: RuntimeError: fetch_failed after 3 attempts: 404 Client Error: Not Found for url: https://site.web.api.espn.com/apis/common/v3/sports/football/college-football/athletes/2766/stats?region=us&lang=en&contentorigin=espn
2577,Ryan Pickett,,NFL_id,2577,fetch_failed: RuntimeError: fetch_failed after 3 attempts: 404 Client Error: Not Found for url: https://site.web.api.espn.com/apis/common/v3/sports/football/college-football/athletes/2577/stats?region=us&lang=en&contentorigin=espn
2765,Owen Pochman,,NFL_id,2765,fetch_failed: RuntimeError: fetch_failed after 3 attempts: 404 Client Error: Not Found for url: https://site.web.api.espn.com/apis/common/v3/sports/football/college-football/athletes/2765/stats?region=us&lang=en&contentorigin=espn
2661,Carlos Polk,,NFL_id,2661,fetch_failed: RuntimeError: fetch_failed after 3 attempts: 404 Client Error: Not Found for url: https://site.web.api.espn.com/apis/common/v3/sports/football/college-football/athletes/2661/stats?region=us&lang=en&contentorigin=espn
2590,Tommy Polley,,NFL_id,2590,fetch_failed: RuntimeError: fetch_failed after 3 attempts: 404 Client Error: Not Found for url: https://site.web.api.espn.com/apis/common/v3/sports/football/college-football/athletes/2590/stats?region=us&lang=en&contentorigin=espn
2641,Casey Rabach,,NFL_id,2641,fetch_failed: RuntimeError: fetch_failed after 3 attempts: 404 Client Error: Not Found for url: https://site.web.api.espn.com/apis/common/v3/sports/football/college-football/athletes/2641/stats?region=us&lang=en&contentorigin=espn
2598,Dominic Raiola,,NFL_id,2598,fetch_failed: RuntimeError: fetch_failed after 3 attempts: 404 Client Error: Not Found for url: https://site.web.api.espn.com/apis/common/v3/sports/football/college-football/athletes/2598/stats?region=us&lang=en&contentorigin=espn
2778,Ken-Yon Rambo,,NFL_id,2778,fetch_failed: RuntimeError: fetch_failed after 3 attempts: 404 Client Error: Not Found for url: https://site.web.api.espn.com/apis/common/v3/sports/football/college-football/athletes/2778/stats?region=us&lang=en&contentorigin=espn
2558,Jamal Reynolds,,NFL_id,2558,fetch_failed: RuntimeError: fetch_failed after 3 attempts: 404 Client Error: Not Found for url: https://site.web.api.espn.com/apis/common/v3/sports/football/college-football/athletes/2558/stats?region=us&lang=en&contentorigin=espn
2652,Karon Riley,,NFL_id,2652,fetch_failed: RuntimeError: fetch_failed after 3 attempts: 404 Client Error: Not Found for url: https://site.web.api.espn.com/apis/common/v3/sports/football/college-football/athletes/2652/stats?region=us&lang=en&contentorigin=espn
2776,Mike Roberg,,NFL_id,2776,fetch_failed: RuntimeError: fetch_failed after 3 attempts: 404 Client Error: Not Found for url: https://site.web.api.espn.com/apis/common/v3/sports/football/college-football/athletes/2776/stats?region=us&lang=en&contentorigin=espn
2557,Koren Robinson,,NFL_id,2557,fetch_failed: RuntimeError: fetch_failed after 3 attempts: 404 Client Error: Not Found for url: https://site.web.api.espn.com/apis/common/v3/sports/football/college-football/athletes/2557/stats?region=us&lang=en&contentorigin=espn
2609,Shaun Rogers,,NFL_id,2609,fetch_failed: RuntimeError: fetch_failed after 3 attempts: 404 Client Error: Not Found for url: https://site.web.api.espn.com/apis/common/v3/sports/football/college-football/athletes/2609/stats?region=us&lang=en&contentorigin=espn
2658,Sage Rosenfels,,NFL_id,2658,fetch_failed: RuntimeError: fetch_failed after 3 attempts: 404 Client Error: Not Found for url: https://site.web.api.espn.com/apis/common/v3/sports/football/college-football/athletes/2658/stats?region=us&lang=en&contentorigin=espn
2594,Aaron Schobel,,NFL_id,2594,fetch_failed: RuntimeError: fetch_failed after 3 attempts: 404 Client Error: Not Found for url: https://site.web.api.espn.com/apis/common/v3/sports/football/college-football/athletes/2594/stats?region=us&lang=en&contentorigin=espn
2738,Carey Scott,,NFL_id,2738,fetch_failed: RuntimeError: fetch_failed after 3 attempts: 404 Client Error: Not Found for url: https://site.web.api.espn.com/apis/common/v3/sports/football/college-football/athletes/2738/stats?region=us&lang=en&contentorigin=espn
2663,Cedric Scott,,NFL_id,2663,fetch_failed: RuntimeError: fetch_failed after 3 attempts: 404 Client Error: Not Found for url: https://site.web.api.espn.com/apis/common/v3/sports/football/college-football/athletes/2663/stats?region=us&lang=en&contentorigin=espn
2554,Richard Seymour,,NFL_id,2554,fetch_failed: RuntimeError: fetch_failed after 3 attempts: 404 Client Error: Not Found for url: https://site.web.api.espn.com/apis/common/v3/sports/football/college-football/athletes/2554/stats?region=us&lang=en&contentorigin=espn
2632,Dwight Smith,,NFL_id,2632,fetch_failed: RuntimeError: fetch_failed after 3 attempts: 404 Client Error: Not Found for url: https://site.web.api.espn.com/apis/common/v3/sports/football/college-football/athletes/2632/stats?region=us&lang=en&contentorigin=espn
2552,Justin Smith,,NFL_id,2552,fetch_failed: RuntimeError: fetch_failed after 3 attempts: 404 Client Error: Not Found for url: https://site.web.api.espn.com/apis/common/v3/sports/football/college-football/athletes/2552/stats?region=us&lang=en&contentorigin=espn
10416,Kenny Smith,,NFL_id,10416,fetch_failed: RuntimeError: fetch_failed after 3 attempts: 404 Client Error: Not Found for url: https://site.web.api.espn.com/apis/common/v3/sports/football/college-football/athletes/10416/stats?region=us&lang=en&contentorigin=espn
2622,Steve Smith,,NFL_id,2622,fetch_failed: RuntimeError: fetch_failed after 3 attempts: 404 Client Error: Not Found for url: https://site.web.api.espn.com/apis/common/v3/sports/football/college-football/athletes/2622/stats?region=us&lang=en&contentorigin=espn
2593,Fred Smoot,,NFL_id,2593,fetch_failed: RuntimeError: fetch_failed after 3 attempts: 404 Client Error: Not Found for url: https://site.web.api.espn.com/apis/common/v3/sports/football/college-football/athletes/2593/stats?region=us&lang=en&contentorigin=espn
2659,Brandon Spoon,,NFL_id,2659,fetch_failed: RuntimeError: fetch_failed after 3 attempts: 404 Client Error: Not Found for url: https://site.web.api.espn.com/apis/common/v3/sports/football/college-football/athletes/2659/stats?region=us&lang=en&contentorigin=espn
2671,Markus Steele,,NFL_id,2671,fetch_failed: RuntimeError: fetch_failed after 3 attempts: 404 Client Error: Not Found for url: https://site.web.api.espn.com/apis/common/v3/sports/football/college-football/athletes/2671/stats?region=us&lang=en&contentorigin=espn
2720,Daleroy Stewart,,NFL_id,2720,fetch_failed: RuntimeError: fetch_failed after 3 attempts: 404 Client Error: Not Found for url: https://site.web.api.espn.com/apis/common/v3/sports/football/college-football/athletes/2720/stats?region=us&lang=en&contentorigin=espn
2696,Tony Stewart,,NFL_id,2696,fetch_failed: RuntimeError: fetch_failed after 3 attempts: 404 Client Error: Not Found for url: https://site.web.api.espn.com/apis/common/v3/sports/football/college-football/athletes/2696/stats?region=us&lang=en&contentorigin=espn
2602,Michael Stone,,NFL_id,2602,fetch_failed: RuntimeError: fetch_failed after 3 attempts: 404 Client Error: Not Found for url: https://site.web.api.espn.com/apis/common/v3/sports/football/college-football/athletes/2602/stats?region=us&lang=en&contentorigin=espn
2561,Marcus Stroud,,NFL_id,2561,fetch_failed: RuntimeError: fetch_failed after 3 attempts: 404 Client Error: Not Found for url: https://site.web.api.espn.com/apis/common/v3/sports/football/college-football/athletes/2561/stats?region=us&lang=en&contentorigin=espn
2693,Marques Sullivan,,NFL_id,2693,fetch_failed: RuntimeError: fetch_failed after 3 attempts: 404 Client Error: Not Found for url: https://site.web.api.espn.com/apis/common/v3/sports/football/college-football/athletes/2693/stats?region=us&lang=en&contentorigin=espn
2685,Vinny Sutherland,,NFL_id,2685,fetch_failed: RuntimeError: fetch_failed after 3 attempts: 404 Client Error: Not Found for url: https://site.web.api.espn.com/apis/common/v3/sports/football/college-football/athletes/2685/stats?region=us&lang=en&contentorigin=espn
2783,Joe Tafoya,,NFL_id,2783,fetch_failed: RuntimeError: fetch_failed after 3 attempts: 404 Client Error: Not Found for url: https://site.web.api.espn.com/apis/common/v3/sports/football/college-football/athletes/2783/stats?region=us&lang=en&contentorigin=espn
2556,David Terrell,,NFL_id,2556,fetch_failed: RuntimeError: fetch_failed after 3 attempts: 404 Client Error: Not Found for url: https://site.web.api.espn.com/apis/common/v3/sports/football/college-football/athletes/2556/stats?region=us&lang=en&contentorigin=espn
2586,Anthony Thomas,,NFL_id,2586,fetch_failed: RuntimeError: fetch_failed after 3 attempts: 404 Client Error: Not Found for url: https://site.web.api.espn.com/apis/common/v3/sports/football/college-football/athletes/2586/stats?region=us&lang=en&contentorigin=espn
2553,LaDainian Tomlinson,,NFL_id,2553,fetch_failed: RuntimeError: fetch_failed after 3 attempts: 404 Client Error: Not Found for url: https://site.web.api.espn.com/apis/common/v3/sports/football/college-football/athletes/2553/stats?region=us&lang=en&contentorigin=espn
2607,Marques Tuiasosopo,,NFL_id,2607,fetch_failed: RuntimeError: fetch_failed after 3 attempts: 404 Client Error: Not Found for url: https://site.web.api.espn.com/apis/common/v3/sports/football/college-football/athletes/2607/stats?region=us&lang=en&contentorigin=espn
2788,T.J. Turner,,NFL_id,2788,fetch_failed: RuntimeError: fetch_failed after 3 attempts: 404 Client Error: Not Found for url: https://site.web.api.espn.com/apis/common/v3/sports/football/college-football/athletes/2788/stats?region=us&lang=en&contentorigin=espn
2562,Kenyatta Walker,,NFL_id,2562,fetch_failed: RuntimeError: fetch_failed after 3 attempts: 404 Client Error: Not Found for url: https://site.web.api.espn.com/apis/common/v3/sports/football/college-football/athletes/2562/stats?region=us&lang=en&contentorigin=espn
2701,Raymond Walls,,NFL_id,2701,fetch_failed: RuntimeError: fetch_failed after 3 attempts: 404 Client Error: Not Found for url: https://site.web.api.espn.com/apis/common/v3/sports/football/college-football/athletes/2701/stats?region=us&lang=en&contentorigin=espn
2551,Gerard Warren,,NFL_id,2551,fetch_failed: RuntimeError: fetch_failed after 3 attempts: 404 Client Error: Not Found for url: https://site.web.api.espn.com/apis/common/v3/sports/football/college-football/athletes/2551/stats?region=us&lang=en&contentorigin=espn
2578,Reggie Wayne,,NFL_id,2578,fetch_failed: RuntimeError: fetch_failed after 3 attempts: 404 Client Error: Not Found for url: https://site.web.api.espn.com/apis/common/v3/sports/football/college-football/athletes/2578/stats?region=us&lang=en&contentorigin=espn
2655,Chris Weinke,,NFL_id,2655,fetch_failed: RuntimeError: fetch_failed after 3 attempts: 404 Client Error: Not Found for url: https://site.web.api.espn.com/apis/common/v3/sports/football/college-football/athletes/2655/stats?region=us&lang=en&contentorigin=espn
2621,Eric Westmoreland,,NFL_id,2621,fetch_failed: RuntimeError: fetch_failed after 3 attempts: 404 Client Error: Not Found for url: https://site.web.api.espn.com/apis/common/v3/sports/football/college-football/athletes/2621/stats?region=us&lang=en&contentorigin=espn
2634,Brock Williams,,NFL_id,2634,fetch_failed: RuntimeError: fetch_failed after 3 attempts: 404 Client Error: Not Found for url: https://site.web.api.espn.com/apis/common/v3/sports/football/college-football/athletes/2634/stats?region=us&lang=en&contentorigin=espn
2745,Jimmy Williams,,NFL_id,2745,fetch_failed: RuntimeError: fetch_failed after 3 attempts: 404 Client Error: Not Found for url: https://site.web.api.espn.com/apis/common/v3/sports/football/college-football/athletes/2745/stats?region=us&lang=en&contentorigin=espn
2591,Maurice Williams,,NFL_id,2591,fetch_failed: RuntimeError: fetch_failed after 3 attempts: 404 Client Error: Not Found for url: https://site.web.api.espn.com/apis/common/v3/sports/football/college-football/athletes/2591/stats?region=us&lang=en&contentorigin=espn
2718,Cedrick Wilson,,NFL_id,2718,fetch_failed: RuntimeError: fetch_failed after 3 attempts: 404 Client Error: Not Found for url: https://site.web.api.espn.com/apis/common/v3/sports/football/college-football/athletes/2718/stats?region=us&lang=en&contentorigin=espn
2595,Jamie Winborn,,NFL_id,2595,fetch_failed: RuntimeError: fetch_failed after 3 attempts: 404 Client Error: Not Found for url: https://site.web.api.espn.com/apis/common/v3/sports/football/college-football/athletes/2595/stats?region=us&lang=en&contentorigin=espn
2679,Shawn Worthen,,NFL_id,2679,fetch_failed: RuntimeError: fetch_failed after 3 attempts: 404 Client Error: Not Found for url: https://site.web.api.espn.com/apis/common/v3/sports/football/college-football/athletes/2679/stats?region=us&lang=en&contentorigin=espn
2732,Ellis Wyms,,NFL_id,2732,fetch_failed: RuntimeError: fetch_failed after 3 attempts: 404 Client Error: Not Found for url: https://site.web.api.espn.com/apis/common/v3/sports/football/college-football/athletes/2732/stats?region=us&lang=en&contentorigin=espn
2752,Paul Zukauskas,,NFL_id,2752,fetch_failed: RuntimeError: fetch_failed after 3 attempts: 404 Client Error: Not Found for url: https://site.web.api.espn.com/apis/common/v3/sports/football/college-football/athletes/2752/stats?region=us&lang=en&contentorigin=espn
3781,Brian Allen,,NFL_id,3781,fetch_failed: RuntimeError: fetch_failed after 3 attempts: 404 Client Error: Not Found for url: https://site.web.api.espn.com/apis/common/v3/sports/football/college-football/athletes/3781/stats?region=us&lang=en&contentorigin=espn
3610,James Allen,,NFL_id,3610,fetch_failed: RuntimeError: fetch_failed after 3 attempts: 404 Client Error: Not Found for url: https://site.web.api.espn.com/apis/common/v3/sports/football/college-football/athletes/3610/stats?region=us&lang=en&contentorigin=espn
3620,Marques Anderson,,NFL_id,3620,fetch_failed: RuntimeError: fetch_failed after 3 attempts: 404 Client Error: Not Found for url: https://site.web.api.espn.com/apis/common/v3/sports/football/college-football/athletes/3620/stats?region=us&lang=en&contentorigin=espn
3617,Akin Ayodele,,NFL_id,3617,fetch_failed: RuntimeError: fetch_failed after 3 attempts: 404 Client Error: Not Found for url: https://site.web.api.espn.com/apis/common/v3/sports/football/college-football/athletes/3617/stats?region=us&lang=en&contentorigin=espn
3616,Chris Baker,,NFL_id,3616,fetch_failed: RuntimeError: fetch_failed after 3 attempts: 404 Client Error: Not Found for url: https://site.web.api.espn.com/apis/common/v3/sports/football/college-football/athletes/3616/stats?region=us&lang=en&contentorigin=espn
3718,Mike Banks,,NFL_id,3718,fetch_failed: RuntimeError: fetch_failed after 3 attempts: 404 Client Error: Not Found for url: https://site.web.api.espn.com/apis/common/v3/sports/football/college-football/athletes/3718/stats?region=us&lang=en&contentorigin=espn
3667,Justin Bannan,,NFL_id,3667,fetch_failed: RuntimeError: fetch_failed after 3 attempts: 404 Client Error: Not Found for url: https://site.web.api.espn.com/apis/common/v3/sports/football/college-football/athletes/3667/stats?region=us&lang=en&contentorigin=espn
3607,Rashad Bauman,,NFL_id,3607,fetch_failed: RuntimeError: fetch_failed after 3 attempts: 404 Client Error: Not Found for url: https://site.web.api.espn.com/apis/common/v3/sports/football/college-football/athletes/3607/stats?region=us&lang=en&contentorigin=espn
3664,Jarrod Baxter,,NFL_id,3664,fetch_failed: RuntimeError: fetch_failed after 3 attempts: 404 Client Error: Not Found for url: https://site.web.api.espn.com/apis/common/v3/sports/football/college-football/athletes/3664/stats?region=us&lang=en&contentorigin=espn
3629,Kevin Bentley,,NFL_id,3629,fetch_failed: RuntimeError: fetch_failed after 3 attempts: 404 Client Error: Not Found for url: https://site.web.api.espn.com/apis/common/v3/sports/football/college-football/athletes/3629/stats?region=us&lang=en&contentorigin=espn
3572,LeCharles Bentley,,NFL_id,3572,fetch_failed: RuntimeError: fetch_failed after 3 attempts: 404 Client Error: Not Found for url: https://site.web.api.espn.com/apis/common/v3/sports/football/college-football/athletes/3572/stats?region=us&lang=en&contentorigin=espn
3674,Rocky Bernard,,NFL_id,3674,fetch_failed: RuntimeError: fetch_failed after 3 attempts: 404 Client Error: Not Found for url: https://site.web.api.espn.com/apis/common/v3/sports/football/college-football/athletes/3674/stats?region=us&lang=en&contentorigin=espn
3584,Ladell Betts,,NFL_id,3584,fetch_failed: RuntimeError: fetch_failed after 3 attempts: 404 Client Error: Not Found for url: https://site.web.api.espn.com/apis/common/v3/sports/football/college-football/athletes/3584/stats?region=us&lang=en&contentorigin=espn
3648,Terreal Bierria,,NFL_id,3648,fetch_failed: RuntimeError: fetch_failed after 3 attempts: 404 Client Error: Not Found for url: https://site.web.api.espn.com/apis/common/v3/sports/football/college-football/athletes/3648/stats?region=us&lang=en&contentorigin=espn
3661,Rocky Boiman,,NFL_id,3661,fetch_failed: RuntimeError: fetch_failed after 3 attempts: 404 Client Error: Not Found for url: https://site.web.api.espn.com/apis/common/v3/sports/football/college-football/athletes/3661/stats?region=us&lang=en&contentorigin=espn
3593,Deion Branch,,NFL_id,3593,fetch_failed: RuntimeError: fetch_failed after 3 attempts: 404 Client Error: Not Found for url: https://site.web.api.espn.com/apis/common/v3/sports/football/college-football/athletes/3593/stats?region=us&lang=en&contentorigin=espn
3659,Sam Brandon,,NFL_id,3659,fetch_failed: RuntimeError: fetch_failed after 3 attempts: 404 Client Error: Not Found for url: https://site.web.api.espn.com/apis/common/v3/sports/football/college-football/athletes/3659/stats?region=us&lang=en&contentorigin=espn
3738,Raheem Brock,,NFL_id,3738,fetch_failed: RuntimeError: fetch_failed after 3 attempts: 404 Client Error: Not Found for url: https://site.web.api.espn.com/apis/common/v3/sports/football/college-football/athletes/3738/stats?region=us&lang=en&contentorigin=espn
3632,Alex Brown,,NFL_id,3632,fetch_failed: RuntimeError: fetch_failed after 3 attempts: 404 Client Error: Not Found for url: https://site.web.api.espn.com/apis/common/v3/sports/football/college-football/athletes/3632/stats?region=us&lang=en&contentorigin=espn
3587,Sheldon Brown,,NFL_id,3587,fetch_failed: RuntimeError: fetch_failed after 3 attempts: 404 Client Error: Not Found for url: https://site.web.api.espn.com/apis/common/v3/sports/football/college-football/athletes/3587/stats?region=us&lang=en&contentorigin=espn
3591,Antonio Bryant,,NFL_id,3591,fetch_failed: RuntimeError: fetch_failed after 3 attempts: 404 Client Error: Not Found for url: https://site.web.api.espn.com/apis/common/v3/sports/football/college-football/athletes/3591/stats?region=us&lang=en&contentorigin=espn
3540,Wendell Bryant,,NFL_id,3540,fetch_failed: RuntimeError: fetch_failed after 3 attempts: 404 Client Error: Not Found for url: https://site.web.api.espn.com/apis/common/v3/sports/football/college-football/athletes/3540/stats?region=us&lang=en&contentorigin=espn
3545,Phillip Buchanon,,NFL_id,3545,fetch_failed: RuntimeError: fetch_failed after 3 attempts: 404 Client Error: Not Found for url: https://site.web.api.espn.com/apis/common/v3/sports/football/college-football/athletes/3545/stats?region=us&lang=en&contentorigin=espn
3696,Courtland Bullard,,NFL_id,3696,fetch_failed: RuntimeError: fetch_failed after 3 attempts: 404 Client Error: Not Found for url: https://site.web.api.espn.com/apis/common/v3/sports/football/college-football/athletes/3696/stats?region=us&lang=en&contentorigin=espn
3576,Reche Caldwell,,NFL_id,3576,fetch_failed: RuntimeError: fetch_failed after 3 attempts: 404 Client Error: Not Found for url: https://site.web.api.espn.com/apis/common/v3/sports/football/college-football/athletes/3576/stats?region=us&lang=en&contentorigin=espn
3605,Rocky Calmus,,NFL_id,3605,fetch_failed: RuntimeError: fetch_failed after 3 attempts: 404 Client Error: Not Found for url: https://site.web.api.espn.com/apis/common/v3/sports/football/college-football/athletes/3605/stats?region=us&lang=en&contentorigin=espn
3529,David Carr,,NFL_id,3529,fetch_failed: RuntimeError: fetch_failed after 3 attempts: 404 Client Error: Not Found for url: https://site.web.api.espn.com/apis/common/v3/sports/football/college-football/athletes/3529/stats?region=us&lang=en&contentorigin=espn
3574,Tim Carter,,NFL_id,3574,fetch_failed: RuntimeError: fetch_failed after 3 attempts: 404 Client Error: Not Found for url: https://site.web.api.espn.com/apis/common/v3/sports/football/college-football/athletes/3574/stats?region=us&lang=en&contentorigin=espn
3761,Rock Cartwright,,NFL_id,3761,fetch_failed: RuntimeError: fetch_failed after 3 attempts: 404 Client Error: Not Found for url: https://site.web.api.espn.com/apis/common/v3/sports/football/college-football/athletes/3761/stats?region=us&lang=en&contentorigin=espn
3700,Chris Cash,,NFL_id,3700,fetch_failed: RuntimeError: fetch_failed after 3 attempts: HTTP 500 (retryable)
3630,Jeff Chandler,,NFL_id,3630,fetch_failed: RuntimeError: fetch_failed after 3 attempts: 404 Client Error: Not Found for url: https://site.web.api.espn.com/apis/common/v3/sports/football/college-football/athletes/3630/stats?region=us&lang=en&contentorigin=espn
3675,Kenyon Coleman,,NFL_id,3675,fetch_failed: RuntimeError: fetch_failed after 3 attempts: 404 Client Error: Not Found for url: https://site.web.api.espn.com/apis/common/v3/sports/football/college-football/athletes/3675/stats?region=us&lang=en&contentorigin=espn
3557,Marc Colombo,,NFL_id,3557,fetch_failed: RuntimeError: fetch_failed after 3 attempts: 404 Client Error: Not Found for url: https://site.web.api.espn.com/apis/common/v3/sports/football/college-football/athletes/3557/stats?region=us&lang=en&contentorigin=espn
3653,Keyuo Craver,,NFL_id,3653,fetch_failed: RuntimeError: fetch_failed after 3 attempts: 404 Client Error: Not Found for url: https://site.web.api.espn.com/apis/common/v3/sports/football/college-football/athletes/3653/stats?region=us&lang=en&contentorigin=espn
3734,Ronald Curry,,NFL_id,3734,fetch_failed: RuntimeError: fetch_failed after 3 attempts: 404 Client Error: Not Found for url: https://site.web.api.espn.com/apis/common/v3/sports/football/college-football/athletes/3734/stats?region=us&lang=en&contentorigin=espn
4532,Kevin Curtis,,NFL_id,4532,fetch_failed: RuntimeError: fetch_failed after 3 attempts: 404 Client Error: Not Found for url: https://site.web.api.espn.com/apis/common/v3/sports/football/college-football/athletes/4532/stats?region=us&lang=en&contentorigin=espn
3663,Najeh Davenport,,NFL_id,3663,fetch_failed: RuntimeError: fetch_failed after 3 attempts: 404 Client Error: Not Found for url: https://site.web.api.espn.com/apis/common/v3/sports/football/college-football/athletes/3663/stats?region=us&lang=en&contentorigin=espn
3645,Rohan Davey,,NFL_id,3645,fetch_failed: RuntimeError: fetch_failed after 3 attempts: 404 Client Error: Not Found for url: https://site.web.api.espn.com/apis/common/v3/sports/football/college-football/athletes/3645/stats?region=us&lang=en&contentorigin=espn
3575,Andre' Davis,,NFL_id,3575,fetch_failed: RuntimeError: fetch_failed after 3 attempts: 404 Client Error: Not Found for url: https://site.web.api.espn.com/apis/common/v3/sports/football/college-football/athletes/3575/stats?region=us&lang=en&contentorigin=espn
3669,Andra Davis,,NFL_id,3669,fetch_failed: RuntimeError: fetch_failed after 3 attempts: 404 Client Error: Not Found for url: https://site.web.api.espn.com/apis/common/v3/sports/football/college-football/athletes/3669/stats?region=us&lang=en&contentorigin=espn
3624,Dorsett Davis,,NFL_id,3624,fetch_failed: RuntimeError: fetch_failed after 3 attempts: 404 Client Error: Not Found for url: https://site.web.api.espn.com/apis/common/v3/sports/football/college-football/athletes/3624/stats?region=us&lang=en&contentorigin=espn
3589,Ryan Denney,,NFL_id,3589,fetch_failed: RuntimeError: fetch_failed after 3 attempts: 404 Client Error: Not Found for url: https://site.web.api.espn.com/apis/common/v3/sports/football/college-football/athletes/3589/stats?region=us&lang=en&contentorigin=espn
3637,Travis Dorsch,,NFL_id,3637,fetch_failed: RuntimeError: fetch_failed after 3 attempts: 404 Client Error: Not Found for url: https://site.web.api.espn.com/apis/common/v3/sports/football/college-football/athletes/3637/stats?region=us&lang=en&contentorigin=espn
3546,T.J. Duckett,,NFL_id,3546,fetch_failed: RuntimeError: fetch_failed after 3 attempts: 404 Client Error: Not Found for url: https://site.web.api.espn.com/apis/common/v3/sports/football/college-football/athletes/3546/stats?region=us&lang=en&contentorigin=espn
3635,Omar Easy,,NFL_id,3635,fetch_failed: RuntimeError: fetch_failed after 3 attempts: 404 Client Error: Not Found for url: https://site.web.api.espn.com/apis/common/v3/sports/football/college-football/athletes/3635/stats?region=us&lang=en&contentorigin=espn
3638,Mike Echols,,NFL_id,3638,fetch_failed: RuntimeError: fetch_failed after 3 attempts: 404 Client Error: Not Found for url: https://site.web.api.espn.com/apis/common/v3/sports/football/college-football/athletes/3638/stats?region=us&lang=en&contentorigin=espn
3563,Kalimba Edwards,,NFL_id,3563,fetch_failed: RuntimeError: fetch_failed after 3 attempts: 404 Client Error: Not Found for url: https://site.web.api.espn.com/apis/common/v3/sports/football/college-football/athletes/3563/stats?region=us&lang=en&contentorigin=espn
3590,Antwaan Randle El,,NFL_id,3590,fetch_failed: RuntimeError: fetch_failed after 3 attempts: 404 Client Error: Not Found for url: https://site.web.api.espn.com/apis/common/v3/sports/football/college-football/athletes/3590/stats?region=us&lang=en&contentorigin=espn
3750,Hayden Epstein,,NFL_id,3750,fetch_failed: RuntimeError: fetch_failed after 3 attempts: 404 Client Error: Not Found for url: https://site.web.api.espn.com/apis/common/v3/sports/football/college-football/athletes/3750/stats?region=us&lang=en&contentorigin=espn
3694,Demarcus Faggins,,NFL_id,3694,fetch_failed: RuntimeError: fetch_failed after 3 attempts: 404 Client Error: Not Found for url: https://site.web.api.espn.com/apis/common/v3/sports/football/college-football/athletes/3694/stats?region=us&lang=en&contentorigin=espn
3665,Randy Fasani,,NFL_id,3665,fetch_failed: RuntimeError: fetch_failed after 3 attempts: 404 Client Error: Not Found for url: https://site.web.api.espn.com/apis/common/v3/sports/football/college-football/athletes/3665/stats?region=us&lang=en&contentorigin=espn
3577,Levar Fisher,,NFL_id,3577,fetch_failed: RuntimeError: fetch_failed after 3 attempts: 404 Client Error: Not Found for url: https://site.web.api.espn.com/apis/common/v3/sports/football/college-football/athletes/3577/stats?region=us&lang=en&contentorigin=espn
3656,Larry Foote,,NFL_id,3656,fetch_failed: RuntimeError: fetch_failed after 3 attempts: 404 Client Error: Not Found for url: https://site.web.api.espn.com/apis/common/v3/sports/football/college-football/athletes/3656/stats?region=us&lang=en&contentorigin=espn
3562,DeShaun Foster,,NFL_id,3562,fetch_failed: RuntimeError: fetch_failed after 3 attempts: 404 Client Error: Not Found for url: https://site.web.api.espn.com/apis/common/v3/sports/football/college-football/athletes/3562/stats?region=us&lang=en&contentorigin=espn
3604,Melvin Fowler,,NFL_id,3604,fetch_failed: RuntimeError: fetch_failed after 3 attempts: 404 Client Error: Not Found for url: https://site.web.api.espn.com/apis/common/v3/sports/football/college-football/athletes/3604/stats?region=us&lang=en&contentorigin=espn
3571,Eddie Freeman,,NFL_id,3571,fetch_failed: RuntimeError: fetch_failed after 3 attempts: 404 Client Error: Not Found for url: https://site.web.api.espn.com/apis/common/v3/sports/football/college-football/athletes/3571/stats?region=us&lang=en&contentorigin=espn
3539,Dwight Freeney,,NFL_id,3539,fetch_failed: RuntimeError: fetch_failed after 3 attempts: 404 Client Error: Not Found for url: https://site.web.api.espn.com/apis/common/v3/sports/football/college-football/athletes/3539/stats?region=us&lang=en&contentorigin=espn
3671,Scott Fujita,,NFL_id,3671,fetch_failed: RuntimeError: fetch_failed after 3 attempts: 404 Client Error: Not Found for url: https://site.web.api.espn.com/apis/common/v3/sports/football/college-football/athletes/3671/stats?region=us&lang=en&contentorigin=espn
3561,Jabar Gaffney,,NFL_id,3561,fetch_failed: RuntimeError: fetch_failed after 3 attempts: 404 Client Error: Not Found for url: https://site.web.api.espn.com/apis/common/v3/sports/football/college-football/athletes/3561/stats?region=us&lang=en&contentorigin=espn
3636,David Garrard,,NFL_id,3636,fetch_failed: RuntimeError: fetch_failed after 3 attempts: 404 Client Error: Not Found for url: https://site.web.api.espn.com/apis/common/v3/sports/football/college-football/athletes/3636/stats?region=us&lang=en&contentorigin=espn
3757,David Givens,,NFL_id,3757,fetch_failed: RuntimeError: fetch_failed after 3 attempts: 404 Client Error: Not Found for url: https://site.web.api.espn.com/apis/common/v3/sports/football/college-football/athletes/3757/stats?region=us&lang=en&contentorigin=espn
3682,Jonathan Goodwin,,NFL_id,3682,fetch_failed: RuntimeError: fetch_failed after 3 attempts: 404 Client Error: Not Found for url: https://site.web.api.espn.com/apis/common/v3/sports/football/college-football/athletes/3682/stats?region=us&lang=en&contentorigin=espn
3612,Lamar Gordon,,NFL_id,3612,fetch_failed: RuntimeError: fetch_failed after 3 attempts: 404 Client Error: Not Found for url: https://site.web.api.espn.com/apis/common/v3/sports/football/college-football/athletes/3612/stats?region=us&lang=en&contentorigin=espn
3549,Daniel Graham,,NFL_id,3549,fetch_failed: RuntimeError: fetch_failed after 3 attempts: 404 Client Error: Not Found for url: https://site.web.api.espn.com/apis/common/v3/sports/football/college-football/athletes/3549/stats?region=us&lang=en&contentorigin=espn
3553,Charles Grant,,NFL_id,3553,fetch_failed: RuntimeError: fetch_failed after 3 attempts: 404 Client Error: Not Found for url: https://site.web.api.espn.com/apis/common/v3/sports/football/college-football/athletes/3553/stats?region=us&lang=en&contentorigin=espn
3668,Bobby Gray,,NFL_id,3668,fetch_failed: RuntimeError: fetch_failed after 3 attempts: 404 Client Error: Not Found for url: https://site.web.api.espn.com/apis/common/v3/sports/football/college-football/athletes/3668/stats?region=us&lang=en&contentorigin=espn
3654,Jarvis Green,,NFL_id,3654,fetch_failed: RuntimeError: fetch_failed after 3 attempts: 404 Client Error: Not Found for url: https://site.web.api.espn.com/apis/common/v3/sports/football/college-football/athletes/3654/stats?region=us&lang=en&contentorigin=espn
3544,William Green,,NFL_id,3544,fetch_failed: RuntimeError: fetch_failed after 3 attempts: 404 Client Error: Not Found for url: https://site.web.api.espn.com/apis/common/v3/sports/football/college-football/athletes/3544/stats?region=us&lang=en&contentorigin=espn
3565,Andre Gurode,,NFL_id,3565,fetch_failed: RuntimeError: fetch_failed after 3 attempts: 404 Client Error: Not Found for url: https://site.web.api.espn.com/apis/common/v3/sports/football/college-football/athletes/3565/stats?region=us&lang=en&contentorigin=espn
3741,Carlos Hall,,NFL_id,3741,fetch_failed: RuntimeError: fetch_failed after 3 attempts: 404 Client Error: Not Found for url: https://site.web.api.espn.com/apis/common/v3/sports/football/college-football/athletes/3741/stats?region=us&lang=en&contentorigin=espn
3699,Ryan Hannam,,NFL_id,3699,fetch_failed: RuntimeError: fetch_failed after 3 attempts: 404 Client Error: Not Found for url: https://site.web.api.espn.com/apis/common/v3/sports/football/college-football/athletes/3699/stats?region=us&lang=en&contentorigin=espn
3649,Alan Harper,,NFL_id,3649,fetch_failed: RuntimeError: fetch_failed after 3 attempts: 404 Client Error: Not Found for url: https://site.web.api.espn.com/apis/common/v3/sports/football/college-football/athletes/3649/stats?region=us&lang=en&contentorigin=espn
3531,Joey Harrington,,NFL_id,3531,fetch_failed: RuntimeError: fetch_failed after 3 attempts: 404 Client Error: Not Found for url: https://site.web.api.espn.com/apis/common/v3/sports/football/college-football/athletes/3531/stats?region=us&lang=en&contentorigin=espn
3551,Napoleon Harris,,NFL_id,3551,fetch_failed: RuntimeError: fetch_failed after 3 attempts: 404 Client Error: Not Found for url: https://site.web.api.espn.com/apis/common/v3/sports/football/college-football/athletes/3551/stats?region=us&lang=en&contentorigin=espn
3775,Tyreo Harrison,,NFL_id,3775,fetch_failed: RuntimeError: fetch_failed after 3 attempts: 404 Client Error: Not Found for url: https://site.web.api.espn.com/apis/common/v3/sports/football/college-football/athletes/3775/stats?region=us&lang=en&contentorigin=espn
3672,Herb Haygood,,NFL_id,3672,fetch_failed: RuntimeError: fetch_failed after 3 attempts: 404 Client Error: Not Found for url: https://site.web.api.espn.com/apis/common/v3/sports/football/college-football/athletes/3672/stats?region=us&lang=en&contentorigin=espn
3695,Verron Haynes,,NFL_id,3695,fetch_failed: RuntimeError: fetch_failed after 3 attempts: 404 Client Error: Not Found for url: https://site.web.api.espn.com/apis/common/v3/sports/football/college-football/athletes/3695/stats?region=us&lang=en&contentorigin=espn
3543,Albert Haynesworth,,NFL_id,3543,fetch_failed: RuntimeError: fetch_failed after 3 attempts: 404 Client Error: Not Found for url: https://site.web.api.espn.com/apis/common/v3/sports/football/college-football/athletes/3543/stats?region=us&lang=en&contentorigin=espn
3697,Keith Heinrich,,NFL_id,3697,fetch_failed: RuntimeError: fetch_failed after 3 attempts: 404 Client Error: Not Found for url: https://site.web.api.espn.com/apis/common/v3/sports/football/college-football/athletes/3697/stats?region=us&lang=en&contentorigin=espn
3739,Eric Heitmann,,NFL_id,3739,fetch_failed: RuntimeError: fetch_failed after 3 attempts: 404 Client Error: Not Found for url: https://site.web.api.espn.com/apis/common/v3/sports/football/college-football/athletes/3739/stats?region=us&lang=en&contentorigin=espn
3537,John Henderson,,NFL_id,3537,fetch_failed: RuntimeError: fetch_failed after 3 attempts: 404 Client Error: Not Found for url: https://site.web.api.espn.com/apis/common/v3/sports/football/college-football/athletes/3537/stats?region=us&lang=en&contentorigin=espn
3742,Leonard Henry,,NFL_id,3742,fetch_failed: RuntimeError: fetch_failed after 3 attempts: 404 Client Error: Not Found for url: https://site.web.api.espn.com/apis/common/v3/sports/football/college-football/athletes/3742/stats?region=us&lang=en&contentorigin=espn
3611,Charles Hill,,NFL_id,3611,fetch_failed: RuntimeError: fetch_failed after 3 attempts: 404 Client Error: Not Found for url: https://site.web.api.espn.com/apis/common/v3/sports/football/college-football/athletes/3611/stats?region=us&lang=en&contentorigin=espn
3736,Kahlil Hill,,NFL_id,3736,fetch_failed: RuntimeError: fetch_failed after 3 attempts: 404 Client Error: Not Found for url: https://site.web.api.espn.com/apis/common/v3/sports/football/college-football/athletes/3736/stats?region=us&lang=en&contentorigin=espn
3622,Chris Hope,,NFL_id,3622,fetch_failed: RuntimeError: fetch_failed after 3 attempts: 404 Client Error: Not Found for url: https://site.web.api.espn.com/apis/common/v3/sports/football/college-football/athletes/3622/stats?region=us&lang=en&contentorigin=espn
3783,Javin Hunter,,NFL_id,3783,fetch_failed: RuntimeError: fetch_failed after 3 attempts: 404 Client Error: Not Found for url: https://site.web.api.espn.com/apis/common/v3/sports/football/college-football/athletes/3783/stats?region=us&lang=en&contentorigin=espn
3533,Quentin Jammer,,NFL_id,3533,fetch_failed: RuntimeError: fetch_failed after 3 attempts: 404 Client Error: Not Found for url: https://site.web.api.espn.com/apis/common/v3/sports/football/college-football/athletes/3533/stats?region=us&lang=en&contentorigin=espn
3626,Dennis Johnson,,NFL_id,3626,fetch_failed: RuntimeError: fetch_failed after 3 attempts: 404 Client Error: Not Found for url: https://site.web.api.espn.com/apis/common/v3/sports/football/college-football/athletes/3626/stats?region=us&lang=en&contentorigin=espn
3673,Kyle Johnson,,NFL_id,3673,fetch_failed: RuntimeError: fetch_failed after 3 attempts: 404 Client Error: Not Found for url: https://site.web.api.espn.com/apis/common/v3/sports/football/college-football/athletes/3673/stats?region=us&lang=en&contentorigin=espn
3651,Ron Johnson,,NFL_id,3651,fetch_failed: RuntimeError: fetch_failed after 3 attempts: 404 Client Error: Not Found for url: https://site.web.api.espn.com/apis/common/v3/sports/football/college-football/athletes/3651/stats?region=us&lang=en&contentorigin=espn
3583,Doug Jolley,,NFL_id,3583,fetch_failed: RuntimeError: fetch_failed after 3 attempts: 404 Client Error: Not Found for url: https://site.web.api.espn.com/apis/common/v3/sports/football/college-football/athletes/3583/stats?region=us&lang=en&contentorigin=espn
3722,Daryl Jones,,NFL_id,3722,fetch_failed: RuntimeError: fetch_failed after 3 attempts: 404 Client Error: Not Found for url: https://site.web.api.espn.com/apis/common/v3/sports/football/college-football/athletes/3722/stats?region=us&lang=en&contentorigin=espn
3538,Levi Jones,,NFL_id,3538,fetch_failed: RuntimeError: fetch_failed after 3 attempts: 404 Client Error: Not Found for url: https://site.web.api.espn.com/apis/common/v3/sports/football/college-football/athletes/3538/stats?region=us&lang=en&contentorigin=espn
3683,Terry Jones,,NFL_id,3683,fetch_failed: RuntimeError: fetch_failed after 3 attempts: 404 Client Error: Not Found for url: https://site.web.api.espn.com/apis/common/v3/sports/football/college-football/athletes/3683/stats?region=us&lang=en&contentorigin=espn
3743,Brett Keisel,,NFL_id,3743,fetch_failed: RuntimeError: fetch_failed after 3 attempts: 404 Client Error: Not Found for url: https://site.web.api.espn.com/apis/common/v3/sports/football/college-football/athletes/3743/stats?region=us&lang=en&contentorigin=espn
3686,Kurt Kittner,,NFL_id,3686,fetch_failed: RuntimeError: fetch_failed after 3 attempts: 404 Client Error: Not Found for url: https://site.web.api.espn.com/apis/common/v3/sports/football/college-football/athletes/3686/stats?region=us&lang=en&contentorigin=espn
3751,Kyle Kosier,,NFL_id,3751,fetch_failed: RuntimeError: fetch_failed after 3 attempts: 404 Client Error: Not Found for url: https://site.web.api.espn.com/apis/common/v3/sports/football/college-football/athletes/3751/stats?region=us&lang=en&contentorigin=espn
3599,Ben Leber,,NFL_id,3599,fetch_failed: RuntimeError: fetch_failed after 3 attempts: 404 Client Error: Not Found for url: https://site.web.api.espn.com/apis/common/v3/sports/football/college-football/athletes/3599/stats?region=us&lang=en&contentorigin=espn
3547,Ashley Lelie,,NFL_id,3547,fetch_failed: RuntimeError: fetch_failed after 3 attempts: 404 Client Error: Not Found for url: https://site.web.api.espn.com/apis/common/v3/sports/football/college-football/athletes/3547/stats?region=us&lang=en&contentorigin=espn
3586,Michael Lewis,,NFL_id,3586,fetch_failed: RuntimeError: fetch_failed after 3 attempts: 404 Client Error: Not Found for url: https://site.web.api.espn.com/apis/common/v3/sports/football/college-football/athletes/3586/stats?region=us&lang=en&contentorigin=espn
3687,Andre Lott,,NFL_id,3687,fetch_failed: RuntimeError: fetch_failed after 3 attempts: 404 Client Error: Not Found for url: https://site.web.api.espn.com/apis/common/v3/sports/football/college-football/athletes/3687/stats?region=us&lang=en&contentorigin=espn
3689,Omare Lowe,,NFL_id,3689,fetch_failed: RuntimeError: fetch_failed after 3 attempts: 404 Client Error: Not Found for url: https://site.web.api.espn.com/apis/common/v3/sports/football/college-football/athletes/3689/stats?region=us&lang=en&contentorigin=espn
3646,Chris Luzar,,NFL_id,3646,fetch_failed: RuntimeError: fetch_failed after 3 attempts: 404 Client Error: Not Found for url: https://site.web.api.espn.com/apis/common/v3/sports/football/college-football/athletes/3646/stats?region=us&lang=en&contentorigin=espn
3753,Wesly Mallard,,NFL_id,3753,fetch_failed: RuntimeError: fetch_failed after 3 attempts: 404 Client Error: Not Found for url: https://site.web.api.espn.com/apis/common/v3/sports/football/college-football/athletes/3753/stats?region=us&lang=en&contentorigin=espn
3724,Marquand Manuel,,NFL_id,3724,fetch_failed: RuntimeError: fetch_failed after 3 attempts: 404 Client Error: Not Found for url: https://site.web.api.espn.com/apis/common/v3/sports/football/college-football/athletes/3724/stats?region=us&lang=en&contentorigin=espn
3657,Jamar Martin,,NFL_id,3657,fetch_failed: RuntimeError: fetch_failed after 3 attempts: 404 Client Error: Not Found for url: https://site.web.api.espn.com/apis/common/v3/sports/football/college-football/athletes/3657/stats?region=us&lang=en&contentorigin=espn
3779,Lee Mays,,NFL_id,3779,fetch_failed: RuntimeError: fetch_failed after 3 attempts: 404 Client Error: Not Found for url: https://site.web.api.espn.com/apis/common/v3/sports/football/college-football/athletes/3779/stats?region=us&lang=en&contentorigin=espn
3677,Jason McAddley,,NFL_id,3677,fetch_failed: RuntimeError: fetch_failed after 3 attempts: 404 Client Error: Not Found for url: https://site.web.api.espn.com/apis/common/v3/sports/football/college-football/athletes/3677/stats?region=us&lang=en&contentorigin=espn
3609,Josh McCown,,NFL_id,3609,fetch_failed: RuntimeError: fetch_failed after 3 attempts: 404 Client Error: Not Found for url: https://site.web.api.espn.com/apis/common/v3/sports/football/college-football/athletes/3609/stats?region=us&lang=en&contentorigin=espn
3585,Jon McGraw,,NFL_id,3585,fetch_failed: RuntimeError: fetch_failed after 3 attempts: 404 Client Error: Not Found for url: https://site.web.api.espn.com/apis/common/v3/sports/football/college-football/athletes/3585/stats?region=us&lang=en&contentorigin=espn
3618,Seth McKinney,,NFL_id,3618,fetch_failed: RuntimeError: fetch_failed after 3 attempts: 404 Client Error: Not Found for url: https://site.web.api.espn.com/apis/common/v3/sports/football/college-football/athletes/3618/stats?region=us&lang=en&contentorigin=espn
3642,Randy McMichael,,NFL_id,3642,fetch_failed: RuntimeError: fetch_failed after 3 attempts: 404 Client Error: Not Found for url: https://site.web.api.espn.com/apis/common/v3/sports/football/college-football/athletes/3642/stats?region=us&lang=en&contentorigin=espn
3621,Terrence Metcalf,,NFL_id,3621,fetch_failed: RuntimeError: fetch_failed after 3 attempts: 404 Client Error: Not Found for url: https://site.web.api.espn.com/apis/common/v3/sports/football/college-football/athletes/3621/stats?region=us&lang=en&contentorigin=espn
3678,Mel Mitchell,,NFL_id,3678,fetch_failed: RuntimeError: fetch_failed after 3 attempts: 404 Client Error: Not Found for url: https://site.web.api.espn.com/apis/common/v3/sports/football/college-football/athletes/3678/stats?region=us&lang=en&contentorigin=espn
3747,Quincy Monk,,NFL_id,3747,fetch_failed: RuntimeError: fetch_failed after 3 attempts: 404 Client Error: Not Found for url: https://site.web.api.espn.com/apis/common/v3/sports/football/college-football/athletes/3747/stats?region=us&lang=en&contentorigin=espn
3582,Maurice Morris,,NFL_id,3582,fetch_failed: RuntimeError: fetch_failed after 3 attempts: 404 Client Error: Not Found for url: https://site.web.api.espn.com/apis/common/v3/sports/football/college-football/athletes/3582/stats?region=us&lang=en&contentorigin=espn
3774,Larry Ned,,NFL_id,3774,fetch_failed: RuntimeError: fetch_failed after 3 attempts: 404 Client Error: Not Found for url: https://site.web.api.espn.com/apis/common/v3/sports/football/college-football/athletes/3774/stats?region=us&lang=en&contentorigin=espn
3716,Kendall Newson,,NFL_id,3716,fetch_failed: RuntimeError: fetch_failed after 3 attempts: 404 Client Error: Not Found for url: https://site.web.api.espn.com/apis/common/v3/sports/football/college-football/athletes/3716/stats?region=us&lang=en&contentorigin=espn
3745,J.T. O'Sullivan,,NFL_id,3745,fetch_failed: RuntimeError: fetch_failed after 3 attempts: 404 Client Error: Not Found for url: https://site.web.api.espn.com/apis/common/v3/sports/football/college-football/athletes/3745/stats?region=us&lang=en&contentorigin=espn
3598,Willie Offord,,NFL_id,3598,fetch_failed: RuntimeError: fetch_failed after 3 attempts: 404 Client Error: Not Found for url: https://site.web.api.espn.com/apis/common/v3/sports/football/college-football/athletes/3598/stats?region=us&lang=en&contentorigin=espn
3608,Will Overstreet,,NFL_id,3608,fetch_failed: RuntimeError: fetch_failed after 3 attempts: 404 Client Error: Not Found for url: https://site.web.api.espn.com/apis/common/v3/sports/football/college-football/athletes/3608/stats?region=us&lang=en&contentorigin=espn
3666,John Owens,,NFL_id,3666,fetch_failed: RuntimeError: fetch_failed after 3 attempts: 404 Client Error: Not Found for url: https://site.web.api.espn.com/apis/common/v3/sports/football/college-football/athletes/3666/stats?region=us&lang=en&contentorigin=espn
3588,Anton Palepoi,,NFL_id,3588,fetch_failed: RuntimeError: fetch_failed after 3 attempts: 404 Client Error: Not Found for url: https://site.web.api.espn.com/apis/common/v3/sports/football/college-football/athletes/3588/stats?region=us&lang=en&contentorigin=espn
3631,Justin Peelle,,NFL_id,3631,fetch_failed: RuntimeError: fetch_failed after 3 attempts: 404 Client Error: Not Found for url: https://site.web.api.espn.com/apis/common/v3/sports/football/college-football/athletes/3631/stats?region=us&lang=en&contentorigin=espn
3530,Julius Peppers,,NFL_id,3530,fetch_failed: RuntimeError: fetch_failed after 3 attempts: 404 Client Error: Not Found for url: https://site.web.api.espn.com/apis/common/v3/sports/football/college-football/athletes/3530/stats?region=us&lang=en&contentorigin=espn
3652,Scott Peters,,NFL_id,3652,fetch_failed: RuntimeError: fetch_failed after 3 attempts: 404 Client Error: Not Found for url: https://site.web.api.espn.com/apis/common/v3/sports/football/college-football/athletes/3652/stats?region=us&lang=en&contentorigin=espn
3776,Adrian Peterson,,NFL_id,3776,fetch_failed: RuntimeError: fetch_failed after 3 attempts: 404 Client Error: Not Found for url: https://site.web.api.espn.com/apis/common/v3/sports/football/college-football/athletes/3776/stats?region=us&lang=en&contentorigin=espn
3685,Jermaine Phillips,,NFL_id,3685,fetch_failed: RuntimeError: fetch_failed after 3 attempts: 404 Client Error: Not Found for url: https://site.web.api.espn.com/apis/common/v3/sports/football/college-football/athletes/3685/stats?region=us&lang=en&contentorigin=espn
3578,Chester Pitts,,NFL_id,3578,fetch_failed: RuntimeError: fetch_failed after 3 attempts: 404 Client Error: Not Found for url: https://site.web.api.espn.com/apis/common/v3/sports/football/college-football/athletes/3578/stats?region=us&lang=en&contentorigin=espn
3729,Monsanto Pope,,NFL_id,3729,fetch_failed: RuntimeError: fetch_failed after 3 attempts: 404 Client Error: Not Found for url: https://site.web.api.espn.com/apis/common/v3/sports/football/college-football/athletes/3729/stats?region=us&lang=en&contentorigin=espn
3579,Clinton Portis,,NFL_id,3579,fetch_failed: RuntimeError: fetch_failed after 3 attempts: 404 Client Error: Not Found for url: https://site.web.api.espn.com/apis/common/v3/sports/football/college-football/athletes/3579/stats?region=us&lang=en&contentorigin=espn
3708,Mike Pucillo,,NFL_id,3708,fetch_failed: RuntimeError: fetch_failed after 3 attempts: 404 Client Error: Not Found for url: https://site.web.api.espn.com/apis/common/v3/sports/football/college-football/athletes/3708/stats?region=us&lang=en&contentorigin=espn
3560,Patrick Ramsey,,NFL_id,3560,fetch_failed: RuntimeError: fetch_failed after 3 attempts: 404 Client Error: Not Found for url: https://site.web.api.espn.com/apis/common/v3/sports/football/college-football/athletes/3560/stats?region=us&lang=en&contentorigin=espn
3597,Saleem Rasheed,,NFL_id,3597,fetch_failed: RuntimeError: fetch_failed after 3 attempts: 404 Client Error: Not Found for url: https://site.web.api.espn.com/apis/common/v3/sports/football/college-football/athletes/3597/stats?region=us&lang=en&contentorigin=espn
3552,Ed Reed,,NFL_id,3552,fetch_failed: RuntimeError: fetch_failed after 3 attempts: 404 Client Error: Not Found for url: https://site.web.api.espn.com/apis/common/v3/sports/football/college-football/athletes/3552/stats?region=us&lang=en&contentorigin=espn
3564,Josh Reed,,NFL_id,3564,fetch_failed: RuntimeError: fetch_failed after 3 attempts: 404 Client Error: Not Found for url: https://site.web.api.espn.com/apis/common/v3/sports/football/college-football/athletes/3564/stats?region=us&lang=en&contentorigin=espn
3613,Kris Richard,,NFL_id,3613,fetch_failed: RuntimeError: fetch_failed after 3 attempts: 404 Client Error: Not Found for url: https://site.web.api.espn.com/apis/common/v3/sports/football/college-football/athletes/3613/stats?region=us&lang=en&contentorigin=espn
3789,Nick Rogers,,NFL_id,3789,fetch_failed: RuntimeError: fetch_failed after 3 attempts: 404 Client Error: Not Found for url: https://site.web.api.espn.com/apis/common/v3/sports/football/college-football/athletes/3789/stats?region=us&lang=en&contentorigin=espn
3603,Derek Ross,,NFL_id,3603,fetch_failed: RuntimeError: fetch_failed after 3 attempts: 404 Client Error: Not Found for url: https://site.web.api.espn.com/apis/common/v3/sports/football/college-football/athletes/3603/stats?region=us&lang=en&contentorigin=espn
3688,Robert Royal,,NFL_id,3688,fetch_failed: RuntimeError: fetch_failed after 3 attempts: 404 Client Error: Not Found for url: https://site.web.api.espn.com/apis/common/v3/sports/football/college-football/athletes/3688/stats?region=us&lang=en&contentorigin=espn
3555,Mike Rumph,,NFL_id,3555,fetch_failed: RuntimeError: fetch_failed after 3 attempts: 404 Client Error: Not Found for url: https://site.web.api.espn.com/apis/common/v3/sports/football/college-football/athletes/3555/stats?region=us&lang=en&contentorigin=espn
3615,Cliff Russell,,NFL_id,3615,fetch_failed: RuntimeError: fetch_failed after 3 attempts: 404 Client Error: Not Found for url: https://site.web.api.espn.com/apis/common/v3/sports/football/college-football/athletes/3615/stats?region=us&lang=en&contentorigin=espn
3679,Jake Schifino,,NFL_id,3679,fetch_failed: RuntimeError: fetch_failed after 3 attempts: 404 Client Error: Not Found for url: https://site.web.api.espn.com/apis/common/v3/sports/football/college-football/athletes/3679/stats?region=us&lang=en&contentorigin=espn
3595,Matt Schobel,,NFL_id,3595,fetch_failed: RuntimeError: fetch_failed after 3 attempts: 404 Client Error: Not Found for url: https://site.web.api.espn.com/apis/common/v3/sports/football/college-football/athletes/3595/stats?region=us&lang=en&contentorigin=espn
3740,Josh Scobey,,NFL_id,3740,fetch_failed: RuntimeError: fetch_failed after 3 attempts: 404 Client Error: Not Found for url: https://site.web.api.espn.com/apis/common/v3/sports/football/college-football/athletes/3740/stats?region=us&lang=en&contentorigin=espn
3703,Josh Shaw,,NFL_id,3703,fetch_failed: RuntimeError: fetch_failed after 3 attempts: 404 Client Error: Not Found for url: https://site.web.api.espn.com/apis/common/v3/sports/football/college-football/athletes/3703/stats?region=us&lang=en&contentorigin=espn
3554,Lito Sheppard,,NFL_id,3554,fetch_failed: RuntimeError: fetch_failed after 3 attempts: 404 Client Error: Not Found for url: https://site.web.api.espn.com/apis/common/v3/sports/football/college-football/athletes/3554/stats?region=us&lang=en&contentorigin=espn
3542,Jeremy Shockey,,NFL_id,3542,fetch_failed: RuntimeError: fetch_failed after 3 attempts: 404 Client Error: Not Found for url: https://site.web.api.espn.com/apis/common/v3/sports/football/college-football/athletes/3542/stats?region=us&lang=en&contentorigin=espn
3558,Kendall Simmons,,NFL_id,3558,fetch_failed: RuntimeError: fetch_failed after 3 attempts: 404 Client Error: Not Found for url: https://site.web.api.espn.com/apis/common/v3/sports/football/college-football/athletes/3558/stats?region=us&lang=en&contentorigin=espn
3534,Ryan Sims,,NFL_id,3534,fetch_failed: RuntimeError: fetch_failed after 3 attempts: 404 Client Error: Not Found for url: https://site.web.api.espn.com/apis/common/v3/sports/football/college-football/athletes/3534/stats?region=us&lang=en&contentorigin=espn
3566,Raonall Smith,,NFL_id,3566,fetch_failed: RuntimeError: fetch_failed after 3 attempts: 404 Client Error: Not Found for url: https://site.web.api.espn.com/apis/common/v3/sports/football/college-football/athletes/3566/stats?region=us&lang=en&contentorigin=espn
3541,Donte' Stallworth,,NFL_id,3541,fetch_failed: RuntimeError: fetch_failed after 3 attempts: 404 Client Error: Not Found for url: https://site.web.api.espn.com/apis/common/v3/sports/football/college-football/athletes/3541/stats?region=us&lang=en&contentorigin=espn
3770,John Stamper,,NFL_id,3770,fetch_failed: RuntimeError: fetch_failed after 3 attempts: 404 Client Error: Not Found for url: https://site.web.api.espn.com/apis/common/v3/sports/football/college-football/athletes/3770/stats?region=us&lang=en&contentorigin=espn
3647,Travis Stephens,,NFL_id,3647,fetch_failed: RuntimeError: fetch_failed after 3 attempts: 404 Client Error: Not Found for url: https://site.web.api.espn.com/apis/common/v3/sports/football/college-football/athletes/3647/stats?region=us&lang=en&contentorigin=espn
3556,Jerramy Stevens,,NFL_id,3556,fetch_failed: RuntimeError: fetch_failed after 3 attempts: 404 Client Error: Not Found for url: https://site.web.api.espn.com/apis/common/v3/sports/football/college-football/athletes/3556/stats?region=us&lang=en&contentorigin=espn
3764,Dominique Stevenson,,NFL_id,3764,fetch_failed: RuntimeError: fetch_failed after 3 attempts: 404 Client Error: Not Found for url: https://site.web.api.espn.com/apis/common/v3/sports/football/college-football/athletes/3764/stats?region=us&lang=en&contentorigin=espn
3639,Ben Taylor,,NFL_id,3639,fetch_failed: RuntimeError: fetch_failed after 3 attempts: 404 Client Error: Not Found for url: https://site.web.api.espn.com/apis/common/v3/sports/football/college-football/athletes/3639/stats?region=us&lang=en&contentorigin=espn
3784,Chester Taylor,,NFL_id,3784,fetch_failed: RuntimeError: fetch_failed after 3 attempts: 404 Client Error: Not Found for url: https://site.web.api.espn.com/apis/common/v3/sports/football/college-football/athletes/3784/stats?region=us&lang=en&contentorigin=espn
3550,Bryan Thomas,,NFL_id,3550,fetch_failed: RuntimeError: fetch_failed after 3 attempts: 404 Client Error: Not Found for url: https://site.web.api.espn.com/apis/common/v3/sports/football/college-football/athletes/3550/stats?region=us&lang=en&contentorigin=espn
3705,Kevin Thomas,,NFL_id,3705,fetch_failed: RuntimeError: fetch_failed after 3 attempts: 404 Client Error: Not Found for url: https://site.web.api.espn.com/apis/common/v3/sports/football/college-football/athletes/3705/stats?region=us&lang=en&contentorigin=espn
3559,Robert Thomas,,NFL_id,3559,fetch_failed: RuntimeError: fetch_failed after 3 attempts: 404 Client Error: Not Found for url: https://site.web.api.espn.com/apis/common/v3/sports/football/college-football/athletes/3559/stats?region=us&lang=en&contentorigin=espn
3569,Lamont Thompson,,NFL_id,3569,fetch_failed: RuntimeError: fetch_failed after 3 attempts: 404 Client Error: Not Found for url: https://site.web.api.espn.com/apis/common/v3/sports/football/college-football/athletes/3569/stats?region=us&lang=en&contentorigin=espn
3634,David Thornton,,NFL_id,3634,fetch_failed: RuntimeError: fetch_failed after 3 attempts: 404 Client Error: Not Found for url: https://site.web.api.espn.com/apis/common/v3/sports/football/college-football/athletes/3634/stats?region=us&lang=en&contentorigin=espn
3570,Larry Tripplett,,NFL_id,3570,fetch_failed: RuntimeError: fetch_failed after 3 attempts: 404 Client Error: Not Found for url: https://site.web.api.espn.com/apis/common/v3/sports/football/college-football/athletes/3570/stats?region=us&lang=en&contentorigin=espn
3548,Javon Walker,,NFL_id,3548,fetch_failed: RuntimeError: fetch_failed after 3 attempts: 404 Client Error: Not Found for url: https://site.web.api.espn.com/apis/common/v3/sports/football/college-football/athletes/3548/stats?region=us&lang=en&contentorigin=espn
3581,Langston Walker,,NFL_id,3581,fetch_failed: RuntimeError: fetch_failed after 3 attempts: 404 Client Error: Not Found for url: https://site.web.api.espn.com/apis/common/v3/sports/football/college-football/athletes/3581/stats?region=us&lang=en&contentorigin=espn
3594,Fred Weary,,NFL_id,3594,fetch_failed: RuntimeError: fetch_failed after 3 attempts: 404 Client Error: Not Found for url: https://site.web.api.espn.com/apis/common/v3/sports/football/college-football/athletes/3594/stats?region=us&lang=en&contentorigin=espn
3580,Anthony Weaver,,NFL_id,3580,fetch_failed: RuntimeError: fetch_failed after 3 attempts: 404 Client Error: Not Found for url: https://site.web.api.espn.com/apis/common/v3/sports/football/college-football/athletes/3580/stats?region=us&lang=en&contentorigin=espn
9776,Jeff Webb,,NFL_id,9776,fetch_failed: RuntimeError: fetch_failed after 3 attempts: 404 Client Error: Not Found for url: https://site.web.api.espn.com/apis/common/v3/sports/football/college-football/athletes/9776/stats?region=us&lang=en&contentorigin=espn
3627,Jonathan Wells,,NFL_id,3627,fetch_failed: RuntimeError: fetch_failed after 3 attempts: 404 Client Error: Not Found for url: https://site.web.api.espn.com/apis/common/v3/sports/football/college-football/athletes/3627/stats?region=us&lang=en&contentorigin=espn
3628,Dante Wesley,,NFL_id,3628,fetch_failed: RuntimeError: fetch_failed after 3 attempts: 404 Client Error: Not Found for url: https://site.web.api.espn.com/apis/common/v3/sports/football/college-football/athletes/3628/stats?region=us&lang=en&contentorigin=espn
3619,Brian Westbrook,,NFL_id,3619,fetch_failed: RuntimeError: fetch_failed after 3 attempts: 404 Client Error: Not Found for url: https://site.web.api.espn.com/apis/common/v3/sports/football/college-football/athletes/3619/stats?region=us&lang=en&contentorigin=espn
3786,Chad Williams,,NFL_id,3786,fetch_failed: RuntimeError: fetch_failed after 3 attempts: 404 Client Error: Not Found for url: https://site.web.api.espn.com/apis/common/v3/sports/football/college-football/athletes/3786/stats?region=us&lang=en&contentorigin=espn
3532,Mike Williams,,NFL_id,3532,fetch_failed: RuntimeError: fetch_failed after 3 attempts: 404 Client Error: Not Found for url: https://site.web.api.espn.com/apis/common/v3/sports/football/college-football/athletes/3532/stats?region=us&lang=en&contentorigin=espn
3536,Roy Williams,,NFL_id,3536,fetch_failed: RuntimeError: fetch_failed after 3 attempts: 404 Client Error: Not Found for url: https://site.web.api.espn.com/apis/common/v3/sports/football/college-football/athletes/3536/stats?region=us&lang=en&contentorigin=espn
3573,Tank Williams,,NFL_id,3573,fetch_failed: RuntimeError: fetch_failed after 3 attempts: 404 Client Error: Not Found for url: https://site.web.api.espn.com/apis/common/v3/sports/football/college-football/athletes/3573/stats?region=us&lang=en&contentorigin=espn
3625,Coy Wire,,NFL_id,3625,fetch_failed: RuntimeError: fetch_failed after 3 attempts: 404 Client Error: Not Found for url: https://site.web.api.espn.com/apis/common/v3/sports/football/college-football/athletes/3625/stats?region=us&lang=en&contentorigin=espn
3601,Will Witherspoon,,NFL_id,3601,fetch_failed: RuntimeError: fetch_failed after 3 attempts: 404 Client Error: Not Found for url: https://site.web.api.espn.com/apis/common/v3/sports/football/college-football/athletes/3601/stats?region=us&lang=en&contentorigin=espn
3725,Chris Young,,NFL_id,3725,fetch_failed: RuntimeError: fetch_failed after 3 attempts: 404 Client Error: Not Found for url: https://site.web.api.espn.com/apis/common/v3/sports/football/college-football/athletes/3725/stats?region=us&lang=en&contentorigin=espn
3640,Dave Zastudil,,NFL_id,3640,fetch_failed: RuntimeError: fetch_failed after 3 attempts: 404 Client Error: Not Found for url: https://site.web.api.espn.com/apis/common/v3/sports/football/college-football/athletes/3640/stats?region=us&lang=en&contentorigin=espn
4594,Khalid Abdullah,,NFL_id,4594,fetch_failed: RuntimeError: fetch_failed after 3 attempts: 404 Client Error: Not Found for url: https://site.web.api.espn.com/apis/common/v3/sports/football/college-football/athletes/4594/stats?region=us&lang=en&contentorigin=espn
4515,Anthony Adams,,NFL_id,4515,fetch_failed: RuntimeError: fetch_failed after 3 attempts: 404 Client Error: Not Found for url: https://site.web.api.espn.com/apis/common/v3/sports/football/college-football/athletes/4515/stats?region=us&lang=en&contentorigin=espn
4585,Sam Aiken,,NFL_id,4585,fetch_failed: RuntimeError: fetch_failed after 3 attempts: 404 Client Error: Not Found for url: https://site.web.api.espn.com/apis/common/v3/sports/football/college-football/athletes/4585/stats?region=us&lang=en&contentorigin=espn
4543,B.J. Askew,,NFL_id,4543,fetch_failed: RuntimeError: fetch_failed after 3 attempts: 404 Client Error: Not Found for url: https://site.web.api.espn.com/apis/common/v3/sports/football/college-football/athletes/4543/stats?region=us&lang=en&contentorigin=espn
4489,Nnamdi Asomugha,,NFL_id,4489,fetch_failed: RuntimeError: fetch_failed after 3 attempts: 404 Client Error: Not Found for url: https://site.web.api.espn.com/apis/common/v3/sports/football/college-football/athletes/4489/stats?region=us&lang=en&contentorigin=espn
4492,Boss Bailey,,NFL_id,4492,fetch_failed: RuntimeError: fetch_failed after 3 attempts: 404 Client Error: Not Found for url: https://site.web.api.espn.com/apis/common/v3/sports/football/college-football/athletes/4492/stats?region=us&lang=en&contentorigin=espn
4697,Tully Banta-Cain,,NFL_id,4697,fetch_failed: RuntimeError: fetch_failed after 3 attempts: 404 Client Error: Not Found for url: https://site.web.api.espn.com/apis/common/v3/sports/football/college-football/athletes/4697/stats?region=us&lang=en&contentorigin=espn
4487,Nick Barnett,,NFL_id,4487,fetch_failed: RuntimeError: fetch_failed after 3 attempts: 404 Client Error: Not Found for url: https://site.web.api.espn.com/apis/common/v3/sports/football/college-football/athletes/4487/stats?region=us&lang=en&contentorigin=espn
4593,Solomon Bates,,NFL_id,4593,fetch_failed: RuntimeError: fetch_failed after 3 attempts: 404 Client Error: Not Found for url: https://site.web.api.espn.com/apis/common/v3/sports/football/college-football/athletes/4593/stats?region=us&lang=en&contentorigin=espn
4655,Arnaz Battle,,NFL_id,4655,fetch_failed: RuntimeError: fetch_failed after 3 attempts: 404 Client Error: Not Found for url: https://site.web.api.espn.com/apis/common/v3/sports/football/college-football/athletes/4655/stats?region=us&lang=en&contentorigin=espn
4550,Julian Battle,,NFL_id,4550,fetch_failed: RuntimeError: fetch_failed after 3 attempts: 404 Client Error: Not Found for url: https://site.web.api.espn.com/apis/common/v3/sports/football/college-football/athletes/4550/stats?region=us&lang=en&contentorigin=espn
4611,Jordan Black,,NFL_id,4611,fetch_failed: RuntimeError: fetch_failed after 3 attempts: 404 Client Error: Not Found for url: https://site.web.api.espn.com/apis/common/v3/sports/football/college-football/athletes/4611/stats?region=us&lang=en&contentorigin=espn
4512,Anquan Boldin,,NFL_id,4512,fetch_failed: RuntimeError: fetch_failed after 3 attempts: 404 Client Error: Not Found for url: https://site.web.api.espn.com/apis/common/v3/sports/football/college-football/athletes/4512/stats?region=us&lang=en&contentorigin=espn
4477,Kyle Boller,,NFL_id,4477,fetch_failed: RuntimeError: fetch_failed after 3 attempts: 404 Client Error: Not Found for url: https://site.web.api.espn.com/apis/common/v3/sports/football/college-football/athletes/4477/stats?region=us&lang=en&contentorigin=espn
4577,Colin Branch,,NFL_id,4577,fetch_failed: RuntimeError: fetch_failed after 3 attempts: 404 Client Error: Not Found for url: https://site.web.api.espn.com/apis/common/v3/sports/football/college-football/athletes/4577/stats?region=us&lang=en&contentorigin=espn
4490,Tyler Brayton,,NFL_id,4490,fetch_failed: RuntimeError: fetch_failed after 3 attempts: 404 Client Error: Not Found for url: https://site.web.api.espn.com/apis/common/v3/sports/football/college-football/athletes/4490/stats?region=us&lang=en&contentorigin=espn
4643,Jeremy Bridges,,NFL_id,4643,fetch_failed: RuntimeError: fetch_failed after 3 attempts: 404 Client Error: Not Found for url: https://site.web.api.espn.com/apis/common/v3/sports/football/college-football/athletes/4643/stats?region=us&lang=en&contentorigin=espn
4526,Lance Briggs,,NFL_id,4526,fetch_failed: RuntimeError: fetch_failed after 3 attempts: 404 Client Error: Not Found for url: https://site.web.api.espn.com/apis/common/v3/sports/football/college-football/athletes/4526/stats?region=us&lang=en&contentorigin=espn
4551,Chris Brown,,NFL_id,4551,fetch_failed: RuntimeError: fetch_failed after 3 attempts: 404 Client Error: Not Found for url: https://site.web.api.espn.com/apis/common/v3/sports/football/college-football/athletes/4551/stats?region=us&lang=en&contentorigin=espn
4680,Josh Brown,,NFL_id,4680,fetch_failed: RuntimeError: fetch_failed after 3 attempts: 404 Client Error: Not Found for url: https://site.web.api.espn.com/apis/common/v3/sports/football/college-football/athletes/4680/stats?region=us&lang=en&contentorigin=espn
4529,Nate Burleson,,NFL_id,4529,fetch_failed: RuntimeError: fetch_failed after 3 attempts: 404 Client Error: Not Found for url: https://site.web.api.espn.com/apis/common/v3/sports/football/college-football/athletes/4529/stats?region=us&lang=en&contentorigin=espn
4675,Curry Burns,,NFL_id,4675,fetch_failed: RuntimeError: fetch_failed after 3 attempts: 404 Client Error: Not Found for url: https://site.web.api.espn.com/apis/common/v3/sports/football/college-football/athletes/4675/stats?region=us&lang=en&contentorigin=espn
4518,Tyrone Calico,,NFL_id,4518,fetch_failed: RuntimeError: fetch_failed after 3 attempts: 404 Client Error: Not Found for url: https://site.web.api.espn.com/apis/common/v3/sports/football/college-football/athletes/4518/stats?region=us&lang=en&contentorigin=espn
4482,Dallas Clark,,NFL_id,4482,fetch_failed: RuntimeError: fetch_failed after 3 attempts: 404 Client Error: Not Found for url: https://site.web.api.espn.com/apis/common/v3/sports/football/college-football/athletes/4482/stats?region=us&lang=en&contentorigin=espn
4663,Torrie Cox,,NFL_id,4663,fetch_failed: RuntimeError: fetch_failed after 3 attempts: 404 Client Error: Not Found for url: https://site.web.api.espn.com/apis/common/v3/sports/football/college-football/athletes/4663/stats?region=us&lang=en&contentorigin=espn
4552,Angelo Crowell,,NFL_id,4552,fetch_failed: RuntimeError: fetch_failed after 3 attempts: 404 Client Error: Not Found for url: https://site.web.api.espn.com/apis/common/v3/sports/football/college-football/athletes/4552/stats?region=us&lang=en&contentorigin=espn
4488,Sammy Davis,,NFL_id,4488,fetch_failed: RuntimeError: fetch_failed after 3 attempts: 404 Client Error: Not Found for url: https://site.web.api.espn.com/apis/common/v3/sports/football/college-football/athletes/4488/stats?region=us&lang=en&contentorigin=espn
4618,David Diehl,,NFL_id,4618,fetch_failed: RuntimeError: fetch_failed after 3 attempts: 404 Client Error: Not Found for url: https://site.web.api.espn.com/apis/common/v3/sports/football/college-football/athletes/4618/stats?region=us&lang=en&contentorigin=espn
4539,Derrick Dockery,,NFL_id,4539,fetch_failed: RuntimeError: fetch_failed after 3 attempts: 404 Client Error: Not Found for url: https://site.web.api.espn.com/apis/common/v3/sports/football/college-football/athletes/4539/stats?region=us&lang=en&contentorigin=espn
4699,Ken Dorsey,,NFL_id,4699,fetch_failed: RuntimeError: fetch_failed after 3 attempts: 404 Client Error: Not Found for url: https://site.web.api.espn.com/apis/common/v3/sports/football/college-football/athletes/4699/stats?region=us&lang=en&contentorigin=espn
4516,Mike Doss,,NFL_id,4516,fetch_failed: RuntimeError: fetch_failed after 3 attempts: 404 Client Error: Not Found for url: https://site.web.api.espn.com/apis/common/v3/sports/football/college-football/athletes/4516/stats?region=us&lang=en&contentorigin=espn
4654,LaTarence Dunbar,,NFL_id,4654,fetch_failed: RuntimeError: fetch_failed after 3 attempts: 404 Client Error: Not Found for url: https://site.web.api.espn.com/apis/common/v3/sports/football/college-football/athletes/4654/stats?region=us&lang=en&contentorigin=espn
4572,Nick Eason,,NFL_id,4572,fetch_failed: RuntimeError: fetch_failed after 3 attempts: 404 Client Error: Not Found for url: https://site.web.api.espn.com/apis/common/v3/sports/football/college-football/athletes/4572/stats?region=us&lang=en&contentorigin=espn
4479,Jeff Faine,,NFL_id,4479,fetch_failed: RuntimeError: fetch_failed after 3 attempts: 404 Client Error: Not Found for url: https://site.web.api.espn.com/apis/common/v3/sports/football/college-football/athletes/4479/stats?region=us&lang=en&contentorigin=espn
4554,Justin Fargas,,NFL_id,4554,fetch_failed: RuntimeError: fetch_failed after 3 attempts: 404 Client Error: Not Found for url: https://site.web.api.espn.com/apis/common/v3/sports/football/college-football/athletes/4554/stats?region=us&lang=en&contentorigin=espn
4504,Drayton Florence,,NFL_id,4504,fetch_failed: RuntimeError: fetch_failed after 3 attempts: 404 Client Error: Not Found for url: https://site.web.api.espn.com/apis/common/v3/sports/football/college-football/athletes/4504/stats?region=us&lang=en&contentorigin=espn
4478,George Foster,,NFL_id,4478,fetch_failed: RuntimeError: fetch_failed after 3 attempts: 404 Client Error: Not Found for url: https://site.web.api.espn.com/apis/common/v3/sports/football/college-football/athletes/4478/stats?region=us&lang=en&contentorigin=espn
4604,Aubrayo Franklin,,NFL_id,4604,fetch_failed: RuntimeError: fetch_failed after 3 attempts: 404 Client Error: Not Found for url: https://site.web.api.espn.com/apis/common/v3/sports/football/college-football/athletes/4604/stats?region=us&lang=en&contentorigin=espn
4666,Makoa Freitas,,NFL_id,4666,fetch_failed: RuntimeError: fetch_failed after 3 attempts: 404 Client Error: Not Found for url: https://site.web.api.espn.com/apis/common/v3/sports/football/college-football/athletes/4666/stats?region=us&lang=en&contentorigin=espn
4625,Doug Gabriel,,NFL_id,4625,fetch_failed: RuntimeError: fetch_failed after 3 attempts: 404 Client Error: Not Found for url: https://site.web.api.espn.com/apis/common/v3/sports/football/college-football/athletes/4625/stats?region=us&lang=en&contentorigin=espn
4601,Justin Gage,,NFL_id,4601,fetch_failed: RuntimeError: fetch_failed after 3 attempts: 404 Client Error: Not Found for url: https://site.web.api.espn.com/apis/common/v3/sports/football/college-football/athletes/4601/stats?region=us&lang=en&contentorigin=espn
4653,Antonio Garay,,NFL_id,4653,fetch_failed: RuntimeError: fetch_failed after 3 attempts: 404 Client Error: Not Found for url: https://site.web.api.espn.com/apis/common/v3/sports/football/college-football/athletes/4653/stats?region=us&lang=en&contentorigin=espn
4689,Talman Gardner,,NFL_id,4689,fetch_failed: RuntimeError: fetch_failed after 3 attempts: 404 Client Error: Not Found for url: https://site.web.api.espn.com/apis/common/v3/sports/football/college-football/athletes/4689/stats?region=us&lang=en&contentorigin=espn
4630,Kevin Garrett,,NFL_id,4630,fetch_failed: RuntimeError: fetch_failed after 3 attempts: 404 Client Error: Not Found for url: https://site.web.api.espn.com/apis/common/v3/sports/football/college-football/athletes/4630/stats?region=us&lang=en&contentorigin=espn
4668,Tony Gilbert,,NFL_id,4668,fetch_failed: RuntimeError: fetch_failed after 3 attempts: 404 Client Error: Not Found for url: https://site.web.api.espn.com/apis/common/v3/sports/football/college-football/athletes/4668/stats?region=us&lang=en&contentorigin=espn
4544,Cie Grant,,NFL_id,4544,fetch_failed: RuntimeError: fetch_failed after 3 attempts: 404 Client Error: Not Found for url: https://site.web.api.espn.com/apis/common/v3/sports/football/college-football/athletes/4544/stats?region=us&lang=en&contentorigin=espn
4634,Brandon Green,,NFL_id,4634,fetch_failed: RuntimeError: fetch_failed after 3 attempts: 404 Client Error: Not Found for url: https://site.web.api.espn.com/apis/common/v3/sports/football/college-football/athletes/4634/stats?region=us&lang=en&contentorigin=espn
4589,Jamaal Green,,NFL_id,4589,fetch_failed: RuntimeError: fetch_failed after 3 attempts: 404 Client Error: Not Found for url: https://site.web.api.espn.com/apis/common/v3/sports/football/college-football/athletes/4589/stats?region=us&lang=en&contentorigin=espn
4566,Quentin Griffin,,NFL_id,4566,fetch_failed: RuntimeError: fetch_failed after 3 attempts: 404 Client Error: Not Found for url: https://site.web.api.espn.com/apis/common/v3/sports/football/college-football/athletes/4566/stats?region=us&lang=en&contentorigin=espn
4579,Justin Griffith,,NFL_id,4579,fetch_failed: RuntimeError: fetch_failed after 3 attempts: 404 Client Error: Not Found for url: https://site.web.api.espn.com/apis/common/v3/sports/football/college-football/athletes/4579/stats?region=us&lang=en&contentorigin=espn
4565,DeJuan Groce,,NFL_id,4565,fetch_failed: RuntimeError: fetch_failed after 3 attempts: 404 Client Error: Not Found for url: https://site.web.api.espn.com/apis/common/v3/sports/football/college-football/athletes/4565/stats?region=us&lang=en&contentorigin=espn
4466,Jordan Gross,,NFL_id,4466,fetch_failed: RuntimeError: fetch_failed after 3 attempts: 404 Client Error: Not Found for url: https://site.web.api.espn.com/apis/common/v3/sports/football/college-football/athletes/4466/stats?region=us&lang=en&contentorigin=espn
4480,Rex Grossman,,NFL_id,4480,fetch_failed: RuntimeError: fetch_failed after 3 attempts: 404 Client Error: Not Found for url: https://site.web.api.espn.com/apis/common/v3/sports/football/college-football/athletes/4480/stats?region=us&lang=en&contentorigin=espn
4686,Mario Haggan,,NFL_id,4686,fetch_failed: RuntimeError: fetch_failed after 3 attempts: 404 Client Error: Not Found for url: https://site.web.api.espn.com/apis/common/v3/sports/football/college-football/athletes/4686/stats?region=us&lang=en&contentorigin=espn
4500,Ken Hamlin,,NFL_id,4500,fetch_failed: RuntimeError: fetch_failed after 3 attempts: 404 Client Error: Not Found for url: https://site.web.api.espn.com/apis/common/v3/sports/football/college-football/athletes/4500/stats?region=us&lang=en&contentorigin=espn
4484,Kwame Harris,,NFL_id,4484,fetch_failed: RuntimeError: fetch_failed after 3 attempts: 404 Client Error: Not Found for url: https://site.web.api.espn.com/apis/common/v3/sports/football/college-football/athletes/4484/stats?region=us&lang=en&contentorigin=espn
4528,Gerald Hayes,,NFL_id,4528,fetch_failed: RuntimeError: fetch_failed after 3 attempts: 404 Client Error: Not Found for url: https://site.web.api.espn.com/apis/common/v3/sports/football/college-football/athletes/4528/stats?region=us&lang=en&contentorigin=espn
4472,Michael Haynes,,NFL_id,4472,fetch_failed: RuntimeError: fetch_failed after 3 attempts: 404 Client Error: Not Found for url: https://site.web.api.espn.com/apis/common/v3/sports/football/college-football/athletes/4472/stats?region=us&lang=en&contentorigin=espn
4498,E.J. Henderson,,NFL_id,4498,fetch_failed: RuntimeError: fetch_failed after 3 attempts: 404 Client Error: Not Found for url: https://site.web.api.espn.com/apis/common/v3/sports/football/college-football/athletes/4498/stats?region=us&lang=en&contentorigin=espn
4511,Victor Hobson,,NFL_id,4511,fetch_failed: RuntimeError: fetch_failed after 3 attempts: 404 Client Error: Not Found for url: https://site.web.api.espn.com/apis/common/v3/sports/football/college-football/athletes/4511/stats?region=us&lang=en&contentorigin=espn
4560,Montrae Holland,,NFL_id,4560,fetch_failed: RuntimeError: fetch_failed after 3 attempts: 404 Client Error: Not Found for url: https://site.web.api.espn.com/apis/common/v3/sports/football/college-football/athletes/4560/stats?region=us&lang=en&contentorigin=espn
4595,Terrence Holt,,NFL_id,4595,fetch_failed: RuntimeError: fetch_failed after 3 attempts: 404 Client Error: Not Found for url: https://site.web.api.espn.com/apis/common/v3/sports/football/college-football/athletes/4595/stats?region=us&lang=en&contentorigin=espn
4679,Keenan Howry,,NFL_id,4679,fetch_failed: RuntimeError: fetch_failed after 3 attempts: 404 Client Error: Not Found for url: https://site.web.api.espn.com/apis/common/v3/sports/football/college-football/athletes/4679/stats?region=us&lang=en&contentorigin=espn
4517,Alonzo Jackson,,NFL_id,4517,fetch_failed: RuntimeError: fetch_failed after 3 attempts: 404 Client Error: Not Found for url: https://site.web.api.espn.com/apis/common/v3/sports/football/college-football/athletes/4517/stats?region=us&lang=en&contentorigin=espn
4502,Taylor Jacobs,,NFL_id,4502,fetch_failed: RuntimeError: fetch_failed after 3 attempts: 404 Client Error: Not Found for url: https://site.web.api.espn.com/apis/common/v3/sports/football/college-football/athletes/4502/stats?region=us&lang=en&contentorigin=espn
4561,Bradie James,,NFL_id,4561,fetch_failed: RuntimeError: fetch_failed after 3 attempts: 404 Client Error: Not Found for url: https://site.web.api.espn.com/apis/common/v3/sports/football/college-football/athletes/4561/stats?region=us&lang=en&contentorigin=espn
4496,Al Johnson,,NFL_id,4496,fetch_failed: RuntimeError: fetch_failed after 3 attempts: 404 Client Error: Not Found for url: https://site.web.api.espn.com/apis/common/v3/sports/football/college-football/athletes/4496/stats?region=us&lang=en&contentorigin=espn
4461,Andre Johnson,,NFL_id,4461,fetch_failed: RuntimeError: fetch_failed after 3 attempts: 404 Client Error: Not Found for url: https://site.web.api.espn.com/apis/common/v3/sports/football/college-football/athletes/4461/stats?region=us&lang=en&contentorigin=espn
4503,Bethel Johnson,,NFL_id,4503,fetch_failed: RuntimeError: fetch_failed after 3 attempts: 404 Client Error: Not Found for url: https://site.web.api.espn.com/apis/common/v3/sports/football/college-football/athletes/4503/stats?region=us&lang=en&contentorigin=espn
4475,Bryant Johnson,,NFL_id,4475,fetch_failed: RuntimeError: fetch_failed after 3 attempts: 404 Client Error: Not Found for url: https://site.web.api.espn.com/apis/common/v3/sports/football/college-football/athletes/4475/stats?region=us&lang=en&contentorigin=espn
4638,Eddie Johnson,,NFL_id,4638,fetch_failed: RuntimeError: fetch_failed after 3 attempts: 404 Client Error: Not Found for url: https://site.web.api.espn.com/apis/common/v3/sports/football/college-football/athletes/4638/stats?region=us&lang=en&contentorigin=espn
4567,Jarret Johnson,,NFL_id,4567,fetch_failed: RuntimeError: fetch_failed after 3 attempts: 404 Client Error: Not Found for url: https://site.web.api.espn.com/apis/common/v3/sports/football/college-football/athletes/4567/stats?region=us&lang=en&contentorigin=espn
4576,Jeremi Johnson,,NFL_id,4576,fetch_failed: RuntimeError: fetch_failed after 3 attempts: 404 Client Error: Not Found for url: https://site.web.api.espn.com/apis/common/v3/sports/football/college-football/athletes/4576/stats?region=us&lang=en&contentorigin=espn
4521,Teyo Johnson,,NFL_id,4521,fetch_failed: RuntimeError: fetch_failed after 3 attempts: 404 Client Error: Not Found for url: https://site.web.api.espn.com/apis/common/v3/sports/football/college-football/athletes/4521/stats?region=us&lang=en&contentorigin=espn
4558,Todd Johnson,,NFL_id,4558,fetch_failed: RuntimeError: fetch_failed after 3 attempts: 404 Client Error: Not Found for url: https://site.web.api.espn.com/apis/common/v3/sports/football/college-football/athletes/4558/stats?region=us&lang=en&contentorigin=espn
4499,Bennie Joppru,,NFL_id,4499,fetch_failed: RuntimeError: fetch_failed after 3 attempts: 404 Client Error: Not Found for url: https://site.web.api.espn.com/apis/common/v3/sports/football/college-football/athletes/4499/stats?region=us&lang=en&contentorigin=espn
4483,William Joseph,,NFL_id,4483,fetch_failed: RuntimeError: fetch_failed after 3 attempts: 404 Client Error: Not Found for url: https://site.web.api.espn.com/apis/common/v3/sports/football/college-football/athletes/4483/stats?region=us&lang=en&contentorigin=espn
4656,Cato June,,NFL_id,4656,fetch_failed: RuntimeError: fetch_failed after 3 attempts: 404 Client Error: Not Found for url: https://site.web.api.espn.com/apis/common/v3/sports/football/college-football/athletes/4656/stats?region=us&lang=en&contentorigin=espn
4506,Chris Kelsay,,NFL_id,4506,fetch_failed: RuntimeError: fetch_failed after 3 attempts: 404 Client Error: Not Found for url: https://site.web.api.espn.com/apis/common/v3/sports/football/college-football/athletes/4506/stats?region=us&lang=en&contentorigin=espn
4470,Jimmy Kennedy,,NFL_id,4470,fetch_failed: RuntimeError: fetch_failed after 3 attempts: 404 Client Error: Not Found for url: https://site.web.api.espn.com/apis/common/v3/sports/football/college-football/athletes/4470/stats?region=us&lang=en&contentorigin=espn
4520,Terrence Kiel,,NFL_id,4520,fetch_failed: RuntimeError: fetch_failed after 3 attempts: 404 Client Error: Not Found for url: https://site.web.api.espn.com/apis/common/v3/sports/football/college-football/athletes/4520/stats?region=us&lang=en&contentorigin=espn
4599,Kenny King,,NFL_id,4599,fetch_failed: RuntimeError: fetch_failed after 3 attempts: 404 Client Error: Not Found for url: https://site.web.api.espn.com/apis/common/v3/sports/football/college-football/athletes/4599/stats?region=us&lang=en&contentorigin=espn
4659,Kliff Kingsbury,,NFL_id,4659,fetch_failed: RuntimeError: fetch_failed after 3 attempts: 404 Client Error: Not Found for url: https://site.web.api.espn.com/apis/common/v3/sports/football/college-football/athletes/4659/stats?region=us&lang=en&contentorigin=espn
4575,Dan Klecko,,NFL_id,4575,fetch_failed: RuntimeError: fetch_failed after 3 attempts: 404 Client Error: Not Found for url: https://site.web.api.espn.com/apis/common/v3/sports/football/college-football/athletes/4575/stats?region=us&lang=en&contentorigin=espn
4622,Dan Koppen,,NFL_id,4622,fetch_failed: RuntimeError: fetch_failed after 3 attempts: 404 Client Error: Not Found for url: https://site.web.api.espn.com/apis/common/v3/sports/football/college-football/athletes/4622/stats?region=us&lang=en&contentorigin=espn
4629,Tron LaFavor,,NFL_id,4629,fetch_failed: RuntimeError: fetch_failed after 3 attempts: 404 Client Error: Not Found for url: https://site.web.api.espn.com/apis/common/v3/sports/football/college-football/athletes/4629/stats?region=us&lang=en&contentorigin=espn
4614,Donald Lee,,NFL_id,4614,fetch_failed: RuntimeError: fetch_failed after 3 attempts: 404 Client Error: Not Found for url: https://site.web.api.espn.com/apis/common/v3/sports/football/college-football/athletes/4614/stats?region=us&lang=en&contentorigin=espn
4605,James Lee,,NFL_id,4605,fetch_failed: RuntimeError: fetch_failed after 3 attempts: 404 Client Error: Not Found for url: https://site.web.api.espn.com/apis/common/v3/sports/football/college-football/athletes/4605/stats?region=us&lang=en&contentorigin=espn
4465,Byron Leftwich,,NFL_id,4465,fetch_failed: RuntimeError: fetch_failed after 3 attempts: 404 Client Error: Not Found for url: https://site.web.api.espn.com/apis/common/v3/sports/football/college-football/athletes/4465/stats?region=us&lang=en&contentorigin=espn
4610,Michael Lehan,,NFL_id,4610,fetch_failed: RuntimeError: fetch_failed after 3 attempts: 404 Client Error: Not Found for url: https://site.web.api.espn.com/apis/common/v3/sports/football/college-football/athletes/4610/stats?region=us&lang=en&contentorigin=espn
4702,Norman LeJeune,,NFL_id,4702,fetch_failed: RuntimeError: fetch_failed after 3 attempts: 404 Client Error: Not Found for url: https://site.web.api.espn.com/apis/common/v3/sports/football/college-football/athletes/4702/stats?region=us&lang=en&contentorigin=espn
4582,Brandon Lloyd,,NFL_id,4582,fetch_failed: RuntimeError: fetch_failed after 3 attempts: 404 Client Error: Not Found for url: https://site.web.api.espn.com/apis/common/v3/sports/football/college-football/athletes/4582/stats?region=us&lang=en&contentorigin=espn
4584,Rien Long,,NFL_id,4584,fetch_failed: RuntimeError: fetch_failed after 3 attempts: 404 Client Error: Not Found for url: https://site.web.api.espn.com/apis/common/v3/sports/football/college-football/athletes/4584/stats?region=us&lang=en&contentorigin=espn
4707,Wayne Lucier,,NFL_id,4707,fetch_failed: RuntimeError: fetch_failed after 3 attempts: 404 Client Error: Not Found for url: https://site.web.api.espn.com/apis/common/v3/sports/football/college-football/athletes/4707/stats?region=us&lang=en&contentorigin=espn
4616,Adrian Madise,,NFL_id,4616,fetch_failed: RuntimeError: fetch_failed after 3 attempts: 404 Client Error: Not Found for url: https://site.web.api.espn.com/apis/common/v3/sports/football/college-football/athletes/4616/stats?region=us&lang=en&contentorigin=espn
4626,Sean Mahan,,NFL_id,4626,fetch_failed: RuntimeError: fetch_failed after 3 attempts: 404 Client Error: Not Found for url: https://site.web.api.espn.com/apis/common/v3/sports/football/college-football/athletes/4626/stats?region=us&lang=en&contentorigin=espn
4540,Ricky Manning,,NFL_id,4540,fetch_failed: RuntimeError: fetch_failed after 3 attempts: 404 Client Error: Not Found for url: https://site.web.api.espn.com/apis/common/v3/sports/football/college-football/athletes/4540/stats?region=us&lang=en&contentorigin=espn
4530,Vince Manuwai,,NFL_id,4530,fetch_failed: RuntimeError: fetch_failed after 3 attempts: 404 Client Error: Not Found for url: https://site.web.api.espn.com/apis/common/v3/sports/football/college-football/athletes/4530/stats?region=us&lang=en&contentorigin=espn
4497,Rashean Mathis,,NFL_id,4497,fetch_failed: RuntimeError: fetch_failed after 3 attempts: 404 Client Error: Not Found for url: https://site.web.api.espn.com/apis/common/v3/sports/football/college-football/athletes/4497/stats?region=us&lang=en&contentorigin=espn
4564,Shaun McDonald,,NFL_id,4564,fetch_failed: RuntimeError: fetch_failed after 3 attempts: 404 Client Error: Not Found for url: https://site.web.api.espn.com/apis/common/v3/sports/football/college-football/athletes/4564/stats?region=us&lang=en&contentorigin=espn
4473,Jerome McDougle,,NFL_id,4473,fetch_failed: RuntimeError: fetch_failed after 3 attempts: 404 Client Error: Not Found for url: https://site.web.api.espn.com/apis/common/v3/sports/football/college-football/athletes/4473/stats?region=us&lang=en&contentorigin=espn
4481,Willis McGahee,,NFL_id,4481,fetch_failed: RuntimeError: fetch_failed after 3 attempts: 404 Client Error: Not Found for url: https://site.web.api.espn.com/apis/common/v3/sports/football/college-football/athletes/4481/stats?region=us&lang=en&contentorigin=espn
4569,Terrence McGee,,NFL_id,4569,fetch_failed: RuntimeError: fetch_failed after 3 attempts: 404 Client Error: Not Found for url: https://site.web.api.espn.com/apis/common/v3/sports/football/college-football/athletes/4569/stats?region=us&lang=en&contentorigin=espn
4553,Billy McMullen,,NFL_id,4553,fetch_failed: RuntimeError: fetch_failed after 3 attempts: 404 Client Error: Not Found for url: https://site.web.api.espn.com/apis/common/v3/sports/football/college-football/athletes/4553/stats?region=us&lang=en&contentorigin=espn
4646,Hanik Milligan,,NFL_id,4646,fetch_failed: RuntimeError: fetch_failed after 3 attempts: 404 Client Error: Not Found for url: https://site.web.api.espn.com/apis/common/v3/sports/football/college-football/athletes/4646/stats?region=us&lang=en&contentorigin=espn
4505,Kawika Mitchell,,NFL_id,4505,fetch_failed: RuntimeError: fetch_failed after 3 attempts: 404 Client Error: Not Found for url: https://site.web.api.espn.com/apis/common/v3/sports/football/college-football/athletes/4505/stats?region=us&lang=en&contentorigin=espn
4507,Eddie Moore,,NFL_id,4507,fetch_failed: RuntimeError: fetch_failed after 3 attempts: 404 Client Error: Not Found for url: https://site.web.api.espn.com/apis/common/v3/sports/football/college-football/athletes/4507/stats?region=us&lang=en&contentorigin=espn
4632,Langston Moore,,NFL_id,4632,fetch_failed: RuntimeError: fetch_failed after 3 attempts: 404 Client Error: Not Found for url: https://site.web.api.espn.com/apis/common/v3/sports/football/college-football/athletes/4632/stats?region=us&lang=en&contentorigin=espn
4641,Rashad Moore,,NFL_id,4641,fetch_failed: RuntimeError: fetch_failed after 3 attempts: 404 Client Error: Not Found for url: https://site.web.api.espn.com/apis/common/v3/sports/football/college-football/athletes/4641/stats?region=us&lang=en&contentorigin=espn
4603,Kindal Moorehead,,NFL_id,4603,fetch_failed: RuntimeError: fetch_failed after 3 attempts: 404 Client Error: Not Found for url: https://site.web.api.espn.com/apis/common/v3/sports/football/college-football/athletes/4603/stats?region=us&lang=en&contentorigin=espn
4592,Ovie Mughelli,,NFL_id,4592,fetch_failed: RuntimeError: fetch_failed after 3 attempts: 404 Client Error: Not Found for url: https://site.web.api.espn.com/apis/common/v3/sports/football/college-football/athletes/4592/stats?region=us&lang=en&contentorigin=espn
4692,Spencer Nead,,NFL_id,4692,fetch_failed: RuntimeError: fetch_failed after 3 attempts: 404 Client Error: Not Found for url: https://site.web.api.espn.com/apis/common/v3/sports/football/college-football/athletes/4692/stats?region=us&lang=en&contentorigin=espn
4463,Terence Newman,,NFL_id,4463,fetch_failed: RuntimeError: fetch_failed after 3 attempts: 404 Client Error: Not Found for url: https://site.web.api.espn.com/apis/common/v3/sports/football/college-football/athletes/4463/stats?region=us&lang=en&contentorigin=espn
4612,Donnie Nickey,,NFL_id,4612,fetch_failed: RuntimeError: fetch_failed after 3 attempts: 404 Client Error: Not Found for url: https://site.web.api.espn.com/apis/common/v3/sports/football/college-football/athletes/4612/stats?region=us&lang=en&contentorigin=espn
4649,Joe Odom,,NFL_id,4649,fetch_failed: RuntimeError: fetch_failed after 3 attempts: 404 Client Error: Not Found for url: https://site.web.api.espn.com/apis/common/v3/sports/football/college-football/athletes/4649/stats?region=us&lang=en&contentorigin=espn
4476,Calvin Pace,,NFL_id,4476,fetch_failed: RuntimeError: fetch_failed after 3 attempts: 404 Client Error: Not Found for url: https://site.web.api.espn.com/apis/common/v3/sports/football/college-football/athletes/4476/stats?region=us&lang=en&contentorigin=espn
4598,Derek Pagel,,NFL_id,4598,fetch_failed: RuntimeError: fetch_failed after 3 attempts: 404 Client Error: Not Found for url: https://site.web.api.espn.com/apis/common/v3/sports/football/college-football/athletes/4598/stats?region=us&lang=en&contentorigin=espn
4459,Carson Palmer,,NFL_id,4459,fetch_failed: RuntimeError: fetch_failed after 3 attempts: 404 Client Error: Not Found for url: https://site.web.api.espn.com/apis/common/v3/sports/football/college-football/athletes/4459/stats?region=us&lang=en&contentorigin=espn
4631,Tony Pashos,,NFL_id,4631,fetch_failed: RuntimeError: fetch_failed after 3 attempts: 404 Client Error: Not Found for url: https://site.web.api.espn.com/apis/common/v3/sports/football/college-football/athletes/4631/stats?region=us&lang=en&contentorigin=espn
4525,Antwan Peek,,NFL_id,4525,fetch_failed: RuntimeError: fetch_failed after 3 attempts: 404 Client Error: Not Found for url: https://site.web.api.espn.com/apis/common/v3/sports/football/college-football/athletes/4525/stats?region=us&lang=en&contentorigin=espn
4537,Kenny Peterson,,NFL_id,4537,fetch_failed: RuntimeError: fetch_failed after 3 attempts: 404 Client Error: Not Found for url: https://site.web.api.espn.com/apis/common/v3/sports/football/college-football/athletes/4537/stats?region=us&lang=en&contentorigin=espn
4509,Terry Pierce,,NFL_id,4509,fetch_failed: RuntimeError: fetch_failed after 3 attempts: 404 Client Error: Not Found for url: https://site.web.api.espn.com/apis/common/v3/sports/football/college-football/athletes/4509/stats?region=us&lang=en&contentorigin=espn
4587,Shurron Pierson,,NFL_id,4587,fetch_failed: RuntimeError: fetch_failed after 3 attempts: 404 Client Error: Not Found for url: https://site.web.api.espn.com/apis/common/v3/sports/football/college-football/athletes/4587/stats?region=us&lang=en&contentorigin=espn
4710,Willie Pile,,NFL_id,4710,fetch_failed: RuntimeError: fetch_failed after 3 attempts: 404 Client Error: Not Found for url: https://site.web.api.espn.com/apis/common/v3/sports/football/college-football/athletes/4710/stats?region=us&lang=en&contentorigin=espn
4557,Artose Pinner,,NFL_id,4557,fetch_failed: RuntimeError: fetch_failed after 3 attempts: 404 Client Error: Not Found for url: https://site.web.api.espn.com/apis/common/v3/sports/football/college-football/athletes/4557/stats?region=us&lang=en&contentorigin=espn
4687,Andrew Pinnock,,NFL_id,4687,fetch_failed: RuntimeError: fetch_failed after 3 attempts: 404 Client Error: Not Found for url: https://site.web.api.espn.com/apis/common/v3/sports/football/college-football/athletes/4687/stats?region=us&lang=en&contentorigin=espn
4474,Troy Polamalu,,NFL_id,4474,fetch_failed: RuntimeError: fetch_failed after 3 attempts: 404 Client Error: Not Found for url: https://site.web.api.espn.com/apis/common/v3/sports/football/college-football/athletes/4474/stats?region=us&lang=en&contentorigin=espn
4546,Dave Ragone,,NFL_id,4546,fetch_failed: RuntimeError: fetch_failed after 3 attempts: 404 Client Error: Not Found for url: https://site.web.api.espn.com/apis/common/v3/sports/football/college-football/athletes/4546/stats?region=us&lang=en&contentorigin=espn
4524,Cory Redding,,NFL_id,4524,fetch_failed: RuntimeError: fetch_failed after 3 attempts: 404 Client Error: Not Found for url: https://site.web.api.espn.com/apis/common/v3/sports/football/college-football/athletes/4524/stats?region=us&lang=en&contentorigin=espn
4462,Dewayne Robertson,,NFL_id,4462,fetch_failed: RuntimeError: fetch_failed after 3 attempts: 404 Client Error: Not Found for url: https://site.web.api.espn.com/apis/common/v3/sports/football/college-football/athletes/4462/stats?region=us&lang=en&contentorigin=espn
4460,Charles Rogers,,NFL_id,4460,fetch_failed: RuntimeError: fetch_failed after 3 attempts: 404 Client Error: Not Found for url: https://site.web.api.espn.com/apis/common/v3/sports/football/college-football/athletes/4460/stats?region=us&lang=en&contentorigin=espn
4578,Asante Samuel,,NFL_id,4578,fetch_failed: RuntimeError: fetch_failed after 3 attempts: 404 Client Error: Not Found for url: https://site.web.api.espn.com/apis/common/v3/sports/football/college-football/athletes/4578/stats?region=us&lang=en&contentorigin=espn
4645,Lauvale Sape,,NFL_id,4645,fetch_failed: RuntimeError: fetch_failed after 3 attempts: 404 Client Error: Not Found for url: https://site.web.api.espn.com/apis/common/v3/sports/football/college-football/athletes/4645/stats?region=us&lang=en&contentorigin=espn
4640,Gerome Sapp,,NFL_id,4640,fetch_failed: RuntimeError: fetch_failed after 3 attempts: 404 Client Error: Not Found for url: https://site.web.api.espn.com/apis/common/v3/sports/football/college-football/athletes/4640/stats?region=us&lang=en&contentorigin=espn
4607,Mike Scifres,,NFL_id,4607,fetch_failed: RuntimeError: fetch_failed after 3 attempts: 404 Client Error: Not Found for url: https://site.web.api.espn.com/apis/common/v3/sports/football/college-football/athletes/4607/stats?region=us&lang=en&contentorigin=espn
4580,Steve Sciullo,,NFL_id,4580,fetch_failed: RuntimeError: fetch_failed after 3 attempts: 404 Client Error: Not Found for url: https://site.web.api.espn.com/apis/common/v3/sports/football/college-football/athletes/4580/stats?region=us&lang=en&contentorigin=espn
4513,Bryan Scott,,NFL_id,4513,fetch_failed: RuntimeError: fetch_failed after 3 attempts: 404 Client Error: Not Found for url: https://site.web.api.espn.com/apis/common/v3/sports/football/college-football/athletes/4513/stats?region=us&lang=en&contentorigin=espn
4574,Ian Scott,,NFL_id,4574,fetch_failed: RuntimeError: fetch_failed after 3 attempts: 404 Client Error: Not Found for url: https://site.web.api.espn.com/apis/common/v3/sports/football/college-football/athletes/4574/stats?region=us&lang=en&contentorigin=espn
4534,Mike Seidman,,NFL_id,4534,fetch_failed: RuntimeError: fetch_failed after 3 attempts: 404 Client Error: Not Found for url: https://site.web.api.espn.com/apis/common/v3/sports/football/college-football/athletes/4534/stats?region=us&lang=en&contentorigin=espn
4709,Scott Shanle,,NFL_id,4709,fetch_failed: RuntimeError: fetch_failed after 3 attempts: 404 Client Error: Not Found for url: https://site.web.api.espn.com/apis/common/v3/sports/football/college-football/athletes/4709/stats?region=us&lang=en&contentorigin=espn
4549,Visanthe Shiancoe,,NFL_id,4549,fetch_failed: RuntimeError: fetch_failed after 3 attempts: 404 Client Error: Not Found for url: https://site.web.api.espn.com/apis/common/v3/sports/football/college-football/athletes/4549/stats?region=us&lang=en&contentorigin=espn
4555,Chris Simms,,NFL_id,4555,fetch_failed: RuntimeError: fetch_failed after 3 attempts: 404 Client Error: Not Found for url: https://site.web.api.espn.com/apis/common/v3/sports/football/college-football/athletes/4555/stats?region=us&lang=en&contentorigin=espn
4519,L.J. Smith,,NFL_id,4519,fetch_failed: RuntimeError: fetch_failed after 3 attempts: 404 Client Error: Not Found for url: https://site.web.api.espn.com/apis/common/v3/sports/football/college-football/athletes/4519/stats?region=us&lang=en&contentorigin=espn
4535,Musa Smith,,NFL_id,4535,fetch_failed: RuntimeError: fetch_failed after 3 attempts: 404 Client Error: Not Found for url: https://site.web.api.espn.com/apis/common/v3/sports/football/college-football/athletes/4535/stats?region=us&lang=en&contentorigin=espn
4563,Onterrio Smith,,NFL_id,4563,fetch_failed: RuntimeError: fetch_failed after 3 attempts: 404 Client Error: Not Found for url: https://site.web.api.espn.com/apis/common/v3/sports/football/college-football/athletes/4563/stats?region=us&lang=en&contentorigin=espn
4681,Trent Smith,,NFL_id,4681,fetch_failed: RuntimeError: fetch_failed after 3 attempts: 404 Client Error: Not Found for url: https://site.web.api.espn.com/apis/common/v3/sports/football/college-football/athletes/4681/stats?region=us&lang=en&contentorigin=espn
4491,Eric Steinbach,,NFL_id,4491,fetch_failed: RuntimeError: fetch_failed after 3 attempts: 404 Client Error: Not Found for url: https://site.web.api.espn.com/apis/common/v3/sports/football/college-football/athletes/4491/stats?region=us&lang=en&contentorigin=espn
4548,Donald Strickland,,NFL_id,4548,fetch_failed: RuntimeError: fetch_failed after 3 attempts: 404 Client Error: Not Found for url: https://site.web.api.espn.com/apis/common/v3/sports/football/college-football/athletes/4548/stats?region=us&lang=en&contentorigin=espn
4573,Lee Suggs,,NFL_id,4573,fetch_failed: RuntimeError: fetch_failed after 3 attempts: 404 Client Error: Not Found for url: https://site.web.api.espn.com/apis/common/v3/sports/football/college-football/athletes/4573/stats?region=us&lang=en&contentorigin=espn
4468,Terrell Suggs,,NFL_id,4468,fetch_failed: RuntimeError: fetch_failed after 3 attempts: 404 Client Error: Not Found for url: https://site.web.api.espn.com/apis/common/v3/sports/football/college-football/athletes/4468/stats?region=us&lang=en&contentorigin=espn
4464,Johnathan Sullivan,,NFL_id,4464,fetch_failed: RuntimeError: fetch_failed after 3 attempts: 404 Client Error: Not Found for url: https://site.web.api.espn.com/apis/common/v3/sports/football/college-football/athletes/4464/stats?region=us&lang=en&contentorigin=espn
4510,Chaun Thompson,,NFL_id,4510,fetch_failed: RuntimeError: fetch_failed after 3 attempts: 404 Client Error: Not Found for url: https://site.web.api.espn.com/apis/common/v3/sports/football/college-football/athletes/4510/stats?region=us&lang=en&contentorigin=espn
4493,Charles Tillman,,NFL_id,4493,fetch_failed: RuntimeError: fetch_failed after 3 attempts: 404 Client Error: Not Found for url: https://site.web.api.espn.com/apis/common/v3/sports/football/college-football/athletes/4493/stats?region=us&lang=en&contentorigin=espn
4501,Pisa Tinoisamoa,,NFL_id,4501,fetch_failed: RuntimeError: fetch_failed after 3 attempts: 404 Client Error: Not Found for url: https://site.web.api.espn.com/apis/common/v3/sports/football/college-football/athletes/4501/stats?region=us&lang=en&contentorigin=espn
4590,LaBrandon Toefield,,NFL_id,4590,fetch_failed: RuntimeError: fetch_failed after 3 attempts: 404 Client Error: Not Found for url: https://site.web.api.espn.com/apis/common/v3/sports/football/college-football/athletes/4590/stats?region=us&lang=en&contentorigin=espn
4469,Marcus Trufant,,NFL_id,4469,fetch_failed: RuntimeError: fetch_failed after 3 attempts: 404 Client Error: Not Found for url: https://site.web.api.espn.com/apis/common/v3/sports/football/college-football/athletes/4469/stats?region=us&lang=en&contentorigin=espn
4636,B.J. Tucker,,NFL_id,4636,fetch_failed: RuntimeError: fetch_failed after 3 attempts: 404 Client Error: Not Found for url: https://site.web.api.espn.com/apis/common/v3/sports/football/college-football/athletes/4636/stats?region=us&lang=en&contentorigin=espn
4696,Demetrin Veal,,NFL_id,4696,fetch_failed: RuntimeError: fetch_failed after 3 attempts: 404 Client Error: Not Found for url: https://site.web.api.espn.com/apis/common/v3/sports/football/college-football/athletes/4696/stats?region=us&lang=en&contentorigin=espn
4597,Bobby Wade,,NFL_id,4597,fetch_failed: RuntimeError: fetch_failed after 3 attempts: 404 Client Error: Not Found for url: https://site.web.api.espn.com/apis/common/v3/sports/football/college-football/athletes/4597/stats?region=us&lang=en&contentorigin=espn
4619,Aaron Walker,,NFL_id,4619,fetch_failed: RuntimeError: fetch_failed after 3 attempts: 404 Client Error: Not Found for url: https://site.web.api.espn.com/apis/common/v3/sports/football/college-football/athletes/4619/stats?region=us&lang=en&contentorigin=espn
4568,Seneca Wallace,,NFL_id,4568,fetch_failed: RuntimeError: fetch_failed after 3 attempts: 404 Client Error: Not Found for url: https://site.web.api.espn.com/apis/common/v3/sports/football/college-football/athletes/4568/stats?region=us&lang=en&contentorigin=espn
4608,Matt Walters,,NFL_id,4608,fetch_failed: RuntimeError: fetch_failed after 3 attempts: 404 Client Error: Not Found for url: https://site.web.api.espn.com/apis/common/v3/sports/football/college-football/athletes/4608/stats?region=us&lang=en&contentorigin=espn
4628,Shane Walton,,NFL_id,4628,fetch_failed: RuntimeError: fetch_failed after 3 attempts: 404 Client Error: Not Found for url: https://site.web.api.espn.com/apis/common/v3/sports/football/college-football/athletes/4628/stats?region=us&lang=en&contentorigin=espn
4533,Seth Wand,,NFL_id,4533,fetch_failed: RuntimeError: fetch_failed after 3 attempts: 404 Client Error: Not Found for url: https://site.web.api.espn.com/apis/common/v3/sports/football/college-football/athletes/4533/stats?region=us&lang=en&contentorigin=espn
4471,Ty Warren,,NFL_id,4471,fetch_failed: RuntimeError: fetch_failed after 3 attempts: 404 Client Error: Not Found for url: https://site.web.api.espn.com/apis/common/v3/sports/football/college-football/athletes/4471/stats?region=us&lang=en&contentorigin=espn
4523,Kelley Washington,,NFL_id,4523,fetch_failed: RuntimeError: fetch_failed after 3 attempts: 404 Client Error: Not Found for url: https://site.web.api.espn.com/apis/common/v3/sports/football/college-football/athletes/4523/stats?region=us&lang=en&contentorigin=espn
4635,Reggie Wells,,NFL_id,4635,fetch_failed: RuntimeError: fetch_failed after 3 attempts: 404 Client Error: Not Found for url: https://site.web.api.espn.com/apis/common/v3/sports/football/college-football/athletes/4635/stats?region=us&lang=en&contentorigin=espn
4522,DeWayne White,,NFL_id,4522,fetch_failed: RuntimeError: fetch_failed after 3 attempts: 404 Client Error: Not Found for url: https://site.web.api.espn.com/apis/common/v3/sports/football/college-football/athletes/4522/stats?region=us&lang=en&contentorigin=espn
4620,Keyon Whiteside,,NFL_id,4620,fetch_failed: RuntimeError: fetch_failed after 3 attempts: 404 Client Error: Not Found for url: https://site.web.api.espn.com/apis/common/v3/sports/football/college-football/athletes/4620/stats?region=us&lang=en&contentorigin=espn
4570,Matt Wilhelm,,NFL_id,4570,fetch_failed: RuntimeError: fetch_failed after 3 attempts: 404 Client Error: Not Found for url: https://site.web.api.espn.com/apis/common/v3/sports/football/college-football/athletes/4570/stats?region=us&lang=en&contentorigin=espn
4647,Jimmy Wilkerson,,NFL_id,4647,fetch_failed: RuntimeError: fetch_failed after 3 attempts: 404 Client Error: Not Found for url: https://site.web.api.espn.com/apis/common/v3/sports/football/college-football/athletes/4647/stats?region=us&lang=en&contentorigin=espn
4559,Domanick Williams,,NFL_id,4559,fetch_failed: RuntimeError: fetch_failed after 3 attempts: 404 Client Error: Not Found for url: https://site.web.api.espn.com/apis/common/v3/sports/football/college-football/athletes/4559/stats?region=us&lang=en&contentorigin=espn
4547,Andrew Williams,,NFL_id,4547,fetch_failed: RuntimeError: fetch_failed after 3 attempts: 404 Client Error: Not Found for url: https://site.web.api.espn.com/apis/common/v3/sports/football/college-football/athletes/4547/stats?region=us&lang=en&contentorigin=espn
4467,Kevin Williams,,NFL_id,4467,fetch_failed: RuntimeError: fetch_failed after 3 attempts: 404 Client Error: Not Found for url: https://site.web.api.espn.com/apis/common/v3/sports/football/college-football/athletes/4467/stats?region=us&lang=en&contentorigin=espn
4494,Eugene Wilson,,NFL_id,4494,fetch_failed: RuntimeError: fetch_failed after 3 attempts: 404 Client Error: Not Found for url: https://site.web.api.espn.com/apis/common/v3/sports/football/college-football/athletes/4494/stats?region=us&lang=en&contentorigin=espn
4527,Jason Witten,,NFL_id,4527,fetch_failed: RuntimeError: fetch_failed after 3 attempts: 404 Client Error: Not Found for url: https://site.web.api.espn.com/apis/common/v3/sports/football/college-football/athletes/4527/stats?region=us&lang=en&contentorigin=espn
4486,Andre Woolfolk,,NFL_id,4486,fetch_failed: RuntimeError: fetch_failed after 3 attempts: 404 Client Error: Not Found for url: https://site.web.api.espn.com/apis/common/v3/sports/football/college-football/athletes/4486/stats?region=us&lang=en&contentorigin=espn
4562,George Wrighster,,NFL_id,4562,fetch_failed: RuntimeError: fetch_failed after 3 attempts: 404 Client Error: Not Found for url: https://site.web.api.espn.com/apis/common/v3/sports/football/college-football/athletes/4562/stats?region=us&lang=en&contentorigin=espn
4684,Walter Young,,NFL_id,4684,fetch_failed: RuntimeError: fetch_failed after 3 attempts: 404 Client Error: Not Found for url: https://site.web.api.espn.com/apis/common/v3/sports/football/college-football/athletes/4684/stats?region=us&lang=en&contentorigin=espn
5651,Jared Allen,,NFL_id,5651,fetch_failed: RuntimeError: fetch_failed after 3 attempts: 404 Client Error: Not Found for url: https://site.web.api.espn.com/apis/common/v3/sports/football/college-football/athletes/5651/stats?region=us&lang=en&contentorigin=espn
5636,Will Allen,,NFL_id,5636,fetch_failed: RuntimeError: fetch_failed after 3 attempts: 404 Client Error: Not Found for url: https://site.web.api.espn.com/apis/common/v3/sports/football/college-football/athletes/5636/stats?region=us&lang=en&contentorigin=espn
5770,Courtney Anderson,,NFL_id,5770,fetch_failed: RuntimeError: fetch_failed after 3 attempts: 404 Client Error: Not Found for url: https://site.web.api.espn.com/apis/common/v3/sports/football/college-football/athletes/5770/stats?region=us&lang=en&contentorigin=espn
5599,Tim Anderson,,NFL_id,5599,fetch_failed: RuntimeError: fetch_failed after 3 attempts: 404 Client Error: Not Found for url: https://site.web.api.espn.com/apis/common/v3/sports/football/college-football/athletes/5599/stats?region=us&lang=en&contentorigin=espn
5541,Shawn Andrews,,NFL_id,5541,fetch_failed: RuntimeError: fetch_failed after 3 attempts: 404 Client Error: Not Found for url: https://site.web.api.espn.com/apis/common/v3/sports/football/college-football/athletes/5541/stats?region=us&lang=en&contentorigin=espn
5648,Stacy Andrews,,NFL_id,5648,fetch_failed: RuntimeError: fetch_failed after 3 attempts: 404 Client Error: Not Found for url: https://site.web.api.espn.com/apis/common/v3/sports/football/college-football/athletes/5648/stats?region=us&lang=en&contentorigin=espn
5639,Matthias Askew,,NFL_id,5639,fetch_failed: RuntimeError: fetch_failed after 3 attempts: 404 Client Error: Not Found for url: https://site.web.api.espn.com/apis/common/v3/sports/football/college-football/athletes/5639/stats?region=us&lang=en&contentorigin=espn
5552,Jason Babin,,NFL_id,5552,fetch_failed: RuntimeError: fetch_failed after 3 attempts: 404 Client Error: Not Found for url: https://site.web.api.espn.com/apis/common/v3/sports/football/college-football/athletes/5552/stats?region=us&lang=en&contentorigin=espn
5658,Dave Ball,,NFL_id,5658,fetch_failed: RuntimeError: fetch_failed after 3 attempts: 404 Client Error: Not Found for url: https://site.web.api.espn.com/apis/common/v3/sports/football/college-football/athletes/5658/stats?region=us&lang=en&contentorigin=espn
5663,Jacob Bell,,NFL_id,5663,fetch_failed: RuntimeError: fetch_failed after 3 attempts: 404 Client Error: Not Found for url: https://site.web.api.espn.com/apis/common/v3/sports/football/college-football/athletes/5663/stats?region=us&lang=en&contentorigin=espn
5566,Tatum Bell,,NFL_id,5566,fetch_failed: RuntimeError: fetch_failed after 3 attempts: 404 Client Error: Not Found for url: https://site.web.api.espn.com/apis/common/v3/sports/football/college-football/athletes/5566/stats?region=us&lang=en&contentorigin=espn
5603,Bernard Berrian,,NFL_id,5603,fetch_failed: RuntimeError: fetch_failed after 3 attempts: 404 Client Error: Not Found for url: https://site.web.api.espn.com/apis/common/v3/sports/football/college-football/athletes/5603/stats?region=us&lang=en&contentorigin=espn
5729,Ryon Bingham,,NFL_id,5729,fetch_failed: RuntimeError: fetch_failed after 3 attempts: 404 Client Error: Not Found for url: https://site.web.api.espn.com/apis/common/v3/sports/football/college-football/athletes/5729/stats?region=us&lang=en&contentorigin=espn
5765,Colby Bockwoldt,,NFL_id,5765,fetch_failed: RuntimeError: fetch_failed after 3 attempts: 404 Client Error: Not Found for url: https://site.web.api.espn.com/apis/common/v3/sports/football/college-football/athletes/5765/stats?region=us&lang=en&contentorigin=espn
5578,Michael Boulware,,NFL_id,5578,fetch_failed: RuntimeError: fetch_failed after 3 attempts: 404 Client Error: Not Found for url: https://site.web.api.espn.com/apis/common/v3/sports/football/college-football/athletes/5578/stats?region=us&lang=en&contentorigin=espn
5708,Greg Brooks,,NFL_id,5708,fetch_failed: RuntimeError: fetch_failed after 3 attempts: 404 Client Error: Not Found for url: https://site.web.api.espn.com/apis/common/v3/sports/football/college-football/athletes/5708/stats?region=us&lang=en&contentorigin=espn
5697,Kelly Butler,,NFL_id,5697,fetch_failed: RuntimeError: fetch_failed after 3 attempts: 404 Client Error: Not Found for url: https://site.web.api.espn.com/apis/common/v3/sports/football/college-football/athletes/5697/stats?region=us&lang=en&contentorigin=espn
5544,Vernon Carey,,NFL_id,5544,fetch_failed: RuntimeError: fetch_failed after 3 attempts: 404 Client Error: Not Found for url: https://site.web.api.espn.com/apis/common/v3/sports/football/college-football/athletes/5544/stats?region=us&lang=en&contentorigin=espn
5550,Ahmad Carroll,,NFL_id,5550,fetch_failed: RuntimeError: fetch_failed after 3 attempts: 404 Client Error: Not Found for url: https://site.web.api.espn.com/apis/common/v3/sports/football/college-football/athletes/5550/stats?region=us&lang=en&contentorigin=espn
5688,Drew Carter,,NFL_id,5688,fetch_failed: RuntimeError: fetch_failed after 3 attempts: 404 Client Error: Not Found for url: https://site.web.api.espn.com/apis/common/v3/sports/football/college-football/athletes/5688/stats?region=us&lang=en&contentorigin=espn
5701,Kirk Chambers,,NFL_id,5701,fetch_failed: RuntimeError: fetch_failed after 3 attempts: 404 Client Error: Not Found for url: https://site.web.api.espn.com/apis/common/v3/sports/football/college-football/athletes/5701/stats?region=us&lang=en&contentorigin=espn
5655,Brandon Chillar,,NFL_id,5655,fetch_failed: RuntimeError: fetch_failed after 3 attempts: 404 Client Error: Not Found for url: https://site.web.api.espn.com/apis/common/v3/sports/football/college-football/athletes/5655/stats?region=us&lang=en&contentorigin=espn
5755,Jared Clauss,,NFL_id,5755,fetch_failed: RuntimeError: fetch_failed after 3 attempts: 404 Client Error: Not Found for url: https://site.web.api.espn.com/apis/common/v3/sports/football/college-football/athletes/5755/stats?region=us&lang=en&contentorigin=espn
5540,Michael Clayton,,NFL_id,5540,fetch_failed: RuntimeError: fetch_failed after 3 attempts: 404 Client Error: Not Found for url: https://site.web.api.espn.com/apis/common/v3/sports/football/college-football/athletes/5540/stats?region=us&lang=en&contentorigin=espn
5653,Cedric Cobbs,,NFL_id,5653,fetch_failed: RuntimeError: fetch_failed after 3 attempts: 404 Client Error: Not Found for url: https://site.web.api.espn.com/apis/common/v3/sports/football/college-football/athletes/5653/stats?region=us&lang=en&contentorigin=espn
5586,Keary Colbert,,NFL_id,5586,fetch_failed: RuntimeError: fetch_failed after 3 attempts: 404 Client Error: Not Found for url: https://site.web.api.espn.com/apis/common/v3/sports/football/college-football/athletes/5586/stats?region=us&lang=en&contentorigin=espn
5563,Ricardo Colclough,,NFL_id,5563,fetch_failed: RuntimeError: fetch_failed after 3 attempts: 404 Client Error: Not Found for url: https://site.web.api.espn.com/apis/common/v3/sports/football/college-football/athletes/5563/stats?region=us&lang=en&contentorigin=espn
5668,Erik Coleman,,NFL_id,5668,fetch_failed: RuntimeError: fetch_failed after 3 attempts: 404 Client Error: Not Found for url: https://site.web.api.espn.com/apis/common/v3/sports/football/college-football/athletes/5668/stats?region=us&lang=en&contentorigin=espn
5606,Chris Cooley,,NFL_id,5606,fetch_failed: RuntimeError: fetch_failed after 3 attempts: 404 Client Error: Not Found for url: https://site.web.api.espn.com/apis/common/v3/sports/football/college-football/athletes/5606/stats?region=us&lang=en&contentorigin=espn
5604,Marquis Cooper,,NFL_id,5604,fetch_failed: RuntimeError: fetch_failed after 3 attempts: 404 Client Error: Not Found for url: https://site.web.api.espn.com/apis/common/v3/sports/football/college-football/athletes/5604/stats?region=us&lang=en&contentorigin=espn
5611,Jorge Cordova,,NFL_id,5611,fetch_failed: RuntimeError: fetch_failed after 3 attempts: 404 Client Error: Not Found for url: https://site.web.api.espn.com/apis/common/v3/sports/football/college-football/athletes/5611/stats?region=us&lang=en&contentorigin=espn
5633,Jerricho Cotchery,,NFL_id,5633,fetch_failed: RuntimeError: fetch_failed after 3 attempts: 404 Client Error: Not Found for url: https://site.web.api.espn.com/apis/common/v3/sports/football/college-football/athletes/5633/stats?region=us&lang=en&contentorigin=espn
5558,Karlos Dansby,,NFL_id,5558,fetch_failed: RuntimeError: fetch_failed after 3 attempts: 404 Client Error: Not Found for url: https://site.web.api.espn.com/apis/common/v3/sports/football/college-football/athletes/5558/stats?region=us&lang=en&contentorigin=espn
5607,Devard Darling,,NFL_id,5607,fetch_failed: RuntimeError: fetch_failed after 3 attempts: 404 Client Error: Not Found for url: https://site.web.api.espn.com/apis/common/v3/sports/football/college-football/athletes/5607/stats?region=us&lang=en&contentorigin=espn
5680,Rod Davis,,NFL_id,5680,fetch_failed: RuntimeError: fetch_failed after 3 attempts: 404 Client Error: Not Found for url: https://site.web.api.espn.com/apis/common/v3/sports/football/college-football/athletes/5680/stats?region=us&lang=en&contentorigin=espn
5589,Darnell Dockett,,NFL_id,5589,fetch_failed: RuntimeError: fetch_failed after 3 attempts: 404 Client Error: Not Found for url: https://site.web.api.espn.com/apis/common/v3/sports/football/college-football/athletes/5589/stats?region=us&lang=en&contentorigin=espn
5745,Jeff Dugan,,NFL_id,5745,fetch_failed: RuntimeError: fetch_failed after 3 attempts: 404 Client Error: Not Found for url: https://site.web.api.espn.com/apis/common/v3/sports/football/college-football/athletes/5745/stats?region=us&lang=en&contentorigin=espn
5647,Glenn Earl,,NFL_id,5647,fetch_failed: RuntimeError: fetch_failed after 3 attempts: 404 Client Error: Not Found for url: https://site.web.api.espn.com/apis/common/v3/sports/football/college-football/athletes/5647/stats?region=us&lang=en&contentorigin=espn
5733,Adimchinobi Echemandu,,NFL_id,5733,fetch_failed: RuntimeError: fetch_failed after 3 attempts: 404 Client Error: Not Found for url: https://site.web.api.espn.com/apis/common/v3/sports/football/college-football/athletes/5733/stats?region=us&lang=en&contentorigin=espn
5576,Dwan Edwards,,NFL_id,5576,fetch_failed: RuntimeError: fetch_failed after 3 attempts: 404 Client Error: Not Found for url: https://site.web.api.espn.com/apis/common/v3/sports/football/college-football/athletes/5576/stats?region=us&lang=en&contentorigin=espn
5634,Tim Euhus,,NFL_id,5634,fetch_failed: RuntimeError: fetch_failed after 3 attempts: 404 Client Error: Not Found for url: https://site.web.api.espn.com/apis/common/v3/sports/football/college-football/athletes/5634/stats?region=us&lang=en&contentorigin=espn
5538,Lee Evans,,NFL_id,5538,fetch_failed: RuntimeError: fetch_failed after 3 attempts: 404 Client Error: Not Found for url: https://site.web.api.espn.com/apis/common/v3/sports/football/college-football/athletes/5538/stats?region=us&lang=en&contentorigin=espn
5528,Larry Fitzgerald,,NFL_id,5528,fetch_failed: RuntimeError: fetch_failed after 3 attempts: 404 Client Error: Not Found for url: https://site.web.api.espn.com/apis/common/v3/sports/football/college-football/athletes/5528/stats?region=us&lang=en&contentorigin=espn
5716,Troy Fleming,,NFL_id,5716,fetch_failed: RuntimeError: fetch_failed after 3 attempts: 404 Client Error: Not Found for url: https://site.web.api.espn.com/apis/common/v3/sports/football/college-football/athletes/5716/stats?region=us&lang=en&contentorigin=espn
5618,Keyaron Fox,,NFL_id,5618,fetch_failed: RuntimeError: fetch_failed after 3 attempts: 404 Client Error: Not Found for url: https://site.web.api.espn.com/apis/common/v3/sports/football/college-football/athletes/5618/stats?region=us&lang=en&contentorigin=espn
5624,Carlos Francis,,NFL_id,5624,fetch_failed: RuntimeError: fetch_failed after 3 attempts: 404 Client Error: Not Found for url: https://site.web.api.espn.com/apis/common/v3/sports/football/college-football/athletes/5624/stats?region=us&lang=en&contentorigin=espn
5757,Michael Gaines,,NFL_id,5757,fetch_failed: RuntimeError: fetch_failed after 3 attempts: 404 Client Error: Not Found for url: https://site.web.api.espn.com/apis/common/v3/sports/football/college-football/athletes/5757/stats?region=us&lang=en&contentorigin=espn
5527,Robert Gallery,,NFL_id,5527,fetch_failed: RuntimeError: fetch_failed after 3 attempts: 404 Client Error: Not Found for url: https://site.web.api.espn.com/apis/common/v3/sports/football/college-football/athletes/5527/stats?region=us&lang=en&contentorigin=espn
5553,Chris Gamble,,NFL_id,5553,fetch_failed: RuntimeError: fetch_failed after 3 attempts: 404 Client Error: Not Found for url: https://site.web.api.espn.com/apis/common/v3/sports/football/college-football/athletes/5553/stats?region=us&lang=en&contentorigin=espn
5594,Gilbert Gardner,,NFL_id,5594,fetch_failed: RuntimeError: fetch_failed after 3 attempts: 404 Client Error: Not Found for url: https://site.web.api.espn.com/apis/common/v3/sports/football/college-football/athletes/5594/stats?region=us&lang=en&contentorigin=espn
5617,Rich Gardner,,NFL_id,5617,fetch_failed: RuntimeError: fetch_failed after 3 attempts: 404 Client Error: Not Found for url: https://site.web.api.espn.com/apis/common/v3/sports/football/college-football/athletes/5617/stats?region=us&lang=en&contentorigin=espn
5642,Robert Geathers,,NFL_id,5642,fetch_failed: RuntimeError: fetch_failed after 3 attempts: 404 Client Error: Not Found for url: https://site.web.api.espn.com/apis/common/v3/sports/football/college-football/athletes/5642/stats?region=us&lang=en&contentorigin=espn
5678,Roderick Green,,NFL_id,5678,fetch_failed: RuntimeError: fetch_failed after 3 attempts: 404 Client Error: Not Found for url: https://site.web.api.espn.com/apis/common/v3/sports/football/college-football/athletes/5678/stats?region=us&lang=en&contentorigin=espn
5570,Jake Grove,,NFL_id,5570,fetch_failed: RuntimeError: fetch_failed after 3 attempts: 404 Client Error: Not Found for url: https://site.web.api.espn.com/apis/common/v3/sports/football/college-football/athletes/5570/stats?region=us&lang=en&contentorigin=espn
5682,D.J. Hackett,,NFL_id,5682,fetch_failed: RuntimeError: fetch_failed after 3 attempts: 404 Client Error: Not Found for url: https://site.web.api.espn.com/apis/common/v3/sports/football/college-football/athletes/5682/stats?region=us&lang=en&contentorigin=espn
5699,Rex Hadnot,,NFL_id,5699,fetch_failed: RuntimeError: fetch_failed after 3 attempts: 404 Client Error: Not Found for url: https://site.web.api.espn.com/apis/common/v3/sports/football/college-football/athletes/5699/stats?region=us&lang=en&contentorigin=espn
5533,DeAngelo Hall,,NFL_id,5533,fetch_failed: RuntimeError: fetch_failed after 3 attempts: 404 Client Error: Not Found for url: https://site.web.api.espn.com/apis/common/v3/sports/football/college-football/athletes/5533/stats?region=us&lang=en&contentorigin=espn
5591,Nick Hardwick,,NFL_id,5591,fetch_failed: RuntimeError: fetch_failed after 3 attempts: 404 Client Error: Not Found for url: https://site.web.api.espn.com/apis/common/v3/sports/football/college-football/athletes/5591/stats?region=us&lang=en&contentorigin=espn
5539,Tommie Harris,,NFL_id,5539,fetch_failed: RuntimeError: fetch_failed after 3 attempts: 404 Client Error: Not Found for url: https://site.web.api.espn.com/apis/common/v3/sports/football/college-football/athletes/5539/stats?region=us&lang=en&contentorigin=espn
5593,Ben Hartsock,,NFL_id,5593,fetch_failed: RuntimeError: fetch_failed after 3 attempts: 404 Client Error: Not Found for url: https://site.web.api.espn.com/apis/common/v3/sports/football/college-football/athletes/5593/stats?region=us&lang=en&contentorigin=espn
5575,Devery Henderson,,NFL_id,5575,fetch_failed: RuntimeError: fetch_failed after 3 attempts: 404 Client Error: Not Found for url: https://site.web.api.espn.com/apis/common/v3/sports/football/college-football/athletes/5575/stats?region=us&lang=en&contentorigin=espn
5588,Marquise Hill,,NFL_id,5588,fetch_failed: RuntimeError: fetch_failed after 3 attempts: 404 Client Error: Not Found for url: https://site.web.api.espn.com/apis/common/v3/sports/football/college-football/athletes/5588/stats?region=us&lang=en&contentorigin=espn
5698,Von Hutchins,,NFL_id,5698,fetch_failed: RuntimeError: fetch_failed after 3 attempts: 404 Client Error: Not Found for url: https://site.web.api.espn.com/apis/common/v3/sports/football/college-football/athletes/5698/stats?region=us&lang=en&contentorigin=espn
5549,Steven Jackson,,NFL_id,5549,fetch_failed: RuntimeError: fetch_failed after 3 attempts: 404 Client Error: Not Found for url: https://site.web.api.espn.com/apis/common/v3/sports/football/college-football/athletes/5549/stats?region=us&lang=en&contentorigin=espn
5554,Michael Jenkins,,NFL_id,5554,fetch_failed: RuntimeError: fetch_failed after 3 attempts: 404 Client Error: Not Found for url: https://site.web.api.espn.com/apis/common/v3/sports/football/college-football/athletes/5554/stats?region=us&lang=en&contentorigin=espn
5637,Leon Joe,,NFL_id,5637,fetch_failed: RuntimeError: fetch_failed after 3 attempts: 404 Client Error: Not Found for url: https://site.web.api.espn.com/apis/common/v3/sports/football/college-football/athletes/5637/stats?region=us&lang=en&contentorigin=espn
5621,Landon Johnson,,NFL_id,5621,fetch_failed: RuntimeError: fetch_failed after 3 attempts: 404 Client Error: Not Found for url: https://site.web.api.espn.com/apis/common/v3/sports/football/college-football/athletes/5621/stats?region=us&lang=en&contentorigin=espn
5572,Tank Johnson,,NFL_id,5572,fetch_failed: RuntimeError: fetch_failed after 3 attempts: 404 Client Error: Not Found for url: https://site.web.api.espn.com/apis/common/v3/sports/football/college-football/athletes/5572/stats?region=us&lang=en&contentorigin=espn
5759,Trevor Johnson,,NFL_id,5759,fetch_failed: RuntimeError: fetch_failed after 3 attempts: 404 Client Error: Not Found for url: https://site.web.api.espn.com/apis/common/v3/sports/football/college-football/athletes/5759/stats?region=us&lang=en&contentorigin=espn
5749,Donnie Jones,,NFL_id,5749,fetch_failed: RuntimeError: fetch_failed after 3 attempts: 404 Client Error: Not Found for url: https://site.web.api.espn.com/apis/common/v3/sports/football/college-football/athletes/5749/stats?region=us&lang=en&contentorigin=espn
5580,Greg Jones,,NFL_id,5580,fetch_failed: RuntimeError: fetch_failed after 3 attempts: 404 Client Error: Not Found for url: https://site.web.api.espn.com/apis/common/v3/sports/football/college-football/athletes/5580/stats?region=us&lang=en&contentorigin=espn
5568,Julius Jones,,NFL_id,5568,fetch_failed: RuntimeError: fetch_failed after 3 attempts: 404 Client Error: Not Found for url: https://site.web.api.espn.com/apis/common/v3/sports/football/college-football/athletes/5568/stats?region=us&lang=en&contentorigin=espn
5555,Kevin Jones,,NFL_id,5555,fetch_failed: RuntimeError: fetch_failed after 3 attempts: 404 Client Error: Not Found for url: https://site.web.api.espn.com/apis/common/v3/sports/football/college-football/athletes/5555/stats?region=us&lang=en&contentorigin=espn
5584,Sean Jones,,NFL_id,5584,fetch_failed: RuntimeError: fetch_failed after 3 attempts: 404 Client Error: Not Found for url: https://site.web.api.espn.com/apis/common/v3/sports/football/college-football/athletes/5584/stats?region=us&lang=en&contentorigin=espn
5590,Nate Kaeding,,NFL_id,5590,fetch_failed: RuntimeError: fetch_failed after 3 attempts: 404 Client Error: Not Found for url: https://site.web.api.espn.com/apis/common/v3/sports/football/college-football/athletes/5590/stats?region=us&lang=en&contentorigin=espn
5681,Mike Karney,,NFL_id,5681,fetch_failed: RuntimeError: fetch_failed after 3 attempts: 404 Client Error: Not Found for url: https://site.web.api.espn.com/apis/common/v3/sports/football/college-football/athletes/5681/stats?region=us&lang=en&contentorigin=espn
5641,Niko Koutouvides,,NFL_id,5641,fetch_failed: RuntimeError: fetch_failed after 3 attempts: 404 Client Error: Not Found for url: https://site.web.api.espn.com/apis/common/v3/sports/football/college-football/athletes/5641/stats?region=us&lang=en&contentorigin=espn
5694,Ryan Krause,,NFL_id,5694,fetch_failed: RuntimeError: fetch_failed after 3 attempts: 404 Client Error: Not Found for url: https://site.web.api.espn.com/apis/common/v3/sports/football/college-football/athletes/5694/stats?region=us&lang=en&contentorigin=espn
5673,Craig Krenzel,,NFL_id,5673,fetch_failed: RuntimeError: fetch_failed after 3 attempts: 404 Client Error: Not Found for url: https://site.web.api.espn.com/apis/common/v3/sports/football/college-football/athletes/5673/stats?region=us&lang=en&contentorigin=espn
5567,Travis Laboy,,NFL_id,5567,fetch_failed: RuntimeError: fetch_failed after 3 attempts: 404 Client Error: Not Found for url: https://site.web.api.espn.com/apis/common/v3/sports/football/college-football/athletes/5567/stats?region=us&lang=en&contentorigin=espn
5667,Chad Lavalais,,NFL_id,5667,fetch_failed: RuntimeError: fetch_failed after 3 attempts: 404 Client Error: Not Found for url: https://site.web.api.espn.com/apis/common/v3/sports/football/college-football/athletes/5667/stats?region=us&lang=en&contentorigin=espn
5692,Nick Leckey,,NFL_id,5692,fetch_failed: RuntimeError: fetch_failed after 3 attempts: 404 Client Error: Not Found for url: https://site.web.api.espn.com/apis/common/v3/sports/football/college-football/athletes/5692/stats?region=us&lang=en&contentorigin=espn
5713,Andy Lee,,NFL_id,5713,fetch_failed: RuntimeError: fetch_failed after 3 attempts: 404 Client Error: Not Found for url: https://site.web.api.espn.com/apis/common/v3/sports/football/college-football/athletes/5713/stats?region=us&lang=en&contentorigin=espn
5562,Teddy Lehman,,NFL_id,5562,fetch_failed: RuntimeError: fetch_failed after 3 attempts: 404 Client Error: Not Found for url: https://site.web.api.espn.com/apis/common/v3/sports/football/college-football/athletes/5562/stats?region=us&lang=en&contentorigin=espn
5664,Rodney Leisle,,NFL_id,5664,fetch_failed: RuntimeError: fetch_failed after 3 attempts: 404 Client Error: Not Found for url: https://site.web.api.espn.com/apis/common/v3/sports/football/college-football/athletes/5664/stats?region=us&lang=en&contentorigin=espn
5665,Alex Lewis,,NFL_id,5665,fetch_failed: RuntimeError: fetch_failed after 3 attempts: 404 Client Error: Not Found for url: https://site.web.api.espn.com/apis/common/v3/sports/football/college-football/athletes/5665/stats?region=us&lang=en&contentorigin=espn
5723,Keith Lewis,,NFL_id,5723,fetch_failed: RuntimeError: fetch_failed after 3 attempts: 404 Client Error: Not Found for url: https://site.web.api.espn.com/apis/common/v3/sports/football/college-football/athletes/5723/stats?region=us&lang=en&contentorigin=espn
5609,Sean Locklear,,NFL_id,5609,fetch_failed: RuntimeError: fetch_failed after 3 attempts: 404 Client Error: Not Found for url: https://site.web.api.espn.com/apis/common/v3/sports/football/college-football/athletes/5609/stats?region=us&lang=en&contentorigin=espn
5547,J.P. Losman,,NFL_id,5547,fetch_failed: RuntimeError: fetch_failed after 3 attempts: 404 Client Error: Not Found for url: https://site.web.api.espn.com/apis/common/v3/sports/football/college-football/athletes/5547/stats?region=us&lang=en&contentorigin=espn
5696,Triandos Luke,,NFL_id,5696,fetch_failed: RuntimeError: fetch_failed after 3 attempts: 404 Client Error: Not Found for url: https://site.web.api.espn.com/apis/common/v3/sports/football/college-football/athletes/5696/stats?region=us&lang=en&contentorigin=espn
5526,Eli Manning,,NFL_id,5526,fetch_failed: RuntimeError: fetch_failed after 3 attempts: 404 Client Error: Not Found for url: https://site.web.api.espn.com/apis/common/v3/sports/football/college-football/athletes/5526/stats?region=us&lang=en&contentorigin=espn
5750,Matt Mauck,,NFL_id,5750,fetch_failed: RuntimeError: fetch_failed after 3 attempts: 404 Client Error: Not Found for url: https://site.web.api.espn.com/apis/common/v3/sports/football/college-football/athletes/5750/stats?region=us&lang=en&contentorigin=espn
5631,Luke McCown,,NFL_id,5631,fetch_failed: RuntimeError: fetch_failed after 3 attempts: 404 Client Error: Not Found for url: https://site.web.api.espn.com/apis/common/v3/sports/football/college-football/athletes/5631/stats?region=us&lang=en&contentorigin=espn
5774,Bobby McCray,,NFL_id,5774,fetch_failed: RuntimeError: fetch_failed after 3 attempts: 404 Client Error: Not Found for url: https://site.web.api.espn.com/apis/common/v3/sports/football/college-football/athletes/5774/stats?region=us&lang=en&contentorigin=espn
5766,Sean McHugh,,NFL_id,5766,fetch_failed: RuntimeError: fetch_failed after 3 attempts: 404 Client Error: Not Found for url: https://site.web.api.espn.com/apis/common/v3/sports/football/college-football/athletes/5766/stats?region=us&lang=en&contentorigin=espn
5605,Caleb Miller,,NFL_id,5605,fetch_failed: RuntimeError: fetch_failed after 3 attempts: 404 Client Error: Not Found for url: https://site.web.api.espn.com/apis/common/v3/sports/football/college-football/athletes/5605/stats?region=us&lang=en&contentorigin=espn
5705,Jim Molinaro,,NFL_id,5705,fetch_failed: RuntimeError: fetch_failed after 3 attempts: 404 Client Error: Not Found for url: https://site.web.api.espn.com/apis/common/v3/sports/football/college-football/athletes/5705/stats?region=us&lang=en&contentorigin=espn
5724,Clarence Moore,,NFL_id,5724,fetch_failed: RuntimeError: fetch_failed after 3 attempts: 404 Client Error: Not Found for url: https://site.web.api.espn.com/apis/common/v3/sports/football/college-football/athletes/5724/stats?region=us&lang=en&contentorigin=espn
5644,Mewelde Moore,,NFL_id,5644,fetch_failed: RuntimeError: fetch_failed after 3 attempts: 404 Client Error: Not Found for url: https://site.web.api.espn.com/apis/common/v3/sports/football/college-football/athletes/5644/stats?region=us&lang=en&contentorigin=espn
5659,Johnnie Morant,,NFL_id,5659,fetch_failed: RuntimeError: fetch_failed after 3 attempts: 404 Client Error: Not Found for url: https://site.web.api.espn.com/apis/common/v3/sports/football/college-football/athletes/5659/stats?region=us&lang=en&contentorigin=espn
5727,John Navarre,,NFL_id,5727,fetch_failed: RuntimeError: fetch_failed after 3 attempts: 404 Client Error: Not Found for url: https://site.web.api.espn.com/apis/common/v3/sports/football/college-football/athletes/5727/stats?region=us&lang=en&contentorigin=espn
5582,Antwan Odom,,NFL_id,5582,fetch_failed: RuntimeError: fetch_failed after 3 attempts: 404 Client Error: Not Found for url: https://site.web.api.espn.com/apis/common/v3/sports/football/college-football/athletes/5582/stats?region=us&lang=en&contentorigin=espn
5734,Shane Olivea,,NFL_id,5734,fetch_failed: RuntimeError: fetch_failed after 3 attempts: 404 Client Error: Not Found for url: https://site.web.api.espn.com/apis/common/v3/sports/football/college-football/athletes/5734/stats?region=us&lang=en&contentorigin=espn
5560,Igor Olshansky,,NFL_id,5560,fetch_failed: RuntimeError: fetch_failed after 3 attempts: 404 Client Error: Not Found for url: https://site.web.api.espn.com/apis/common/v3/sports/football/college-football/athletes/5560/stats?region=us&lang=en&contentorigin=espn
5630,Samie Parker,,NFL_id,5630,fetch_failed: RuntimeError: fetch_failed after 3 attempts: 404 Client Error: Not Found for url: https://site.web.api.espn.com/apis/common/v3/sports/football/college-football/athletes/5630/stats?region=us&lang=en&contentorigin=espn
5775,Bradlee Van Pelt,,NFL_id,5775,fetch_failed: RuntimeError: fetch_failed after 3 attempts: 404 Client Error: Not Found for url: https://site.web.api.espn.com/apis/common/v3/sports/football/college-football/athletes/5775/stats?region=us&lang=en&contentorigin=espn
5551,Chris Perry,,NFL_id,5551,fetch_failed: RuntimeError: fetch_failed after 3 attempts: 404 Client Error: Not Found for url: https://site.web.api.espn.com/apis/common/v3/sports/football/college-football/athletes/5551/stats?region=us&lang=en&contentorigin=espn
5608,Stephen Peterman,,NFL_id,5608,fetch_failed: RuntimeError: fetch_failed after 3 attempts: 404 Client Error: Not Found for url: https://site.web.api.espn.com/apis/common/v3/sports/football/college-football/athletes/5608/stats?region=us&lang=en&contentorigin=espn
5623,Shaun Phillips,,NFL_id,5623,fetch_failed: RuntimeError: fetch_failed after 3 attempts: 404 Client Error: Not Found for url: https://site.web.api.espn.com/apis/common/v3/sports/football/college-football/athletes/5623/stats?region=us&lang=en&contentorigin=espn
5742,Cody Pickett,,NFL_id,5742,fetch_failed: RuntimeError: fetch_failed after 3 attempts: 404 Client Error: Not Found for url: https://site.web.api.espn.com/apis/common/v3/sports/football/college-football/athletes/5742/stats?region=us&lang=en&contentorigin=espn
5627,Will Poole,,NFL_id,5627,fetch_failed: RuntimeError: fetch_failed after 3 attempts: 404 Client Error: Not Found for url: https://site.web.api.espn.com/apis/common/v3/sports/football/college-football/athletes/5627/stats?region=us&lang=en&contentorigin=espn
5747,Derrick Pope,,NFL_id,5747,fetch_failed: RuntimeError: fetch_failed after 3 attempts: 404 Client Error: Not Found for url: https://site.web.api.espn.com/apis/common/v3/sports/football/college-football/athletes/5747/stats?region=us&lang=en&contentorigin=espn
5632,Kendyll Pope,,NFL_id,5632,fetch_failed: RuntimeError: fetch_failed after 3 attempts: 404 Client Error: Not Found for url: https://site.web.api.espn.com/apis/common/v3/sports/football/college-football/athletes/5632/stats?region=us&lang=en&contentorigin=espn
5711,Etric Pruitt,,NFL_id,5711,fetch_failed: RuntimeError: fetch_failed after 3 attempts: 404 Client Error: Not Found for url: https://site.web.api.espn.com/apis/common/v3/sports/football/college-football/athletes/5711/stats?region=us&lang=en&contentorigin=espn
5574,Keiwan Ratliff,,NFL_id,5574,fetch_failed: RuntimeError: fetch_failed after 3 attempts: 404 Client Error: Not Found for url: https://site.web.api.espn.com/apis/common/v3/sports/football/college-football/athletes/5574/stats?region=us&lang=en&contentorigin=espn
5638,Dexter Reid,,NFL_id,5638,fetch_failed: RuntimeError: fetch_failed after 3 attempts: 404 Client Error: Not Found for url: https://site.web.api.espn.com/apis/common/v3/sports/football/college-football/athletes/5638/stats?region=us&lang=en&contentorigin=espn
5529,Philip Rivers,,NFL_id,5529,fetch_failed: RuntimeError: fetch_failed after 3 attempts: 404 Client Error: Not Found for url: https://site.web.api.espn.com/apis/common/v3/sports/football/college-football/athletes/5529/stats?region=us&lang=en&contentorigin=espn
5535,Dunta Robinson,,NFL_id,5535,fetch_failed: RuntimeError: fetch_failed after 3 attempts: 404 Client Error: Not Found for url: https://site.web.api.espn.com/apis/common/v3/sports/football/college-football/athletes/5535/stats?region=us&lang=en&contentorigin=espn
5536,Ben Roethlisberger,,NFL_id,5536,fetch_failed: RuntimeError: fetch_failed after 3 attempts: 404 Client Error: Not Found for url: https://site.web.api.espn.com/apis/common/v3/sports/football/college-football/athletes/5536/stats?region=us&lang=en&contentorigin=espn
5669,Sean Ryan,,NFL_id,5669,fetch_failed: RuntimeError: fetch_failed after 3 attempts: 404 Client Error: Not Found for url: https://site.web.api.espn.com/apis/common/v3/sports/football/college-football/athletes/5669/stats?region=us&lang=en&contentorigin=espn
5612,B.J. Sander,,NFL_id,5612,fetch_failed: RuntimeError: fetch_failed after 3 attempts: 404 Client Error: Not Found for url: https://site.web.api.espn.com/apis/common/v3/sports/football/college-football/athletes/5612/stats?region=us&lang=en&contentorigin=espn
5569,Bob Sanders,,NFL_id,5569,fetch_failed: RuntimeError: fetch_failed after 3 attempts: 404 Client Error: Not Found for url: https://site.web.api.espn.com/apis/common/v3/sports/football/college-football/athletes/5569/stats?region=us&lang=en&contentorigin=espn
5615,Matt Schaub,,NFL_id,5615,fetch_failed: RuntimeError: fetch_failed after 3 attempts: 404 Client Error: Not Found for url: https://site.web.api.espn.com/apis/common/v3/sports/football/college-football/athletes/5615/stats?region=us&lang=en&contentorigin=espn
5628,Bo Schobel,,NFL_id,5628,fetch_failed: RuntimeError: fetch_failed after 3 attempts: 404 Client Error: Not Found for url: https://site.web.api.espn.com/apis/common/v3/sports/football/college-football/athletes/5628/stats?region=us&lang=en&contentorigin=espn
5592,Stuart Schweigert,,NFL_id,5592,fetch_failed: RuntimeError: fetch_failed after 3 attempts: 404 Client Error: Not Found for url: https://site.web.api.espn.com/apis/common/v3/sports/football/college-football/athletes/5592/stats?region=us&lang=en&contentorigin=espn
5662,Josh Scobee,,NFL_id,5662,fetch_failed: RuntimeError: fetch_failed after 3 attempts: 404 Client Error: Not Found for url: https://site.web.api.espn.com/apis/common/v3/sports/football/college-football/athletes/5662/stats?region=us&lang=en&contentorigin=espn
5613,Darrion Scott,,NFL_id,5613,fetch_failed: RuntimeError: fetch_failed after 3 attempts: 404 Client Error: Not Found for url: https://site.web.api.espn.com/apis/common/v3/sports/football/college-football/athletes/5613/stats?region=us&lang=en&contentorigin=espn
5620,Guss Scott,,NFL_id,5620,fetch_failed: RuntimeError: fetch_failed after 3 attempts: 404 Client Error: Not Found for url: https://site.web.api.espn.com/apis/common/v3/sports/football/college-football/athletes/5620/stats?region=us&lang=en&contentorigin=espn
5666,Jake Scott,,NFL_id,5666,fetch_failed: RuntimeError: fetch_failed after 3 attempts: 404 Client Error: Not Found for url: https://site.web.api.espn.com/apis/common/v3/sports/football/college-football/athletes/5666/stats?region=us&lang=en&contentorigin=espn
5652,Richard Seigler,,NFL_id,5652,fetch_failed: RuntimeError: fetch_failed after 3 attempts: 404 Client Error: Not Found for url: https://site.web.api.espn.com/apis/common/v3/sports/football/college-football/athletes/5652/stats?region=us&lang=en&contentorigin=espn
5683,Jason Shivers,,NFL_id,5683,fetch_failed: RuntimeError: fetch_failed after 3 attempts: 404 Client Error: Not Found for url: https://site.web.api.espn.com/apis/common/v3/sports/football/college-football/athletes/5683/stats?region=us&lang=en&contentorigin=espn
5677,Jeff Shoate,,NFL_id,5677,fetch_failed: RuntimeError: fetch_failed after 3 attempts: 404 Client Error: Not Found for url: https://site.web.api.espn.com/apis/common/v3/sports/football/college-football/athletes/5677/stats?region=us&lang=en&contentorigin=espn
5561,Junior Siavii,,NFL_id,5561,fetch_failed: RuntimeError: fetch_failed after 3 attempts: 404 Client Error: Not Found for url: https://site.web.api.espn.com/apis/common/v3/sports/football/college-football/athletes/5561/stats?region=us&lang=en&contentorigin=espn
5571,Justin Smiley,,NFL_id,5571,fetch_failed: RuntimeError: fetch_failed after 3 attempts: 404 Client Error: Not Found for url: https://site.web.api.espn.com/apis/common/v3/sports/football/college-football/athletes/5571/stats?region=us&lang=en&contentorigin=espn
5660,Antonio Smith,,NFL_id,5660,fetch_failed: RuntimeError: fetch_failed after 3 attempts: 404 Client Error: Not Found for url: https://site.web.api.espn.com/apis/common/v3/sports/football/college-football/athletes/5660/stats?region=us&lang=en&contentorigin=espn
5564,Daryl Smith,,NFL_id,5564,fetch_failed: RuntimeError: fetch_failed after 3 attempts: 404 Client Error: Not Found for url: https://site.web.api.espn.com/apis/common/v3/sports/football/college-football/athletes/5564/stats?region=us&lang=en&contentorigin=espn
5739,Jonathan Smith,,NFL_id,5739,fetch_failed: RuntimeError: fetch_failed after 3 attempts: 404 Client Error: Not Found for url: https://site.web.api.espn.com/apis/common/v3/sports/football/college-football/athletes/5739/stats?region=us&lang=en&contentorigin=espn
5598,Keith Smith,,NFL_id,5598,fetch_failed: RuntimeError: fetch_failed after 3 attempts: 404 Client Error: Not Found for url: https://site.web.api.espn.com/apis/common/v3/sports/football/college-football/athletes/5598/stats?region=us&lang=en&contentorigin=espn
5543,Will Smith,,NFL_id,5543,fetch_failed: RuntimeError: fetch_failed after 3 attempts: 404 Client Error: Not Found for url: https://site.web.api.espn.com/apis/common/v3/sports/football/college-football/athletes/5543/stats?region=us&lang=en&contentorigin=espn
5559,Chris Snee,,NFL_id,5559,fetch_failed: RuntimeError: fetch_failed after 3 attempts: 404 Client Error: Not Found for url: https://site.web.api.espn.com/apis/common/v3/sports/football/college-football/athletes/5559/stats?region=us&lang=en&contentorigin=espn
5629,Isaac Sopoaga,,NFL_id,5629,fetch_failed: RuntimeError: fetch_failed after 3 attempts: 404 Client Error: Not Found for url: https://site.web.api.espn.com/apis/common/v3/sports/football/college-football/athletes/5629/stats?region=us&lang=en&contentorigin=espn
5707,Cody Spencer,,NFL_id,5707,fetch_failed: RuntimeError: fetch_failed after 3 attempts: 404 Client Error: Not Found for url: https://site.web.api.espn.com/apis/common/v3/sports/football/college-football/athletes/5707/stats?region=us&lang=en&contentorigin=espn
5600,Max Starks,,NFL_id,5600,fetch_failed: RuntimeError: fetch_failed after 3 attempts: 404 Client Error: Not Found for url: https://site.web.api.espn.com/apis/common/v3/sports/football/college-football/athletes/5600/stats?region=us&lang=en&contentorigin=espn
5596,Randy Starks,,NFL_id,5596,fetch_failed: RuntimeError: fetch_failed after 3 attempts: 404 Client Error: Not Found for url: https://site.web.api.espn.com/apis/common/v3/sports/football/college-football/athletes/5596/stats?region=us&lang=en&contentorigin=espn
5601,Derrick Strait,,NFL_id,5601,fetch_failed: RuntimeError: fetch_failed after 3 attempts: 404 Client Error: Not Found for url: https://site.web.api.espn.com/apis/common/v3/sports/football/college-football/athletes/5601/stats?region=us&lang=en&contentorigin=espn
5687,Thomas Tapeh,,NFL_id,5687,fetch_failed: RuntimeError: fetch_failed after 3 attempts: 404 Client Error: Not Found for url: https://site.web.api.espn.com/apis/common/v3/sports/football/college-football/athletes/5687/stats?region=us&lang=en&contentorigin=espn
5693,Jamaar Taylor,,NFL_id,5693,fetch_failed: RuntimeError: fetch_failed after 3 attempts: 404 Client Error: Not Found for url: https://site.web.api.espn.com/apis/common/v3/sports/football/college-football/athletes/5693/stats?region=us&lang=en&contentorigin=espn
5530,Sean Taylor,,NFL_id,5530,fetch_failed: RuntimeError: fetch_failed after 3 attempts: 404 Client Error: Not Found for url: https://site.web.api.espn.com/apis/common/v3/sports/football/college-football/athletes/5530/stats?region=us&lang=en&contentorigin=espn
5714,Craig Terrill,,NFL_id,5714,fetch_failed: RuntimeError: fetch_failed after 3 attempts: 404 Client Error: Not Found for url: https://site.web.api.espn.com/apis/common/v3/sports/football/college-football/athletes/5714/stats?region=us&lang=en&contentorigin=espn
5573,Dontarrious Thomas,,NFL_id,5573,fetch_failed: RuntimeError: fetch_failed after 3 attempts: 404 Client Error: Not Found for url: https://site.web.api.espn.com/apis/common/v3/sports/football/college-football/athletes/5573/stats?region=us&lang=en&contentorigin=espn
5595,Joey Thomas,,NFL_id,5595,fetch_failed: RuntimeError: fetch_failed after 3 attempts: 404 Client Error: Not Found for url: https://site.web.api.espn.com/apis/common/v3/sports/football/college-football/athletes/5595/stats?region=us&lang=en&contentorigin=espn
5736,Sloan Thomas,,NFL_id,5736,fetch_failed: RuntimeError: fetch_failed after 3 attempts: 404 Client Error: Not Found for url: https://site.web.api.espn.com/apis/common/v3/sports/football/college-football/athletes/5736/stats?region=us&lang=en&contentorigin=espn
5675,Chris Thompson,,NFL_id,5675,fetch_failed: RuntimeError: fetch_failed after 3 attempts: 404 Client Error: Not Found for url: https://site.web.api.espn.com/apis/common/v3/sports/football/college-football/athletes/5675/stats?region=us&lang=en&contentorigin=espn
5646,Bruce Thornton,,NFL_id,5646,fetch_failed: RuntimeError: fetch_failed after 3 attempts: 404 Client Error: Not Found for url: https://site.web.api.espn.com/apis/common/v3/sports/football/college-football/athletes/5646/stats?region=us&lang=en&contentorigin=espn
5622,Reggie Torbor,,NFL_id,5622,fetch_failed: RuntimeError: fetch_failed after 3 attempts: 404 Client Error: Not Found for url: https://site.web.api.espn.com/apis/common/v3/sports/football/college-football/athletes/5622/stats?region=us&lang=en&contentorigin=espn
5565,Ben Troupe,,NFL_id,5565,fetch_failed: RuntimeError: fetch_failed after 3 attempts: 404 Client Error: Not Found for url: https://site.web.api.espn.com/apis/common/v3/sports/football/college-football/athletes/5565/stats?region=us&lang=en&contentorigin=espn
5548,Marcus Tubbs,,NFL_id,5548,fetch_failed: RuntimeError: fetch_failed after 3 attempts: 404 Client Error: Not Found for url: https://site.web.api.espn.com/apis/common/v3/sports/football/college-football/athletes/5548/stats?region=us&lang=en&contentorigin=espn
5721,Sean Tufts,,NFL_id,5721,fetch_failed: RuntimeError: fetch_failed after 3 attempts: 404 Client Error: Not Found for url: https://site.web.api.espn.com/apis/common/v3/sports/football/college-football/athletes/5721/stats?region=us&lang=en&contentorigin=espn
5679,Michael Turner,,NFL_id,5679,fetch_failed: RuntimeError: fetch_failed after 3 attempts: 404 Client Error: Not Found for url: https://site.web.api.espn.com/apis/common/v3/sports/football/college-football/athletes/5679/stats?region=us&lang=en&contentorigin=espn
5545,Kenechi Udeze,,NFL_id,5545,fetch_failed: RuntimeError: fetch_failed after 3 attempts: 404 Client Error: Not Found for url: https://site.web.api.espn.com/apis/common/v3/sports/football/college-football/athletes/5545/stats?region=us&lang=en&contentorigin=espn
5635,Nathan Vasher,,NFL_id,5635,fetch_failed: RuntimeError: fetch_failed after 3 attempts: 404 Client Error: Not Found for url: https://site.web.api.espn.com/apis/common/v3/sports/football/college-football/athletes/5635/stats?region=us&lang=en&contentorigin=espn
5537,Jonathan Vilma,,NFL_id,5537,fetch_failed: RuntimeError: fetch_failed after 3 attempts: 404 Client Error: Not Found for url: https://site.web.api.espn.com/apis/common/v3/sports/football/college-football/athletes/5537/stats?region=us&lang=en&contentorigin=espn
5649,Michael Waddell,,NFL_id,5649,fetch_failed: RuntimeError: fetch_failed after 3 attempts: 404 Client Error: Not Found for url: https://site.web.api.espn.com/apis/common/v3/sports/football/college-football/athletes/5649/stats?region=us&lang=en&contentorigin=espn
5614,Matt Ware,,NFL_id,5614,fetch_failed: RuntimeError: fetch_failed after 3 attempts: 404 Client Error: Not Found for url: https://site.web.api.espn.com/apis/common/v3/sports/football/college-football/athletes/5614/stats?region=us&lang=en&contentorigin=espn
5761,Rashad Washington,,NFL_id,5761,fetch_failed: RuntimeError: fetch_failed after 3 attempts: 404 Client Error: Not Found for url: https://site.web.api.espn.com/apis/common/v3/sports/football/college-football/athletes/5761/stats?region=us&lang=en&contentorigin=espn
5585,Courtney Watson,,NFL_id,5585,fetch_failed: RuntimeError: fetch_failed after 3 attempts: 404 Client Error: Not Found for url: https://site.web.api.espn.com/apis/common/v3/sports/football/college-football/athletes/5585/stats?region=us&lang=en&contentorigin=espn
5579,Darius Watts,,NFL_id,5579,fetch_failed: RuntimeError: fetch_failed after 3 attempts: 404 Client Error: Not Found for url: https://site.web.api.espn.com/apis/common/v3/sports/football/college-football/athletes/5579/stats?region=us&lang=en&contentorigin=espn
5776,Scott Wells,,NFL_id,5776,fetch_failed: RuntimeError: fetch_failed after 3 attempts: 404 Client Error: Not Found for url: https://site.web.api.espn.com/apis/common/v3/sports/football/college-football/athletes/5776/stats?region=us&lang=en&contentorigin=espn
5619,Travelle Wharton,,NFL_id,5619,fetch_failed: RuntimeError: fetch_failed after 3 attempts: 404 Client Error: Not Found for url: https://site.web.api.espn.com/apis/common/v3/sports/football/college-football/athletes/5619/stats?region=us&lang=en&contentorigin=espn
5645,Ernest Wilford,,NFL_id,5645,fetch_failed: RuntimeError: fetch_failed after 3 attempts: 404 Client Error: Not Found for url: https://site.web.api.espn.com/apis/common/v3/sports/football/college-football/athletes/5645/stats?region=us&lang=en&contentorigin=espn
5546,Vince Wilfork,,NFL_id,5546,fetch_failed: RuntimeError: fetch_failed after 3 attempts: 404 Client Error: Not Found for url: https://site.web.api.espn.com/apis/common/v3/sports/football/college-football/athletes/5546/stats?region=us&lang=en&contentorigin=espn
5704,Corey Williams,,NFL_id,5704,fetch_failed: RuntimeError: fetch_failed after 3 attempts: 404 Client Error: Not Found for url: https://site.web.api.espn.com/apis/common/v3/sports/football/college-football/athletes/5704/stats?region=us&lang=en&contentorigin=espn
5542,D.J. Williams,,NFL_id,5542,fetch_failed: RuntimeError: fetch_failed after 3 attempts: 404 Client Error: Not Found for url: https://site.web.api.espn.com/apis/common/v3/sports/football/college-football/athletes/5542/stats?region=us&lang=en&contentorigin=espn
5626,Demorrio Williams,,NFL_id,5626,fetch_failed: RuntimeError: fetch_failed after 3 attempts: 404 Client Error: Not Found for url: https://site.web.api.espn.com/apis/common/v3/sports/football/college-football/athletes/5626/stats?region=us&lang=en&contentorigin=espn
5581,Madieu Williams,,NFL_id,5581,fetch_failed: RuntimeError: fetch_failed after 3 attempts: 404 Client Error: Not Found for url: https://site.web.api.espn.com/apis/common/v3/sports/football/college-football/athletes/5581/stats?region=us&lang=en&contentorigin=espn
5534,Reggie Williams,,NFL_id,5534,fetch_failed: RuntimeError: fetch_failed after 3 attempts: 404 Client Error: Not Found for url: https://site.web.api.espn.com/apis/common/v3/sports/football/college-football/athletes/5534/stats?region=us&lang=en&contentorigin=espn
5532,Roy Williams,,NFL_id,5532,fetch_failed: RuntimeError: fetch_failed after 3 attempts: 404 Client Error: Not Found for url: https://site.web.api.espn.com/apis/common/v3/sports/football/college-football/athletes/5532/stats?region=us&lang=en&contentorigin=espn
5661,Gibril Wilson,,NFL_id,5661,fetch_failed: RuntimeError: fetch_failed after 3 attempts: 404 Client Error: Not Found for url: https://site.web.api.espn.com/apis/common/v3/sports/football/college-football/athletes/5661/stats?region=us&lang=en&contentorigin=espn
5587,Kris Wilson,,NFL_id,5587,fetch_failed: RuntimeError: fetch_failed after 3 attempts: 404 Client Error: Not Found for url: https://site.web.api.espn.com/apis/common/v3/sports/football/college-football/athletes/5587/stats?region=us&lang=en&contentorigin=espn
5744,Quincy Wilson,,NFL_id,5744,fetch_failed: RuntimeError: fetch_failed after 3 attempts: 404 Client Error: Not Found for url: https://site.web.api.espn.com/apis/common/v3/sports/football/college-football/athletes/5744/stats?region=us&lang=en&contentorigin=espn
9664,Travis Wilson,,NFL_id,9664,fetch_failed: RuntimeError: fetch_failed after 3 attempts: 404 Client Error: Not Found for url: https://site.web.api.espn.com/apis/common/v3/sports/football/college-football/athletes/9664/stats?region=us&lang=en&contentorigin=espn
5531,Kellen Winslow,,NFL_id,5531,fetch_failed: RuntimeError: fetch_failed after 3 attempts: 404 Client Error: Not Found for url: https://site.web.api.espn.com/apis/common/v3/sports/football/college-football/athletes/5531/stats?region=us&lang=en&contentorigin=espn
5556,Rashaun Woods,,NFL_id,5556,fetch_failed: RuntimeError: fetch_failed after 3 attempts: 404 Client Error: Not Found for url: https://site.web.api.espn.com/apis/common/v3/sports/football/college-football/athletes/5556/stats?region=us&lang=en&contentorigin=espn
5717,Dexter Wynn,,NFL_id,5717,fetch_failed: RuntimeError: fetch_failed after 3 attempts: 404 Client Error: Not Found for url: https://site.web.api.espn.com/apis/common/v3/sports/football/college-football/athletes/5717/stats?region=us&lang=en&contentorigin=espn
8645,Hamza Abdullah,,NFL_id,8645,fetch_failed: RuntimeError: fetch_failed after 3 attempts: 404 Client Error: Not Found for url: https://site.web.api.espn.com/apis/common/v3/sports/football/college-football/athletes/8645/stats?region=us&lang=en&contentorigin=espn
8627,Derek Anderson,,NFL_id,8627,fetch_failed: RuntimeError: fetch_failed after 3 attempts: 404 Client Error: Not Found for url: https://site.web.api.espn.com/apis/common/v3/sports/football/college-football/athletes/8627/stats?region=us&lang=en&contentorigin=espn
8458,J.J. Arrington,,NFL_id,8458,fetch_failed: RuntimeError: fetch_failed after 3 attempts: 404 Client Error: Not Found for url: https://site.web.api.espn.com/apis/common/v3/sports/football/college-football/athletes/8458/stats?region=us&lang=en&contentorigin=espn
8447,David Baas,,NFL_id,8447,fetch_failed: RuntimeError: fetch_failed after 3 attempts: 404 Client Error: Not Found for url: https://site.web.api.espn.com/apis/common/v3/sports/football/college-football/athletes/8447/stats?region=us&lang=en&contentorigin=espn
8473,Jonathan Babineaux,,NFL_id,8473,fetch_failed: RuntimeError: fetch_failed after 3 attempts: 404 Client Error: Not Found for url: https://site.web.api.espn.com/apis/common/v3/sports/football/college-football/athletes/8473/stats?region=us&lang=en&contentorigin=espn
8663,Billy Bajema,,NFL_id,8663,fetch_failed: RuntimeError: fetch_failed after 3 attempts: 404 Client Error: Not Found for url: https://site.web.api.espn.com/apis/common/v3/sports/football/college-football/athletes/8663/stats?region=us&lang=en&contentorigin=espn
8523,Marion Barber,,NFL_id,8523,fetch_failed: RuntimeError: fetch_failed after 3 attempts: 404 Client Error: Not Found for url: https://site.web.api.espn.com/apis/common/v3/sports/football/college-football/athletes/8523/stats?region=us&lang=en&contentorigin=espn
8466,Khalif Barnes,,NFL_id,8466,fetch_failed: RuntimeError: fetch_failed after 3 attempts: 404 Client Error: Not Found for url: https://site.web.api.espn.com/apis/common/v3/sports/football/college-football/athletes/8466/stats?region=us&lang=en&contentorigin=espn
8434,Alex Barron,,NFL_id,8434,fetch_failed: RuntimeError: fetch_failed after 3 attempts: 404 Client Error: Not Found for url: https://site.web.api.espn.com/apis/common/v3/sports/football/college-football/athletes/8434/stats?region=us&lang=en&contentorigin=espn
8504,Jordan Beck,,NFL_id,8504,fetch_failed: RuntimeError: fetch_failed after 3 attempts: 404 Client Error: Not Found for url: https://site.web.api.espn.com/apis/common/v3/sports/football/college-football/athletes/8504/stats?region=us&lang=en&contentorigin=espn
8419,Cedric Benson,,NFL_id,8419,fetch_failed: RuntimeError: fetch_failed after 3 attempts: 404 Client Error: Not Found for url: https://site.web.api.espn.com/apis/common/v3/sports/football/college-football/athletes/8419/stats?region=us&lang=en&contentorigin=espn
8509,Darryl Blackstock,,NFL_id,8509,fetch_failed: RuntimeError: fetch_failed after 3 attempts: 404 Client Error: Not Found for url: https://site.web.api.espn.com/apis/common/v3/sports/football/college-football/athletes/8509/stats?region=us&lang=en&contentorigin=espn
8574,Michael Boley,,NFL_id,8574,fetch_failed: RuntimeError: fetch_failed after 3 attempts: 404 Client Error: Not Found for url: https://site.web.api.espn.com/apis/common/v3/sports/football/college-football/athletes/8574/stats?region=us&lang=en&contentorigin=espn
8453,Mark Bradley,,NFL_id,8453,fetch_failed: RuntimeError: fetch_failed after 3 attempts: 404 Client Error: Not Found for url: https://site.web.api.espn.com/apis/common/v3/sports/football/college-football/athletes/8453/stats?region=us&lang=en&contentorigin=espn
8578,Wesley Britt,,NFL_id,8578,fetch_failed: RuntimeError: fetch_failed after 3 attempts: 404 Client Error: Not Found for url: https://site.web.api.espn.com/apis/common/v3/sports/football/college-football/athletes/8578/stats?region=us&lang=en&contentorigin=espn
8636,Nehemiah Broughton,,NFL_id,8636,fetch_failed: RuntimeError: fetch_failed after 3 attempts: 404 Client Error: Not Found for url: https://site.web.api.espn.com/apis/common/v3/sports/football/college-football/athletes/8636/stats?region=us&lang=en&contentorigin=espn
8525,Elton Brown,,NFL_id,8525,fetch_failed: RuntimeError: fetch_failed after 3 attempts: 404 Client Error: Not Found for url: https://site.web.api.espn.com/apis/common/v3/sports/football/college-football/athletes/8525/stats?region=us&lang=en&contentorigin=espn
8538,Jason Brown,,NFL_id,8538,fetch_failed: RuntimeError: fetch_failed after 3 attempts: 404 Client Error: Not Found for url: https://site.web.api.espn.com/apis/common/v3/sports/football/college-football/athletes/8538/stats?region=us&lang=en&contentorigin=espn
8428,Jammal Brown,,NFL_id,8428,fetch_failed: RuntimeError: fetch_failed after 3 attempts: 404 Client Error: Not Found for url: https://site.web.api.espn.com/apis/common/v3/sports/football/college-football/athletes/8428/stats?region=us&lang=en&contentorigin=espn
8449,Reggie Brown,,NFL_id,8449,fetch_failed: RuntimeError: fetch_failed after 3 attempts: 404 Client Error: Not Found for url: https://site.web.api.espn.com/apis/common/v3/sports/football/college-football/athletes/8449/stats?region=us&lang=en&contentorigin=espn
8417,Ronnie Brown,,NFL_id,8417,fetch_failed: RuntimeError: fetch_failed after 3 attempts: 404 Client Error: Not Found for url: https://site.web.api.espn.com/apis/common/v3/sports/football/college-football/athletes/8417/stats?region=us&lang=en&contentorigin=espn
8592,Anthony Bryant,,NFL_id,8592,fetch_failed: RuntimeError: fetch_failed after 3 attempts: 404 Client Error: Not Found for url: https://site.web.api.espn.com/apis/common/v3/sports/football/college-football/athletes/8592/stats?region=us&lang=en&contentorigin=espn
8521,Dan Buenning,,NFL_id,8521,fetch_failed: RuntimeError: fetch_failed after 3 attempts: 404 Client Error: Not Found for url: https://site.web.api.espn.com/apis/common/v3/sports/football/college-football/athletes/8521/stats?region=us&lang=en&contentorigin=espn
8454,Josh Bullocks,,NFL_id,8454,fetch_failed: RuntimeError: fetch_failed after 3 attempts: 404 Client Error: Not Found for url: https://site.web.api.espn.com/apis/common/v3/sports/football/college-football/athletes/8454/stats?region=us&lang=en&contentorigin=espn
8456,Kevin Burnett,,NFL_id,8456,fetch_failed: RuntimeError: fetch_failed after 3 attempts: 404 Client Error: Not Found for url: https://site.web.api.espn.com/apis/common/v3/sports/football/college-football/athletes/8456/stats?region=us&lang=en&contentorigin=espn
8440,Jason Campbell,,NFL_id,8440,fetch_failed: RuntimeError: fetch_failed after 3 attempts: 404 Client Error: Not Found for url: https://site.web.api.espn.com/apis/common/v3/sports/football/college-football/athletes/8440/stats?region=us&lang=en&contentorigin=espn
8546,Chris Canty,,NFL_id,8546,fetch_failed: RuntimeError: fetch_failed after 3 attempts: 404 Client Error: Not Found for url: https://site.web.api.espn.com/apis/common/v3/sports/football/college-football/athletes/8546/stats?region=us&lang=en&contentorigin=espn
10417,Jerome Carter,,NFL_id,10417,fetch_failed: RuntimeError: fetch_failed after 3 attempts: 404 Client Error: Not Found for url: https://site.web.api.espn.com/apis/common/v3/sports/football/college-football/athletes/10417/stats?region=us&lang=en&contentorigin=espn
8443,Luis Castillo,,NFL_id,8443,fetch_failed: RuntimeError: fetch_failed after 3 attempts: 404 Client Error: Not Found for url: https://site.web.api.espn.com/apis/common/v3/sports/football/college-football/athletes/8443/stats?region=us&lang=en&contentorigin=espn
8437,Mark Clayton,,NFL_id,8437,fetch_failed: RuntimeError: fetch_failed after 3 attempts: 404 Client Error: Not Found for url: https://site.web.api.espn.com/apis/common/v3/sports/football/college-football/athletes/8437/stats?region=us&lang=en&contentorigin=espn
8615,DeAndra Cobb,,NFL_id,8615,fetch_failed: RuntimeError: fetch_failed after 3 attempts: 404 Client Error: Not Found for url: https://site.web.api.espn.com/apis/common/v3/sports/football/college-football/athletes/8615/stats?region=us&lang=en&contentorigin=espn
8467,Dan Cody,,NFL_id,8467,fetch_failed: RuntimeError: fetch_failed after 3 attempts: 404 Client Error: Not Found for url: https://site.web.api.espn.com/apis/common/v3/sports/football/college-football/athletes/8467/stats?region=us&lang=en&contentorigin=espn
8451,Shaun Cody,,NFL_id,8451,fetch_failed: RuntimeError: fetch_failed after 3 attempts: 404 Client Error: Not Found for url: https://site.web.api.espn.com/apis/common/v3/sports/football/college-football/athletes/8451/stats?region=us&lang=en&contentorigin=espn
8560,Trent Cole,,NFL_id,8560,fetch_failed: RuntimeError: fetch_failed after 3 attempts: 404 Client Error: Not Found for url: https://site.web.api.espn.com/apis/common/v3/sports/football/college-football/athletes/8560/stats?region=us&lang=en&contentorigin=espn
8465,Nick Collins,,NFL_id,8465,fetch_failed: RuntimeError: fetch_failed after 3 attempts: 404 Client Error: Not Found for url: https://site.web.api.espn.com/apis/common/v3/sports/football/college-football/athletes/8465/stats?region=us&lang=en&contentorigin=espn
8513,Dustin Colquitt,,NFL_id,8513,fetch_failed: RuntimeError: fetch_failed after 3 attempts: 404 Client Error: Not Found for url: https://site.web.api.espn.com/apis/common/v3/sports/football/college-football/athletes/8513/stats?region=us&lang=en&contentorigin=espn
8516,Sean Considine,,NFL_id,8516,fetch_failed: RuntimeError: fetch_failed after 3 attempts: 404 Client Error: Not Found for url: https://site.web.api.espn.com/apis/common/v3/sports/football/college-football/athletes/8516/stats?region=us&lang=en&contentorigin=espn
8484,Channing Crowder,,NFL_id,8484,fetch_failed: RuntimeError: fetch_failed after 3 attempts: 404 Client Error: Not Found for url: https://site.web.api.espn.com/apis/common/v3/sports/football/college-football/athletes/8484/stats?region=us&lang=en&contentorigin=espn
8518,Travis Daniels,,NFL_id,8518,fetch_failed: RuntimeError: fetch_failed after 3 attempts: 404 Client Error: Not Found for url: https://site.web.api.espn.com/apis/common/v3/sports/football/college-football/athletes/8518/stats?region=us&lang=en&contentorigin=espn
8542,Chauncey Davis,,NFL_id,8542,fetch_failed: RuntimeError: fetch_failed after 3 attempts: 404 Client Error: Not Found for url: https://site.web.api.espn.com/apis/common/v3/sports/football/college-football/athletes/8542/stats?region=us&lang=en&contentorigin=espn
8429,Thomas Davis,,NFL_id,8429,fetch_failed: RuntimeError: fetch_failed after 3 attempts: 404 Client Error: Not Found for url: https://site.web.api.espn.com/apis/common/v3/sports/football/college-football/athletes/8429/stats?region=us&lang=en&contentorigin=espn
8612,Joel Dreessen,,NFL_id,8612,fetch_failed: RuntimeError: fetch_failed after 3 attempts: 404 Client Error: Not Found for url: https://site.web.api.espn.com/apis/common/v3/sports/football/college-football/athletes/8612/stats?region=us&lang=en&contentorigin=espn
8418,Braylon Edwards,,NFL_id,8418,fetch_failed: RuntimeError: fetch_failed after 3 attempts: 404 Client Error: Not Found for url: https://site.web.api.espn.com/apis/common/v3/sports/football/college-football/athletes/8418/stats?region=us&lang=en&contentorigin=espn
8585,Ben Emanuel,,NFL_id,8585,fetch_failed: RuntimeError: fetch_failed after 3 attempts: 404 Client Error: Not Found for url: https://site.web.api.espn.com/apis/common/v3/sports/football/college-football/athletes/8585/stats?region=us&lang=en&contentorigin=espn
8500,Kevin Everett,,NFL_id,8500,fetch_failed: RuntimeError: fetch_failed after 3 attempts: 404 Client Error: Not Found for url: https://site.web.api.espn.com/apis/common/v3/sports/football/college-football/athletes/8500/stats?region=us&lang=en&contentorigin=espn
8526,Ciatrick Fason,,NFL_id,8526,fetch_failed: RuntimeError: fetch_failed after 3 attempts: 404 Client Error: Not Found for url: https://site.web.api.espn.com/apis/common/v3/sports/football/college-football/athletes/8526/stats?region=us&lang=en&contentorigin=espn
8551,Ronald Fields,,NFL_id,8551,fetch_failed: RuntimeError: fetch_failed after 3 attempts: 404 Client Error: Not Found for url: https://site.web.api.espn.com/apis/common/v3/sports/football/college-football/athletes/8551/stats?region=us&lang=en&contentorigin=espn
8496,Alfred Fincher,,NFL_id,8496,fetch_failed: RuntimeError: fetch_failed after 3 attempts: 404 Client Error: Not Found for url: https://site.web.api.espn.com/apis/common/v3/sports/football/college-football/athletes/8496/stats?region=us&lang=en&contentorigin=espn
8664,Ryan Fitzpatrick,,NFL_id,8664,fetch_failed: RuntimeError: fetch_failed after 3 attempts: 404 Client Error: Not Found for url: https://site.web.api.espn.com/apis/common/v3/sports/football/college-football/athletes/8664/stats?region=us&lang=en&contentorigin=espn
8494,Dustin Fox,,NFL_id,8494,fetch_failed: RuntimeError: fetch_failed after 3 attempts: 404 Client Error: Not Found for url: https://site.web.api.espn.com/apis/common/v3/sports/football/college-football/athletes/8494/stats?region=us&lang=en&contentorigin=espn
8511,Domonique Foxworth,,NFL_id,8511,fetch_failed: RuntimeError: fetch_failed after 3 attempts: 404 Client Error: Not Found for url: https://site.web.api.espn.com/apis/common/v3/sports/football/college-football/athletes/8511/stats?region=us&lang=en&contentorigin=espn
8481,Charlie Frye,,NFL_id,8481,fetch_failed: RuntimeError: fetch_failed after 3 attempts: 404 Client Error: Not Found for url: https://site.web.api.espn.com/apis/common/v3/sports/football/college-football/athletes/8481/stats?region=us&lang=en&contentorigin=espn
8522,Vincent Fuller,,NFL_id,8522,fetch_failed: RuntimeError: fetch_failed after 3 attempts: 404 Client Error: Not Found for url: https://site.web.api.espn.com/apis/common/v3/sports/football/college-football/athletes/8522/stats?region=us&lang=en&contentorigin=espn
8543,Dylan Gandy,,NFL_id,8543,fetch_failed: RuntimeError: fetch_failed after 3 attempts: 404 Client Error: Not Found for url: https://site.web.api.espn.com/apis/common/v3/sports/football/college-football/athletes/8543/stats?region=us&lang=en&contentorigin=espn
8533,Eric Ghiaciuc,,NFL_id,8533,fetch_failed: RuntimeError: fetch_failed after 3 attempts: 404 Client Error: Not Found for url: https://site.web.api.espn.com/apis/common/v3/sports/football/college-football/athletes/8533/stats?region=us&lang=en&contentorigin=espn
8479,Frank Gore,,NFL_id,8479,fetch_failed: RuntimeError: fetch_failed after 3 attempts: 404 Client Error: Not Found for url: https://site.web.api.espn.com/apis/common/v3/sports/football/college-football/athletes/8479/stats?region=us&lang=en&contentorigin=espn
8489,Eric Green,,NFL_id,8489,fetch_failed: RuntimeError: fetch_failed after 3 attempts: 404 Client Error: Not Found for url: https://site.web.api.espn.com/apis/common/v3/sports/football/college-football/athletes/8489/stats?region=us&lang=en&contentorigin=espn
8572,Justin Green,,NFL_id,8572,fetch_failed: RuntimeError: fetch_failed after 3 attempts: 404 Client Error: Not Found for url: https://site.web.api.espn.com/apis/common/v3/sports/football/college-football/athletes/8572/stats?region=us&lang=en&contentorigin=espn
8552,Boomer Grigsby,,NFL_id,8552,fetch_failed: RuntimeError: fetch_failed after 3 attempts: 404 Client Error: Not Found for url: https://site.web.api.espn.com/apis/common/v3/sports/football/college-football/athletes/8552/stats?region=us&lang=en&contentorigin=espn
8587,Tyjuan Hagler,,NFL_id,8587,fetch_failed: RuntimeError: fetch_failed after 3 attempts: 404 Client Error: Not Found for url: https://site.web.api.espn.com/apis/common/v3/sports/football/college-football/athletes/8587/stats?region=us&lang=en&contentorigin=espn
8583,Geoff Hangartner,,NFL_id,8583,fetch_failed: RuntimeError: fetch_failed after 3 attempts: 404 Client Error: Not Found for url: https://site.web.api.espn.com/apis/common/v3/sports/football/college-football/athletes/8583/stats?region=us&lang=en&contentorigin=espn
8589,Anttaj Hawthorne,,NFL_id,8589,fetch_failed: RuntimeError: fetch_failed after 3 attempts: 404 Client Error: Not Found for url: https://site.web.api.espn.com/apis/common/v3/sports/football/college-football/athletes/8589/stats?region=us&lang=en&contentorigin=espn
8474,Kelvin Hayden,,NFL_id,8474,fetch_failed: RuntimeError: fetch_failed after 3 attempts: 404 Client Error: Not Found for url: https://site.web.api.espn.com/apis/common/v3/sports/football/college-football/athletes/8474/stats?region=us&lang=en&contentorigin=espn
8603,Jovan Haye,,NFL_id,8603,fetch_failed: RuntimeError: fetch_failed after 3 attempts: 404 Client Error: Not Found for url: https://site.web.api.espn.com/apis/common/v3/sports/football/college-football/athletes/8603/stats?region=us&lang=en&contentorigin=espn
8665,Madison Hedgecock,,NFL_id,8665,fetch_failed: RuntimeError: fetch_failed after 3 attempts: 404 Client Error: Not Found for url: https://site.web.api.espn.com/apis/common/v3/sports/football/college-football/athletes/8665/stats?region=us&lang=en&contentorigin=espn
8497,Chris Henry,,NFL_id,8497,fetch_failed: RuntimeError: fetch_failed after 3 attempts: 404 Client Error: Not Found for url: https://site.web.api.espn.com/apis/common/v3/sports/football/college-football/athletes/8497/stats?region=us&lang=en&contentorigin=espn
8658,Noah Herron,,NFL_id,8658,fetch_failed: RuntimeError: fetch_failed after 3 attempts: 404 Client Error: Not Found for url: https://site.web.api.espn.com/apis/common/v3/sports/football/college-football/athletes/8658/stats?region=us&lang=en&contentorigin=espn
8512,Leroy Hill,,NFL_id,8512,fetch_failed: RuntimeError: fetch_failed after 3 attempts: 404 Client Error: Not Found for url: https://site.web.api.espn.com/apis/common/v3/sports/football/college-football/athletes/8512/stats?region=us&lang=en&contentorigin=espn
8498,Ellis Hobbs,,NFL_id,8498,fetch_failed: RuntimeError: fetch_failed after 3 attempts: 404 Client Error: Not Found for url: https://site.web.api.espn.com/apis/common/v3/sports/football/college-football/athletes/8498/stats?region=us&lang=en&contentorigin=espn
8624,Reggie Hodges,,NFL_id,8624,fetch_failed: RuntimeError: fetch_failed after 3 attempts: 404 Client Error: Not Found for url: https://site.web.api.espn.com/apis/common/v3/sports/football/college-football/athletes/8624/stats?region=us&lang=en&contentorigin=espn
8629,Daven Holly,,NFL_id,8629,fetch_failed: RuntimeError: fetch_failed after 3 attempts: 404 Client Error: Not Found for url: https://site.web.api.espn.com/apis/common/v3/sports/football/college-football/athletes/8629/stats?region=us&lang=en&contentorigin=espn
8596,Cedric Houston,,NFL_id,8596,fetch_failed: RuntimeError: fetch_failed after 3 attempts: 404 Client Error: Not Found for url: https://site.web.api.espn.com/apis/common/v3/sports/football/college-football/athletes/8596/stats?region=us&lang=en&contentorigin=espn
8495,Richie Incognito,,NFL_id,8495,fetch_failed: RuntimeError: fetch_failed after 3 attempts: 404 Client Error: Not Found for url: https://site.web.api.espn.com/apis/common/v3/sports/football/college-football/athletes/8495/stats?region=us&lang=en&contentorigin=espn
6472,Marlin Jackson,,NFL_id,6472,fetch_failed: RuntimeError: fetch_failed after 3 attempts: 404 Client Error: Not Found for url: https://site.web.api.espn.com/apis/common/v3/sports/football/college-football/athletes/6472/stats?region=us&lang=en&contentorigin=espn
8475,Vincent Jackson,,NFL_id,8475,fetch_failed: RuntimeError: fetch_failed after 3 attempts: 404 Client Error: Not Found for url: https://site.web.api.espn.com/apis/common/v3/sports/football/college-football/athletes/8475/stats?region=us&lang=en&contentorigin=espn
8524,Brandon Jacobs,,NFL_id,8524,fetch_failed: RuntimeError: fetch_failed after 3 attempts: 404 Client Error: Not Found for url: https://site.web.api.espn.com/apis/common/v3/sports/football/college-football/athletes/8524/stats?region=us&lang=en&contentorigin=espn
8433,Erasmus James,,NFL_id,8433,fetch_failed: RuntimeError: fetch_failed after 3 attempts: 404 Client Error: Not Found for url: https://site.web.api.espn.com/apis/common/v3/sports/football/college-football/athletes/8433/stats?region=us&lang=en&contentorigin=espn
8607,Jason Jefferson,,NFL_id,8607,fetch_failed: RuntimeError: fetch_failed after 3 attempts: 404 Client Error: Not Found for url: https://site.web.api.espn.com/apis/common/v3/sports/football/college-football/athletes/8607/stats?region=us&lang=en&contentorigin=espn
8619,Derrick Johnson,,NFL_id,8619,fetch_failed: RuntimeError: fetch_failed after 3 attempts: 404 Client Error: Not Found for url: https://site.web.api.espn.com/apis/common/v3/sports/football/college-football/athletes/8619/stats?region=us&lang=en&contentorigin=espn
8430,Derrick Johnson,,NFL_id,8430,fetch_failed: RuntimeError: fetch_failed after 3 attempts: 404 Client Error: Not Found for url: https://site.web.api.espn.com/apis/common/v3/sports/football/college-football/athletes/8430/stats?region=us&lang=en&contentorigin=espn
8463,Marcus Johnson,,NFL_id,8463,fetch_failed: RuntimeError: fetch_failed after 3 attempts: 404 Client Error: Not Found for url: https://site.web.api.espn.com/apis/common/v3/sports/football/college-football/athletes/8463/stats?region=us&lang=en&contentorigin=espn
8431,Travis Johnson,,NFL_id,8431,fetch_failed: RuntimeError: fetch_failed after 3 attempts: 404 Client Error: Not Found for url: https://site.web.api.espn.com/apis/common/v3/sports/football/college-football/athletes/8431/stats?region=us&lang=en&contentorigin=espn
8510,Brandon Jones,,NFL_id,8510,fetch_failed: RuntimeError: fetch_failed after 3 attempts: 404 Client Error: Not Found for url: https://site.web.api.espn.com/apis/common/v3/sports/football/college-football/athletes/8510/stats?region=us&lang=en&contentorigin=espn
8436,Matt Jones,,NFL_id,8436,fetch_failed: RuntimeError: fetch_failed after 3 attempts: 404 Client Error: Not Found for url: https://site.web.api.espn.com/apis/common/v3/sports/football/college-football/athletes/8436/stats?region=us&lang=en&contentorigin=espn
8421,Adam Jones,,NFL_id,8421,fetch_failed: RuntimeError: fetch_failed after 3 attempts: 404 Client Error: Not Found for url: https://site.web.api.espn.com/apis/common/v3/sports/football/college-football/athletes/8421/stats?region=us&lang=en&contentorigin=espn
8618,Chris Kemoeatu,,NFL_id,8618,fetch_failed: RuntimeError: fetch_failed after 3 attempts: 404 Client Error: Not Found for url: https://site.web.api.espn.com/apis/common/v3/sports/football/college-football/athletes/8618/stats?region=us&lang=en&contentorigin=espn
8570,Eric King,,NFL_id,8570,fetch_failed: RuntimeError: fetch_failed after 3 attempts: 404 Client Error: Not Found for url: https://site.web.api.espn.com/apis/common/v3/sports/football/college-football/athletes/8570/stats?region=us&lang=en&contentorigin=espn
8446,Logan Mankins,,NFL_id,8446,fetch_failed: RuntimeError: fetch_failed after 3 attempts: 404 Client Error: Not Found for url: https://site.web.api.espn.com/apis/common/v3/sports/football/college-football/athletes/8446/stats?region=us&lang=en&contentorigin=espn
8588,Rasheed Marshall,,NFL_id,8588,fetch_failed: RuntimeError: fetch_failed after 3 attempts: 404 Client Error: Not Found for url: https://site.web.api.espn.com/apis/common/v3/sports/football/college-football/athletes/8588/stats?region=us&lang=en&contentorigin=espn
8528,Jerome Mathis,,NFL_id,8528,fetch_failed: RuntimeError: fetch_failed after 3 attempts: 404 Client Error: Not Found for url: https://site.web.api.espn.com/apis/common/v3/sports/football/college-football/athletes/8528/stats?region=us&lang=en&contentorigin=espn
8640,Leron McCoy,,NFL_id,8640,fetch_failed: RuntimeError: fetch_failed after 3 attempts: 404 Client Error: Not Found for url: https://site.web.api.espn.com/apis/common/v3/sports/football/college-football/athletes/8640/stats?region=us&lang=en&contentorigin=espn
8568,Robert McCune,,NFL_id,8568,fetch_failed: RuntimeError: fetch_failed after 3 attempts: 404 Client Error: Not Found for url: https://site.web.api.espn.com/apis/common/v3/sports/football/college-football/athletes/8568/stats?region=us&lang=en&contentorigin=espn
8476,Bryant McFadden,,NFL_id,8476,fetch_failed: RuntimeError: fetch_failed after 3 attempts: 404 Client Error: Not Found for url: https://site.web.api.espn.com/apis/common/v3/sports/football/college-football/athletes/8476/stats?region=us&lang=en&contentorigin=espn
8553,David McMillan,,NFL_id,8553,fetch_failed: RuntimeError: fetch_failed after 3 attempts: 404 Client Error: Not Found for url: https://site.web.api.espn.com/apis/common/v3/sports/football/college-football/athletes/8553/stats?region=us&lang=en&contentorigin=espn
8427,Shawne Merriman,,NFL_id,8427,fetch_failed: RuntimeError: fetch_failed after 3 attempts: 404 Client Error: Not Found for url: https://site.web.api.espn.com/apis/common/v3/sports/football/college-football/athletes/8427/stats?region=us&lang=en&contentorigin=espn
8444,Heath Miller,,NFL_id,8444,fetch_failed: RuntimeError: fetch_failed after 3 attempts: 404 Client Error: Not Found for url: https://site.web.api.espn.com/apis/common/v3/sports/football/college-football/athletes/8444/stats?region=us&lang=en&contentorigin=espn
8582,Lance Mitchell,,NFL_id,8582,fetch_failed: RuntimeError: fetch_failed after 3 attempts: 404 Client Error: Not Found for url: https://site.web.api.espn.com/apis/common/v3/sports/football/college-football/athletes/8582/stats?region=us&lang=en&contentorigin=espn
8491,Ryan Moats,,NFL_id,8491,fetch_failed: RuntimeError: fetch_failed after 3 attempts: 404 Client Error: Not Found for url: https://site.web.api.espn.com/apis/common/v3/sports/football/college-football/athletes/8491/stats?region=us&lang=en&contentorigin=espn
8600,Eric Moore,,NFL_id,8600,fetch_failed: RuntimeError: fetch_failed after 3 attempts: 404 Client Error: Not Found for url: https://site.web.api.espn.com/apis/common/v3/sports/football/college-football/athletes/8600/stats?region=us&lang=en&contentorigin=espn
8487,Vernand Morency,,NFL_id,8487,fetch_failed: RuntimeError: fetch_failed after 3 attempts: 404 Client Error: Not Found for url: https://site.web.api.espn.com/apis/common/v3/sports/football/college-football/athletes/8487/stats?region=us&lang=en&contentorigin=espn
8492,Kirk Morrison,,NFL_id,8492,fetch_failed: RuntimeError: fetch_failed after 3 attempts: 404 Client Error: Not Found for url: https://site.web.api.espn.com/apis/common/v3/sports/football/college-football/athletes/8492/stats?region=us&lang=en&contentorigin=espn
8605,C.J. Mosley,,NFL_id,8605,fetch_failed: RuntimeError: fetch_failed after 3 attempts: 404 Client Error: Not Found for url: https://site.web.api.espn.com/apis/common/v3/sports/football/college-football/athletes/8605/stats?region=us&lang=en&contentorigin=espn
8656,Scott Mruczkowski,,NFL_id,8656,fetch_failed: RuntimeError: fetch_failed after 3 attempts: 404 Client Error: Not Found for url: https://site.web.api.espn.com/apis/common/v3/sports/football/college-football/athletes/8656/stats?region=us&lang=en&contentorigin=espn
8472,Terrence Murphy,,NFL_id,8472,fetch_failed: RuntimeError: fetch_failed after 3 attempts: 404 Client Error: Not Found for url: https://site.web.api.espn.com/apis/common/v3/sports/football/college-football/athletes/8472/stats?region=us&lang=en&contentorigin=espn
8614,Chris Myers,,NFL_id,8614,fetch_failed: RuntimeError: fetch_failed after 3 attempts: 404 Client Error: Not Found for url: https://site.web.api.espn.com/apis/common/v3/sports/football/college-football/athletes/8614/stats?region=us&lang=en&contentorigin=espn
8555,Donte Nicholson,,NFL_id,8555,fetch_failed: RuntimeError: fetch_failed after 3 attempts: 404 Client Error: Not Found for url: https://site.web.api.espn.com/apis/common/v3/sports/football/college-football/athletes/8555/stats?region=us&lang=en&contentorigin=espn
8461,Mike Nugent,,NFL_id,8461,fetch_failed: RuntimeError: fetch_failed after 3 attempts: 404 Client Error: Not Found for url: https://site.web.api.espn.com/apis/common/v3/sports/football/college-football/athletes/8461/stats?region=us&lang=en&contentorigin=espn
8559,Dan Orlovsky,,NFL_id,8559,fetch_failed: RuntimeError: fetch_failed after 3 attempts: 404 Client Error: Not Found for url: https://site.web.api.espn.com/apis/common/v3/sports/football/college-football/athletes/8559/stats?region=us&lang=en&contentorigin=espn
8520,Kyle Orton,,NFL_id,8520,fetch_failed: RuntimeError: fetch_failed after 3 attempts: 404 Client Error: Not Found for url: https://site.web.api.espn.com/apis/common/v3/sports/football/college-football/athletes/8520/stats?region=us&lang=en&contentorigin=espn
8599,Chad Owens,,NFL_id,8599,fetch_failed: RuntimeError: fetch_failed after 3 attempts: 404 Client Error: Not Found for url: https://site.web.api.espn.com/apis/common/v3/sports/football/college-football/athletes/8599/stats?region=us&lang=en&contentorigin=espn
8469,Roscoe Parrish,,NFL_id,8469,fetch_failed: RuntimeError: fetch_failed after 3 attempts: 404 Client Error: Not Found for url: https://site.web.api.espn.com/apis/common/v3/sports/football/college-football/athletes/8469/stats?region=us&lang=en&contentorigin=espn
8445,Mike Patterson,,NFL_id,8445,fetch_failed: RuntimeError: fetch_failed after 3 attempts: 404 Client Error: Not Found for url: https://site.web.api.espn.com/apis/common/v3/sports/football/college-football/athletes/8445/stats?region=us&lang=en&contentorigin=espn
8490,Karl Paymah,,NFL_id,8490,fetch_failed: RuntimeError: fetch_failed after 3 attempts: 404 Client Error: Not Found for url: https://site.web.api.espn.com/apis/common/v3/sports/football/college-football/athletes/8490/stats?region=us&lang=en&contentorigin=espn
8541,Alvin Pearman,,NFL_id,8541,fetch_failed: RuntimeError: fetch_failed after 3 attempts: 404 Client Error: Not Found for url: https://site.web.api.espn.com/apis/common/v3/sports/football/college-football/athletes/8541/stats?region=us&lang=en&contentorigin=espn
8517,Antonio Perkins,,NFL_id,8517,fetch_failed: RuntimeError: fetch_failed after 3 attempts: 404 Client Error: Not Found for url: https://site.web.api.espn.com/apis/common/v3/sports/football/college-football/athletes/8517/stats?region=us&lang=en&contentorigin=espn
8604,Tab Perry,,NFL_id,8604,fetch_failed: RuntimeError: fetch_failed after 3 attempts: 404 Client Error: Not Found for url: https://site.web.api.espn.com/apis/common/v3/sports/football/college-football/athletes/8604/stats?region=us&lang=en&contentorigin=espn
8432,David Pollack,,NFL_id,8432,fetch_failed: RuntimeError: fetch_failed after 3 attempts: 404 Client Error: Not Found for url: https://site.web.api.espn.com/apis/common/v3/sports/football/college-football/athletes/8432/stats?region=us&lang=en&contentorigin=espn
8448,Brodney Pool,,NFL_id,8448,fetch_failed: RuntimeError: fetch_failed after 3 attempts: 404 Client Error: Not Found for url: https://site.web.api.espn.com/apis/common/v3/sports/football/college-football/athletes/8448/stats?region=us&lang=en&contentorigin=espn
8539,Brady Poppinga,,NFL_id,8539,fetch_failed: RuntimeError: fetch_failed after 3 attempts: 404 Client Error: Not Found for url: https://site.web.api.espn.com/apis/common/v3/sports/football/college-football/athletes/8539/stats?region=us&lang=en&contentorigin=espn
8536,Duke Preston,,NFL_id,8536,fetch_failed: RuntimeError: fetch_failed after 3 attempts: 404 Client Error: Not Found for url: https://site.web.api.espn.com/apis/common/v3/sports/football/college-football/athletes/8536/stats?region=us&lang=en&contentorigin=espn
8616,Dave Rayner,,NFL_id,8616,fetch_failed: RuntimeError: fetch_failed after 3 attempts: 404 Client Error: Not Found for url: https://site.web.api.espn.com/apis/common/v3/sports/football/college-football/athletes/8616/stats?region=us&lang=en&contentorigin=espn
8537,Kerry Rhodes,,NFL_id,8537,fetch_failed: RuntimeError: fetch_failed after 3 attempts: 404 Client Error: Not Found for url: https://site.web.api.espn.com/apis/common/v3/sports/football/college-football/athletes/8537/stats?region=us&lang=en&contentorigin=espn
8626,Ryan Riddle,,NFL_id,8626,fetch_failed: RuntimeError: fetch_failed after 3 attempts: 404 Client Error: Not Found for url: https://site.web.api.espn.com/apis/common/v3/sports/football/college-football/athletes/8626/stats?region=us&lang=en&contentorigin=espn
8482,Courtney Roby,,NFL_id,8482,fetch_failed: RuntimeError: fetch_failed after 3 attempts: 404 Client Error: Not Found for url: https://site.web.api.espn.com/apis/common/v3/sports/football/college-football/athletes/8482/stats?region=us&lang=en&contentorigin=espn
8439,Aaron Rodgers,,NFL_id,8439,fetch_failed: RuntimeError: fetch_failed after 3 attempts: 404 Client Error: Not Found for url: https://site.web.api.espn.com/apis/common/v3/sports/football/college-football/athletes/8439/stats?region=us&lang=en&contentorigin=espn
8424,Carlos Rogers,,NFL_id,8424,fetch_failed: RuntimeError: fetch_failed after 3 attempts: 404 Client Error: Not Found for url: https://site.web.api.espn.com/apis/common/v3/sports/football/college-football/athletes/8424/stats?region=us&lang=en&contentorigin=espn
8423,Antrel Rolle,,NFL_id,8423,fetch_failed: RuntimeError: fetch_failed after 3 attempts: 404 Client Error: Not Found for url: https://site.web.api.espn.com/apis/common/v3/sports/football/college-football/athletes/8423/stats?region=us&lang=en&contentorigin=espn
8455,Michael Roos,,NFL_id,8455,fetch_failed: RuntimeError: fetch_failed after 3 attempts: 404 Client Error: Not Found for url: https://site.web.api.espn.com/apis/common/v3/sports/football/college-football/athletes/8455/stats?region=us&lang=en&contentorigin=espn
8460,Matt Roth,,NFL_id,8460,fetch_failed: RuntimeError: fetch_failed after 3 attempts: 404 Client Error: Not Found for url: https://site.web.api.espn.com/apis/common/v3/sports/football/college-football/athletes/8460/stats?region=us&lang=en&contentorigin=espn
8452,Stanford Routt,,NFL_id,8452,fetch_failed: RuntimeError: fetch_failed after 3 attempts: 404 Client Error: Not Found for url: https://site.web.api.espn.com/apis/common/v3/sports/football/college-football/athletes/8452/stats?region=us&lang=en&contentorigin=espn
8450,Barrett Ruud,,NFL_id,8450,fetch_failed: RuntimeError: fetch_failed after 3 attempts: 404 Client Error: Not Found for url: https://site.web.api.espn.com/apis/common/v3/sports/football/college-football/athletes/8450/stats?region=us&lang=en&contentorigin=espn
8593,Bo Scaife,,NFL_id,8593,fetch_failed: RuntimeError: fetch_failed after 3 attempts: 404 Client Error: Not Found for url: https://site.web.api.espn.com/apis/common/v3/sports/football/college-football/athletes/8593/stats?region=us&lang=en&contentorigin=espn
8571,Gerald Sensabaugh,,NFL_id,8571,fetch_failed: RuntimeError: fetch_failed after 3 attempts: 404 Client Error: Not Found for url: https://site.web.api.espn.com/apis/common/v3/sports/football/college-football/athletes/8571/stats?region=us&lang=en&contentorigin=espn
8563,Adam Seward,,NFL_id,8563,fetch_failed: RuntimeError: fetch_failed after 3 attempts: 404 Client Error: Not Found for url: https://site.web.api.espn.com/apis/common/v3/sports/football/college-football/athletes/8563/stats?region=us&lang=en&contentorigin=espn
8468,Eric Shelton,,NFL_id,8468,fetch_failed: RuntimeError: fetch_failed after 3 attempts: 404 Client Error: Not Found for url: https://site.web.api.espn.com/apis/common/v3/sports/football/college-football/athletes/8468/stats?region=us&lang=en&contentorigin=espn
8655,Darrell Shropshire,,NFL_id,8655,fetch_failed: RuntimeError: fetch_failed after 3 attempts: 404 Client Error: Not Found for url: https://site.web.api.espn.com/apis/common/v3/sports/football/college-football/athletes/8655/stats?region=us&lang=en&contentorigin=espn
8485,Alex Smith,,NFL_id,8485,fetch_failed: RuntimeError: fetch_failed after 3 attempts: 404 Client Error: Not Found for url: https://site.web.api.espn.com/apis/common/v3/sports/football/college-football/athletes/8485/stats?region=us&lang=en&contentorigin=espn
8416,Alex Smith,,NFL_id,8416,fetch_failed: RuntimeError: fetch_failed after 3 attempts: 404 Client Error: Not Found for url: https://site.web.api.espn.com/apis/common/v3/sports/football/college-football/athletes/8416/stats?region=us&lang=en&contentorigin=espn
8508,Adam Snyder,,NFL_id,8508,fetch_failed: RuntimeError: fetch_failed after 3 attempts: 404 Client Error: Not Found for url: https://site.web.api.espn.com/apis/common/v3/sports/football/college-football/athletes/8508/stats?region=us&lang=en&contentorigin=espn
8435,Marcus Spears,,NFL_id,8435,fetch_failed: RuntimeError: fetch_failed after 3 attempts: 404 Client Error: Not Found for url: https://site.web.api.espn.com/apis/common/v3/sports/football/college-football/athletes/8435/stats?region=us&lang=en&contentorigin=espn
8441,Chris Spencer,,NFL_id,8441,fetch_failed: RuntimeError: fetch_failed after 3 attempts: 404 Client Error: Not Found for url: https://site.web.api.espn.com/apis/common/v3/sports/football/college-football/athletes/8441/stats?region=us&lang=en&contentorigin=espn
8544,Darren Sproles,,NFL_id,8544,fetch_failed: RuntimeError: fetch_failed after 3 attempts: 404 Client Error: Not Found for url: https://site.web.api.espn.com/apis/common/v3/sports/football/college-football/athletes/8544/stats?region=us&lang=en&contentorigin=espn
8501,Scott Starks,,NFL_id,8501,fetch_failed: RuntimeError: fetch_failed after 3 attempts: 404 Client Error: Not Found for url: https://site.web.api.espn.com/apis/common/v3/sports/football/college-football/athletes/8501/stats?region=us&lang=en&contentorigin=espn
8527,David Stewart,,NFL_id,8527,fetch_failed: RuntimeError: fetch_failed after 3 attempts: 404 Client Error: Not Found for url: https://site.web.api.espn.com/apis/common/v3/sports/football/college-football/athletes/8527/stats?region=us&lang=en&contentorigin=espn
8459,Lofa Tatupu,,NFL_id,8459,fetch_failed: RuntimeError: fetch_failed after 3 attempts: 404 Client Error: Not Found for url: https://site.web.api.espn.com/apis/common/v3/sports/football/college-football/athletes/8459/stats?region=us&lang=en&contentorigin=espn
8548,Claude Terrell,,NFL_id,8548,fetch_failed: RuntimeError: fetch_failed after 3 attempts: 404 Client Error: Not Found for url: https://site.web.api.espn.com/apis/common/v3/sports/football/college-football/athletes/8548/stats?region=us&lang=en&contentorigin=espn
8478,Adam Terry,,NFL_id,8478,fetch_failed: RuntimeError: fetch_failed after 3 attempts: 404 Client Error: Not Found for url: https://site.web.api.espn.com/apis/common/v3/sports/football/college-football/athletes/8478/stats?region=us&lang=en&contentorigin=espn
8530,Craphonso Thorpe,,NFL_id,8530,fetch_failed: RuntimeError: fetch_failed after 3 attempts: 404 Client Error: Not Found for url: https://site.web.api.espn.com/apis/common/v3/sports/football/college-football/athletes/8530/stats?region=us&lang=en&contentorigin=espn
8462,Odell Thurman,,NFL_id,8462,fetch_failed: RuntimeError: fetch_failed after 3 attempts: 404 Client Error: Not Found for url: https://site.web.api.espn.com/apis/common/v3/sports/football/college-football/athletes/8462/stats?region=us&lang=en&contentorigin=espn
8488,Justin Tuck,,NFL_id,8488,fetch_failed: RuntimeError: fetch_failed after 3 attempts: 404 Client Error: Not Found for url: https://site.web.api.espn.com/apis/common/v3/sports/football/college-football/athletes/8488/stats?region=us&lang=en&contentorigin=espn
8529,Marviel Underwood,,NFL_id,8529,fetch_failed: RuntimeError: fetch_failed after 3 attempts: 404 Client Error: Not Found for url: https://site.web.api.espn.com/apis/common/v3/sports/football/college-football/athletes/8529/stats?region=us&lang=en&contentorigin=espn
8630,Kevin Vickerson,,NFL_id,8630,fetch_failed: RuntimeError: fetch_failed after 3 attempts: 404 Client Error: Not Found for url: https://site.web.api.espn.com/apis/common/v3/sports/football/college-football/athletes/8630/stats?region=us&lang=en&contentorigin=espn
8580,Rian Wallace,,NFL_id,8580,fetch_failed: RuntimeError: fetch_failed after 3 attempts: 404 Client Error: Not Found for url: https://site.web.api.espn.com/apis/common/v3/sports/football/college-football/athletes/8580/stats?region=us&lang=en&contentorigin=espn
8483,Andrew Walter,,NFL_id,8483,fetch_failed: RuntimeError: fetch_failed after 3 attempts: 404 Client Error: Not Found for url: https://site.web.api.espn.com/apis/common/v3/sports/football/college-football/athletes/8483/stats?region=us&lang=en&contentorigin=espn
8426,DeMarcus Ware,,NFL_id,8426,fetch_failed: RuntimeError: fetch_failed after 3 attempts: 404 Client Error: Not Found for url: https://site.web.api.espn.com/apis/common/v3/sports/football/college-football/athletes/8426/stats?region=us&lang=en&contentorigin=espn
8639,Paris Warren,,NFL_id,8639,fetch_failed: RuntimeError: fetch_failed after 3 attempts: 404 Client Error: Not Found for url: https://site.web.api.espn.com/apis/common/v3/sports/football/college-football/athletes/8639/stats?region=us&lang=en&contentorigin=espn
8438,Fabian Washington,,NFL_id,8438,fetch_failed: RuntimeError: fetch_failed after 3 attempts: 404 Client Error: Not Found for url: https://site.web.api.espn.com/apis/common/v3/sports/football/college-football/athletes/8438/stats?region=us&lang=en&contentorigin=espn
8457,Corey Webster,,NFL_id,8457,fetch_failed: RuntimeError: fetch_failed after 3 attempts: 404 Client Error: Not Found for url: https://site.web.api.espn.com/apis/common/v3/sports/football/college-football/athletes/8457/stats?region=us&lang=en&contentorigin=espn
8562,Jonathan Welsh,,NFL_id,8562,fetch_failed: RuntimeError: fetch_failed after 3 attempts: 404 Client Error: Not Found for url: https://site.web.api.espn.com/apis/common/v3/sports/football/college-football/athletes/8562/stats?region=us&lang=en&contentorigin=espn
8442,Roddy White,,NFL_id,8442,fetch_failed: RuntimeError: fetch_failed after 3 attempts: 404 Client Error: Not Found for url: https://site.web.api.espn.com/apis/common/v3/sports/football/college-football/athletes/8442/stats?region=us&lang=en&contentorigin=espn
8420,Cadillac Williams,,NFL_id,8420,fetch_failed: RuntimeError: fetch_failed after 3 attempts: 404 Client Error: Not Found for url: https://site.web.api.espn.com/apis/common/v3/sports/football/college-football/athletes/8420/stats?region=us&lang=en&contentorigin=espn
8470,Darrent Williams,,NFL_id,8470,fetch_failed: RuntimeError: fetch_failed after 3 attempts: 404 Client Error: Not Found for url: https://site.web.api.espn.com/apis/common/v3/sports/football/college-football/athletes/8470/stats?region=us&lang=en&contentorigin=espn
8425,Mike Williams,,NFL_id,8425,fetch_failed: RuntimeError: fetch_failed after 3 attempts: 404 Client Error: Not Found for url: https://site.web.api.espn.com/apis/common/v3/sports/football/college-football/athletes/8425/stats?region=us&lang=en&contentorigin=espn
8422,Troy Williamson,,NFL_id,8422,fetch_failed: RuntimeError: fetch_failed after 3 attempts: 404 Client Error: Not Found for url: https://site.web.api.espn.com/apis/common/v3/sports/football/college-football/athletes/8422/stats?region=us&lang=en&contentorigin=espn
8519,Ray Willis,,NFL_id,8519,fetch_failed: RuntimeError: fetch_failed after 3 attempts: 404 Client Error: Not Found for url: https://site.web.api.espn.com/apis/common/v3/sports/football/college-football/athletes/8519/stats?region=us&lang=en&contentorigin=espn
8486,Stanley Wilson,,NFL_id,8486,fetch_failed: RuntimeError: fetch_failed after 3 attempts: 404 Client Error: Not Found for url: https://site.web.api.espn.com/apis/common/v3/sports/football/college-football/athletes/8486/stats?region=us&lang=en&contentorigin=espn
8649,Cornelius Wortham,,NFL_id,8649,fetch_failed: RuntimeError: fetch_failed after 3 attempts: 404 Client Error: Not Found for url: https://site.web.api.espn.com/apis/common/v3/sports/football/college-football/athletes/8649/stats?region=us&lang=en&contentorigin=espn
9806,Titus Adams,,NFL_id,9806,fetch_failed: RuntimeError: fetch_failed after 3 attempts: 404 Client Error: Not Found for url: https://site.web.api.espn.com/apis/common/v3/sports/football/college-football/athletes/9806/stats?region=us&lang=en&contentorigin=espn
9616,Joseph Addai,,NFL_id,9616,fetch_failed: RuntimeError: fetch_failed after 3 attempts: 404 Client Error: Not Found for url: https://site.web.api.espn.com/apis/common/v3/sports/football/college-football/athletes/9616/stats?region=us&lang=en&contentorigin=espn
9699,Victor Adeyanju,,NFL_id,9699,fetch_failed: RuntimeError: fetch_failed after 3 attempts: 404 Client Error: Not Found for url: https://site.web.api.espn.com/apis/common/v3/sports/football/college-football/athletes/9699/stats?region=us&lang=en&contentorigin=espn
9602,Jason Allen,,NFL_id,9602,fetch_failed: RuntimeError: fetch_failed after 3 attempts: 404 Client Error: Not Found for url: https://site.web.api.espn.com/apis/common/v3/sports/football/college-football/athletes/9602/stats?region=us&lang=en&contentorigin=espn
9663,Jon Alston,,NFL_id,9663,fetch_failed: RuntimeError: fetch_failed after 3 attempts: 404 Client Error: Not Found for url: https://site.web.api.espn.com/apis/common/v3/sports/football/college-football/athletes/9663/stats?region=us&lang=en&contentorigin=espn
9837,David Anderson,,NFL_id,9837,fetch_failed: RuntimeError: fetch_failed after 3 attempts: 404 Client Error: Not Found for url: https://site.web.api.espn.com/apis/common/v3/sports/football/college-football/athletes/9837/stats?region=us&lang=en&contentorigin=espn
9674,James Anderson,,NFL_id,9674,fetch_failed: RuntimeError: fetch_failed after 3 attempts: 404 Client Error: Not Found for url: https://site.web.api.espn.com/apis/common/v3/sports/football/college-football/athletes/9674/stats?region=us&lang=en&contentorigin=espn
9745,Mark Anderson,,NFL_id,9745,fetch_failed: RuntimeError: fetch_failed after 3 attempts: 404 Client Error: Not Found for url: https://site.web.api.espn.com/apis/common/v3/sports/football/college-football/athletes/9745/stats?region=us&lang=en&contentorigin=espn
9815,Willie Andrews,,NFL_id,9815,fetch_failed: RuntimeError: fetch_failed after 3 attempts: 404 Client Error: Not Found for url: https://site.web.api.espn.com/apis/common/v3/sports/football/college-football/athletes/9815/stats?region=us&lang=en&contentorigin=espn
9819,Devin Aromashodu,,NFL_id,9819,fetch_failed: RuntimeError: fetch_failed after 3 attempts: 404 Client Error: Not Found for url: https://site.web.api.espn.com/apis/common/v3/sports/football/college-football/athletes/9819/stats?region=us&lang=en&contentorigin=espn
9695,Jason Avant,,NFL_id,9695,fetch_failed: RuntimeError: fetch_failed after 3 attempts: 404 Client Error: Not Found for url: https://site.web.api.espn.com/apis/common/v3/sports/football/college-football/athletes/9695/stats?region=us&lang=en&contentorigin=espn
9827,Charles Bennett,,NFL_id,9827,fetch_failed: RuntimeError: fetch_failed after 3 attempts: 404 Client Error: Not Found for url: https://site.web.api.espn.com/apis/common/v3/sports/football/college-football/athletes/9827/stats?region=us&lang=en&contentorigin=espn
9793,Antoine Bethea,,NFL_id,9793,fetch_failed: RuntimeError: fetch_failed after 3 attempts: 404 Client Error: Not Found for url: https://site.web.api.espn.com/apis/common/v3/sports/football/college-football/athletes/9793/stats?region=us&lang=en&contentorigin=espn
9687,Darnell Bing,,NFL_id,9687,fetch_failed: RuntimeError: fetch_failed after 3 attempts: 404 Client Error: Not Found for url: https://site.web.api.espn.com/apis/common/v3/sports/football/college-football/athletes/9687/stats?region=us&lang=en&contentorigin=espn
9701,Will Blackmon,,NFL_id,9701,fetch_failed: RuntimeError: fetch_failed after 3 attempts: 404 Client Error: Not Found for url: https://site.web.api.espn.com/apis/common/v3/sports/football/college-football/athletes/9701/stats?region=us&lang=en&contentorigin=espn
9735,Greg Blue,,NFL_id,9735,fetch_failed: RuntimeError: fetch_failed after 3 attempts: 404 Client Error: Not Found for url: https://site.web.api.espn.com/apis/common/v3/sports/football/college-football/athletes/9735/stats?region=us&lang=en&contentorigin=espn
9762,Kevin Boothe,,NFL_id,9762,fetch_failed: RuntimeError: fetch_failed after 3 attempts: 404 Client Error: Not Found for url: https://site.web.api.espn.com/apis/common/v3/sports/football/college-football/athletes/9762/stats?region=us&lang=en&contentorigin=espn
9626,Daniel Bullocks,,NFL_id,9626,fetch_failed: RuntimeError: fetch_failed after 3 attempts: 404 Client Error: Not Found for url: https://site.web.api.espn.com/apis/common/v3/sports/football/college-football/athletes/9626/stats?region=us&lang=en&contentorigin=espn
9600,Brodrick Bunkley,,NFL_id,9600,fetch_failed: RuntimeError: fetch_failed after 3 attempts: 404 Client Error: Not Found for url: https://site.web.api.espn.com/apis/common/v3/sports/football/college-football/athletes/9600/stats?region=us&lang=en&contentorigin=espn
9588,Reggie Bush,,NFL_id,9588,fetch_failed: RuntimeError: fetch_failed after 3 attempts: 404 Client Error: Not Found for url: https://site.web.api.espn.com/apis/common/v3/sports/football/college-football/athletes/9588/stats?region=us&lang=en&contentorigin=espn
9729,Brad Butler,,NFL_id,9729,fetch_failed: RuntimeError: fetch_failed after 3 attempts: 404 Client Error: Not Found for url: https://site.web.api.espn.com/apis/common/v3/sports/football/college-football/athletes/9729/stats?region=us&lang=en&contentorigin=espn
9679,Dominique Byrd,,NFL_id,9679,fetch_failed: RuntimeError: fetch_failed after 3 attempts: 404 Client Error: Not Found for url: https://site.web.api.espn.com/apis/common/v3/sports/football/college-football/athletes/9679/stats?region=us&lang=en&contentorigin=espn
9660,Brian Calhoun,,NFL_id,9660,fetch_failed: RuntimeError: fetch_failed after 3 attempts: 404 Client Error: Not Found for url: https://site.web.api.espn.com/apis/common/v3/sports/football/college-football/athletes/9660/stats?region=us&lang=en&contentorigin=espn
9604,Bobby Carpenter,,NFL_id,9604,fetch_failed: RuntimeError: fetch_failed after 3 attempts: 404 Client Error: Not Found for url: https://site.web.api.espn.com/apis/common/v3/sports/football/college-football/athletes/9604/stats?region=us&lang=en&contentorigin=espn
9642,Chris Chester,,NFL_id,9642,fetch_failed: RuntimeError: fetch_failed after 3 attempts: 404 Client Error: Not Found for url: https://site.web.api.espn.com/apis/common/v3/sports/football/college-football/athletes/9642/stats?region=us&lang=en&contentorigin=espn
9773,Jeromey Clary,,NFL_id,9773,fetch_failed: RuntimeError: fetch_failed after 3 attempts: 404 Client Error: Not Found for url: https://site.web.api.espn.com/apis/common/v3/sports/football/college-football/athletes/9773/stats?region=us&lang=en&contentorigin=espn
9635,Kellen Clemens,,NFL_id,9635,fetch_failed: RuntimeError: fetch_failed after 3 attempts: 404 Client Error: Not Found for url: https://site.web.api.espn.com/apis/common/v3/sports/football/college-football/athletes/9635/stats?region=us&lang=en&contentorigin=espn
9710,Barry Cofield,,NFL_id,9710,fetch_failed: RuntimeError: fetch_failed after 3 attempts: 404 Client Error: Not Found for url: https://site.web.api.espn.com/apis/common/v3/sports/football/college-football/athletes/9710/stats?region=us&lang=en&contentorigin=espn
9633,Daryn Colledge,,NFL_id,9633,fetch_failed: RuntimeError: fetch_failed after 3 attempts: 404 Client Error: Not Found for url: https://site.web.api.espn.com/apis/common/v3/sports/football/college-football/athletes/9633/stats?region=us&lang=en&contentorigin=espn
9838,Marques Colston,,NFL_id,9838,fetch_failed: RuntimeError: fetch_failed after 3 attempts: 404 Client Error: Not Found for url: https://site.web.api.espn.com/apis/common/v3/sports/football/college-football/athletes/9838/stats?region=us&lang=en&contentorigin=espn
9637,Ryan Cook,,NFL_id,9637,fetch_failed: RuntimeError: fetch_failed after 3 attempts: 404 Client Error: Not Found for url: https://site.web.api.espn.com/apis/common/v3/sports/football/college-football/athletes/9637/stats?region=us&lang=en&contentorigin=espn
9605,Antonio Cromartie,,NFL_id,9605,fetch_failed: RuntimeError: fetch_failed after 3 attempts: 404 Client Error: Not Found for url: https://site.web.api.espn.com/apis/common/v3/sports/football/college-football/athletes/9605/stats?region=us&lang=en&contentorigin=espn
9671,Brodie Croyle,,NFL_id,9671,fetch_failed: RuntimeError: fetch_failed after 3 attempts: 404 Client Error: Not Found for url: https://site.web.api.espn.com/apis/common/v3/sports/football/college-football/athletes/9671/stats?region=us&lang=en&contentorigin=espn
9597,Jay Cutler,,NFL_id,9597,fetch_failed: RuntimeError: fetch_failed after 3 attempts: 404 Client Error: Not Found for url: https://site.web.api.espn.com/apis/common/v3/sports/football/college-football/athletes/9597/stats?region=us&lang=en&contentorigin=espn
9684,Owen Daniels,,NFL_id,9684,fetch_failed: RuntimeError: fetch_failed after 3 attempts: 404 Client Error: Not Found for url: https://site.web.api.espn.com/apis/common/v3/sports/football/college-football/athletes/9684/stats?region=us&lang=en&contentorigin=espn
9592,Vernon Davis,,NFL_id,9592,fetch_failed: RuntimeError: fetch_failed after 3 attempts: 404 Client Error: Not Found for url: https://site.web.api.espn.com/apis/common/v3/sports/football/college-football/athletes/9592/stats?region=us&lang=en&contentorigin=espn
9737,Tim Dobbins,,NFL_id,9737,fetch_failed: RuntimeError: fetch_failed after 3 attempts: 404 Client Error: Not Found for url: https://site.web.api.espn.com/apis/common/v3/sports/football/college-football/athletes/9737/stats?region=us&lang=en&contentorigin=espn
9759,Reed Doughty,,NFL_id,9759,fetch_failed: RuntimeError: fetch_failed after 3 attempts: 404 Client Error: Not Found for url: https://site.web.api.espn.com/apis/common/v3/sports/football/college-football/athletes/9759/stats?region=us&lang=en&contentorigin=espn
9712,Elvis Dumervil,,NFL_id,9712,fetch_failed: RuntimeError: fetch_failed after 3 attempts: 404 Client Error: Not Found for url: https://site.web.api.espn.com/apis/common/v3/sports/football/college-football/athletes/9712/stats?region=us&lang=en&contentorigin=espn
9659,Dusty Dvoracek,,NFL_id,9659,fetch_failed: RuntimeError: fetch_failed after 3 attempts: 404 Client Error: Not Found for url: https://site.web.api.espn.com/apis/common/v3/sports/football/college-football/athletes/9659/stats?region=us&lang=en&contentorigin=espn
9713,Ray Edwards,,NFL_id,9713,fetch_failed: RuntimeError: fetch_failed after 3 attempts: 404 Client Error: Not Found for url: https://site.web.api.espn.com/apis/common/v3/sports/football/college-football/athletes/9713/stats?region=us&lang=en&contentorigin=espn
9764,Keith Ellison,,NFL_id,9764,fetch_failed: RuntimeError: fetch_failed after 3 attempts: 404 Client Error: Not Found for url: https://site.web.api.espn.com/apis/common/v3/sports/football/college-football/athletes/9764/stats?region=us&lang=en&contentorigin=espn
9694,Jahri Evans,,NFL_id,9694,fetch_failed: RuntimeError: fetch_failed after 3 attempts: 404 Client Error: Not Found for url: https://site.web.api.espn.com/apis/common/v3/sports/football/college-football/athletes/9694/stats?region=us&lang=en&contentorigin=espn
9639,Anthony Fasano,,NFL_id,9639,fetch_failed: RuntimeError: fetch_failed after 3 attempts: 404 Client Error: Not Found for url: https://site.web.api.espn.com/apis/common/v3/sports/football/college-football/athletes/9639/stats?region=us&lang=en&contentorigin=espn
9590,D'Brickashaw Ferguson,,NFL_id,9590,fetch_failed: RuntimeError: fetch_failed after 3 attempts: 404 Client Error: Not Found for url: https://site.web.api.espn.com/apis/common/v3/sports/football/college-football/athletes/9590/stats?region=us&lang=en&contentorigin=espn
9754,Omar Gaither,,NFL_id,9754,fetch_failed: RuntimeError: fetch_failed after 3 attempts: 404 Client Error: Not Found for url: https://site.web.api.espn.com/apis/common/v3/sports/football/college-football/athletes/9754/stats?region=us&lang=en&contentorigin=espn
9832,Quinton Ganther,,NFL_id,9832,fetch_failed: RuntimeError: fetch_failed after 3 attempts: 404 Client Error: Not Found for url: https://site.web.api.espn.com/apis/common/v3/sports/football/college-football/athletes/9832/stats?region=us&lang=en&contentorigin=espn
9657,Chris Gocong,,NFL_id,9657,fetch_failed: RuntimeError: fetch_failed after 3 attempts: 404 Client Error: Not Found for url: https://site.web.api.espn.com/apis/common/v3/sports/football/college-football/athletes/9657/stats?region=us&lang=en&contentorigin=espn
9782,Kedric Golston,,NFL_id,9782,fetch_failed: RuntimeError: fetch_failed after 3 attempts: 404 Client Error: Not Found for url: https://site.web.api.espn.com/apis/common/v3/sports/football/college-football/athletes/9782/stats?region=us&lang=en&contentorigin=espn
9780,Bruce Gradkowski,,NFL_id,9780,fetch_failed: RuntimeError: fetch_failed after 3 attempts: 404 Client Error: Not Found for url: https://site.web.api.espn.com/apis/common/v3/sports/football/college-football/athletes/9780/stats?region=us&lang=en&contentorigin=espn
9711,Skyler Green,,NFL_id,9711,fetch_failed: RuntimeError: fetch_failed after 3 attempts: 404 Client Error: Not Found for url: https://site.web.api.espn.com/apis/common/v3/sports/football/college-football/athletes/9711/stats?region=us&lang=en&contentorigin=espn
9603,Chad Greenway,,NFL_id,9603,fetch_failed: RuntimeError: fetch_failed after 3 attempts: 404 Client Error: Not Found for url: https://site.web.api.espn.com/apis/common/v3/sports/football/college-football/athletes/9603/stats?region=us&lang=en&contentorigin=espn
9634,Cedric Griffin,,NFL_id,9634,fetch_failed: RuntimeError: fetch_failed after 3 attempts: 404 Client Error: Not Found for url: https://site.web.api.espn.com/apis/common/v3/sports/football/college-football/athletes/9634/stats?region=us&lang=en&contentorigin=espn
9668,Derek Hagan,,NFL_id,9668,fetch_failed: RuntimeError: fetch_failed after 3 attempts: 404 Client Error: Not Found for url: https://site.web.api.espn.com/apis/common/v3/sports/football/college-football/athletes/9668/stats?region=us&lang=en&contentorigin=espn
9730,Marques Hagans,,NFL_id,9730,fetch_failed: RuntimeError: fetch_failed after 3 attempts: 404 Client Error: Not Found for url: https://site.web.api.espn.com/apis/common/v3/sports/football/college-football/athletes/9730/stats?region=us&lang=en&contentorigin=espn
9606,Tamba Hali,,NFL_id,9606,fetch_failed: RuntimeError: fetch_failed after 3 attempts: 404 Client Error: Not Found for url: https://site.web.api.espn.com/apis/common/v3/sports/football/college-football/athletes/9606/stats?region=us&lang=en&contentorigin=espn
9726,Parys Haralson,,NFL_id,9726,fetch_failed: RuntimeError: fetch_failed after 3 attempts: 404 Client Error: Not Found for url: https://site.web.api.espn.com/apis/common/v3/sports/football/college-football/athletes/9726/stats?region=us&lang=en&contentorigin=espn
9629,Roman Harper,,NFL_id,9629,fetch_failed: RuntimeError: fetch_failed after 3 attempts: 404 Client Error: Not Found for url: https://site.web.api.espn.com/apis/common/v3/sports/football/college-football/athletes/9629/stats?region=us&lang=en&contentorigin=espn
9719,Orien Harris,,NFL_id,9719,fetch_failed: RuntimeError: fetch_failed after 3 attempts: 404 Client Error: Not Found for url: https://site.web.api.espn.com/apis/common/v3/sports/football/college-football/athletes/9719/stats?region=us&lang=en&contentorigin=espn
9731,Jerome Harrison,,NFL_id,9731,fetch_failed: RuntimeError: fetch_failed after 3 attempts: 404 Client Error: Not Found for url: https://site.web.api.espn.com/apis/common/v3/sports/football/college-football/athletes/9731/stats?region=us&lang=en&contentorigin=espn
9678,Jason Hatcher,,NFL_id,9678,fetch_failed: RuntimeError: fetch_failed after 3 attempts: 404 Client Error: Not Found for url: https://site.web.api.espn.com/apis/common/v3/sports/football/college-football/athletes/9678/stats?region=us&lang=en&contentorigin=espn
9591,A.J. Hawk,,NFL_id,9591,fetch_failed: RuntimeError: fetch_failed after 3 attempts: 404 Client Error: Not Found for url: https://site.web.api.espn.com/apis/common/v3/sports/football/college-football/athletes/9591/stats?region=us&lang=en&contentorigin=espn
9643,Devin Hester,,NFL_id,9643,fetch_failed: RuntimeError: fetch_failed after 3 attempts: 404 Client Error: Not Found for url: https://site.web.api.espn.com/apis/common/v3/sports/football/college-football/athletes/9643/stats?region=us&lang=en&contentorigin=espn
9601,Tye Hill,,NFL_id,9601,fetch_failed: RuntimeError: fetch_failed after 3 attempts: 404 Client Error: Not Found for url: https://site.web.api.espn.com/apis/common/v3/sports/football/college-football/athletes/9601/stats?region=us&lang=en&contentorigin=espn
9653,Abdul Hodge,,NFL_id,9653,fetch_failed: RuntimeError: fetch_failed after 3 attempts: 404 Client Error: Not Found for url: https://site.web.api.espn.com/apis/common/v3/sports/football/college-football/athletes/9653/stats?region=us&lang=en&contentorigin=espn
9611,Santonio Holmes,,NFL_id,9611,fetch_failed: RuntimeError: fetch_failed after 3 attempts: 404 Client Error: Not Found for url: https://site.web.api.espn.com/apis/common/v3/sports/football/college-football/athletes/9611/stats?region=us&lang=en&contentorigin=espn
9624,Thomas Howard,,NFL_id,9624,fetch_failed: RuntimeError: fetch_failed after 3 attempts: 404 Client Error: Not Found for url: https://site.web.api.espn.com/apis/common/v3/sports/football/college-football/athletes/9624/stats?region=us&lang=en&contentorigin=espn
9778,Marcus Hudson,,NFL_id,9778,fetch_failed: RuntimeError: fetch_failed after 3 attempts: 404 Client Error: Not Found for url: https://site.web.api.espn.com/apis/common/v3/sports/football/college-football/athletes/9778/stats?region=us&lang=en&contentorigin=espn
9593,Michael Huff,,NFL_id,9593,fetch_failed: RuntimeError: fetch_failed after 3 attempts: 404 Client Error: Not Found for url: https://site.web.api.espn.com/apis/common/v3/sports/football/college-football/athletes/9593/stats?region=us&lang=en&contentorigin=espn
9666,Clint Ingram,,NFL_id,9666,fetch_failed: RuntimeError: fetch_failed after 3 attempts: 404 Client Error: Not Found for url: https://site.web.api.espn.com/apis/common/v3/sports/football/college-football/athletes/9666/stats?region=us&lang=en&contentorigin=espn
9622,Chad Jackson,,NFL_id,9622,fetch_failed: RuntimeError: fetch_failed after 3 attempts: 404 Client Error: Not Found for url: https://site.web.api.espn.com/apis/common/v3/sports/football/college-football/athletes/9622/stats?region=us&lang=en&contentorigin=espn
9620,D'Qwell Jackson,,NFL_id,9620,fetch_failed: RuntimeError: fetch_failed after 3 attempts: 404 Client Error: Not Found for url: https://site.web.api.espn.com/apis/common/v3/sports/football/college-football/athletes/9620/stats?region=us&lang=en&contentorigin=espn
9650,Tarvaris Jackson,,NFL_id,9650,fetch_failed: RuntimeError: fetch_failed after 3 attempts: 404 Client Error: Not Found for url: https://site.web.api.espn.com/apis/common/v3/sports/football/college-football/athletes/9650/stats?region=us&lang=en&contentorigin=espn
9685,Max Jean-Gilles,,NFL_id,9685,fetch_failed: RuntimeError: fetch_failed after 3 attempts: 404 Client Error: Not Found for url: https://site.web.api.espn.com/apis/common/v3/sports/football/college-football/athletes/9685/stats?region=us&lang=en&contentorigin=espn
9742,Julian Jenkins,,NFL_id,9742,fetch_failed: RuntimeError: fetch_failed after 3 attempts: 404 Client Error: Not Found for url: https://site.web.api.espn.com/apis/common/v3/sports/football/college-football/athletes/9742/stats?region=us&lang=en&contentorigin=espn
9770,Adam Jennings,,NFL_id,9770,fetch_failed: RuntimeError: fetch_failed after 3 attempts: 404 Client Error: Not Found for url: https://site.web.api.espn.com/apis/common/v3/sports/football/college-football/athletes/9770/stats?region=us&lang=en&contentorigin=espn
9638,Greg Jennings,,NFL_id,9638,fetch_failed: RuntimeError: fetch_failed after 3 attempts: 404 Client Error: Not Found for url: https://site.web.api.espn.com/apis/common/v3/sports/football/college-football/athletes/9638/stats?region=us&lang=en&contentorigin=espn
9617,Kelly Jennings,,NFL_id,9617,fetch_failed: RuntimeError: fetch_failed after 3 attempts: 404 Client Error: Not Found for url: https://site.web.api.espn.com/apis/common/v3/sports/football/college-football/athletes/9617/stats?region=us&lang=en&contentorigin=espn
9648,Tim Jennings,,NFL_id,9648,fetch_failed: RuntimeError: fetch_failed after 3 attempts: 404 Client Error: Not Found for url: https://site.web.api.espn.com/apis/common/v3/sports/football/college-football/athletes/9648/stats?region=us&lang=en&contentorigin=espn
9728,Brandon Johnson,,NFL_id,9728,fetch_failed: RuntimeError: fetch_failed after 3 attempts: 404 Client Error: Not Found for url: https://site.web.api.espn.com/apis/common/v3/sports/football/college-football/athletes/9728/stats?region=us&lang=en&contentorigin=espn
9769,Johnny Jolly,,NFL_id,9769,fetch_failed: RuntimeError: fetch_failed after 3 attempts: 404 Client Error: Not Found for url: https://site.web.api.espn.com/apis/common/v3/sports/football/college-football/athletes/9769/stats?region=us&lang=en&contentorigin=espn
9646,Maurice Jones-Drew,,NFL_id,9646,fetch_failed: RuntimeError: fetch_failed after 3 attempts: 404 Client Error: Not Found for url: https://site.web.api.espn.com/apis/common/v3/sports/football/college-football/athletes/9646/stats?region=us&lang=en&contentorigin=espn
9609,Davin Joseph,,NFL_id,9609,fetch_failed: RuntimeError: fetch_failed after 3 attempts: 404 Client Error: Not Found for url: https://site.web.api.espn.com/apis/common/v3/sports/football/college-football/athletes/9609/stats?region=us&lang=en&contentorigin=espn
9610,Johnathan Joseph,,NFL_id,9610,fetch_failed: RuntimeError: fetch_failed after 3 attempts: 404 Client Error: Not Found for url: https://site.web.api.espn.com/apis/common/v3/sports/football/college-football/athletes/9610/stats?region=us&lang=en&contentorigin=espn
9625,Winston Justice,,NFL_id,9625,fetch_failed: RuntimeError: fetch_failed after 3 attempts: 404 Client Error: Not Found for url: https://site.web.api.espn.com/apis/common/v3/sports/football/college-football/athletes/9625/stats?region=us&lang=en&contentorigin=espn
9680,Freddy Keiaho,,NFL_id,9680,fetch_failed: RuntimeError: fetch_failed after 3 attempts: 404 Client Error: Not Found for url: https://site.web.api.espn.com/apis/common/v3/sports/football/college-football/athletes/9680/stats?region=us&lang=en&contentorigin=espn
9741,Jeff King,,NFL_id,9741,fetch_failed: RuntimeError: fetch_failed after 3 attempts: 404 Client Error: Not Found for url: https://site.web.api.espn.com/apis/common/v3/sports/football/college-football/athletes/9741/stats?region=us&lang=en&contentorigin=espn
9618,Mathias Kiwanuka,,NFL_id,9618,fetch_failed: RuntimeError: fetch_failed after 3 attempts: 404 Client Error: Not Found for url: https://site.web.api.espn.com/apis/common/v3/sports/football/college-football/athletes/9618/stats?region=us&lang=en&contentorigin=espn
9632,Joe Klopfenstein,,NFL_id,9632,fetch_failed: RuntimeError: fetch_failed after 3 attempts: 404 Client Error: Not Found for url: https://site.web.api.espn.com/apis/common/v3/sports/football/college-football/athletes/9632/stats?region=us&lang=en&contentorigin=espn
9747,Chris Kuper,,NFL_id,9747,fetch_failed: RuntimeError: fetch_failed after 3 attempts: 404 Client Error: Not Found for url: https://site.web.api.espn.com/apis/common/v3/sports/football/college-football/athletes/9747/stats?region=us&lang=en&contentorigin=espn
9805,Ryan LaCasse,,NFL_id,9805,fetch_failed: RuntimeError: fetch_failed after 3 attempts: 404 Client Error: Not Found for url: https://site.web.api.espn.com/apis/common/v3/sports/football/college-football/athletes/9805/stats?region=us&lang=en&contentorigin=espn
9732,Dawan Landry,,NFL_id,9732,fetch_failed: RuntimeError: fetch_failed after 3 attempts: 404 Client Error: Not Found for url: https://site.web.api.espn.com/apis/common/v3/sports/football/college-football/athletes/9732/stats?region=us&lang=en&contentorigin=espn
9608,Manny Lawson,,NFL_id,9608,fetch_failed: RuntimeError: fetch_failed after 3 attempts: 404 Client Error: Not Found for url: https://site.web.api.espn.com/apis/common/v3/sports/football/college-football/athletes/9608/stats?region=us&lang=en&contentorigin=espn
9596,Matt Leinart,,NFL_id,9596,fetch_failed: RuntimeError: fetch_failed after 3 attempts: 404 Client Error: Not Found for url: https://site.web.api.espn.com/apis/common/v3/sports/football/college-football/athletes/9596/stats?region=us&lang=en&contentorigin=espn
9763,Jonathan Lewis,,NFL_id,9763,fetch_failed: RuntimeError: fetch_failed after 3 attempts: 404 Client Error: Not Found for url: https://site.web.api.espn.com/apis/common/v3/sports/football/college-football/athletes/9763/stats?region=us&lang=en&contentorigin=espn
9614,Marcedes Lewis,,NFL_id,9614,fetch_failed: RuntimeError: fetch_failed after 3 attempts: 404 Client Error: Not Found for url: https://site.web.api.espn.com/apis/common/v3/sports/football/college-football/athletes/9614/stats?region=us&lang=en&contentorigin=espn
9688,Calvin Lowry,,NFL_id,9688,fetch_failed: RuntimeError: fetch_failed after 3 attempts: 404 Client Error: Not Found for url: https://site.web.api.espn.com/apis/common/v3/sports/football/college-football/athletes/9688/stats?region=us&lang=en&contentorigin=espn
9756,Wali Lundy,,NFL_id,9756,fetch_failed: RuntimeError: fetch_failed after 3 attempts: 404 Client Error: Not Found for url: https://site.web.api.espn.com/apis/common/v3/sports/football/college-football/athletes/9756/stats?region=us&lang=en&contentorigin=espn
9627,Deuce Lutui,,NFL_id,9627,fetch_failed: RuntimeError: fetch_failed after 3 attempts: 404 Client Error: Not Found for url: https://site.web.api.espn.com/apis/common/v3/sports/football/college-football/athletes/9627/stats?region=us&lang=en&contentorigin=espn
9755,Jesse Mahelona,,NFL_id,9755,fetch_failed: RuntimeError: fetch_failed after 3 attempts: 404 Client Error: Not Found for url: https://site.web.api.espn.com/apis/common/v3/sports/football/college-football/athletes/9755/stats?region=us&lang=en&contentorigin=espn
9615,Nick Mangold,,NFL_id,9615,fetch_failed: RuntimeError: fetch_failed after 3 attempts: 404 Client Error: Not Found for url: https://site.web.api.espn.com/apis/common/v3/sports/football/college-football/athletes/9615/stats?region=us&lang=en&contentorigin=espn
9628,Danieal Manning,,NFL_id,9628,fetch_failed: RuntimeError: fetch_failed after 3 attempts: 404 Client Error: Not Found for url: https://site.web.api.espn.com/apis/common/v3/sports/football/college-football/athletes/9628/stats?region=us&lang=en&contentorigin=espn
9607,Laurence Maroney,,NFL_id,9607,fetch_failed: RuntimeError: fetch_failed after 3 attempts: 404 Client Error: Not Found for url: https://site.web.api.espn.com/apis/common/v3/sports/football/college-football/athletes/9607/stats?region=us&lang=en&contentorigin=espn
9705,Brandon Marshall,,NFL_id,9705,fetch_failed: RuntimeError: fetch_failed after 3 attempts: 404 Client Error: Not Found for url: https://site.web.api.espn.com/apis/common/v3/sports/football/college-football/athletes/9705/stats?region=us&lang=en&contentorigin=espn
9644,Richard Marshall,,NFL_id,9644,fetch_failed: RuntimeError: fetch_failed after 3 attempts: 404 Client Error: Not Found for url: https://site.web.api.espn.com/apis/common/v3/sports/football/college-football/athletes/9644/stats?region=us&lang=en&contentorigin=espn
9794,Derrick Martin,,NFL_id,9794,fetch_failed: RuntimeError: fetch_failed after 3 attempts: 404 Client Error: Not Found for url: https://site.web.api.espn.com/apis/common/v3/sports/football/college-football/athletes/9794/stats?region=us&lang=en&contentorigin=espn
9734,Ingle Martin,,NFL_id,9734,fetch_failed: RuntimeError: fetch_failed after 3 attempts: 404 Client Error: Not Found for url: https://site.web.api.espn.com/apis/common/v3/sports/football/college-football/athletes/9734/stats?region=us&lang=en&contentorigin=espn
9612,John McCargo,,NFL_id,9612,fetch_failed: RuntimeError: fetch_failed after 3 attempts: 404 Client Error: Not Found for url: https://site.web.api.espn.com/apis/common/v3/sports/football/college-football/athletes/9612/stats?region=us&lang=en&contentorigin=espn
9823,Stanley McClover,,NFL_id,9823,fetch_failed: RuntimeError: fetch_failed after 3 attempts: 404 Client Error: Not Found for url: https://site.web.api.espn.com/apis/common/v3/sports/football/college-football/athletes/9823/stats?region=us&lang=en&contentorigin=espn
9807,Tim McGarigle,,NFL_id,9807,fetch_failed: RuntimeError: fetch_failed after 3 attempts: 404 Client Error: Not Found for url: https://site.web.api.espn.com/apis/common/v3/sports/football/college-football/athletes/9807/stats?region=us&lang=en&contentorigin=espn
9621,Rocky McIntosh,,NFL_id,9621,fetch_failed: RuntimeError: fetch_failed after 3 attempts: 404 Client Error: Not Found for url: https://site.web.api.espn.com/apis/common/v3/sports/football/college-football/athletes/9621/stats?region=us&lang=en&contentorigin=espn
9779,Reggie McNeal,,NFL_id,9779,fetch_failed: RuntimeError: fetch_failed after 3 attempts: 404 Client Error: Not Found for url: https://site.web.api.espn.com/apis/common/v3/sports/football/college-football/athletes/9779/stats?region=us&lang=en&contentorigin=espn
9636,Marcus McNeill,,NFL_id,9636,fetch_failed: RuntimeError: fetch_failed after 3 attempts: 404 Client Error: Not Found for url: https://site.web.api.espn.com/apis/common/v3/sports/football/college-football/athletes/9636/stats?region=us&lang=en&contentorigin=espn
9655,Paul McQuistan,,NFL_id,9655,fetch_failed: RuntimeError: fetch_failed after 3 attempts: 404 Client Error: Not Found for url: https://site.web.api.espn.com/apis/common/v3/sports/football/college-football/athletes/9655/stats?region=us&lang=en&contentorigin=espn
9692,Garrett Mills,,NFL_id,9692,fetch_failed: RuntimeError: fetch_failed after 3 attempts: 404 Client Error: Not Found for url: https://site.web.api.espn.com/apis/common/v3/sports/football/college-football/athletes/9692/stats?region=us&lang=en&contentorigin=espn
9777,Jeremy Mincey,,NFL_id,9777,fetch_failed: RuntimeError: fetch_failed after 3 attempts: 404 Client Error: Not Found for url: https://site.web.api.espn.com/apis/common/v3/sports/football/college-football/athletes/9777/stats?region=us&lang=en&contentorigin=espn
9630,Sinorice Moss,,NFL_id,9630,fetch_failed: RuntimeError: fetch_failed after 3 attempts: 404 Client Error: Not Found for url: https://site.web.api.espn.com/apis/common/v3/sports/football/college-football/athletes/9630/stats?region=us&lang=en&contentorigin=espn
9723,Terna Nande,,NFL_id,9723,fetch_failed: RuntimeError: fetch_failed after 3 attempts: 404 Client Error: Not Found for url: https://site.web.api.espn.com/apis/common/v3/sports/football/college-football/athletes/9723/stats?region=us&lang=en&contentorigin=espn
9598,Haloti Ngata,,NFL_id,9598,fetch_failed: RuntimeError: fetch_failed after 3 attempts: 404 Client Error: Not Found for url: https://site.web.api.espn.com/apis/common/v3/sports/football/college-football/athletes/9598/stats?region=us&lang=en&contentorigin=espn
9721,Rob Ninkovich,,NFL_id,9721,fetch_failed: RuntimeError: fetch_failed after 3 attempts: 404 Client Error: Not Found for url: https://site.web.api.espn.com/apis/common/v3/sports/football/college-football/athletes/9721/stats?region=us&lang=en&contentorigin=espn
9665,Jerious Norwood,,NFL_id,9665,fetch_failed: RuntimeError: fetch_failed after 3 attempts: 404 Client Error: Not Found for url: https://site.web.api.espn.com/apis/common/v3/sports/football/college-football/athletes/9665/stats?region=us&lang=en&contentorigin=espn
9835,Ben Obomanu,,NFL_id,9835,fetch_failed: RuntimeError: fetch_failed after 3 attempts: 404 Client Error: Not Found for url: https://site.web.api.espn.com/apis/common/v3/sports/football/college-football/athletes/9835/stats?region=us&lang=en&contentorigin=espn
9725,Quinn Ojinnaka,,NFL_id,9725,fetch_failed: RuntimeError: fetch_failed after 3 attempts: 404 Client Error: Not Found for url: https://site.web.api.espn.com/apis/common/v3/sports/football/college-football/athletes/9725/stats?region=us&lang=en&contentorigin=espn
9783,Melvin Oliver,,NFL_id,9783,fetch_failed: RuntimeError: fetch_failed after 3 attempts: 404 Client Error: Not Found for url: https://site.web.api.espn.com/apis/common/v3/sports/football/college-football/athletes/9783/stats?region=us&lang=en&contentorigin=espn
9814,Jarrad Page,,NFL_id,9814,fetch_failed: RuntimeError: fetch_failed after 3 attempts: 404 Client Error: Not Found for url: https://site.web.api.espn.com/apis/common/v3/sports/football/college-football/athletes/9814/stats?region=us&lang=en&contentorigin=espn
9709,Domata Peko,,NFL_id,9709,fetch_failed: RuntimeError: fetch_failed after 3 attempts: 404 Client Error: Not Found for url: https://site.web.api.espn.com/apis/common/v3/sports/football/college-football/athletes/9709/stats?region=us&lang=en&contentorigin=espn
9744,Charlie Peprah,,NFL_id,9744,fetch_failed: RuntimeError: fetch_failed after 3 attempts: 404 Client Error: Not Found for url: https://site.web.api.espn.com/apis/common/v3/sports/football/college-football/athletes/9744/stats?region=us&lang=en&contentorigin=espn
9673,David Pittman,,NFL_id,9673,fetch_failed: RuntimeError: fetch_failed after 3 attempts: 404 Client Error: Not Found for url: https://site.web.api.espn.com/apis/common/v3/sports/football/college-football/athletes/9673/stats?region=us&lang=en&contentorigin=espn
9825,Ryan Plackemeier,,NFL_id,9825,fetch_failed: RuntimeError: fetch_failed after 3 attempts: 404 Client Error: Not Found for url: https://site.web.api.espn.com/apis/common/v3/sports/football/college-football/athletes/9825/stats?region=us&lang=en&contentorigin=espn
9736,Jason Pociask,,NFL_id,9736,fetch_failed: RuntimeError: fetch_failed after 3 attempts: 404 Client Error: Not Found for url: https://site.web.api.espn.com/apis/common/v3/sports/football/college-football/athletes/9736/stats?region=us&lang=en&contentorigin=espn
9640,Bernard Pollard,,NFL_id,9640,fetch_failed: RuntimeError: fetch_failed after 3 attempts: 404 Client Error: Not Found for url: https://site.web.api.espn.com/apis/common/v3/sports/football/college-football/athletes/9640/stats?region=us&lang=en&contentorigin=espn
9658,Leonard Pope,,NFL_id,9658,fetch_failed: RuntimeError: fetch_failed after 3 attempts: 404 Client Error: Not Found for url: https://site.web.api.espn.com/apis/common/v3/sports/football/college-football/athletes/9658/stats?region=us&lang=en&contentorigin=espn
9681,Willie Reid,,NFL_id,9681,fetch_failed: RuntimeError: fetch_failed after 3 attempts: 404 Client Error: Not Found for url: https://site.web.api.espn.com/apis/common/v3/sports/football/college-football/athletes/9681/stats?region=us&lang=en&contentorigin=espn
9686,Michael Robinson,,NFL_id,9686,fetch_failed: RuntimeError: fetch_failed after 3 attempts: 404 Client Error: Not Found for url: https://site.web.api.espn.com/apis/common/v3/sports/football/college-football/athletes/9686/stats?region=us&lang=en&contentorigin=espn
9677,Frostee Rucker,,NFL_id,9677,fetch_failed: RuntimeError: fetch_failed after 3 attempts: 404 Client Error: Not Found for url: https://site.web.api.espn.com/apis/common/v3/sports/football/college-football/athletes/9677/stats?region=us&lang=en&contentorigin=espn
9619,DeMeco Ryans,,NFL_id,9619,fetch_failed: RuntimeError: fetch_failed after 3 attempts: 404 Client Error: Not Found for url: https://site.web.api.espn.com/apis/common/v3/sports/football/college-football/athletes/9619/stats?region=us&lang=en&contentorigin=espn
9707,Nate Salley,,NFL_id,9707,fetch_failed: RuntimeError: fetch_failed after 3 attempts: 404 Client Error: Not Found for url: https://site.web.api.espn.com/apis/common/v3/sports/football/college-football/athletes/9707/stats?region=us&lang=en&contentorigin=espn
9647,Tony Scheffler,,NFL_id,9647,fetch_failed: RuntimeError: fetch_failed after 3 attempts: 404 Client Error: Not Found for url: https://site.web.api.espn.com/apis/common/v3/sports/football/college-football/athletes/9647/stats?region=us&lang=en&contentorigin=espn
9662,Anthony Schlegel,,NFL_id,9662,fetch_failed: RuntimeError: fetch_failed after 3 attempts: 404 Client Error: Not Found for url: https://site.web.api.espn.com/apis/common/v3/sports/football/college-football/athletes/9662/stats?region=us&lang=en&contentorigin=espn
9727,Jonathan Scott,,NFL_id,9727,fetch_failed: RuntimeError: fetch_failed after 3 attempts: 404 Client Error: Not Found for url: https://site.web.api.espn.com/apis/common/v3/sports/football/college-football/athletes/9727/stats?region=us&lang=en&contentorigin=espn
9828,Mark Setterstrom,,NFL_id,9828,fetch_failed: RuntimeError: fetch_failed after 3 attempts: 404 Client Error: Not Found for url: https://site.web.api.espn.com/apis/common/v3/sports/football/college-football/athletes/9828/stats?region=us&lang=en&contentorigin=espn
9691,Ko Simpson,,NFL_id,9691,fetch_failed: RuntimeError: fetch_failed after 3 attempts: 404 Client Error: Not Found for url: https://site.web.api.espn.com/apis/common/v3/sports/football/college-football/athletes/9691/stats?region=us&lang=en&contentorigin=espn
9595,Ernie Sims,,NFL_id,9595,fetch_failed: RuntimeError: fetch_failed after 3 attempts: 404 Client Error: Not Found for url: https://site.web.api.espn.com/apis/common/v3/sports/football/college-football/athletes/9595/stats?region=us&lang=en&contentorigin=espn
9714,Rob Sims,,NFL_id,9714,fetch_failed: RuntimeError: fetch_failed after 3 attempts: 404 Client Error: Not Found for url: https://site.web.api.espn.com/apis/common/v3/sports/football/college-football/athletes/9714/stats?region=us&lang=en&contentorigin=espn
9669,Anthony Smith,,NFL_id,9669,fetch_failed: RuntimeError: fetch_failed after 3 attempts: 404 Client Error: Not Found for url: https://site.web.api.espn.com/apis/common/v3/sports/football/college-football/athletes/9669/stats?region=us&lang=en&contentorigin=espn
9689,Brad Smith,,NFL_id,9689,fetch_failed: RuntimeError: fetch_failed after 3 attempts: 404 Client Error: Not Found for url: https://site.web.api.espn.com/apis/common/v3/sports/football/college-football/athletes/9689/stats?region=us&lang=en&contentorigin=espn
9683,Eric Smith,,NFL_id,9683,fetch_failed: RuntimeError: fetch_failed after 3 attempts: 404 Client Error: Not Found for url: https://site.web.api.espn.com/apis/common/v3/sports/football/college-football/athletes/9683/stats?region=us&lang=en&contentorigin=espn
9698,Isaac Sowells,,NFL_id,9698,fetch_failed: RuntimeError: fetch_failed after 3 attempts: 404 Client Error: Not Found for url: https://site.web.api.espn.com/apis/common/v3/sports/football/college-football/athletes/9698/stats?region=us&lang=en&contentorigin=espn
9661,Jason Spitz,,NFL_id,9661,fetch_failed: RuntimeError: fetch_failed after 3 attempts: 404 Client Error: Not Found for url: https://site.web.api.espn.com/apis/common/v3/sports/football/college-football/athletes/9661/stats?region=us&lang=en&contentorigin=espn
9768,Montavious Stanley,,NFL_id,9768,fetch_failed: RuntimeError: fetch_failed after 3 attempts: 404 Client Error: Not Found for url: https://site.web.api.espn.com/apis/common/v3/sports/football/college-football/athletes/9768/stats?region=us&lang=en&contentorigin=espn
9676,Maurice Stovall,,NFL_id,9676,fetch_failed: RuntimeError: fetch_failed after 3 attempts: 404 Client Error: Not Found for url: https://site.web.api.espn.com/apis/common/v3/sports/football/college-football/athletes/9676/stats?region=us&lang=en&contentorigin=espn
9796,Zach Strief,,NFL_id,9796,fetch_failed: RuntimeError: fetch_failed after 3 attempts: 404 Client Error: Not Found for url: https://site.web.api.espn.com/apis/common/v3/sports/football/college-football/athletes/9796/stats?region=us&lang=en&contentorigin=espn
9752,Quinn Sypniewski,,NFL_id,9752,fetch_failed: RuntimeError: fetch_failed after 3 attempts: 404 Client Error: Not Found for url: https://site.web.api.espn.com/apis/common/v3/sports/football/college-football/athletes/9752/stats?region=us&lang=en&contentorigin=espn
9649,Darryl Tapp,,NFL_id,9649,fetch_failed: RuntimeError: fetch_failed after 3 attempts: 404 Client Error: Not Found for url: https://site.web.api.espn.com/apis/common/v3/sports/football/college-football/athletes/9649/stats?region=us&lang=en&contentorigin=espn
9672,David Thomas,,NFL_id,9672,fetch_failed: RuntimeError: fetch_failed after 3 attempts: 404 Client Error: Not Found for url: https://site.web.api.espn.com/apis/common/v3/sports/football/college-football/athletes/9672/stats?region=us&lang=en&contentorigin=espn
9645,Jeremy Trueblood,,NFL_id,9645,fetch_failed: RuntimeError: fetch_failed after 3 attempts: 404 Client Error: Not Found for url: https://site.web.api.espn.com/apis/common/v3/sports/football/college-football/athletes/9645/stats?region=us&lang=en&contentorigin=espn
9702,Stephen Tulloch,,NFL_id,9702,fetch_failed: RuntimeError: fetch_failed after 3 attempts: 404 Client Error: Not Found for url: https://site.web.api.espn.com/apis/common/v3/sports/football/college-football/athletes/9702/stats?region=us&lang=en&contentorigin=espn
9766,Lawrence Vickers,,NFL_id,9766,fetch_failed: RuntimeError: fetch_failed after 3 attempts: 404 Client Error: Not Found for url: https://site.web.api.espn.com/apis/common/v3/sports/football/college-football/athletes/9766/stats?region=us&lang=en&contentorigin=espn
9761,Delanie Walker,,NFL_id,9761,fetch_failed: RuntimeError: fetch_failed after 3 attempts: 404 Client Error: Not Found for url: https://site.web.api.espn.com/apis/common/v3/sports/football/college-football/athletes/9761/stats?region=us&lang=en&contentorigin=espn
9703,Leon Washington,,NFL_id,9703,fetch_failed: RuntimeError: fetch_failed after 3 attempts: 404 Client Error: Not Found for url: https://site.web.api.espn.com/apis/common/v3/sports/football/college-football/athletes/9703/stats?region=us&lang=en&contentorigin=espn
9724,Pat Watkins,,NFL_id,9724,fetch_failed: RuntimeError: fetch_failed after 3 attempts: 404 Client Error: Not Found for url: https://site.web.api.espn.com/apis/common/v3/sports/football/college-football/athletes/9724/stats?region=us&lang=en&contentorigin=espn
9804,Todd Watkins,,NFL_id,9804,fetch_failed: RuntimeError: fetch_failed after 3 attempts: 404 Client Error: Not Found for url: https://site.web.api.espn.com/apis/common/v3/sports/football/college-football/athletes/9804/stats?region=us&lang=en&contentorigin=espn
9693,Gabe Watson,,NFL_id,9693,fetch_failed: RuntimeError: fetch_failed after 3 attempts: 404 Client Error: Not Found for url: https://site.web.api.espn.com/apis/common/v3/sports/football/college-football/athletes/9693/stats?region=us&lang=en&contentorigin=espn
9822,Dee Webb,,NFL_id,9822,fetch_failed: RuntimeError: fetch_failed after 3 attempts: 404 Client Error: Not Found for url: https://site.web.api.espn.com/apis/common/v3/sports/football/college-football/athletes/9822/stats?region=us&lang=en&contentorigin=espn
9631,LenDale White,,NFL_id,9631,fetch_failed: RuntimeError: fetch_failed after 3 attempts: 404 Client Error: Not Found for url: https://site.web.api.espn.com/apis/common/v3/sports/football/college-football/athletes/9631/stats?region=us&lang=en&contentorigin=espn
9667,Charlie Whitehurst,,NFL_id,9667,fetch_failed: RuntimeError: fetch_failed after 3 attempts: 404 Client Error: Not Found for url: https://site.web.api.espn.com/apis/common/v3/sports/football/college-football/athletes/9667/stats?region=us&lang=en&contentorigin=espn
9594,Donte Whitner,,NFL_id,9594,fetch_failed: RuntimeError: fetch_failed after 3 attempts: 404 Client Error: Not Found for url: https://site.web.api.espn.com/apis/common/v3/sports/football/college-football/athletes/9594/stats?region=us&lang=en&contentorigin=espn
9641,Andrew Whitworth,,NFL_id,9641,fetch_failed: RuntimeError: fetch_failed after 3 attempts: 404 Client Error: Not Found for url: https://site.web.api.espn.com/apis/common/v3/sports/football/college-football/athletes/9641/stats?region=us&lang=en&contentorigin=espn
9682,Gerris Wilkinson,,NFL_id,9682,fetch_failed: RuntimeError: fetch_failed after 3 attempts: 404 Client Error: Not Found for url: https://site.web.api.espn.com/apis/common/v3/sports/football/college-football/athletes/9682/stats?region=us&lang=en&contentorigin=espn
9670,Brandon Williams,,NFL_id,9670,fetch_failed: RuntimeError: fetch_failed after 3 attempts: 404 Client Error: Not Found for url: https://site.web.api.espn.com/apis/common/v3/sports/football/college-football/athletes/9670/stats?region=us&lang=en&contentorigin=espn
9613,DeAngelo Williams,,NFL_id,9613,fetch_failed: RuntimeError: fetch_failed after 3 attempts: 404 Client Error: Not Found for url: https://site.web.api.espn.com/apis/common/v3/sports/football/college-football/athletes/9613/stats?region=us&lang=en&contentorigin=espn
9697,Demetrius Williams,,NFL_id,9697,fetch_failed: RuntimeError: fetch_failed after 3 attempts: 404 Client Error: Not Found for url: https://site.web.api.espn.com/apis/common/v3/sports/football/college-football/athletes/9697/stats?region=us&lang=en&contentorigin=espn
9706,Jamar Williams,,NFL_id,9706,fetch_failed: RuntimeError: fetch_failed after 3 attempts: 404 Client Error: Not Found for url: https://site.web.api.espn.com/apis/common/v3/sports/football/college-football/athletes/9706/stats?region=us&lang=en&contentorigin=espn
9623,Jimmy Williams,,NFL_id,9623,fetch_failed: RuntimeError: fetch_failed after 3 attempts: 404 Client Error: Not Found for url: https://site.web.api.espn.com/apis/common/v3/sports/football/college-football/athletes/9623/stats?region=us&lang=en&contentorigin=espn
9587,Mario Williams,,NFL_id,9587,fetch_failed: RuntimeError: fetch_failed after 3 attempts: 404 Client Error: Not Found for url: https://site.web.api.espn.com/apis/common/v3/sports/football/college-football/athletes/9587/stats?region=us&lang=en&contentorigin=espn
9599,Kamerion Wimbley,,NFL_id,9599,fetch_failed: RuntimeError: fetch_failed after 3 attempts: 404 Client Error: Not Found for url: https://site.web.api.espn.com/apis/common/v3/sports/football/college-football/athletes/9599/stats?region=us&lang=en&contentorigin=espn
9652,Eric Winston,,NFL_id,9652,fetch_failed: RuntimeError: fetch_failed after 3 attempts: 404 Client Error: Not Found for url: https://site.web.api.espn.com/apis/common/v3/sports/football/college-football/athletes/9652/stats?region=us&lang=en&contentorigin=espn
9812,Rodrique Wright,,NFL_id,9812,fetch_failed: RuntimeError: fetch_failed after 3 attempts: 404 Client Error: Not Found for url: https://site.web.api.espn.com/apis/common/v3/sports/football/college-football/athletes/9812/stats?region=us&lang=en&contentorigin=espn
9654,Claude Wroten,,NFL_id,9654,fetch_failed: RuntimeError: fetch_failed after 3 attempts: 404 Client Error: Not Found for url: https://site.web.api.espn.com/apis/common/v3/sports/football/college-football/athletes/9654/stats?region=us&lang=en&contentorigin=espn
9799,James Wyche,,NFL_id,9799,fetch_failed: RuntimeError: fetch_failed after 3 attempts: 404 Client Error: Not Found for url: https://site.web.api.espn.com/apis/common/v3/sports/football/college-football/athletes/9799/stats?region=us&lang=en&contentorigin=espn
9656,Ashton Youboty,,NFL_id,9656,fetch_failed: RuntimeError: fetch_failed after 3 attempts: 404 Client Error: Not Found for url: https://site.web.api.espn.com/apis/common/v3/sports/football/college-football/athletes/9656/stats?region=us&lang=en&contentorigin=espn
9589,Vince Young,,NFL_id,9589,fetch_failed: RuntimeError: fetch_failed after 3 attempts: 404 Client Error: Not Found for url: https://site.web.api.espn.com/apis/common/v3/sports/football/college-football/athletes/9589/stats?region=us&lang=en&contentorigin=espn
10501,Victor Abiamiri,,NFL_id,10501,fetch_failed: RuntimeError: fetch_failed after 3 attempts: 404 Client Error: Not Found for url: https://site.web.api.espn.com/apis/common/v3/sports/football/college-football/athletes/10501/stats?region=us&lang=en&contentorigin=espn
10449,Gaines Adams,,NFL_id,10449,fetch_failed: RuntimeError: fetch_failed after 3 attempts: 404 Client Error: Not Found for url: https://site.web.api.espn.com/apis/common/v3/sports/football/college-football/athletes/10449/stats?region=us&lang=en&contentorigin=espn
10502,Ikaika Alama-Francis,,NFL_id,10502,fetch_failed: RuntimeError: fetch_failed after 3 attempts: 404 Client Error: Not Found for url: https://site.web.api.espn.com/apis/common/v3/sports/football/college-football/athletes/10502/stats?region=us&lang=en&contentorigin=espn
10505,Gerald Alexander,,NFL_id,10505,fetch_failed: RuntimeError: fetch_failed after 3 attempts: 404 Client Error: Not Found for url: https://site.web.api.espn.com/apis/common/v3/sports/football/college-football/athletes/10505/stats?region=us&lang=en&contentorigin=espn
10525,Jay Alford,,NFL_id,10525,fetch_failed: RuntimeError: fetch_failed after 3 attempts: 404 Client Error: Not Found for url: https://site.web.api.espn.com/apis/common/v3/sports/football/college-football/athletes/10525/stats?region=us&lang=en&contentorigin=espn
10589,Aundrae Allison,,NFL_id,10589,fetch_failed: RuntimeError: fetch_failed after 3 attempts: 404 Client Error: Not Found for url: https://site.web.api.espn.com/apis/common/v3/sports/football/college-football/athletes/10589/stats?region=us&lang=en&contentorigin=espn
10638,Deon Anderson,,NFL_id,10638,fetch_failed: RuntimeError: fetch_failed after 3 attempts: 404 Client Error: Not Found for url: https://site.web.api.espn.com/apis/common/v3/sports/football/college-football/athletes/10638/stats?region=us&lang=en&contentorigin=espn
11116,Jamaal Anderson,,NFL_id,11116,fetch_failed: RuntimeError: fetch_failed after 3 attempts: 404 Client Error: Not Found for url: https://site.web.api.espn.com/apis/common/v3/sports/football/college-football/athletes/11116/stats?region=us&lang=en&contentorigin=espn
10564,Baraka Atkins,,NFL_id,10564,fetch_failed: RuntimeError: fetch_failed after 3 attempts: 404 Client Error: Not Found for url: https://site.web.api.espn.com/apis/common/v3/sports/football/college-football/athletes/10564/stats?region=us&lang=en&contentorigin=espn
10670,Dallas Baker,,NFL_id,10670,fetch_failed: RuntimeError: fetch_failed after 3 attempts: 404 Client Error: Not Found for url: https://site.web.api.espn.com/apis/common/v3/sports/football/college-football/athletes/10670/stats?region=us&lang=en&contentorigin=espn
10563,Allen Barbre,,NFL_id,10563,fetch_failed: RuntimeError: fetch_failed after 3 attempts: 404 Client Error: Not Found for url: https://site.web.api.espn.com/apis/common/v3/sports/football/college-football/athletes/10563/stats?region=us&lang=en&contentorigin=espn
10577,Antwan Barnes,,NFL_id,10577,fetch_failed: RuntimeError: fetch_failed after 3 attempts: 404 Client Error: Not Found for url: https://site.web.api.espn.com/apis/common/v3/sports/football/college-football/athletes/10577/stats?region=us&lang=en&contentorigin=espn
10469,Jon Beason,,NFL_id,10469,fetch_failed: RuntimeError: fetch_failed after 3 attempts: 404 Client Error: Not Found for url: https://site.web.api.espn.com/apis/common/v3/sports/football/college-football/athletes/10469/stats?region=us&lang=en&contentorigin=espn
10484,John Beck,,NFL_id,10484,fetch_failed: RuntimeError: fetch_failed after 3 attempts: 404 Client Error: Not Found for url: https://site.web.api.espn.com/apis/common/v3/sports/football/college-football/athletes/10484/stats?region=us&lang=en&contentorigin=espn
10573,Josh Beekman,,NFL_id,10573,fetch_failed: RuntimeError: fetch_failed after 3 attempts: 404 Client Error: Not Found for url: https://site.web.api.espn.com/apis/common/v3/sports/football/college-football/athletes/10573/stats?region=us&lang=en&contentorigin=espn
10566,Fred Bennett,,NFL_id,10566,fetch_failed: RuntimeError: fetch_failed after 3 attempts: 404 Client Error: Not Found for url: https://site.web.api.espn.com/apis/common/v3/sports/football/college-football/athletes/10566/stats?region=us&lang=en&contentorigin=espn
10635,Desmond Bishop,,NFL_id,10635,fetch_failed: RuntimeError: fetch_failed after 3 attempts: 404 Client Error: Not Found for url: https://site.web.api.espn.com/apis/common/v3/sports/football/college-football/athletes/10635/stats?region=us&lang=en&contentorigin=espn
10512,Quincy Black,,NFL_id,10512,fetch_failed: RuntimeError: fetch_failed after 3 attempts: 404 Client Error: Not Found for url: https://site.web.api.espn.com/apis/common/v3/sports/football/college-football/athletes/10512/stats?region=us&lang=en&contentorigin=espn
10622,H.B. Blades,,NFL_id,10622,fetch_failed: RuntimeError: fetch_failed after 3 attempts: 404 Client Error: Not Found for url: https://site.web.api.espn.com/apis/common/v3/sports/football/college-football/athletes/10622/stats?region=us&lang=en&contentorigin=espn
10483,Justin Blalock,,NFL_id,10483,fetch_failed: RuntimeError: fetch_failed after 3 attempts: 404 Client Error: Not Found for url: https://site.web.api.espn.com/apis/common/v3/sports/football/college-football/athletes/10483/stats?region=us&lang=en&contentorigin=espn
10515,Lorenzo Booker,,NFL_id,10515,fetch_failed: RuntimeError: fetch_failed after 3 attempts: 404 Client Error: Not Found for url: https://site.web.api.espn.com/apis/common/v3/sports/football/college-football/athletes/10515/stats?region=us&lang=en&contentorigin=espn
10596,Kevin Boss,,NFL_id,10596,fetch_failed: RuntimeError: fetch_failed after 3 attempts: 404 Client Error: Not Found for url: https://site.web.api.espn.com/apis/common/v3/sports/football/college-football/athletes/10596/stats?region=us&lang=en&contentorigin=espn
10467,Dwayne Bowe,,NFL_id,10467,fetch_failed: RuntimeError: fetch_failed after 3 attempts: 404 Client Error: Not Found for url: https://site.web.api.espn.com/apis/common/v3/sports/football/college-football/athletes/10467/stats?region=us&lang=en&contentorigin=espn
10531,Stewart Bradley,,NFL_id,10531,fetch_failed: RuntimeError: fetch_failed after 3 attempts: 404 Client Error: Not Found for url: https://site.web.api.espn.com/apis/common/v3/sports/football/college-football/athletes/10531/stats?region=us&lang=en&contentorigin=espn
10693,Ahmad Bradshaw,,NFL_id,10693,fetch_failed: RuntimeError: fetch_failed after 3 attempts: 404 Client Error: Not Found for url: https://site.web.api.espn.com/apis/common/v3/sports/football/college-football/athletes/10693/stats?region=us&lang=en&contentorigin=espn
10477,Alan Branch,,NFL_id,10477,fetch_failed: RuntimeError: fetch_failed after 3 attempts: 404 Client Error: Not Found for url: https://site.web.api.espn.com/apis/common/v3/sports/football/college-football/athletes/10477/stats?region=us&lang=en&contentorigin=espn
10585,Steve Breaston,,NFL_id,10585,fetch_failed: RuntimeError: fetch_failed after 3 attempts: 404 Client Error: Not Found for url: https://site.web.api.espn.com/apis/common/v3/sports/football/college-football/athletes/10585/stats?region=us&lang=en&contentorigin=espn
10450,Levi Brown,,NFL_id,10450,fetch_failed: RuntimeError: fetch_failed after 3 attempts: 404 Client Error: Not Found for url: https://site.web.api.espn.com/apis/common/v3/sports/football/college-football/athletes/10450/stats?region=us&lang=en&contentorigin=espn
10590,Tarell Brown,,NFL_id,10590,fetch_failed: RuntimeError: fetch_failed after 3 attempts: 404 Client Error: Not Found for url: https://site.web.api.espn.com/apis/common/v3/sports/football/college-football/athletes/10590/stats?region=us&lang=en&contentorigin=espn
10650,Prescott Burgess,,NFL_id,10650,fetch_failed: RuntimeError: fetch_failed after 3 attempts: 404 Client Error: Not Found for url: https://site.web.api.espn.com/apis/common/v3/sports/football/college-football/athletes/10650/stats?region=us&lang=en&contentorigin=espn
10544,Michael Bush,,NFL_id,10544,fetch_failed: RuntimeError: fetch_failed after 3 attempts: 404 Client Error: Not Found for url: https://site.web.api.espn.com/apis/common/v3/sports/football/college-football/athletes/10544/stats?region=us&lang=en&contentorigin=espn
10457,Adam Carriker,,NFL_id,10457,fetch_failed: RuntimeError: fetch_failed after 3 attempts: 404 Client Error: Not Found for url: https://site.web.api.espn.com/apis/common/v3/sports/football/college-football/athletes/10457/stats?region=us&lang=en&contentorigin=espn
10572,Scott Chandler,,NFL_id,10572,fetch_failed: RuntimeError: fetch_failed after 3 attempts: 404 Client Error: Not Found for url: https://site.web.api.espn.com/apis/common/v3/sports/football/college-football/athletes/10572/stats?region=us&lang=en&contentorigin=espn
10600,David Clowney,,NFL_id,10600,fetch_failed: RuntimeError: fetch_failed after 3 attempts: 404 Client Error: Not Found for url: https://site.web.api.espn.com/apis/common/v3/sports/football/college-football/athletes/10600/stats?region=us&lang=en&contentorigin=espn
10616,Michael Coe,,NFL_id,10616,fetch_failed: RuntimeError: fetch_failed after 3 attempts: 404 Client Error: Not Found for url: https://site.web.api.espn.com/apis/common/v3/sports/football/college-football/athletes/10616/stats?region=us&lang=en&contentorigin=espn
10578,Joe Cohen,,NFL_id,10578,fetch_failed: RuntimeError: fetch_failed after 3 attempts: 404 Client Error: Not Found for url: https://site.web.api.espn.com/apis/common/v3/sports/football/college-football/athletes/10578/stats?region=us&lang=en&contentorigin=espn
10636,Mason Crosby,,NFL_id,10636,fetch_failed: RuntimeError: fetch_failed after 3 attempts: 404 Client Error: Not Found for url: https://site.web.api.espn.com/apis/common/v3/sports/football/college-football/athletes/10636/stats?region=us&lang=en&contentorigin=espn
10500,Tim Crowder,,NFL_id,10500,fetch_failed: RuntimeError: fetch_failed after 3 attempts: 404 Client Error: Not Found for url: https://site.web.api.espn.com/apis/common/v3/sports/football/college-football/athletes/10500/stats?region=us&lang=en&contentorigin=espn
10689,Kenneth Darby,,NFL_id,10689,fetch_failed: RuntimeError: fetch_failed after 3 attempts: 404 Client Error: Not Found for url: https://site.web.api.espn.com/apis/common/v3/sports/football/college-football/athletes/10689/stats?region=us&lang=en&contentorigin=espn
10513,Buster Davis,,NFL_id,10513,fetch_failed: RuntimeError: fetch_failed after 3 attempts: 404 Client Error: Not Found for url: https://site.web.api.espn.com/apis/common/v3/sports/football/college-football/athletes/10513/stats?region=us&lang=en&contentorigin=espn
10571,Chris Davis,,NFL_id,10571,fetch_failed: RuntimeError: fetch_failed after 3 attempts: 404 Client Error: Not Found for url: https://site.web.api.espn.com/apis/common/v3/sports/football/college-football/athletes/10571/stats?region=us&lang=en&contentorigin=espn
10560,Zak DeOssie,,NFL_id,10560,fetch_failed: RuntimeError: fetch_failed after 3 attempts: 404 Client Error: Not Found for url: https://site.web.api.espn.com/apis/common/v3/sports/football/college-football/athletes/10560/stats?region=us&lang=en&contentorigin=espn
10492,Justin Durant,,NFL_id,10492,fetch_failed: RuntimeError: fetch_failed after 3 attempts: 404 Client Error: Not Found for url: https://site.web.api.espn.com/apis/common/v3/sports/football/college-football/athletes/10492/stats?region=us&lang=en&contentorigin=espn
10536,Trent Edwards,,NFL_id,10536,fetch_failed: RuntimeError: fetch_failed after 3 attempts: 404 Client Error: Not Found for url: https://site.web.api.espn.com/apis/common/v3/sports/football/college-football/athletes/10536/stats?region=us&lang=en&contentorigin=espn
10668,Brandon Fields,,NFL_id,10668,fetch_failed: RuntimeError: fetch_failed after 3 attempts: 404 Client Error: Not Found for url: https://site.web.api.espn.com/apis/common/v3/sports/football/college-football/athletes/10668/stats?region=us&lang=en&contentorigin=espn
10518,Yamon Figurs,,NFL_id,10518,fetch_failed: RuntimeError: fetch_failed after 3 attempts: 404 Client Error: Not Found for url: https://site.web.api.espn.com/apis/common/v3/sports/football/college-football/athletes/10518/stats?region=us&lang=en&contentorigin=espn
10621,Nick Folk,,NFL_id,10621,fetch_failed: RuntimeError: fetch_failed after 3 attempts: 404 Client Error: Not Found for url: https://site.web.api.espn.com/apis/common/v3/sports/football/college-football/athletes/10621/stats?region=us&lang=en&contentorigin=espn
10647,Jacob Ford,,NFL_id,10647,fetch_failed: RuntimeError: fetch_failed after 3 attempts: 404 Client Error: Not Found for url: https://site.web.api.espn.com/apis/common/v3/sports/football/college-football/athletes/10647/stats?region=us&lang=en&contentorigin=espn
10608,Eric Frampton,,NFL_id,10608,fetch_failed: RuntimeError: fetch_failed after 3 attempts: 404 Client Error: Not Found for url: https://site.web.api.espn.com/apis/common/v3/sports/football/college-football/athletes/10608/stats?region=us&lang=en&contentorigin=espn
10565,Doug Free,,NFL_id,10565,fetch_failed: RuntimeError: fetch_failed after 3 attempts: 404 Client Error: Not Found for url: https://site.web.api.espn.com/apis/common/v3/sports/football/college-football/athletes/10565/stats?region=us&lang=en&contentorigin=espn
10593,Josh Gattis,,NFL_id,10593,fetch_failed: RuntimeError: fetch_failed after 3 attempts: 404 Client Error: Not Found for url: https://site.web.api.espn.com/apis/common/v3/sports/football/college-football/athletes/10593/stats?region=us&lang=en&contentorigin=espn
10453,Ted Ginn,,NFL_id,10453,fetch_failed: RuntimeError: fetch_failed after 3 attempts: 404 Client Error: Not Found for url: https://site.web.api.espn.com/apis/common/v3/sports/football/college-football/athletes/10453/stats?region=us&lang=en&contentorigin=espn
10569,Dashon Goldson,,NFL_id,10569,fetch_failed: RuntimeError: fetch_failed after 3 attempts: 404 Client Error: Not Found for url: https://site.web.api.espn.com/apis/common/v3/sports/football/college-football/athletes/10569/stats?region=us&lang=en&contentorigin=espn
10476,Anthony Gonzalez,,NFL_id,10476,fetch_failed: RuntimeError: fetch_failed after 3 attempts: 404 Client Error: Not Found for url: https://site.web.api.espn.com/apis/common/v3/sports/football/college-football/athletes/10476/stats?region=us&lang=en&contentorigin=espn
10611,Corey Graham,,NFL_id,10611,fetch_failed: RuntimeError: fetch_failed after 3 attempts: 404 Client Error: Not Found for url: https://site.web.api.espn.com/apis/common/v3/sports/football/college-football/athletes/10611/stats?region=us&lang=en&contentorigin=espn
10463,Michael Griffin,,NFL_id,10463,fetch_failed: RuntimeError: fetch_failed after 3 attempts: 404 Client Error: Not Found for url: https://site.web.api.espn.com/apis/common/v3/sports/football/college-football/athletes/10463/stats?region=us&lang=en&contentorigin=espn
10473,Ben Grubbs,,NFL_id,10473,fetch_failed: RuntimeError: fetch_failed after 3 attempts: 404 Client Error: Not Found for url: https://site.web.api.espn.com/apis/common/v3/sports/football/college-football/athletes/10473/stats?region=us&lang=en&contentorigin=espn
10462,Leon Hall,,NFL_id,10462,fetch_failed: RuntimeError: fetch_failed after 3 attempts: 404 Client Error: Not Found for url: https://site.web.api.espn.com/apis/common/v3/sports/football/college-football/athletes/10462/stats?region=us&lang=en&contentorigin=espn
10460,Justin Harrell,,NFL_id,10460,fetch_failed: RuntimeError: fetch_failed after 3 attempts: 404 Client Error: Not Found for url: https://site.web.api.espn.com/apis/common/v3/sports/football/college-football/athletes/10460/stats?region=us&lang=en&contentorigin=espn
10686,Clark Harris,,NFL_id,10686,fetch_failed: RuntimeError: fetch_failed after 3 attempts: 404 Client Error: Not Found for url: https://site.web.api.espn.com/apis/common/v3/sports/football/college-football/athletes/10686/stats?region=us&lang=en&contentorigin=espn
10491,David Harris,,NFL_id,10491,fetch_failed: RuntimeError: fetch_failed after 3 attempts: 404 Client Error: Not Found for url: https://site.web.api.espn.com/apis/common/v3/sports/football/college-football/athletes/10491/stats?region=us&lang=en&contentorigin=espn
10559,Leroy Harris,,NFL_id,10559,fetch_failed: RuntimeError: fetch_failed after 3 attempts: 404 Client Error: Not Found for url: https://site.web.api.espn.com/apis/common/v3/sports/football/college-football/athletes/10559/stats?region=us&lang=en&contentorigin=espn
10514,Ryan Harris,,NFL_id,10514,fetch_failed: RuntimeError: fetch_failed after 3 attempts: 404 Client Error: Not Found for url: https://site.web.api.espn.com/apis/common/v3/sports/football/college-football/athletes/10514/stats?region=us&lang=en&contentorigin=espn
14058,Brandon Harrison,,NFL_id,14058,fetch_failed: RuntimeError: fetch_failed after 3 attempts: 404 Client Error: Not Found for url: https://site.web.api.espn.com/apis/common/v3/sports/football/college-football/athletes/14058/stats?region=us&lang=en&contentorigin=espn
10535,Mario Henderson,,NFL_id,10535,fetch_failed: RuntimeError: fetch_failed after 3 attempts: 404 Client Error: Not Found for url: https://site.web.api.espn.com/apis/common/v3/sports/football/college-football/athletes/10535/stats?region=us&lang=en&contentorigin=espn
10494,Chris Henry,,NFL_id,10494,fetch_failed: RuntimeError: fetch_failed after 3 attempts: 404 Client Error: Not Found for url: https://site.web.api.espn.com/apis/common/v3/sports/football/college-football/athletes/10494/stats?region=us&lang=en&contentorigin=espn
10543,Johnnie Lee Higgins,,NFL_id,10543,fetch_failed: RuntimeError: fetch_failed after 3 attempts: 404 Client Error: Not Found for url: https://site.web.api.espn.com/apis/common/v3/sports/football/college-football/athletes/10543/stats?region=us&lang=en&contentorigin=espn
10520,Jason Hill,,NFL_id,10520,fetch_failed: RuntimeError: fetch_failed after 3 attempts: 404 Client Error: Not Found for url: https://site.web.api.espn.com/apis/common/v3/sports/football/college-football/athletes/10520/stats?region=us&lang=en&contentorigin=espn
10697,Jonathan Holland,,NFL_id,10697,fetch_failed: RuntimeError: fetch_failed after 3 attempts: 404 Client Error: Not Found for url: https://site.web.api.espn.com/apis/common/v3/sports/football/college-football/athletes/10697/stats?region=us&lang=en&contentorigin=espn
10485,Chris Houston,,NFL_id,10485,fetch_failed: RuntimeError: fetch_failed after 3 attempts: 404 Client Error: Not Found for url: https://site.web.api.espn.com/apis/common/v3/sports/football/college-football/athletes/10485/stats?region=us&lang=en&contentorigin=espn
10539,Dante Hughes,,NFL_id,10539,fetch_failed: RuntimeError: fetch_failed after 3 attempts: 404 Client Error: Not Found for url: https://site.web.api.espn.com/apis/common/v3/sports/football/college-football/athletes/10539/stats?region=us&lang=en&contentorigin=espn
10534,Tony Hunt,,NFL_id,10534,fetch_failed: RuntimeError: fetch_failed after 3 attempts: 404 Client Error: Not Found for url: https://site.web.api.espn.com/apis/common/v3/sports/football/college-football/athletes/10534/stats?region=us&lang=en&contentorigin=espn
10637,David Irons,,NFL_id,10637,fetch_failed: RuntimeError: fetch_failed after 3 attempts: 404 Client Error: Not Found for url: https://site.web.api.espn.com/apis/common/v3/sports/football/college-football/athletes/10637/stats?region=us&lang=en&contentorigin=espn
10507,Brandon Jackson,,NFL_id,10507,fetch_failed: RuntimeError: fetch_failed after 3 attempts: 404 Client Error: Not Found for url: https://site.web.api.espn.com/apis/common/v3/sports/football/college-football/athletes/10507/stats?region=us&lang=en&contentorigin=espn
10550,Tanard Jackson,,NFL_id,10550,fetch_failed: RuntimeError: fetch_failed after 3 attempts: 404 Client Error: Not Found for url: https://site.web.api.espn.com/apis/common/v3/sports/football/college-football/athletes/10550/stats?region=us&lang=en&contentorigin=espn
10489,Dwayne Jarrett,,NFL_id,10489,fetch_failed: RuntimeError: fetch_failed after 3 attempts: 404 Client Error: Not Found for url: https://site.web.api.espn.com/apis/common/v3/sports/football/college-football/athletes/10489/stats?region=us&lang=en&contentorigin=espn
10595,Antonio Johnson,,NFL_id,10595,fetch_failed: RuntimeError: fetch_failed after 3 attempts: 404 Client Error: Not Found for url: https://site.web.api.espn.com/apis/common/v3/sports/football/college-football/athletes/10595/stats?region=us&lang=en&contentorigin=espn
10447,Calvin Johnson,,NFL_id,10447,fetch_failed: RuntimeError: fetch_failed after 3 attempts: 404 Client Error: Not Found for url: https://site.web.api.espn.com/apis/common/v3/sports/football/college-football/athletes/10447/stats?region=us&lang=en&contentorigin=espn
10667,Michael Johnson,,NFL_id,10667,fetch_failed: RuntimeError: fetch_failed after 3 attempts: 404 Client Error: Not Found for url: https://site.web.api.espn.com/apis/common/v3/sports/football/college-football/athletes/10667/stats?region=us&lang=en&contentorigin=espn
10517,Jacoby Jones,,NFL_id,10517,fetch_failed: RuntimeError: fetch_failed after 3 attempts: 404 Client Error: Not Found for url: https://site.web.api.espn.com/apis/common/v3/sports/football/college-football/athletes/10517/stats?region=us&lang=en&contentorigin=espn
10522,James Jones,,NFL_id,10522,fetch_failed: RuntimeError: fetch_failed after 3 attempts: 404 Client Error: Not Found for url: https://site.web.api.espn.com/apis/common/v3/sports/football/college-football/athletes/10522/stats?region=us&lang=en&contentorigin=espn
10503,Ryan Kalil,,NFL_id,10503,fetch_failed: RuntimeError: fetch_failed after 3 attempts: 404 Client Error: Not Found for url: https://site.web.api.espn.com/apis/common/v3/sports/football/college-football/athletes/10503/stats?region=us&lang=en&contentorigin=espn
10653,Jordan Kent,,NFL_id,10653,fetch_failed: RuntimeError: fetch_failed after 3 attempts: 404 Client Error: Not Found for url: https://site.web.api.espn.com/apis/common/v3/sports/football/college-football/athletes/10653/stats?region=us&lang=en&contentorigin=espn
10632,Adam Koets,,NFL_id,10632,fetch_failed: RuntimeError: fetch_failed after 3 attempts: 404 Client Error: Not Found for url: https://site.web.api.espn.com/apis/common/v3/sports/football/college-football/athletes/10632/stats?region=us&lang=en&contentorigin=espn
10480,Kevin Kolb,,NFL_id,10480,fetch_failed: RuntimeError: fetch_failed after 3 attempts: 404 Client Error: Not Found for url: https://site.web.api.espn.com/apis/common/v3/sports/football/college-football/athletes/10480/stats?region=us&lang=en&contentorigin=espn
10609,Derek Landri,,NFL_id,10609,fetch_failed: RuntimeError: fetch_failed after 3 attempts: 404 Client Error: Not Found for url: https://site.web.api.espn.com/apis/common/v3/sports/football/college-football/athletes/10609/stats?region=us&lang=en&contentorigin=espn
10451,LaRon Landry,,NFL_id,10451,fetch_failed: RuntimeError: fetch_failed after 3 attempts: 404 Client Error: Not Found for url: https://site.web.api.espn.com/apis/common/v3/sports/football/college-football/athletes/10451/stats?region=us&lang=en&contentorigin=espn
10496,Brian Leonard,,NFL_id,10496,fetch_failed: RuntimeError: fetch_failed after 3 attempts: 404 Client Error: Not Found for url: https://site.web.api.espn.com/apis/common/v3/sports/football/college-football/athletes/10496/stats?region=us&lang=en&contentorigin=espn
10456,Marshawn Lynch,,NFL_id,10456,fetch_failed: RuntimeError: fetch_failed after 3 attempts: 404 Client Error: Not Found for url: https://site.web.api.espn.com/apis/common/v3/sports/football/college-football/athletes/10456/stats?region=us&lang=en&contentorigin=espn
10575,Ryan McBean,,NFL_id,10575,fetch_failed: RuntimeError: fetch_failed after 3 attempts: 404 Client Error: Not Found for url: https://site.web.api.espn.com/apis/common/v3/sports/football/college-football/athletes/10575/stats?region=us&lang=en&contentorigin=espn
10664,Trumaine McBride,,NFL_id,10664,fetch_failed: RuntimeError: fetch_failed after 3 attempts: 404 Client Error: Not Found for url: https://site.web.api.espn.com/apis/common/v3/sports/football/college-football/athletes/10664/stats?region=us&lang=en&contentorigin=espn
10498,Turk McBride,,NFL_id,10498,fetch_failed: RuntimeError: fetch_failed after 3 attempts: 404 Client Error: Not Found for url: https://site.web.api.espn.com/apis/common/v3/sports/football/college-football/athletes/10498/stats?region=us&lang=en&contentorigin=espn
10516,Marcus McCauley,,NFL_id,10516,fetch_failed: RuntimeError: fetch_failed after 3 attempts: 404 Client Error: Not Found for url: https://site.web.api.espn.com/apis/common/v3/sports/football/college-football/athletes/10516/stats?region=us&lang=en&contentorigin=espn
10580,LeRon McClain,,NFL_id,10580,fetch_failed: RuntimeError: fetch_failed after 3 attempts: 404 Client Error: Not Found for url: https://site.web.api.espn.com/apis/common/v3/sports/football/college-football/athletes/10580/stats?region=us&lang=en&contentorigin=espn
10583,Brandon McDonald,,NFL_id,10583,fetch_failed: RuntimeError: fetch_failed after 3 attempts: 404 Client Error: Not Found for url: https://site.web.api.espn.com/apis/common/v3/sports/football/college-football/athletes/10583/stats?region=us&lang=en&contentorigin=espn
10541,Ray McDonald,,NFL_id,10541,fetch_failed: RuntimeError: fetch_failed after 3 attempts: 404 Client Error: Not Found for url: https://site.web.api.espn.com/apis/common/v3/sports/football/college-football/athletes/10541/stats?region=us&lang=en&contentorigin=espn
10471,Robert Meachem,,NFL_id,10471,fetch_failed: RuntimeError: fetch_failed after 3 attempts: 404 Client Error: Not Found for url: https://site.web.api.espn.com/apis/common/v3/sports/football/college-football/athletes/10471/stats?region=us&lang=en&contentorigin=espn
10529,Brandon Mebane,,NFL_id,10529,fetch_failed: RuntimeError: fetch_failed after 3 attempts: 404 Client Error: Not Found for url: https://site.web.api.espn.com/apis/common/v3/sports/football/college-football/athletes/10529/stats?region=us&lang=en&contentorigin=espn
10603,Justin Medlock,,NFL_id,10603,fetch_failed: RuntimeError: fetch_failed after 3 attempts: 404 Client Error: Not Found for url: https://site.web.api.espn.com/apis/common/v3/sports/football/college-football/athletes/10603/stats?region=us&lang=en&contentorigin=espn
10468,Brandon Meriweather,,NFL_id,10468,fetch_failed: RuntimeError: fetch_failed after 3 attempts: 404 Client Error: Not Found for url: https://site.web.api.espn.com/apis/common/v3/sports/football/college-football/athletes/10468/stats?region=us&lang=en&contentorigin=espn
10482,Zach Miller,,NFL_id,10482,fetch_failed: RuntimeError: fetch_failed after 3 attempts: 404 Client Error: Not Found for url: https://site.web.api.espn.com/apis/common/v3/sports/football/college-football/athletes/10482/stats?region=us&lang=en&contentorigin=espn
10576,Martrez Milner,,NFL_id,10576,fetch_failed: RuntimeError: fetch_failed after 3 attempts: 404 Client Error: Not Found for url: https://site.web.api.espn.com/apis/common/v3/sports/football/college-football/athletes/10576/stats?region=us&lang=en&contentorigin=espn
10663,Marvin Mitchell,,NFL_id,10663,fetch_failed: RuntimeError: fetch_failed after 3 attempts: 404 Client Error: Not Found for url: https://site.web.api.espn.com/apis/common/v3/sports/football/college-football/athletes/10663/stats?region=us&lang=en&contentorigin=espn
10509,Quentin Moses,,NFL_id,10509,fetch_failed: RuntimeError: fetch_failed after 3 attempts: 404 Client Error: Not Found for url: https://site.web.api.espn.com/apis/common/v3/sports/football/college-football/athletes/10509/stats?region=us&lang=en&contentorigin=espn
10461,Jarvis Moss,,NFL_id,10461,fetch_failed: RuntimeError: fetch_failed after 3 attempts: 404 Client Error: Not Found for url: https://site.web.api.espn.com/apis/common/v3/sports/football/college-football/athletes/10461/stats?region=us&lang=en&contentorigin=espn
10615,Legedu Naanee,,NFL_id,10615,fetch_failed: RuntimeError: fetch_failed after 3 attempts: 404 Client Error: Not Found for url: https://site.web.api.espn.com/apis/common/v3/sports/football/college-football/athletes/10615/stats?region=us&lang=en&contentorigin=espn
10696,Chinedum Ndukwe,,NFL_id,10696,fetch_failed: RuntimeError: fetch_failed after 3 attempts: 404 Client Error: Not Found for url: https://site.web.api.espn.com/apis/common/v3/sports/football/college-football/athletes/10696/stats?region=us&lang=en&contentorigin=espn
10465,Reggie Nelson,,NFL_id,10465,fetch_failed: RuntimeError: fetch_failed after 3 attempts: 404 Client Error: Not Found for url: https://site.web.api.espn.com/apis/common/v3/sports/football/college-football/athletes/10465/stats?region=us&lang=en&contentorigin=espn
10553,Stephen Nicholas,,NFL_id,10553,fetch_failed: RuntimeError: fetch_failed after 3 attempts: 404 Client Error: Not Found for url: https://site.web.api.espn.com/apis/common/v3/sports/football/college-football/athletes/10553/stats?region=us&lang=en&contentorigin=espn
10694,Chad Nkang,,NFL_id,10694,fetch_failed: RuntimeError: fetch_failed after 3 attempts: 404 Client Error: Not Found for url: https://site.web.api.espn.com/apis/common/v3/sports/football/college-football/athletes/10694/stats?region=us&lang=en&contentorigin=espn
10592,Uche Nwaneri,,NFL_id,10592,fetch_failed: RuntimeError: fetch_failed after 3 attempts: 404 Client Error: Not Found for url: https://site.web.api.espn.com/apis/common/v3/sports/football/college-football/athletes/10592/stats?region=us&lang=en&contentorigin=espn
10454,Amobi Okoye,,NFL_id,10454,fetch_failed: RuntimeError: fetch_failed after 3 attempts: 404 Client Error: Not Found for url: https://site.web.api.espn.com/apis/common/v3/sports/football/college-football/athletes/10454/stats?region=us&lang=en&contentorigin=espn
10475,Greg Olsen,,NFL_id,10475,fetch_failed: RuntimeError: fetch_failed after 3 attempts: 404 Client Error: Not Found for url: https://site.web.api.espn.com/apis/common/v3/sports/football/college-football/athletes/10475/stats?region=us&lang=en&contentorigin=espn
10648,Jordan Palmer,,NFL_id,10648,fetch_failed: RuntimeError: fetch_failed after 3 attempts: 404 Client Error: Not Found for url: https://site.web.api.espn.com/apis/common/v3/sports/football/college-football/athletes/10648/stats?region=us&lang=en&contentorigin=espn
10658,Ben Patrick,,NFL_id,10658,fetch_failed: RuntimeError: fetch_failed after 3 attempts: 404 Client Error: Not Found for url: https://site.web.api.espn.com/apis/common/v3/sports/football/college-football/athletes/10658/stats?region=us&lang=en&contentorigin=espn
10610,Kevin Payne,,NFL_id,10610,fetch_failed: RuntimeError: fetch_failed after 3 attempts: 404 Client Error: Not Found for url: https://site.web.api.espn.com/apis/common/v3/sports/football/college-football/athletes/10610/stats?region=us&lang=en&contentorigin=espn
10452,Adrian Peterson,,NFL_id,10452,fetch_failed: RuntimeError: fetch_failed after 3 attempts: 404 Client Error: Not Found for url: https://site.web.api.espn.com/apis/common/v3/sports/football/college-football/athletes/10452/stats?region=us&lang=en&contentorigin=espn
10508,Sabby Piscitelli,,NFL_id,10508,fetch_failed: RuntimeError: fetch_failed after 3 attempts: 404 Client Error: Not Found for url: https://site.web.api.espn.com/apis/common/v3/sports/football/college-football/athletes/10508/stats?region=us&lang=en&contentorigin=espn
10542,Quinn Pitcock,,NFL_id,10542,fetch_failed: RuntimeError: fetch_failed after 3 attempts: 404 Client Error: Not Found for url: https://site.web.api.espn.com/apis/common/v3/sports/football/college-football/athletes/10542/stats?region=us&lang=en&contentorigin=espn
10551,Antonio Pittman,,NFL_id,10551,fetch_failed: RuntimeError: fetch_failed after 3 attempts: 404 Client Error: Not Found for url: https://site.web.api.espn.com/apis/common/v3/sports/football/college-football/athletes/10551/stats?region=us&lang=en&contentorigin=espn
10545,Adam Podlesh,,NFL_id,10545,fetch_failed: RuntimeError: fetch_failed after 3 attempts: 404 Client Error: Not Found for url: https://site.web.api.espn.com/apis/common/v3/sports/football/college-football/athletes/10545/stats?region=us&lang=en&contentorigin=espn
10478,Paul Posluszny,,NFL_id,10478,fetch_failed: RuntimeError: fetch_failed after 3 attempts: 404 Client Error: Not Found for url: https://site.web.api.espn.com/apis/common/v3/sports/football/college-football/athletes/10478/stats?region=us&lang=en&contentorigin=espn
10466,Brady Quinn,,NFL_id,10466,fetch_failed: RuntimeError: fetch_failed after 3 attempts: 404 Client Error: Not Found for url: https://site.web.api.espn.com/apis/common/v3/sports/football/college-football/athletes/10466/stats?region=us&lang=en&contentorigin=espn
10561,Manny Ramirez,,NFL_id,10561,fetch_failed: RuntimeError: fetch_failed after 3 attempts: 404 Client Error: Not Found for url: https://site.web.api.espn.com/apis/common/v3/sports/football/college-football/athletes/10561/stats?region=us&lang=en&contentorigin=espn
10458,Darrelle Revis,,NFL_id,10458,fetch_failed: RuntimeError: fetch_failed after 3 attempts: 404 Client Error: Not Found for url: https://site.web.api.espn.com/apis/common/v3/sports/football/college-football/athletes/10458/stats?region=us&lang=en&contentorigin=espn
10488,Sidney Rice,,NFL_id,10488,fetch_failed: RuntimeError: fetch_failed after 3 attempts: 404 Client Error: Not Found for url: https://site.web.api.espn.com/apis/common/v3/sports/football/college-football/athletes/10488/stats?region=us&lang=en&contentorigin=espn
10581,Jay Richardson,,NFL_id,10581,fetch_failed: RuntimeError: fetch_failed after 3 attempts: 404 Client Error: Not Found for url: https://site.web.api.espn.com/apis/common/v3/sports/football/college-football/athletes/10581/stats?region=us&lang=en&contentorigin=espn
10519,Laurent Robinson,,NFL_id,10519,fetch_failed: RuntimeError: fetch_failed after 3 attempts: 404 Client Error: Not Found for url: https://site.web.api.espn.com/apis/common/v3/sports/football/college-football/athletes/10519/stats?region=us&lang=en&contentorigin=espn
10562,Ryne Robinson,,NFL_id,10562,fetch_failed: RuntimeError: fetch_failed after 3 attempts: 404 Client Error: Not Found for url: https://site.web.api.espn.com/apis/common/v3/sports/football/college-football/athletes/10562/stats?region=us&lang=en&contentorigin=espn
10546,Brian Robison,,NFL_id,10546,fetch_failed: RuntimeError: fetch_failed after 3 attempts: 404 Client Error: Not Found for url: https://site.web.api.espn.com/apis/common/v3/sports/football/college-football/athletes/10546/stats?region=us&lang=en&contentorigin=espn
10598,Dante Rosario,,NFL_id,10598,fetch_failed: RuntimeError: fetch_failed after 3 attempts: 404 Client Error: Not Found for url: https://site.web.api.espn.com/apis/common/v3/sports/football/college-football/athletes/10598/stats?region=us&lang=en&contentorigin=espn
10464,Aaron Ross,,NFL_id,10464,fetch_failed: RuntimeError: fetch_failed after 3 attempts: 404 Client Error: Not Found for url: https://site.web.api.espn.com/apis/common/v3/sports/football/college-football/athletes/10464/stats?region=us&lang=en&contentorigin=espn
10533,Aaron Rouse,,NFL_id,10533,fetch_failed: RuntimeError: fetch_failed after 3 attempts: 404 Client Error: Not Found for url: https://site.web.api.espn.com/apis/common/v3/sports/football/college-football/athletes/10533/stats?region=us&lang=en&contentorigin=espn
10446,JaMarcus Russell,,NFL_id,10446,fetch_failed: RuntimeError: fetch_failed after 3 attempts: 404 Client Error: Not Found for url: https://site.web.api.espn.com/apis/common/v3/sports/football/college-football/athletes/10446/stats?region=us&lang=en&contentorigin=espn
10597,Clifton Ryan,,NFL_id,10597,fetch_failed: RuntimeError: fetch_failed after 3 attempts: 404 Client Error: Not Found for url: https://site.web.api.espn.com/apis/common/v3/sports/football/college-football/athletes/10597/stats?region=us&lang=en&contentorigin=espn
10504,Samson Satele,,NFL_id,10504,fetch_failed: RuntimeError: fetch_failed after 3 attempts: 404 Client Error: Not Found for url: https://site.web.api.espn.com/apis/common/v3/sports/football/college-football/athletes/10504/stats?region=us&lang=en&contentorigin=espn
10665,Derek Schouman,,NFL_id,10665,fetch_failed: RuntimeError: fetch_failed after 3 attempts: 404 Client Error: Not Found for url: https://site.web.api.espn.com/apis/common/v3/sports/football/college-football/athletes/10665/stats?region=us&lang=en&contentorigin=espn
10479,Arron Sears,,NFL_id,10479,fetch_failed: RuntimeError: fetch_failed after 3 attempts: 404 Client Error: Not Found for url: https://site.web.api.espn.com/apis/common/v3/sports/football/college-football/athletes/10479/stats?region=us&lang=en&contentorigin=espn
10556,Daniel Sepulveda,,NFL_id,10556,fetch_failed: RuntimeError: fetch_failed after 3 attempts: 404 Client Error: Not Found for url: https://site.web.api.espn.com/apis/common/v3/sports/football/college-football/athletes/10556/stats?region=us&lang=en&contentorigin=espn
10607,Tim Shaw,,NFL_id,10607,fetch_failed: RuntimeError: fetch_failed after 3 attempts: 404 Client Error: Not Found for url: https://site.web.api.espn.com/apis/common/v3/sports/football/college-football/athletes/10607/stats?region=us&lang=en&contentorigin=espn
10683,Brandon Siler,,NFL_id,10683,fetch_failed: RuntimeError: fetch_failed after 3 attempts: 404 Client Error: Not Found for url: https://site.web.api.espn.com/apis/common/v3/sports/football/college-football/athletes/10683/stats?region=us&lang=en&contentorigin=espn
10523,Mike Sims-Walker,,NFL_id,10523,fetch_failed: RuntimeError: fetch_failed after 3 attempts: 404 Client Error: Not Found for url: https://site.web.api.espn.com/apis/common/v3/sports/football/college-football/athletes/10523/stats?region=us&lang=en&contentorigin=espn
10662,Kelvin Smith,,NFL_id,10662,fetch_failed: RuntimeError: fetch_failed after 3 attempts: 404 Client Error: Not Found for url: https://site.web.api.espn.com/apis/common/v3/sports/football/college-football/athletes/10662/stats?region=us&lang=en&contentorigin=espn
10591,Kolby Smith,,NFL_id,10591,fetch_failed: RuntimeError: fetch_failed after 3 attempts: 404 Client Error: Not Found for url: https://site.web.api.espn.com/apis/common/v3/sports/football/college-football/athletes/10591/stats?region=us&lang=en&contentorigin=espn
10495,Steve Smith,,NFL_id,10495,fetch_failed: RuntimeError: fetch_failed after 3 attempts: 404 Client Error: Not Found for url: https://site.web.api.espn.com/apis/common/v3/sports/football/college-football/athletes/10495/stats?region=us&lang=en&contentorigin=espn
10617,Troy Smith,,NFL_id,10617,fetch_failed: RuntimeError: fetch_failed after 3 attempts: 404 Client Error: Not Found for url: https://site.web.api.espn.com/apis/common/v3/sports/football/college-football/athletes/10617/stats?region=us&lang=en&contentorigin=espn
10687,Jason Snelling,,NFL_id,10687,fetch_failed: RuntimeError: fetch_failed after 3 attempts: 404 Client Error: Not Found for url: https://site.web.api.espn.com/apis/common/v3/sports/football/college-football/athletes/10687/stats?region=us&lang=en&contentorigin=espn
10552,Paul Soliai,,NFL_id,10552,fetch_failed: RuntimeError: fetch_failed after 3 attempts: 404 Client Error: Not Found for url: https://site.web.api.espn.com/apis/common/v3/sports/football/college-football/athletes/10552/stats?region=us&lang=en&contentorigin=espn
10521,Matt Spaeth,,NFL_id,10521,fetch_failed: RuntimeError: fetch_failed after 3 attempts: 404 Client Error: Not Found for url: https://site.web.api.espn.com/apis/common/v3/sports/football/college-football/athletes/10521/stats?region=us&lang=en&contentorigin=espn
10470,Anthony Spencer,,NFL_id,10470,fetch_failed: RuntimeError: fetch_failed after 3 attempts: 404 Client Error: Not Found for url: https://site.web.api.espn.com/apis/common/v3/sports/football/college-football/athletes/10470/stats?region=us&lang=en&contentorigin=espn
10472,Joe Staley,,NFL_id,10472,fetch_failed: RuntimeError: fetch_failed after 3 attempts: 404 Client Error: Not Found for url: https://site.web.api.espn.com/apis/common/v3/sports/football/college-football/athletes/10472/stats?region=us&lang=en&contentorigin=espn
10547,Isaiah Stanback,,NFL_id,10547,fetch_failed: RuntimeError: fetch_failed after 3 attempts: 404 Client Error: Not Found for url: https://site.web.api.espn.com/apis/common/v3/sports/football/college-football/athletes/10547/stats?region=us&lang=en&contentorigin=espn
10487,Drew Stanton,,NFL_id,10487,fetch_failed: RuntimeError: fetch_failed after 3 attempts: 404 Client Error: Not Found for url: https://site.web.api.espn.com/apis/common/v3/sports/football/college-football/athletes/10487/stats?region=us&lang=en&contentorigin=espn
10677,Syndric Steptoe,,NFL_id,10677,fetch_failed: RuntimeError: fetch_failed after 3 attempts: 404 Client Error: Not Found for url: https://site.web.api.espn.com/apis/common/v3/sports/football/college-football/athletes/10677/stats?region=us&lang=en&contentorigin=espn
10646,Daren Stone,,NFL_id,10646,fetch_failed: RuntimeError: fetch_failed after 3 attempts: 404 Client Error: Not Found for url: https://site.web.api.espn.com/apis/common/v3/sports/football/college-football/athletes/10646/stats?region=us&lang=en&contentorigin=espn
10678,Chansi Stuckey,,NFL_id,10678,fetch_failed: RuntimeError: fetch_failed after 3 attempts: 404 Client Error: Not Found for url: https://site.web.api.espn.com/apis/common/v3/sports/football/college-football/athletes/10678/stats?region=us&lang=en&contentorigin=espn
10626,Kasey Studdard,,NFL_id,10626,fetch_failed: RuntimeError: fetch_failed after 3 attempts: 404 Client Error: Not Found for url: https://site.web.api.espn.com/apis/common/v3/sports/football/college-football/athletes/10626/stats?region=us&lang=en&contentorigin=espn
10640,Courtney Taylor,,NFL_id,10640,fetch_failed: RuntimeError: fetch_failed after 3 attempts: 404 Client Error: Not Found for url: https://site.web.api.espn.com/apis/common/v3/sports/football/college-football/athletes/10640/stats?region=us&lang=en&contentorigin=espn
10448,Joe Thomas,,NFL_id,10448,fetch_failed: RuntimeError: fetch_failed after 3 attempts: 404 Client Error: Not Found for url: https://site.web.api.espn.com/apis/common/v3/sports/football/college-football/athletes/10448/stats?region=us&lang=en&contentorigin=espn
8207,Marcus Thomas,,NFL_id,8207,fetch_failed: RuntimeError: fetch_failed after 3 attempts: 404 Client Error: Not Found for url: https://site.web.api.espn.com/apis/common/v3/sports/football/college-football/athletes/8207/stats?region=us&lang=en&contentorigin=espn
10459,Lawrence Timmons,,NFL_id,10459,fetch_failed: RuntimeError: fetch_failed after 3 attempts: 404 Client Error: Not Found for url: https://site.web.api.espn.com/apis/common/v3/sports/football/college-football/athletes/10459/stats?region=us&lang=en&contentorigin=espn
10630,Matt Toeaina,,NFL_id,10630,fetch_failed: RuntimeError: fetch_failed after 3 attempts: 404 Client Error: Not Found for url: https://site.web.api.espn.com/apis/common/v3/sports/football/college-football/athletes/10630/stats?region=us&lang=en&contentorigin=espn
10526,Tank Tyler,,NFL_id,10526,fetch_failed: RuntimeError: fetch_failed after 3 attempts: 404 Client Error: Not Found for url: https://site.web.api.espn.com/apis/common/v3/sports/football/college-football/athletes/10526/stats?region=us&lang=en&contentorigin=espn
10528,Jonathan Wade,,NFL_id,10528,fetch_failed: RuntimeError: fetch_failed after 3 attempts: 404 Client Error: Not Found for url: https://site.web.api.espn.com/apis/common/v3/sports/football/college-football/athletes/10528/stats?region=us&lang=en&contentorigin=espn
10540,Anthony Waters,,NFL_id,10540,fetch_failed: RuntimeError: fetch_failed after 3 attempts: 404 Client Error: Not Found for url: https://site.web.api.espn.com/apis/common/v3/sports/football/college-football/athletes/10540/stats?region=us&lang=en&contentorigin=espn
10481,Eric Weddle,,NFL_id,10481,fetch_failed: RuntimeError: fetch_failed after 3 attempts: 404 Client Error: Not Found for url: https://site.web.api.espn.com/apis/common/v3/sports/football/college-football/athletes/10481/stats?region=us&lang=en&contentorigin=espn
10627,John Wendling,,NFL_id,10627,fetch_failed: RuntimeError: fetch_failed after 3 attempts: 404 Client Error: Not Found for url: https://site.web.api.espn.com/apis/common/v3/sports/football/college-football/athletes/10627/stats?region=us&lang=en&contentorigin=espn
10558,Marvin White,,NFL_id,10558,fetch_failed: RuntimeError: fetch_failed after 3 attempts: 404 Client Error: Not Found for url: https://site.web.api.espn.com/apis/common/v3/sports/football/college-football/athletes/10558/stats?region=us&lang=en&contentorigin=espn
10524,Paul Williams,,NFL_id,10524,fetch_failed: RuntimeError: fetch_failed after 3 attempts: 404 Client Error: Not Found for url: https://site.web.api.espn.com/apis/common/v3/sports/football/college-football/athletes/10524/stats?region=us&lang=en&contentorigin=espn
10455,Patrick Willis,,NFL_id,10455,fetch_failed: RuntimeError: fetch_failed after 3 attempts: 404 Client Error: Not Found for url: https://site.web.api.espn.com/apis/common/v3/sports/football/college-football/athletes/10455/stats?region=us&lang=en&contentorigin=espn
10669,C.J. Wilson,,NFL_id,10669,fetch_failed: RuntimeError: fetch_failed after 3 attempts: 404 Client Error: Not Found for url: https://site.web.api.espn.com/apis/common/v3/sports/football/college-football/athletes/10669/stats?region=us&lang=en&contentorigin=espn
10499,Josh Wilson,,NFL_id,10499,fetch_failed: RuntimeError: fetch_failed after 3 attempts: 404 Client Error: Not Found for url: https://site.web.api.espn.com/apis/common/v3/sports/football/college-football/athletes/10499/stats?region=us&lang=en&contentorigin=espn
10537,Garrett Wolfe,,NFL_id,10537,fetch_failed: RuntimeError: fetch_failed after 3 attempts: 404 Client Error: Not Found for url: https://site.web.api.espn.com/apis/common/v3/sports/football/college-football/athletes/10537/stats?region=us&lang=en&contentorigin=espn
10490,LaMarr Woodley,,NFL_id,10490,fetch_failed: RuntimeError: fetch_failed after 3 attempts: 404 Client Error: Not Found for url: https://site.web.api.espn.com/apis/common/v3/sports/football/college-football/athletes/10490/stats?region=us&lang=en&contentorigin=espn
10555,Dwayne Wright,,NFL_id,10555,fetch_failed: RuntimeError: fetch_failed after 3 attempts: 404 Client Error: Not Found for url: https://site.web.api.espn.com/apis/common/v3/sports/football/college-football/athletes/10555/stats?region=us&lang=en&contentorigin=espn
10497,Eric Wright,,NFL_id,10497,fetch_failed: RuntimeError: fetch_failed after 3 attempts: 404 Client Error: Not Found for url: https://site.web.api.espn.com/apis/common/v3/sports/football/college-football/athletes/10497/stats?region=us&lang=en&contentorigin=espn
10671,DeShawn Wynn,,NFL_id,10671,fetch_failed: RuntimeError: fetch_failed after 3 attempts: 404 Client Error: Not Found for url: https://site.web.api.espn.com/apis/common/v3/sports/football/college-football/athletes/10671/stats?region=us&lang=en&contentorigin=espn
10530,Marshal Yanda,,NFL_id,10530,fetch_failed: RuntimeError: fetch_failed after 3 attempts: 404 Client Error: Not Found for url: https://site.web.api.espn.com/apis/common/v3/sports/football/college-football/athletes/10530/stats?region=us&lang=en&contentorigin=espn
10682,C.J. Ah You,,NFL_id,10682,fetch_failed: RuntimeError: fetch_failed after 3 attempts: 404 Client Error: Not Found for url: https://site.web.api.espn.com/apis/common/v3/sports/football/college-football/athletes/10682/stats?region=us&lang=en&contentorigin=espn
11352,Xavier Adibi,,NFL_id,11352,fetch_failed: RuntimeError: fetch_failed after 3 attempts: 404 Client Error: Not Found for url: https://site.web.api.espn.com/apis/common/v3/sports/football/college-football/athletes/11352/stats?region=us&lang=en&contentorigin=espn
11249,Branden Albert,,NFL_id,11249,fetch_failed: RuntimeError: fetch_failed after 3 attempts: 404 Client Error: Not Found for url: https://site.web.api.espn.com/apis/common/v3/sports/football/college-football/athletes/11249/stats?region=us&lang=en&contentorigin=espn
11471,Adrian Arrington,,NFL_id,11471,fetch_failed: RuntimeError: fetch_failed after 3 attempts: 404 Client Error: Not Found for url: https://site.web.api.espn.com/apis/common/v3/sports/football/college-football/athletes/11471/stats?region=us&lang=en&contentorigin=espn
11267,Donnie Avery,,NFL_id,11267,fetch_failed: RuntimeError: fetch_failed after 3 attempts: 404 Client Error: Not Found for url: https://site.web.api.espn.com/apis/common/v3/sports/football/college-football/athletes/11267/stats?region=us&lang=en&contentorigin=espn
11326,Cliff Avril,,NFL_id,11326,fetch_failed: RuntimeError: fetch_failed after 3 attempts: 404 Client Error: Not Found for url: https://site.web.api.espn.com/apis/common/v3/sports/football/college-football/athletes/11326/stats?region=us&lang=en&contentorigin=espn
11255,Sam Baker,,NFL_id,11255,fetch_failed: RuntimeError: fetch_failed after 3 attempts: 404 Client Error: Not Found for url: https://site.web.api.espn.com/apis/common/v3/sports/football/college-football/athletes/11255/stats?region=us&lang=en&contentorigin=espn
11263,Kentwan Balmer,,NFL_id,11263,fetch_failed: RuntimeError: fetch_failed after 3 attempts: 404 Client Error: Not Found for url: https://site.web.api.espn.com/apis/common/v3/sports/football/college-football/athletes/11263/stats?region=us&lang=en&contentorigin=espn
11407,Dominique Barber,,NFL_id,11407,fetch_failed: RuntimeError: fetch_failed after 3 attempts: 404 Client Error: Not Found for url: https://site.web.api.espn.com/apis/common/v3/sports/football/college-football/athletes/11407/stats?region=us&lang=en&contentorigin=espn
11364,Gary Barnidge,,NFL_id,11364,fetch_failed: RuntimeError: fetch_failed after 3 attempts: 404 Client Error: Not Found for url: https://site.web.api.espn.com/apis/common/v3/sports/football/college-football/athletes/11364/stats?region=us&lang=en&contentorigin=espn
11454,Josh Barrett,,NFL_id,11454,fetch_failed: RuntimeError: fetch_failed after 3 attempts: 404 Client Error: Not Found for url: https://site.web.api.espn.com/apis/common/v3/sports/football/college-football/athletes/11454/stats?region=us&lang=en&contentorigin=espn
11338,Beau Bell,,NFL_id,11338,fetch_failed: RuntimeError: fetch_failed after 3 attempts: 404 Client Error: Not Found for url: https://site.web.api.espn.com/apis/common/v3/sports/football/college-football/athletes/11338/stats?region=us&lang=en&contentorigin=espn
11453,Demetress Bell,,NFL_id,11453,fetch_failed: RuntimeError: fetch_failed after 3 attempts: 404 Client Error: Not Found for url: https://site.web.api.espn.com/apis/common/v3/sports/football/college-football/athletes/11453/stats?region=us&lang=en&contentorigin=espn
11304,Earl Bennett,,NFL_id,11304,fetch_failed: RuntimeError: fetch_failed after 3 attempts: 404 Client Error: Not Found for url: https://site.web.api.espn.com/apis/common/v3/sports/football/college-football/athletes/11304/stats?region=us&lang=en&contentorigin=espn
11295,Martellus Bennett,,NFL_id,11295,fetch_failed: RuntimeError: fetch_failed after 3 attempts: 404 Client Error: Not Found for url: https://site.web.api.espn.com/apis/common/v3/sports/football/college-football/athletes/11295/stats?region=us&lang=en&contentorigin=espn
11388,Kroy Biermann,,NFL_id,11388,fetch_failed: RuntimeError: fetch_failed after 3 attempts: 404 Client Error: Not Found for url: https://site.web.api.espn.com/apis/common/v3/sports/football/college-football/athletes/11388/stats?region=us&lang=en&contentorigin=espn
11372,Alvin Bowen,,NFL_id,11372,fetch_failed: RuntimeError: fetch_failed after 3 attempts: 404 Client Error: Not Found for url: https://site.web.api.espn.com/apis/common/v3/sports/football/college-football/athletes/11372/stats?region=us&lang=en&contentorigin=espn
11365,Zack Bowman,,NFL_id,11365,fetch_failed: RuntimeError: fetch_failed after 3 attempts: 404 Client Error: Not Found for url: https://site.web.api.espn.com/apis/common/v3/sports/football/college-football/athletes/11365/stats?region=us&lang=en&contentorigin=espn
11334,Tyvon Branch,,NFL_id,11334,fetch_failed: RuntimeError: fetch_failed after 3 attempts: 404 Client Error: Not Found for url: https://site.web.api.espn.com/apis/common/v3/sports/football/college-football/athletes/11334/stats?region=us&lang=en&contentorigin=espn
11290,Brian Brohm,,NFL_id,11290,fetch_failed: RuntimeError: fetch_failed after 3 attempts: 404 Client Error: Not Found for url: https://site.web.api.espn.com/apis/common/v3/sports/football/college-football/athletes/11290/stats?region=us&lang=en&contentorigin=espn
11402,Durant Brooks,,NFL_id,11402,fetch_failed: RuntimeError: fetch_failed after 3 attempts: 404 Client Error: Not Found for url: https://site.web.api.espn.com/apis/common/v3/sports/football/college-football/athletes/11402/stats?region=us&lang=en&contentorigin=espn
11260,Duane Brown,,NFL_id,11260,fetch_failed: RuntimeError: fetch_failed after 3 attempts: 404 Client Error: Not Found for url: https://site.web.api.espn.com/apis/common/v3/sports/football/college-football/athletes/11260/stats?region=us&lang=en&contentorigin=espn
11358,Red Bryant,,NFL_id,11358,fetch_failed: RuntimeError: fetch_failed after 3 attempts: 404 Client Error: Not Found for url: https://site.web.api.espn.com/apis/common/v3/sports/football/college-football/athletes/11358/stats?region=us&lang=en&contentorigin=espn
11375,Keenan Burton,,NFL_id,11375,fetch_failed: RuntimeError: fetch_failed after 3 attempts: 404 Client Error: Not Found for url: https://site.web.api.espn.com/apis/common/v3/sports/football/college-football/athletes/11375/stats?region=us&lang=en&contentorigin=espn
11452,Caleb Campbell,,NFL_id,11452,fetch_failed: RuntimeError: fetch_failed after 3 attempts: 404 Client Error: Not Found for url: https://site.web.api.espn.com/apis/common/v3/sports/football/college-football/athletes/11452/stats?region=us&lang=en&contentorigin=espn
11284,Calais Campbell,,NFL_id,11284,fetch_failed: RuntimeError: fetch_failed after 3 attempts: 404 Client Error: Not Found for url: https://site.web.api.espn.com/apis/common/v3/sports/football/college-football/athletes/11284/stats?region=us&lang=en&contentorigin=espn
11272,John Carlson,,NFL_id,11272,fetch_failed: RuntimeError: fetch_failed after 3 attempts: 404 Client Error: Not Found for url: https://site.web.api.espn.com/apis/common/v3/sports/football/college-football/athletes/11272/stats?region=us&lang=en&contentorigin=espn
11261,Antoine Cason,,NFL_id,11261,fetch_failed: RuntimeError: fetch_failed after 3 attempts: 404 Client Error: Not Found for url: https://site.web.api.espn.com/apis/common/v3/sports/football/college-football/athletes/11261/stats?region=us&lang=en&contentorigin=espn
11307,Jamaal Charles,,NFL_id,11307,fetch_failed: RuntimeError: fetch_failed after 3 attempts: 404 Client Error: Not Found for url: https://site.web.api.espn.com/apis/common/v3/sports/football/college-football/athletes/11307/stats?region=us&lang=en&contentorigin=espn
11251,Gosder Cherilus,,NFL_id,11251,fetch_failed: RuntimeError: fetch_failed after 3 attempts: 404 Client Error: Not Found for url: https://site.web.api.espn.com/apis/common/v3/sports/football/college-football/athletes/11251/stats?region=us&lang=en&contentorigin=espn
11359,Tashard Choice,,NFL_id,11359,fetch_failed: RuntimeError: fetch_failed after 3 attempts: 404 Client Error: Not Found for url: https://site.web.api.espn.com/apis/common/v3/sports/football/college-football/athletes/11359/stats?region=us&lang=en&contentorigin=espn
11246,Ryan Clady,,NFL_id,11246,fetch_failed: RuntimeError: fetch_failed after 3 attempts: 404 Client Error: Not Found for url: https://site.web.api.espn.com/apis/common/v3/sports/football/college-football/athletes/11246/stats?region=us&lang=en&contentorigin=espn
11346,Anthony Collins,,NFL_id,11346,fetch_failed: RuntimeError: fetch_failed after 3 attempts: 404 Client Error: Not Found for url: https://site.web.api.espn.com/apis/common/v3/sports/football/college-football/athletes/11346/stats?region=us&lang=en&contentorigin=espn
11308,Dan Connor,,NFL_id,11308,fetch_failed: RuntimeError: fetch_failed after 3 attempts: 404 Client Error: Not Found for url: https://site.web.api.espn.com/apis/common/v3/sports/football/college-football/athletes/11308/stats?region=us&lang=en&contentorigin=espn
11310,Brad Cottam,,NFL_id,11310,fetch_failed: RuntimeError: fetch_failed after 3 attempts: 404 Client Error: Not Found for url: https://site.web.api.espn.com/apis/common/v3/sports/football/college-football/athletes/11310/stats?region=us&lang=en&contentorigin=espn
11312,Shawn Crable,,NFL_id,11312,fetch_failed: RuntimeError: fetch_failed after 3 attempts: 404 Client Error: Not Found for url: https://site.web.api.espn.com/apis/common/v3/sports/football/college-football/athletes/11312/stats?region=us&lang=en&contentorigin=espn
11322,Bruce Davis,,NFL_id,11322,fetch_failed: RuntimeError: fetch_failed after 3 attempts: 404 Client Error: Not Found for url: https://site.web.api.espn.com/apis/common/v3/sports/football/college-football/athletes/11322/stats?region=us&lang=en&contentorigin=espn
11282,Fred Davis,,NFL_id,11282,fetch_failed: RuntimeError: fetch_failed after 3 attempts: 404 Client Error: Not Found for url: https://site.web.api.espn.com/apis/common/v3/sports/football/college-football/athletes/11282/stats?region=us&lang=en&contentorigin=espn
11392,Kellen Davis,,NFL_id,11392,fetch_failed: RuntimeError: fetch_failed after 3 attempts: 404 Client Error: Not Found for url: https://site.web.api.espn.com/apis/common/v3/sports/football/college-football/athletes/11392/stats?region=us&lang=en&contentorigin=espn
11332,Thomas DeCoud,,NFL_id,11332,fetch_failed: RuntimeError: fetch_failed after 3 attempts: 404 Client Error: Not Found for url: https://site.web.api.espn.com/apis/common/v3/sports/football/college-football/athletes/11332/stats?region=us&lang=en&contentorigin=espn
11351,Quintin Demps,,NFL_id,11351,fetch_failed: RuntimeError: fetch_failed after 3 attempts: 404 Client Error: Not Found for url: https://site.web.api.espn.com/apis/common/v3/sports/football/college-football/athletes/11351/stats?region=us&lang=en&contentorigin=espn
11390,Dennis Dixon,,NFL_id,11390,fetch_failed: RuntimeError: fetch_failed after 3 attempts: 404 Client Error: Not Found for url: https://site.web.api.espn.com/apis/common/v3/sports/football/college-football/athletes/11390/stats?region=us&lang=en&contentorigin=espn
11279,Jordon Dizon,,NFL_id,11279,fetch_failed: RuntimeError: fetch_failed after 3 attempts: 404 Client Error: Not Found for url: https://site.web.api.espn.com/apis/common/v3/sports/football/college-football/athletes/11279/stats?region=us&lang=en&contentorigin=espn
11239,Glenn Dorsey,,NFL_id,11239,fetch_failed: RuntimeError: fetch_failed after 3 attempts: 404 Client Error: Not Found for url: https://site.web.api.espn.com/apis/common/v3/sports/football/college-football/athletes/11239/stats?region=us&lang=en&contentorigin=espn
11479,Lionel Dotson,,NFL_id,11479,fetch_failed: RuntimeError: fetch_failed after 3 attempts: 404 Client Error: Not Found for url: https://site.web.api.espn.com/apis/common/v3/sports/football/college-football/athletes/11479/stats?region=us&lang=en&contentorigin=espn
11315,Early Doucet,,NFL_id,11315,fetch_failed: RuntimeError: fetch_failed after 3 attempts: 404 Client Error: Not Found for url: https://site.web.api.espn.com/apis/common/v3/sports/football/college-football/athletes/11315/stats?region=us&lang=en&contentorigin=espn
11318,Harry Douglas,,NFL_id,11318,fetch_failed: RuntimeError: fetch_failed after 3 attempts: 404 Client Error: Not Found for url: https://site.web.api.espn.com/apis/common/v3/sports/football/college-football/athletes/11318/stats?region=us&lang=en&contentorigin=espn
11464,King Dunlap,,NFL_id,11464,fetch_failed: RuntimeError: fetch_failed after 3 attempts: 404 Client Error: Not Found for url: https://site.web.api.espn.com/apis/common/v3/sports/football/college-football/athletes/11464/stats?region=us&lang=en&contentorigin=espn
11306,Chris Ellis,,NFL_id,11306,fetch_failed: RuntimeError: fetch_failed after 3 attempts: 404 Client Error: Not Found for url: https://site.web.api.espn.com/apis/common/v3/sports/football/college-football/athletes/11306/stats?region=us&lang=en&contentorigin=espn
11242,Sedrick Ellis,,NFL_id,11242,fetch_failed: RuntimeError: fetch_failed after 3 attempts: 404 Client Error: Not Found for url: https://site.web.api.espn.com/apis/common/v3/sports/football/college-football/athletes/11242/stats?region=us&lang=en&contentorigin=espn
11369,Jerome Felton,,NFL_id,11369,fetch_failed: RuntimeError: fetch_failed after 3 attempts: 404 Client Error: Not Found for url: https://site.web.api.espn.com/apis/common/v3/sports/football/college-football/athletes/11369/stats?region=us&lang=en&contentorigin=espn
11379,Derek Fine,,NFL_id,11379,fetch_failed: RuntimeError: fetch_failed after 3 attempts: 404 Client Error: Not Found for url: https://site.web.api.espn.com/apis/common/v3/sports/football/college-football/athletes/11379/stats?region=us&lang=en&contentorigin=espn
11325,Jermichael Finley,,NFL_id,11325,fetch_failed: RuntimeError: fetch_failed after 3 attempts: 404 Client Error: Not Found for url: https://site.web.api.espn.com/apis/common/v3/sports/football/college-football/athletes/11325/stats?region=us&lang=en&contentorigin=espn
11252,Joe Flacco,,NFL_id,11252,fetch_failed: RuntimeError: fetch_failed after 3 attempts: 404 Client Error: Not Found for url: https://site.web.api.espn.com/apis/common/v3/sports/football/college-football/athletes/11252/stats?region=us&lang=en&contentorigin=espn
11269,Brandon Flowers,,NFL_id,11269,fetch_failed: RuntimeError: fetch_failed after 3 attempts: 404 Client Error: Not Found for url: https://site.web.api.espn.com/apis/common/v3/sports/football/college-football/athletes/11269/stats?region=us&lang=en&contentorigin=espn
11321,Andre Fluellen,,NFL_id,11321,fetch_failed: RuntimeError: fetch_failed after 3 attempts: 404 Client Error: Not Found for url: https://site.web.api.espn.com/apis/common/v3/sports/football/college-football/athletes/11321/stats?region=us&lang=en&contentorigin=espn
11443,Matt Flynn,,NFL_id,11443,fetch_failed: RuntimeError: fetch_failed after 3 attempts: 404 Client Error: Not Found for url: https://site.web.api.espn.com/apis/common/v3/sports/football/college-football/athletes/11443/stats?region=us&lang=en&contentorigin=espn
11467,Justin Forsett,,NFL_id,11467,fetch_failed: RuntimeError: fetch_failed after 3 attempts: 404 Client Error: Not Found for url: https://site.web.api.espn.com/apis/common/v3/sports/football/college-football/athletes/11467/stats?region=us&lang=en&contentorigin=espn
11278,Matt Forte,,NFL_id,11278,fetch_failed: RuntimeError: fetch_failed after 3 attempts: 404 Client Error: Not Found for url: https://site.web.api.espn.com/apis/common/v3/sports/football/college-football/athletes/11278/stats?region=us&lang=en&contentorigin=espn
11339,Will Franklin,,NFL_id,11339,fetch_failed: RuntimeError: fetch_failed after 3 attempts: 404 Client Error: Not Found for url: https://site.web.api.espn.com/apis/common/v3/sports/football/college-football/athletes/11339/stats?region=us&lang=en&contentorigin=espn
11439,Pierre Garcon,,NFL_id,11439,fetch_failed: RuntimeError: fetch_failed after 3 attempts: 404 Client Error: Not Found for url: https://site.web.api.espn.com/apis/common/v3/sports/football/college-football/athletes/11439/stats?region=us&lang=en&contentorigin=espn
11240,Vernon Gholston,,NFL_id,11240,fetch_failed: RuntimeError: fetch_failed after 3 attempts: 404 Client Error: Not Found for url: https://site.web.api.espn.com/apis/common/v3/sports/football/college-football/athletes/11240/stats?region=us&lang=en&contentorigin=espn
11418,Mike Gibson,,NFL_id,11418,fetch_failed: RuntimeError: fetch_failed after 3 attempts: 404 Client Error: Not Found for url: https://site.web.api.espn.com/apis/common/v3/sports/football/college-football/athletes/11418/stats?region=us&lang=en&contentorigin=espn
11301,Charles Godfrey,,NFL_id,11301,fetch_failed: RuntimeError: fetch_failed after 3 attempts: 404 Client Error: Not Found for url: https://site.web.api.espn.com/apis/common/v3/sports/football/college-football/athletes/11301/stats?region=us&lang=en&contentorigin=espn
11399,Jonathan Goff,,NFL_id,11399,fetch_failed: RuntimeError: fetch_failed after 3 attempts: 404 Client Error: Not Found for url: https://site.web.api.espn.com/apis/common/v3/sports/football/college-football/athletes/11399/stats?region=us&lang=en&contentorigin=espn
11305,Tavares Gooden,,NFL_id,11305,fetch_failed: RuntimeError: fetch_failed after 3 attempts: 404 Client Error: Not Found for url: https://site.web.api.espn.com/apis/common/v3/sports/football/college-football/athletes/11305/stats?region=us&lang=en&contentorigin=espn
11448,Larry Grant,,NFL_id,11448,fetch_failed: RuntimeError: fetch_failed after 3 attempts: 404 Client Error: Not Found for url: https://site.web.api.espn.com/apis/common/v3/sports/football/college-football/athletes/11448/stats?region=us&lang=en&contentorigin=espn
11299,John Greco,,NFL_id,11299,fetch_failed: RuntimeError: fetch_failed after 3 attempts: 404 Client Error: Not Found for url: https://site.web.api.espn.com/apis/common/v3/sports/football/college-football/athletes/11299/stats?region=us&lang=en&contentorigin=espn
11286,Quentin Groves,,NFL_id,11286,fetch_failed: RuntimeError: fetch_failed after 3 attempts: 404 Client Error: Not Found for url: https://site.web.api.espn.com/apis/common/v3/sports/football/college-football/athletes/11286/stats?region=us&lang=en&contentorigin=espn
11386,Letroy Guion,,NFL_id,11386,fetch_failed: RuntimeError: fetch_failed after 3 attempts: 404 Client Error: Not Found for url: https://site.web.api.espn.com/apis/common/v3/sports/football/college-football/athletes/11386/stats?region=us&lang=en&contentorigin=espn
11275,James Hardy,,NFL_id,11275,fetch_failed: RuntimeError: fetch_failed after 3 attempts: 404 Client Error: Not Found for url: https://site.web.api.espn.com/apis/common/v3/sports/football/college-football/athletes/11275/stats?region=us&lang=en&contentorigin=espn
11419,Chris Harrington,,NFL_id,11419,fetch_failed: RuntimeError: fetch_failed after 3 attempts: 404 Client Error: Not Found for url: https://site.web.api.espn.com/apis/common/v3/sports/football/college-football/athletes/11419/stats?region=us&lang=en&contentorigin=espn
11324,Marcus Harrison,,NFL_id,11324,fetch_failed: RuntimeError: fetch_failed after 3 attempts: 404 Client Error: Not Found for url: https://site.web.api.espn.com/apis/common/v3/sports/football/college-football/athletes/11324/stats?region=us&lang=en&contentorigin=espn
11436,Mike Hart,,NFL_id,11436,fetch_failed: RuntimeError: fetch_failed after 3 attempts: 404 Client Error: Not Found for url: https://site.web.api.espn.com/apis/common/v3/sports/football/college-football/athletes/11436/stats?region=us&lang=en&contentorigin=espn
11241,Derrick Harvey,,NFL_id,11241,fetch_failed: RuntimeError: fetch_failed after 3 attempts: 404 Client Error: Not Found for url: https://site.web.api.espn.com/apis/common/v3/sports/football/college-football/athletes/11241/stats?region=us&lang=en&contentorigin=espn
11371,Lavelle Hawkins,,NFL_id,11371,fetch_failed: RuntimeError: fetch_failed after 3 attempts: 404 Client Error: Not Found for url: https://site.web.api.espn.com/apis/common/v3/sports/football/college-football/athletes/11371/stats?region=us&lang=en&contentorigin=espn
11415,Nick Hayden,,NFL_id,11415,fetch_failed: RuntimeError: fetch_failed after 3 attempts: 404 Client Error: Not Found for url: https://site.web.api.espn.com/apis/common/v3/sports/football/college-football/athletes/11415/stats?region=us&lang=en&contentorigin=espn
11409,Geno Hayes,,NFL_id,11409,fetch_failed: RuntimeError: fetch_failed after 3 attempts: 404 Client Error: Not Found for url: https://site.web.api.espn.com/apis/common/v3/sports/football/college-football/athletes/11409/stats?region=us&lang=en&contentorigin=espn
11291,Chad Henne,,NFL_id,11291,fetch_failed: RuntimeError: fetch_failed after 3 attempts: 404 Client Error: Not Found for url: https://site.web.api.espn.com/apis/common/v3/sports/football/college-football/athletes/11291/stats?region=us&lang=en&contentorigin=espn
11303,Jacob Hester,,NFL_id,11303,fetch_failed: RuntimeError: fetch_failed after 3 attempts: 404 Client Error: Not Found for url: https://site.web.api.espn.com/apis/common/v3/sports/football/college-football/athletes/11303/stats?region=us&lang=en&contentorigin=espn
11438,Lex Hilliard,,NFL_id,11438,fetch_failed: RuntimeError: fetch_failed after 3 attempts: 404 Client Error: Not Found for url: https://site.web.api.espn.com/apis/common/v3/sports/football/college-football/athletes/11438/stats?region=us&lang=en&contentorigin=espn
11461,Peyton Hillis,,NFL_id,11461,fetch_failed: RuntimeError: fetch_failed after 3 attempts: 404 Client Error: Not Found for url: https://site.web.api.espn.com/apis/common/v3/sports/football/college-football/athletes/11461/stats?region=us&lang=en&contentorigin=espn
11483,Chris Horton,,NFL_id,11483,fetch_failed: RuntimeError: fetch_failed after 3 attempts: 404 Client Error: Not Found for url: https://site.web.api.espn.com/apis/common/v3/sports/football/college-football/athletes/11483/stats?region=us&lang=en&contentorigin=espn
11395,Marcus Howard,,NFL_id,11395,fetch_failed: RuntimeError: fetch_failed after 3 attempts: 404 Client Error: Not Found for url: https://site.web.api.espn.com/apis/common/v3/sports/football/college-football/athletes/11395/stats?region=us&lang=en&contentorigin=espn
11425,Paul Hubbard,,NFL_id,11425,fetch_failed: RuntimeError: fetch_failed after 3 attempts: 404 Client Error: Not Found for url: https://site.web.api.espn.com/apis/common/v3/sports/football/college-football/athletes/11425/stats?region=us&lang=en&contentorigin=espn
11350,Kenny Iwebema,,NFL_id,11350,fetch_failed: RuntimeError: fetch_failed after 3 attempts: 404 Client Error: Not Found for url: https://site.web.api.espn.com/apis/common/v3/sports/football/college-football/athletes/11350/stats?region=us&lang=en&contentorigin=espn
11302,Chevis Jackson,,NFL_id,11302,fetch_failed: RuntimeError: fetch_failed after 3 attempts: 404 Client Error: Not Found for url: https://site.web.api.espn.com/apis/common/v3/sports/football/college-football/athletes/11302/stats?region=us&lang=en&contentorigin=espn
11283,DeSean Jackson,,NFL_id,11283,fetch_failed: RuntimeError: fetch_failed after 3 attempts: 404 Client Error: Not Found for url: https://site.web.api.espn.com/apis/common/v3/sports/football/college-football/athletes/11283/stats?region=us&lang=en&contentorigin=espn
11292,Dexter Jackson,,NFL_id,11292,fetch_failed: RuntimeError: fetch_failed after 3 attempts: 404 Client Error: Not Found for url: https://site.web.api.espn.com/apis/common/v3/sports/football/college-football/athletes/11292/stats?region=us&lang=en&contentorigin=espn
11262,Lawrence Jackson,,NFL_id,11262,fetch_failed: RuntimeError: fetch_failed after 3 attempts: 404 Client Error: Not Found for url: https://site.web.api.espn.com/apis/common/v3/sports/football/college-football/athletes/11262/stats?region=us&lang=en&contentorigin=espn
11259,Mike Jenkins,,NFL_id,11259,fetch_failed: RuntimeError: fetch_failed after 3 attempts: 404 Client Error: Not Found for url: https://site.web.api.espn.com/apis/common/v3/sports/football/college-football/athletes/11259/stats?region=us&lang=en&contentorigin=espn
11258,Chris Johnson,,NFL_id,11258,fetch_failed: RuntimeError: fetch_failed after 3 attempts: 404 Client Error: Not Found for url: https://site.web.api.espn.com/apis/common/v3/sports/football/college-football/athletes/11258/stats?region=us&lang=en&contentorigin=espn
11427,Jaymar Johnson,,NFL_id,11427,fetch_failed: RuntimeError: fetch_failed after 3 attempts: 404 Client Error: Not Found for url: https://site.web.api.espn.com/apis/common/v3/sports/football/college-football/athletes/11427/stats?region=us&lang=en&contentorigin=espn
11394,Josh Johnson,,NFL_id,11394,fetch_failed: RuntimeError: fetch_failed after 3 attempts: 404 Client Error: Not Found for url: https://site.web.api.espn.com/apis/common/v3/sports/football/college-football/athletes/11394/stats?region=us&lang=en&contentorigin=espn
11277,Tyrell Johnson,,NFL_id,11277,fetch_failed: RuntimeError: fetch_failed after 3 attempts: 404 Client Error: Not Found for url: https://site.web.api.espn.com/apis/common/v3/sports/football/college-football/athletes/11277/stats?region=us&lang=en&contentorigin=espn
11256,Felix Jones,,NFL_id,11256,fetch_failed: RuntimeError: fetch_failed after 3 attempts: 404 Client Error: Not Found for url: https://site.web.api.espn.com/apis/common/v3/sports/football/college-football/athletes/11256/stats?region=us&lang=en&contentorigin=espn
11288,Jason Jones,,NFL_id,11288,fetch_failed: RuntimeError: fetch_failed after 3 attempts: 404 Client Error: Not Found for url: https://site.web.api.espn.com/apis/common/v3/sports/football/college-football/athletes/11288/stats?region=us&lang=en&contentorigin=espn
11381,Stanford Keglar,,NFL_id,11381,fetch_failed: RuntimeError: fetch_failed after 3 attempts: 404 Client Error: Not Found for url: https://site.web.api.espn.com/apis/common/v3/sports/football/college-football/athletes/11381/stats?region=us&lang=en&contentorigin=espn
11360,Bryan Kehl,,NFL_id,11360,fetch_failed: RuntimeError: fetch_failed after 3 attempts: 404 Client Error: Not Found for url: https://site.web.api.espn.com/apis/common/v3/sports/football/college-football/athletes/11360/stats?region=us&lang=en&contentorigin=espn
11459,Brandon Keith,,NFL_id,11459,fetch_failed: RuntimeError: fetch_failed after 3 attempts: 404 Client Error: Not Found for url: https://site.web.api.espn.com/apis/common/v3/sports/football/college-football/athletes/11459/stats?region=us&lang=en&contentorigin=espn
11264,Dustin Keller,,NFL_id,11264,fetch_failed: RuntimeError: fetch_failed after 3 attempts: 404 Client Error: Not Found for url: https://site.web.api.espn.com/apis/common/v3/sports/football/college-football/athletes/11264/stats?region=us&lang=en&contentorigin=espn
11285,Malcolm Kelly,,NFL_id,11285,fetch_failed: RuntimeError: fetch_failed after 3 attempts: 404 Client Error: Not Found for url: https://site.web.api.espn.com/apis/common/v3/sports/football/college-football/athletes/11285/stats?region=us&lang=en&contentorigin=espn
11335,Justin King,,NFL_id,11335,fetch_failed: RuntimeError: fetch_failed after 3 attempts: 404 Client Error: Not Found for url: https://site.web.api.espn.com/apis/common/v3/sports/football/college-football/athletes/11335/stats?region=us&lang=en&contentorigin=espn
11300,Kendall Langford,,NFL_id,11300,fetch_failed: RuntimeError: fetch_failed after 3 attempts: 404 Client Error: Not Found for url: https://site.web.api.espn.com/apis/common/v3/sports/football/college-football/athletes/11300/stats?region=us&lang=en&contentorigin=espn
11417,Spencer Larsen,,NFL_id,11417,fetch_failed: RuntimeError: fetch_failed after 3 attempts: 404 Client Error: Not Found for url: https://site.web.api.espn.com/apis/common/v3/sports/football/college-football/athletes/11417/stats?region=us&lang=en&contentorigin=espn
11281,Trevor Laws,,NFL_id,11281,fetch_failed: RuntimeError: fetch_failed after 3 attempts: 404 Client Error: Not Found for url: https://site.web.api.espn.com/apis/common/v3/sports/football/college-football/athletes/11281/stats?region=us&lang=en&contentorigin=espn
11294,Pat Lee,,NFL_id,11294,fetch_failed: RuntimeError: fetch_failed after 3 attempts: 404 Client Error: Not Found for url: https://site.web.api.espn.com/apis/common/v3/sports/football/college-football/athletes/11294/stats?region=us&lang=en&contentorigin=espn
11342,Kory Lichtensteiger,,NFL_id,11342,fetch_failed: RuntimeError: fetch_failed after 3 attempts: 404 Client Error: Not Found for url: https://site.web.api.espn.com/apis/common/v3/sports/football/college-football/athletes/11342/stats?region=us&lang=en&contentorigin=espn
11271,Curtis Lofton,,NFL_id,11271,fetch_failed: RuntimeError: fetch_failed after 3 attempts: 404 Client Error: Not Found for url: https://site.web.api.espn.com/apis/common/v3/sports/football/college-football/athletes/11271/stats?region=us&lang=en&contentorigin=espn
11236,Chris Long,,NFL_id,11236,fetch_failed: RuntimeError: fetch_failed after 3 attempts: 404 Client Error: Not Found for url: https://site.web.api.espn.com/apis/common/v3/sports/football/college-football/athletes/11236/stats?region=us&lang=en&contentorigin=espn
11234,Jake Long,,NFL_id,11234,fetch_failed: RuntimeError: fetch_failed after 3 attempts: 404 Client Error: Not Found for url: https://site.web.api.espn.com/apis/common/v3/sports/football/college-football/athletes/11234/stats?region=us&lang=en&contentorigin=espn
11347,Dwight Lowery,,NFL_id,11347,fetch_failed: RuntimeError: fetch_failed after 3 attempts: 404 Client Error: Not Found for url: https://site.web.api.espn.com/apis/common/v3/sports/football/college-football/athletes/11347/stats?region=us&lang=en&contentorigin=espn
11329,Mario Manningham,,NFL_id,11329,fetch_failed: RuntimeError: fetch_failed after 3 attempts: 404 Client Error: Not Found for url: https://site.web.api.espn.com/apis/common/v3/sports/football/college-football/athletes/11329/stats?region=us&lang=en&contentorigin=espn
11244,Jerod Mayo,,NFL_id,11244,fetch_failed: RuntimeError: fetch_failed after 3 attempts: 404 Client Error: Not Found for url: https://site.web.api.espn.com/apis/common/v3/sports/football/college-football/athletes/11244/stats?region=us&lang=en&contentorigin=espn
11238,Darren McFadden,,NFL_id,11238,fetch_failed: RuntimeError: fetch_failed after 3 attempts: 404 Client Error: Not Found for url: https://site.web.api.espn.com/apis/common/v3/sports/football/college-football/athletes/11238/stats?region=us&lang=en&contentorigin=espn
11343,Mike McGlynn,,NFL_id,11343,fetch_failed: RuntimeError: fetch_failed after 3 attempts: 404 Client Error: Not Found for url: https://site.web.api.espn.com/apis/common/v3/sports/football/college-football/athletes/11343/stats?region=us&lang=en&contentorigin=espn
11245,Leodis McKelvin,,NFL_id,11245,fetch_failed: RuntimeError: fetch_failed after 3 attempts: 404 Client Error: Not Found for url: https://site.web.api.espn.com/apis/common/v3/sports/football/college-football/athletes/11245/stats?region=us&lang=en&contentorigin=espn
11412,Taylor Mehlhaff,,NFL_id,11412,fetch_failed: RuntimeError: fetch_failed after 3 attempts: 404 Client Error: Not Found for url: https://site.web.api.espn.com/apis/common/v3/sports/football/college-football/athletes/11412/stats?region=us&lang=en&contentorigin=espn
11257,Rashard Mendenhall,,NFL_id,11257,fetch_failed: RuntimeError: fetch_failed after 3 attempts: 404 Client Error: Not Found for url: https://site.web.api.espn.com/apis/common/v3/sports/football/college-football/athletes/11257/stats?region=us&lang=en&contentorigin=espn
11266,Phillip Merling,,NFL_id,11266,fetch_failed: RuntimeError: fetch_failed after 3 attempts: 404 Client Error: Not Found for url: https://site.web.api.espn.com/apis/common/v3/sports/football/college-football/athletes/11266/stats?region=us&lang=en&contentorigin=espn
11313,Antwaun Molden,,NFL_id,11313,fetch_failed: RuntimeError: fetch_failed after 3 attempts: 404 Client Error: Not Found for url: https://site.web.api.espn.com/apis/common/v3/sports/football/college-football/athletes/11313/stats?region=us&lang=en&contentorigin=espn
11349,Dre Moore,,NFL_id,11349,fetch_failed: RuntimeError: fetch_failed after 3 attempts: 404 Client Error: Not Found for url: https://site.web.api.espn.com/apis/common/v3/sports/football/college-football/athletes/11349/stats?region=us&lang=en&contentorigin=espn
11316,DaJuan Morgan,,NFL_id,11316,fetch_failed: RuntimeError: fetch_failed after 3 attempts: 404 Client Error: Not Found for url: https://site.web.api.espn.com/apis/common/v3/sports/football/college-football/athletes/11316/stats?region=us&lang=en&contentorigin=espn
11408,Josh Morgan,,NFL_id,11408,fetch_failed: RuntimeError: fetch_failed after 3 attempts: 404 Client Error: Not Found for url: https://site.web.api.espn.com/apis/common/v3/sports/football/college-football/athletes/11408/stats?region=us&lang=en&contentorigin=espn
11270,Jordy Nelson,,NFL_id,11270,fetch_failed: RuntimeError: fetch_failed after 3 attempts: 404 Client Error: Not Found for url: https://site.web.api.espn.com/apis/common/v3/sports/football/college-football/athletes/11270/stats?region=us&lang=en&contentorigin=espn
11398,Carl Nicks,,NFL_id,11398,fetch_failed: RuntimeError: fetch_failed after 3 attempts: 404 Client Error: Not Found for url: https://site.web.api.espn.com/apis/common/v3/sports/football/college-football/athletes/11398/stats?region=us&lang=en&contentorigin=espn
11328,Kevin O'Connell,,NFL_id,11328,fetch_failed: RuntimeError: fetch_failed after 3 attempts: 404 Client Error: Not Found for url: https://site.web.api.espn.com/apis/common/v3/sports/football/college-football/athletes/11328/stats?region=us&lang=en&contentorigin=espn
11385,Frank Okam,,NFL_id,11385,fetch_failed: RuntimeError: fetch_failed after 3 attempts: 404 Client Error: Not Found for url: https://site.web.api.espn.com/apis/common/v3/sports/football/college-football/athletes/11385/stats?region=us&lang=en&contentorigin=espn
11413,Xavier Omon,,NFL_id,11413,fetch_failed: RuntimeError: fetch_failed after 3 attempts: 404 Client Error: Not Found for url: https://site.web.api.espn.com/apis/common/v3/sports/football/college-football/athletes/11413/stats?region=us&lang=en&contentorigin=espn
11253,Jeff Otah,,NFL_id,11253,fetch_failed: RuntimeError: fetch_failed after 3 attempts: 404 Client Error: Not Found for url: https://site.web.api.espn.com/apis/common/v3/sports/football/college-football/athletes/11253/stats?region=us&lang=en&contentorigin=espn
11410,Jalen Parmele,,NFL_id,11410,fetch_failed: RuntimeError: fetch_failed after 3 attempts: 404 Client Error: Not Found for url: https://site.web.api.espn.com/apis/common/v3/sports/football/college-football/athletes/11410/stats?region=us&lang=en&contentorigin=espn
11265,Kenny Phillips,,NFL_id,11265,fetch_failed: RuntimeError: fetch_failed after 3 attempts: 404 Client Error: Not Found for url: https://site.web.api.espn.com/apis/common/v3/sports/football/college-football/athletes/11265/stats?region=us&lang=en&contentorigin=espn
11293,Mike Pollak,,NFL_id,11293,fetch_failed: RuntimeError: fetch_failed after 3 attempts: 404 Client Error: Not Found for url: https://site.web.api.espn.com/apis/common/v3/sports/football/college-football/athletes/11293/stats?region=us&lang=en&contentorigin=espn
11274,Tracy Porter,,NFL_id,11274,fetch_failed: RuntimeError: fetch_failed after 3 attempts: 404 Client Error: Not Found for url: https://site.web.api.espn.com/apis/common/v3/sports/football/college-football/athletes/11274/stats?region=us&lang=en&contentorigin=espn
11374,Carlton Powell,,NFL_id,11374,fetch_failed: RuntimeError: fetch_failed after 3 attempts: 404 Client Error: Not Found for url: https://site.web.api.espn.com/apis/common/v3/sports/football/college-football/athletes/11374/stats?region=us&lang=en&contentorigin=espn
11367,DeMario Pressley,,NFL_id,11367,fetch_failed: RuntimeError: fetch_failed after 3 attempts: 404 Client Error: Not Found for url: https://site.web.api.espn.com/apis/common/v3/sports/football/college-football/athletes/11367/stats?region=us&lang=en&contentorigin=espn
11273,Chilo Rachal,,NFL_id,11273,fetch_failed: RuntimeError: fetch_failed after 3 attempts: 404 Client Error: Not Found for url: https://site.web.api.espn.com/apis/common/v3/sports/football/college-football/athletes/11273/stats?region=us&lang=en&contentorigin=espn
11289,Ray Rice,,NFL_id,11289,fetch_failed: RuntimeError: fetch_failed after 3 attempts: 404 Client Error: Not Found for url: https://site.web.api.espn.com/apis/common/v3/sports/football/college-football/athletes/11289/stats?region=us&lang=en&contentorigin=espn
11470,Jamey Richard,,NFL_id,11470,fetch_failed: RuntimeError: fetch_failed after 3 attempts: 404 Client Error: Not Found for url: https://site.web.api.espn.com/apis/common/v3/sports/football/college-football/athletes/11470/stats?region=us&lang=en&contentorigin=espn
11404,Barry Richardson,,NFL_id,11404,fetch_failed: RuntimeError: fetch_failed after 3 attempts: 404 Client Error: Not Found for url: https://site.web.api.espn.com/apis/common/v3/sports/football/college-football/athletes/11404/stats?region=us&lang=en&contentorigin=espn
11330,Chad Rinehart,,NFL_id,11330,fetch_failed: RuntimeError: fetch_failed after 3 attempts: 404 Client Error: Not Found for url: https://site.web.api.espn.com/apis/common/v3/sports/football/college-football/athletes/11330/stats?region=us&lang=en&contentorigin=espn
11243,Keith Rivers,,NFL_id,11243,fetch_failed: RuntimeError: fetch_failed after 3 attempts: 404 Client Error: Not Found for url: https://site.web.api.espn.com/apis/common/v3/sports/football/college-football/athletes/11243/stats?region=us&lang=en&contentorigin=espn
11416,Kevin Robinson,,NFL_id,11416,fetch_failed: RuntimeError: fetch_failed after 3 attempts: 404 Client Error: Not Found for url: https://site.web.api.espn.com/apis/common/v3/sports/football/college-football/athletes/11416/stats?region=us&lang=en&contentorigin=espn
11250,Dominique Rodgers-Cromartie,,NFL_id,11250,fetch_failed: RuntimeError: fetch_failed after 3 attempts: 404 Client Error: Not Found for url: https://site.web.api.espn.com/apis/common/v3/sports/football/college-football/athletes/11250/stats?region=us&lang=en&contentorigin=espn
11276,Eddie Royal,,NFL_id,11276,fetch_failed: RuntimeError: fetch_failed after 3 attempts: 404 Client Error: Not Found for url: https://site.web.api.espn.com/apis/common/v3/sports/football/college-football/athletes/11276/stats?region=us&lang=en&contentorigin=espn
11424,Ahtyba Rubin,,NFL_id,11424,fetch_failed: RuntimeError: fetch_failed after 3 attempts: 404 Client Error: Not Found for url: https://site.web.api.espn.com/apis/common/v3/sports/football/college-football/athletes/11424/stats?region=us&lang=en&contentorigin=espn
11345,Martin Rucker,,NFL_id,11345,fetch_failed: RuntimeError: fetch_failed after 3 attempts: 404 Client Error: Not Found for url: https://site.web.api.espn.com/apis/common/v3/sports/football/college-football/athletes/11345/stats?region=us&lang=en&contentorigin=espn
11237,Matt Ryan,,NFL_id,11237,fetch_failed: RuntimeError: fetch_failed after 3 attempts: 404 Client Error: Not Found for url: https://site.web.api.espn.com/apis/common/v3/sports/football/college-football/athletes/11237/stats?region=us&lang=en&contentorigin=espn
11430,Tom Santi,,NFL_id,11430,fetch_failed: RuntimeError: fetch_failed after 3 attempts: 404 Client Error: Not Found for url: https://site.web.api.espn.com/apis/common/v3/sports/football/college-football/athletes/11430/stats?region=us&lang=en&contentorigin=espn
11366,Orlando Scandrick,,NFL_id,11366,fetch_failed: RuntimeError: fetch_failed after 3 attempts: 404 Client Error: Not Found for url: https://site.web.api.espn.com/apis/common/v3/sports/football/college-football/athletes/11366/stats?region=us&lang=en&contentorigin=espn
11397,Owen Schmitt,,NFL_id,11397,fetch_failed: RuntimeError: fetch_failed after 3 attempts: 404 Client Error: Not Found for url: https://site.web.api.espn.com/apis/common/v3/sports/football/college-football/athletes/11397/stats?region=us&lang=en&contentorigin=espn
11475,Geoff Schwartz,,NFL_id,11475,fetch_failed: RuntimeError: fetch_failed after 3 attempts: 404 Client Error: Not Found for url: https://site.web.api.espn.com/apis/common/v3/sports/football/college-football/athletes/11475/stats?region=us&lang=en&contentorigin=espn
11280,Jerome Simpson,,NFL_id,11280,fetch_failed: RuntimeError: fetch_failed after 3 attempts: 404 Client Error: Not Found for url: https://site.web.api.espn.com/apis/common/v3/sports/football/college-football/athletes/11280/stats?region=us&lang=en&contentorigin=espn
11311,Pat Sims,,NFL_id,11311,fetch_failed: RuntimeError: fetch_failed after 3 attempts: 404 Client Error: Not Found for url: https://site.web.api.espn.com/apis/common/v3/sports/football/college-football/athletes/11311/stats?region=us&lang=en&contentorigin=espn
11323,Steve Slaton,,NFL_id,11323,fetch_failed: RuntimeError: fetch_failed after 3 attempts: 404 Client Error: Not Found for url: https://site.web.api.espn.com/apis/common/v3/sports/football/college-football/athletes/11323/stats?region=us&lang=en&contentorigin=espn
11314,Bryan Smith,,NFL_id,11314,fetch_failed: RuntimeError: fetch_failed after 3 attempts: 404 Client Error: Not Found for url: https://site.web.api.espn.com/apis/common/v3/sports/football/college-football/athletes/11314/stats?region=us&lang=en&contentorigin=espn
11298,Kevin Smith,,NFL_id,11298,fetch_failed: RuntimeError: fetch_failed after 3 attempts: 404 Client Error: Not Found for url: https://site.web.api.espn.com/apis/common/v3/sports/football/college-football/athletes/11298/stats?region=us&lang=en&contentorigin=espn
11340,Marcus Smith,,NFL_id,11340,fetch_failed: RuntimeError: fetch_failed after 3 attempts: 404 Client Error: Not Found for url: https://site.web.api.espn.com/apis/common/v3/sports/football/college-football/athletes/11340/stats?region=us&lang=en&contentorigin=espn
11309,Reggie Smith,,NFL_id,11309,fetch_failed: RuntimeError: fetch_failed after 3 attempts: 404 Client Error: Not Found for url: https://site.web.api.espn.com/apis/common/v3/sports/football/college-football/athletes/11309/stats?region=us&lang=en&contentorigin=espn
11356,Craig Steltz,,NFL_id,11356,fetch_failed: RuntimeError: fetch_failed after 3 attempts: 404 Client Error: Not Found for url: https://site.web.api.espn.com/apis/common/v3/sports/football/college-football/athletes/11356/stats?region=us&lang=en&contentorigin=espn
11319,Craig Stevens,,NFL_id,11319,fetch_failed: RuntimeError: fetch_failed after 3 attempts: 404 Client Error: Not Found for url: https://site.web.api.espn.com/apis/common/v3/sports/football/college-football/athletes/11319/stats?region=us&lang=en&contentorigin=espn
11247,Jonathan Stewart,,NFL_id,11247,fetch_failed: RuntimeError: fetch_failed after 3 attempts: 404 Client Error: Not Found for url: https://site.web.api.espn.com/apis/common/v3/sports/football/college-football/athletes/11247/stats?region=us&lang=en&contentorigin=espn
11421,John Sullivan,,NFL_id,11421,fetch_failed: RuntimeError: fetch_failed after 3 attempts: 404 Client Error: Not Found for url: https://site.web.api.espn.com/apis/common/v3/sports/football/college-football/athletes/11421/stats?region=us&lang=en&contentorigin=espn
11287,Limas Sweed,,NFL_id,11287,fetch_failed: RuntimeError: fetch_failed after 3 attempts: 404 Client Error: Not Found for url: https://site.web.api.espn.com/apis/common/v3/sports/football/college-football/athletes/11287/stats?region=us&lang=en&contentorigin=espn
11254,Aqib Talib,,NFL_id,11254,fetch_failed: RuntimeError: fetch_failed after 3 attempts: 404 Client Error: Not Found for url: https://site.web.api.espn.com/apis/common/v3/sports/football/college-football/athletes/11254/stats?region=us&lang=en&contentorigin=espn
11373,Jacob Tamme,,NFL_id,11373,fetch_failed: RuntimeError: fetch_failed after 3 attempts: 404 Client Error: Not Found for url: https://site.web.api.espn.com/apis/common/v3/sports/football/college-football/athletes/11373/stats?region=us&lang=en&contentorigin=espn
11268,Devin Thomas,,NFL_id,11268,fetch_failed: RuntimeError: fetch_failed after 3 attempts: 404 Client Error: Not Found for url: https://site.web.api.espn.com/apis/common/v3/sports/football/college-football/athletes/11268/stats?region=us&lang=en&contentorigin=espn
11429,Donald Thomas,,NFL_id,11429,fetch_failed: RuntimeError: fetch_failed after 3 attempts: 404 Client Error: Not Found for url: https://site.web.api.espn.com/apis/common/v3/sports/football/college-football/athletes/11429/stats?region=us&lang=en&contentorigin=espn
11400,Marcus Thomas,,NFL_id,11400,fetch_failed: RuntimeError: fetch_failed after 3 attempts: 404 Client Error: Not Found for url: https://site.web.api.espn.com/apis/common/v3/sports/football/college-football/athletes/11400/stats?region=us&lang=en&contentorigin=espn
11297,Terrell Thomas,,NFL_id,11297,fetch_failed: RuntimeError: fetch_failed after 3 attempts: 404 Client Error: Not Found for url: https://site.web.api.espn.com/apis/common/v3/sports/football/college-football/athletes/11297/stats?region=us&lang=en&contentorigin=espn
11336,Jeremy Thompson,,NFL_id,11336,fetch_failed: RuntimeError: fetch_failed after 3 attempts: 404 Client Error: Not Found for url: https://site.web.api.espn.com/apis/common/v3/sports/football/college-football/athletes/11336/stats?region=us&lang=en&contentorigin=espn
11362,Ryan Torain,,NFL_id,11362,fetch_failed: RuntimeError: fetch_failed after 3 attempts: 404 Client Error: Not Found for url: https://site.web.api.espn.com/apis/common/v3/sports/football/college-football/athletes/11362/stats?region=us&lang=en&contentorigin=espn
11361,Justin Tryon,,NFL_id,11361,fetch_failed: RuntimeError: fetch_failed after 3 attempts: 404 Client Error: Not Found for url: https://site.web.api.espn.com/apis/common/v3/sports/football/college-football/athletes/11361/stats?region=us&lang=en&contentorigin=espn
11447,Chauncey Washington,,NFL_id,11447,fetch_failed: RuntimeError: fetch_failed after 3 attempts: 404 Client Error: Not Found for url: https://site.web.api.espn.com/apis/common/v3/sports/football/college-football/athletes/11447/stats?region=us&lang=en&contentorigin=espn
11296,Terrence Wheatley,,NFL_id,11296,fetch_failed: RuntimeError: fetch_failed after 3 attempts: 404 Client Error: Not Found for url: https://site.web.api.espn.com/apis/common/v3/sports/football/college-football/athletes/11296/stats?region=us&lang=en&contentorigin=espn
11327,Philip Wheeler,,NFL_id,11327,fetch_failed: RuntimeError: fetch_failed after 3 attempts: 404 Client Error: Not Found for url: https://site.web.api.espn.com/apis/common/v3/sports/football/college-football/athletes/11327/stats?region=us&lang=en&contentorigin=espn
11376,Jonathan Wilhite,,NFL_id,11376,fetch_failed: RuntimeError: fetch_failed after 3 attempts: 404 Client Error: Not Found for url: https://site.web.api.espn.com/apis/common/v3/sports/football/college-football/athletes/11376/stats?region=us&lang=en&contentorigin=espn
11248,Chris Williams,,NFL_id,11248,fetch_failed: RuntimeError: fetch_failed after 3 attempts: 404 Client Error: Not Found for url: https://site.web.api.espn.com/apis/common/v3/sports/football/college-football/athletes/11248/stats?region=us&lang=en&contentorigin=espn
11389,Thomas Williams,,NFL_id,11389,fetch_failed: RuntimeError: fetch_failed after 3 attempts: 404 Client Error: Not Found for url: https://site.web.api.espn.com/apis/common/v3/sports/football/college-football/athletes/11389/stats?region=us&lang=en&contentorigin=espn
2972282,Trae Williams,,NFL_id,2972282,fetch_failed: RuntimeError: fetch_failed after 3 attempts: 404 Client Error: Not Found for url: https://site.web.api.espn.com/apis/common/v3/sports/football/college-football/athletes/2972282/stats?region=us&lang=en&contentorigin=espn
11320,Tom Zbikowski,,NFL_id,11320,fetch_failed: RuntimeError: fetch_failed after 3 attempts: 404 Client Error: Not Found for url: https://site.web.api.espn.com/apis/common/v3/sports/football/college-football/athletes/11320/stats?region=us&lang=en&contentorigin=espn
11317,Jeremy Zuttah,,NFL_id,11317,fetch_failed: RuntimeError: fetch_failed after 3 attempts: 404 Client Error: Not Found for url: https://site.web.api.espn.com/apis/common/v3/sports/football/college-football/athletes/11317/stats?region=us&lang=en&contentorigin=espn
12630,Asher Allen,,NFL_id,12630,fetch_failed: RuntimeError: fetch_failed after 3 attempts: 404 Client Error: Not Found for url: https://site.web.api.espn.com/apis/common/v3/sports/football/college-football/athletes/12630/stats?region=us&lang=en&contentorigin=espn
12631,Stanley Arnoux,,NFL_id,12631,fetch_failed: RuntimeError: fetch_failed after 3 attempts: 404 Client Error: Not Found for url: https://site.web.api.espn.com/apis/common/v3/sports/football/college-football/athletes/12631/stats?region=us&lang=en&contentorigin=espn
12432,Robert Ayers,,NFL_id,12432,fetch_failed: RuntimeError: fetch_failed after 3 attempts: 404 Client Error: Not Found for url: https://site.web.api.espn.com/apis/common/v3/sports/football/college-football/athletes/12432/stats?region=us&lang=en&contentorigin=espn
12555,Ramses Barden,,NFL_id,12555,fetch_failed: RuntimeError: fetch_failed after 3 attempts: 404 Client Error: Not Found for url: https://site.web.api.espn.com/apis/common/v3/sports/football/college-football/athletes/12555/stats?region=us&lang=en&contentorigin=espn
12632,Kevin Barnes,,NFL_id,12632,fetch_failed: RuntimeError: fetch_failed after 3 attempts: 404 Client Error: Not Found for url: https://site.web.api.espn.com/apis/common/v3/sports/football/college-football/athletes/12632/stats?region=us&lang=en&contentorigin=espn
12449,Connor Barwin,,NFL_id,12449,fetch_failed: RuntimeError: fetch_failed after 3 attempts: 404 Client Error: Not Found for url: https://site.web.api.espn.com/apis/common/v3/sports/football/college-football/athletes/12449/stats?region=us&lang=en&contentorigin=espn
12610,Will Beatty,,NFL_id,12610,fetch_failed: RuntimeError: fetch_failed after 3 attempts: 404 Client Error: Not Found for url: https://site.web.api.espn.com/apis/common/v3/sports/football/college-football/athletes/12610/stats?region=us&lang=en&contentorigin=espn
12532,Travis Beckum,,NFL_id,12532,fetch_failed: RuntimeError: fetch_failed after 3 attempts: 404 Client Error: Not Found for url: https://site.web.api.espn.com/apis/common/v3/sports/football/college-football/athletes/12532/stats?region=us&lang=en&contentorigin=espn
12441,Ron Brace,,NFL_id,12441,fetch_failed: RuntimeError: fetch_failed after 3 attempts: 404 Client Error: Not Found for url: https://site.web.api.espn.com/apis/common/v3/sports/football/college-football/athletes/12441/stats?region=us&lang=en&contentorigin=espn
12466,Tom Brandstater,,NFL_id,12466,fetch_failed: RuntimeError: fetch_failed after 3 attempts: 404 Client Error: Not Found for url: https://site.web.api.espn.com/apis/common/v3/sports/football/college-football/athletes/12466/stats?region=us&lang=en&contentorigin=espn
12451,Jasper Brinkley,,NFL_id,12451,fetch_failed: RuntimeError: fetch_failed after 3 attempts: 404 Client Error: Not Found for url: https://site.web.api.espn.com/apis/common/v3/sports/football/college-football/athletes/12451/stats?region=us&lang=en&contentorigin=espn
12556,Kenny Britt,,NFL_id,12556,fetch_failed: RuntimeError: fetch_failed after 3 attempts: 404 Client Error: Not Found for url: https://site.web.api.espn.com/apis/common/v3/sports/football/college-football/athletes/12556/stats?region=us&lang=en&contentorigin=espn
12611,Eben Britton,,NFL_id,12611,fetch_failed: RuntimeError: fetch_failed after 3 attempts: 404 Client Error: Not Found for url: https://site.web.api.espn.com/apis/common/v3/sports/football/college-football/athletes/12611/stats?region=us&lang=en&contentorigin=espn
12490,Andre Brown,,NFL_id,12490,fetch_failed: RuntimeError: fetch_failed after 3 attempts: 404 Client Error: Not Found for url: https://site.web.api.espn.com/apis/common/v3/sports/football/college-football/athletes/12490/stats?region=us&lang=en&contentorigin=espn
12489,Donald Brown,,NFL_id,12489,fetch_failed: RuntimeError: fetch_failed after 3 attempts: 404 Client Error: Not Found for url: https://site.web.api.espn.com/apis/common/v3/sports/football/college-football/athletes/12489/stats?region=us&lang=en&contentorigin=espn
12433,Everette Brown,,NFL_id,12433,fetch_failed: RuntimeError: fetch_failed after 3 attempts: 404 Client Error: Not Found for url: https://site.web.api.espn.com/apis/common/v3/sports/football/college-football/athletes/12433/stats?region=us&lang=en&contentorigin=espn
12638,David Bruton,,NFL_id,12638,fetch_failed: RuntimeError: fetch_failed after 3 attempts: 404 Client Error: Not Found for url: https://site.web.api.espn.com/apis/common/v3/sports/football/college-football/athletes/12638/stats?region=us&lang=en&contentorigin=espn
12459,David Buehler,,NFL_id,12459,fetch_failed: RuntimeError: fetch_failed after 3 attempts: 404 Client Error: Not Found for url: https://site.web.api.espn.com/apis/common/v3/sports/football/college-football/athletes/12459/stats?region=us&lang=en&contentorigin=espn
12639,Joe Burnett,,NFL_id,12639,fetch_failed: RuntimeError: fetch_failed after 3 attempts: 404 Client Error: Not Found for url: https://site.web.api.espn.com/apis/common/v3/sports/football/college-football/athletes/12639/stats?region=us&lang=en&contentorigin=espn
12423,Darius Butler,,NFL_id,12423,fetch_failed: RuntimeError: fetch_failed after 3 attempts: 404 Client Error: Not Found for url: https://site.web.api.espn.com/apis/common/v3/sports/football/college-football/athletes/12423/stats?region=us&lang=en&contentorigin=espn
12557,Deon Butler,,NFL_id,12557,fetch_failed: RuntimeError: fetch_failed after 3 attempts: 404 Client Error: Not Found for url: https://site.web.api.espn.com/apis/common/v3/sports/football/college-football/athletes/12557/stats?region=us&lang=en&contentorigin=espn
12641,Victor Butler,,NFL_id,12641,fetch_failed: RuntimeError: fetch_failed after 3 attempts: 404 Client Error: Not Found for url: https://site.web.api.espn.com/apis/common/v3/sports/football/college-football/athletes/12641/stats?region=us&lang=en&contentorigin=espn
12613,Jairus Byrd,,NFL_id,12613,fetch_failed: RuntimeError: fetch_failed after 3 attempts: 404 Client Error: Not Found for url: https://site.web.api.espn.com/apis/common/v3/sports/football/college-football/athletes/12613/stats?region=us&lang=en&contentorigin=espn
12642,Antoine Caldwell,,NFL_id,12642,fetch_failed: RuntimeError: fetch_failed after 3 attempts: 404 Client Error: Not Found for url: https://site.web.api.espn.com/apis/common/v3/sports/football/college-football/athletes/12642/stats?region=us&lang=en&contentorigin=espn
12535,James Casey,,NFL_id,12535,fetch_failed: RuntimeError: fetch_failed after 3 attempts: 404 Client Error: Not Found for url: https://site.web.api.espn.com/apis/common/v3/sports/football/college-football/athletes/12535/stats?region=us&lang=en&contentorigin=espn
12527,Patrick Chung,,NFL_id,12527,fetch_failed: RuntimeError: fetch_failed after 3 attempts: 404 Client Error: Not Found for url: https://site.web.api.espn.com/apis/common/v3/sports/football/college-football/athletes/12527/stats?region=us&lang=en&contentorigin=espn
12645,Chris Clemons,,NFL_id,12645,fetch_failed: RuntimeError: fetch_failed after 3 attempts: 404 Client Error: Not Found for url: https://site.web.api.espn.com/apis/common/v3/sports/football/college-football/athletes/12645/stats?region=us&lang=en&contentorigin=espn
12491,Glen Coffee,,NFL_id,12491,fetch_failed: RuntimeError: fetch_failed after 3 attempts: 404 Client Error: Not Found for url: https://site.web.api.espn.com/apis/common/v3/sports/football/college-football/athletes/12491/stats?region=us&lang=en&contentorigin=espn
12536,Chase Coffman,,NFL_id,12536,fetch_failed: RuntimeError: fetch_failed after 3 attempts: 404 Client Error: Not Found for url: https://site.web.api.espn.com/apis/common/v3/sports/football/college-football/athletes/12536/stats?region=us&lang=en&contentorigin=espn
12561,Austin Collie,,NFL_id,12561,fetch_failed: RuntimeError: fetch_failed after 3 attempts: 404 Client Error: Not Found for url: https://site.web.api.espn.com/apis/common/v3/sports/football/college-football/athletes/12561/stats?region=us&lang=en&contentorigin=espn
12537,Jared Cook,,NFL_id,12537,fetch_failed: RuntimeError: fetch_failed after 3 attempts: 404 Client Error: Not Found for url: https://site.web.api.espn.com/apis/common/v3/sports/football/college-football/athletes/12537/stats?region=us&lang=en&contentorigin=espn
12563,Michael Crabtree,,NFL_id,12563,fetch_failed: RuntimeError: fetch_failed after 3 attempts: 404 Client Error: Not Found for url: https://site.web.api.espn.com/apis/common/v3/sports/football/college-football/athletes/12563/stats?region=us&lang=en&contentorigin=espn
12452,Aaron Curry,,NFL_id,12452,fetch_failed: RuntimeError: fetch_failed after 3 attempts: 404 Client Error: Not Found for url: https://site.web.api.espn.com/apis/common/v3/sports/football/college-football/athletes/12452/stats?region=us&lang=en&contentorigin=espn
12453,Brian Cushing,,NFL_id,12453,fetch_failed: RuntimeError: fetch_failed after 3 attempts: 404 Client Error: Not Found for url: https://site.web.api.espn.com/apis/common/v3/sports/football/college-football/athletes/12453/stats?region=us&lang=en&contentorigin=espn
12493,James Davis,,NFL_id,12493,fetch_failed: RuntimeError: fetch_failed after 3 attempts: 404 Client Error: Not Found for url: https://site.web.api.espn.com/apis/common/v3/sports/football/college-football/athletes/12493/stats?region=us&lang=en&contentorigin=espn
12424,Vontae Davis,,NFL_id,12424,fetch_failed: RuntimeError: fetch_failed after 3 attempts: 404 Client Error: Not Found for url: https://site.web.api.espn.com/apis/common/v3/sports/football/college-football/athletes/12424/stats?region=us&lang=en&contentorigin=espn
12647,Will Davis,,NFL_id,12647,fetch_failed: RuntimeError: fetch_failed after 3 attempts: 404 Client Error: Not Found for url: https://site.web.api.espn.com/apis/common/v3/sports/football/college-football/athletes/12647/stats?region=us&lang=en&contentorigin=espn
12528,Louis Delmas,,NFL_id,12528,fetch_failed: RuntimeError: fetch_failed after 3 attempts: 404 Client Error: Not Found for url: https://site.web.api.espn.com/apis/common/v3/sports/football/college-football/athletes/12528/stats?region=us&lang=en&contentorigin=espn
12564,Jarett Dillard,,NFL_id,12564,fetch_failed: RuntimeError: fetch_failed after 3 attempts: 404 Client Error: Not Found for url: https://site.web.api.espn.com/apis/common/v3/sports/football/college-football/athletes/12564/stats?region=us&lang=en&contentorigin=espn
12650,Kevin Ellison,,NFL_id,12650,fetch_failed: RuntimeError: fetch_failed after 3 attempts: 404 Client Error: Not Found for url: https://site.web.api.espn.com/apis/common/v3/sports/football/college-football/athletes/12650/stats?region=us&lang=en&contentorigin=espn
12434,Larry English,,NFL_id,12434,fetch_failed: RuntimeError: fetch_failed after 3 attempts: 404 Client Error: Not Found for url: https://site.web.api.espn.com/apis/common/v3/sports/football/college-football/athletes/12434/stats?region=us&lang=en&contentorigin=espn
12496,Tony Fiammetta,,NFL_id,12496,fetch_failed: RuntimeError: fetch_failed after 3 attempts: 404 Client Error: Not Found for url: https://site.web.api.espn.com/apis/common/v3/sports/football/college-football/athletes/12496/stats?region=us&lang=en&contentorigin=espn
12652,Bradley Fletcher,,NFL_id,12652,fetch_failed: RuntimeError: fetch_failed after 3 attempts: 404 Client Error: Not Found for url: https://site.web.api.espn.com/apis/common/v3/sports/football/college-football/athletes/12652/stats?region=us&lang=en&contentorigin=espn
12653,Moise Fokou,,NFL_id,12653,fetch_failed: RuntimeError: fetch_failed after 3 attempts: 404 Client Error: Not Found for url: https://site.web.api.espn.com/apis/common/v3/sports/football/college-football/athletes/12653/stats?region=us&lang=en&contentorigin=espn
12654,Zack Follett,,NFL_id,12654,fetch_failed: RuntimeError: fetch_failed after 3 attempts: 404 Client Error: Not Found for url: https://site.web.api.espn.com/apis/common/v3/sports/football/college-football/athletes/12654/stats?region=us&lang=en&contentorigin=espn
12656,Coye Francies,,NFL_id,12656,fetch_failed: RuntimeError: fetch_failed after 3 attempts: 404 Client Error: Not Found for url: https://site.web.api.espn.com/apis/common/v3/sports/football/college-football/athletes/12656/stats?region=us&lang=en&contentorigin=espn
12473,Josh Freeman,,NFL_id,12473,fetch_failed: RuntimeError: fetch_failed after 3 attempts: 404 Client Error: Not Found for url: https://site.web.api.espn.com/apis/common/v3/sports/football/college-football/athletes/12473/stats?region=us&lang=en&contentorigin=espn
12659,Andrew Gardner,,NFL_id,12659,fetch_failed: RuntimeError: fetch_failed after 3 attempts: 404 Client Error: Not Found for url: https://site.web.api.espn.com/apis/common/v3/sports/football/college-football/athletes/12659/stats?region=us&lang=en&contentorigin=espn
12567,Brandon Gibson,,NFL_id,12567,fetch_failed: RuntimeError: fetch_failed after 3 attempts: 404 Client Error: Not Found for url: https://site.web.api.espn.com/apis/common/v3/sports/football/college-football/athletes/12567/stats?region=us&lang=en&contentorigin=espn
12660,Jarron Gilbert,,NFL_id,12660,fetch_failed: RuntimeError: fetch_failed after 3 attempts: 404 Client Error: Not Found for url: https://site.web.api.espn.com/apis/common/v3/sports/football/college-football/athletes/12660/stats?region=us&lang=en&contentorigin=espn
12498,Cody Glenn,,NFL_id,12498,fetch_failed: RuntimeError: fetch_failed after 3 attempts: 404 Client Error: Not Found for url: https://site.web.api.espn.com/apis/common/v3/sports/football/college-football/athletes/12498/stats?region=us&lang=en&contentorigin=espn
12499,Mike Goodson,,NFL_id,12499,fetch_failed: RuntimeError: fetch_failed after 3 attempts: 404 Client Error: Not Found for url: https://site.web.api.espn.com/apis/common/v3/sports/football/college-football/athletes/12499/stats?region=us&lang=en&contentorigin=espn
12661,Tyronne Green,,NFL_id,12661,fetch_failed: RuntimeError: fetch_failed after 3 attempts: 404 Client Error: Not Found for url: https://site.web.api.espn.com/apis/common/v3/sports/football/college-football/athletes/12661/stats?region=us&lang=en&contentorigin=espn
12662,Courtney Greene,,NFL_id,12662,fetch_failed: RuntimeError: fetch_failed after 3 attempts: 404 Client Error: Not Found for url: https://site.web.api.espn.com/apis/common/v3/sports/football/college-football/athletes/12662/stats?region=us&lang=en&contentorigin=espn
12500,Shonn Greene,,NFL_id,12500,fetch_failed: RuntimeError: fetch_failed after 3 attempts: 404 Client Error: Not Found for url: https://site.web.api.espn.com/apis/common/v3/sports/football/college-football/athletes/12500/stats?region=us&lang=en&contentorigin=espn
12539,Dan Gronkowski,,NFL_id,12539,fetch_failed: RuntimeError: fetch_failed after 3 attempts: 404 Client Error: Not Found for url: https://site.web.api.espn.com/apis/common/v3/sports/football/college-football/athletes/12539/stats?region=us&lang=en&contentorigin=espn
12664,Cary Harris,,NFL_id,12664,fetch_failed: RuntimeError: fetch_failed after 3 attempts: 404 Client Error: Not Found for url: https://site.web.api.espn.com/apis/common/v3/sports/football/college-football/athletes/12664/stats?region=us&lang=en&contentorigin=espn
12529,Nic Harris,,NFL_id,12529,fetch_failed: RuntimeError: fetch_failed after 3 attempts: 404 Client Error: Not Found for url: https://site.web.api.espn.com/apis/common/v3/sports/football/college-football/athletes/12529/stats?region=us&lang=en&contentorigin=espn
12425,Macho Harris,,NFL_id,12425,fetch_failed: RuntimeError: fetch_failed after 3 attempts: 404 Client Error: Not Found for url: https://site.web.api.espn.com/apis/common/v3/sports/football/college-football/athletes/12425/stats?region=us&lang=en&contentorigin=espn
12568,Brian Hartline,,NFL_id,12568,fetch_failed: RuntimeError: fetch_failed after 3 attempts: 404 Client Error: Not Found for url: https://site.web.api.espn.com/apis/common/v3/sports/football/college-football/athletes/12568/stats?region=us&lang=en&contentorigin=espn
12569,Percy Harvin,,NFL_id,12569,fetch_failed: RuntimeError: fetch_failed after 3 attempts: 404 Client Error: Not Found for url: https://site.web.api.espn.com/apis/common/v3/sports/football/college-football/athletes/12569/stats?region=us&lang=en&contentorigin=espn
12570,Darrius Heyward-Bey,,NFL_id,12570,fetch_failed: RuntimeError: fetch_failed after 3 attempts: 404 Client Error: Not Found for url: https://site.web.api.espn.com/apis/common/v3/sports/football/college-football/athletes/12570/stats?region=us&lang=en&contentorigin=espn
12541,Anthony Hill,,NFL_id,12541,fetch_failed: RuntimeError: fetch_failed after 3 attempts: 404 Client Error: Not Found for url: https://site.web.api.espn.com/apis/common/v3/sports/football/college-football/athletes/12541/stats?region=us&lang=en&contentorigin=espn
12442,Ziggy Hood,,NFL_id,12442,fetch_failed: RuntimeError: fetch_failed after 3 attempts: 404 Client Error: Not Found for url: https://site.web.api.espn.com/apis/common/v3/sports/football/college-football/athletes/12442/stats?region=us&lang=en&contentorigin=espn
12669,Kevin Huber,,NFL_id,12669,fetch_failed: RuntimeError: fetch_failed after 3 attempts: 404 Client Error: Not Found for url: https://site.web.api.espn.com/apis/common/v3/sports/football/college-football/athletes/12669/stats?region=us&lang=en&contentorigin=espn
12670,Brandon Hughes,,NFL_id,12670,fetch_failed: RuntimeError: fetch_failed after 3 attempts: 404 Client Error: Not Found for url: https://site.web.api.espn.com/apis/common/v3/sports/football/college-football/athletes/12670/stats?region=us&lang=en&contentorigin=espn
12571,Juaquin Iglesias,,NFL_id,12571,fetch_failed: RuntimeError: fetch_failed after 3 attempts: 404 Client Error: Not Found for url: https://site.web.api.espn.com/apis/common/v3/sports/football/college-football/athletes/12571/stats?region=us&lang=en&contentorigin=espn
12672,Corvey Irvin,,NFL_id,12672,fetch_failed: RuntimeError: fetch_failed after 3 attempts: 404 Client Error: Not Found for url: https://site.web.api.espn.com/apis/common/v3/sports/football/college-football/athletes/12672/stats?region=us&lang=en&contentorigin=espn
12435,Tyson Jackson,,NFL_id,12435,fetch_failed: RuntimeError: fetch_failed after 3 attempts: 404 Client Error: Not Found for url: https://site.web.api.espn.com/apis/common/v3/sports/football/college-football/athletes/12435/stats?region=us&lang=en&contentorigin=espn
12443,Ricky Jean-Francois,,NFL_id,12443,fetch_failed: RuntimeError: fetch_failed after 3 attempts: 404 Client Error: Not Found for url: https://site.web.api.espn.com/apis/common/v3/sports/football/college-football/athletes/12443/stats?region=us&lang=en&contentorigin=espn
12426,Malcolm Jenkins,,NFL_id,12426,fetch_failed: RuntimeError: fetch_failed after 3 attempts: 404 Client Error: Not Found for url: https://site.web.api.espn.com/apis/common/v3/sports/football/college-football/athletes/12426/stats?region=us&lang=en&contentorigin=espn
12503,Rashad Jennings,,NFL_id,12503,fetch_failed: RuntimeError: fetch_failed after 3 attempts: 404 Client Error: Not Found for url: https://site.web.api.espn.com/apis/common/v3/sports/football/college-football/athletes/12503/stats?region=us&lang=en&contentorigin=espn
12444,Peria Jerry,,NFL_id,12444,fetch_failed: RuntimeError: fetch_failed after 3 attempts: 404 Client Error: Not Found for url: https://site.web.api.espn.com/apis/common/v3/sports/football/college-football/athletes/12444/stats?region=us&lang=en&contentorigin=espn
12507,Gartrell Johnson,,NFL_id,12507,fetch_failed: RuntimeError: fetch_failed after 3 attempts: 404 Client Error: Not Found for url: https://site.web.api.espn.com/apis/common/v3/sports/football/college-football/athletes/12507/stats?region=us&lang=en&contentorigin=espn
12572,Manuel Johnson,,NFL_id,12572,fetch_failed: RuntimeError: fetch_failed after 3 attempts: 404 Client Error: Not Found for url: https://site.web.api.espn.com/apis/common/v3/sports/football/college-football/athletes/12572/stats?region=us&lang=en&contentorigin=espn
12436,Michael Johnson,,NFL_id,12436,fetch_failed: RuntimeError: fetch_failed after 3 attempts: 404 Client Error: Not Found for url: https://site.web.api.espn.com/apis/common/v3/sports/football/college-football/athletes/12436/stats?region=us&lang=en&contentorigin=espn
12508,Quinn Johnson,,NFL_id,12508,fetch_failed: RuntimeError: fetch_failed after 3 attempts: 404 Client Error: Not Found for url: https://site.web.api.espn.com/apis/common/v3/sports/football/college-football/athletes/12508/stats?region=us&lang=en&contentorigin=espn
12674,Rashad Johnson,,NFL_id,12674,fetch_failed: RuntimeError: fetch_failed after 3 attempts: 404 Client Error: Not Found for url: https://site.web.api.espn.com/apis/common/v3/sports/football/college-football/athletes/12674/stats?region=us&lang=en&contentorigin=espn
12677,Terrance Knighton,,NFL_id,12677,fetch_failed: RuntimeError: fetch_failed after 3 attempts: 404 Client Error: Not Found for url: https://site.web.api.espn.com/apis/common/v3/sports/football/college-football/athletes/12677/stats?region=us&lang=en&contentorigin=espn
12678,Johnny Knox,,NFL_id,12678,fetch_failed: RuntimeError: fetch_failed after 3 attempts: 404 Client Error: Not Found for url: https://site.web.api.espn.com/apis/common/v3/sports/football/college-football/athletes/12678/stats?region=us&lang=en&contentorigin=espn
12437,Paul Kruger,,NFL_id,12437,fetch_failed: RuntimeError: fetch_failed after 3 attempts: 404 Client Error: Not Found for url: https://site.web.api.espn.com/apis/common/v3/sports/football/college-football/athletes/12437/stats?region=us&lang=en&contentorigin=espn
12454,James Laurinaitis,,NFL_id,12454,fetch_failed: RuntimeError: fetch_failed after 3 attempts: 404 Client Error: Not Found for url: https://site.web.api.espn.com/apis/common/v3/sports/football/college-football/athletes/12454/stats?region=us&lang=en&contentorigin=espn
12577,Quinten Lawrence,,NFL_id,12577,fetch_failed: RuntimeError: fetch_failed after 3 attempts: 404 Client Error: Not Found for url: https://site.web.api.espn.com/apis/common/v3/sports/football/college-football/athletes/12577/stats?region=us&lang=en&contentorigin=espn
12614,Andy Levitre,,NFL_id,12614,fetch_failed: RuntimeError: fetch_failed after 3 attempts: 404 Client Error: Not Found for url: https://site.web.api.espn.com/apis/common/v3/sports/football/college-football/athletes/12614/stats?region=us&lang=en&contentorigin=espn
12682,DeAndre Levy,,NFL_id,12682,fetch_failed: RuntimeError: fetch_failed after 3 attempts: 404 Client Error: Not Found for url: https://site.web.api.espn.com/apis/common/v3/sports/football/college-football/athletes/12682/stats?region=us&lang=en&contentorigin=espn
12683,Keenan Lewis,,NFL_id,12683,fetch_failed: RuntimeError: fetch_failed after 3 attempts: 404 Client Error: Not Found for url: https://site.web.api.espn.com/apis/common/v3/sports/football/college-football/athletes/12683/stats?region=us&lang=en&contentorigin=espn
12615,Phil Loadholt,,NFL_id,12615,fetch_failed: RuntimeError: fetch_failed after 3 attempts: 404 Client Error: Not Found for url: https://site.web.api.espn.com/apis/common/v3/sports/football/college-football/athletes/12615/stats?region=us&lang=en&contentorigin=espn
12616,Alex Mack,,NFL_id,12616,fetch_failed: RuntimeError: fetch_failed after 3 attempts: 404 Client Error: Not Found for url: https://site.web.api.espn.com/apis/common/v3/sports/football/college-football/athletes/12616/stats?region=us&lang=en&contentorigin=espn
12579,Jeremy Maclin,,NFL_id,12579,fetch_failed: RuntimeError: fetch_failed after 3 attempts: 404 Client Error: Not Found for url: https://site.web.api.espn.com/apis/common/v3/sports/football/college-football/athletes/12579/stats?region=us&lang=en&contentorigin=espn
12686,Alex Magee,,NFL_id,12686,fetch_failed: RuntimeError: fetch_failed after 3 attempts: 404 Client Error: Not Found for url: https://site.web.api.espn.com/apis/common/v3/sports/football/college-football/athletes/12686/stats?region=us&lang=en&contentorigin=espn
12687,Kaluka Maiava,,NFL_id,12687,fetch_failed: RuntimeError: fetch_failed after 3 attempts: 404 Client Error: Not Found for url: https://site.web.api.espn.com/apis/common/v3/sports/football/college-football/athletes/12687/stats?region=us&lang=en&contentorigin=espn
12445,Sen'Derrick Marks,,NFL_id,12445,fetch_failed: RuntimeError: fetch_failed after 3 attempts: 404 Client Error: Not Found for url: https://site.web.api.espn.com/apis/common/v3/sports/football/college-football/athletes/12445/stats?region=us&lang=en&contentorigin=espn
12617,Sherrod Martin,,NFL_id,12617,fetch_failed: RuntimeError: fetch_failed after 3 attempts: 404 Client Error: Not Found for url: https://site.web.api.espn.com/apis/common/v3/sports/football/college-football/athletes/12617/stats?region=us&lang=en&contentorigin=espn
12581,Mohamed Massaquoi,,NFL_id,12581,fetch_failed: RuntimeError: fetch_failed after 3 attempts: 404 Client Error: Not Found for url: https://site.web.api.espn.com/apis/common/v3/sports/football/college-football/athletes/12581/stats?region=us&lang=en&contentorigin=espn
12438,Clay Matthews,,NFL_id,12438,fetch_failed: RuntimeError: fetch_failed after 3 attempts: 404 Client Error: Not Found for url: https://site.web.api.espn.com/apis/common/v3/sports/football/college-football/athletes/12438/stats?region=us&lang=en&contentorigin=espn
12455,Rey Maualuga,,NFL_id,12455,fetch_failed: RuntimeError: fetch_failed after 3 attempts: 404 Client Error: Not Found for url: https://site.web.api.espn.com/apis/common/v3/sports/football/college-football/athletes/12455/stats?region=us&lang=en&contentorigin=espn
12456,Aaron Maybin,,NFL_id,12456,fetch_failed: RuntimeError: fetch_failed after 3 attempts: 404 Client Error: Not Found for url: https://site.web.api.espn.com/apis/common/v3/sports/football/college-football/athletes/12456/stats?region=us&lang=en&contentorigin=espn
12618,Darcel McBath,,NFL_id,12618,fetch_failed: RuntimeError: fetch_failed after 3 attempts: 404 Client Error: Not Found for url: https://site.web.api.espn.com/apis/common/v3/sports/football/college-football/athletes/12618/stats?region=us&lang=en&contentorigin=espn
12514,LeSean McCoy,,NFL_id,12514,fetch_failed: RuntimeError: fetch_failed after 3 attempts: 404 Client Error: Not Found for url: https://site.web.api.espn.com/apis/common/v3/sports/football/college-football/athletes/12514/stats?region=us&lang=en&contentorigin=espn
12478,Stephen McGee,,NFL_id,12478,fetch_failed: RuntimeError: fetch_failed after 3 attempts: 404 Client Error: Not Found for url: https://site.web.api.espn.com/apis/common/v3/sports/football/college-football/athletes/12478/stats?region=us&lang=en&contentorigin=espn
12457,Tyrone McKenzie,,NFL_id,12457,fetch_failed: RuntimeError: fetch_failed after 3 attempts: 404 Client Error: Not Found for url: https://site.web.api.espn.com/apis/common/v3/sports/football/college-football/athletes/12457/stats?region=us&lang=en&contentorigin=espn
12693,Scott McKillop,,NFL_id,12693,fetch_failed: RuntimeError: fetch_failed after 3 attempts: 404 Client Error: Not Found for url: https://site.web.api.espn.com/apis/common/v3/sports/football/college-football/athletes/12693/stats?region=us&lang=en&contentorigin=espn
12582,Kenny McKinley,,NFL_id,12582,fetch_failed: RuntimeError: fetch_failed after 3 attempts: 404 Client Error: Not Found for url: https://site.web.api.espn.com/apis/common/v3/sports/football/college-football/athletes/12582/stats?region=us&lang=en&contentorigin=espn
12694,Gerald McRath,,NFL_id,12694,fetch_failed: RuntimeError: fetch_failed after 3 attempts: 404 Client Error: Not Found for url: https://site.web.api.espn.com/apis/common/v3/sports/football/college-football/athletes/12694/stats?region=us&lang=en&contentorigin=espn
12698,Roy Miller,,NFL_id,12698,fetch_failed: RuntimeError: fetch_failed after 3 attempts: 404 Client Error: Not Found for url: https://site.web.api.espn.com/apis/common/v3/sports/football/college-football/athletes/12698/stats?region=us&lang=en&contentorigin=espn
12584,Marko Mitchell,,NFL_id,12584,fetch_failed: RuntimeError: fetch_failed after 3 attempts: 404 Client Error: Not Found for url: https://site.web.api.espn.com/apis/common/v3/sports/football/college-football/athletes/12584/stats?region=us&lang=en&contentorigin=espn
12446,Fili Moala,,NFL_id,12446,fetch_failed: RuntimeError: fetch_failed after 3 attempts: 404 Client Error: Not Found for url: https://site.web.api.espn.com/apis/common/v3/sports/football/college-football/athletes/12446/stats?region=us&lang=en&contentorigin=espn
12620,Eugene Monroe,,NFL_id,12620,fetch_failed: RuntimeError: fetch_failed after 3 attempts: 404 Client Error: Not Found for url: https://site.web.api.espn.com/apis/common/v3/sports/football/college-football/athletes/12620/stats?region=us&lang=en&contentorigin=espn
12429,D.J. Moore,,NFL_id,12429,fetch_failed: RuntimeError: fetch_failed after 3 attempts: 404 Client Error: Not Found for url: https://site.web.api.espn.com/apis/common/v3/sports/football/college-football/athletes/12429/stats?region=us&lang=en&contentorigin=espn
12700,Kyle Moore,,NFL_id,12700,fetch_failed: RuntimeError: fetch_failed after 3 attempts: 404 Client Error: Not Found for url: https://site.web.api.espn.com/apis/common/v3/sports/football/college-football/athletes/12700/stats?region=us&lang=en&contentorigin=espn
12530,William Moore,,NFL_id,12530,fetch_failed: RuntimeError: fetch_failed after 3 attempts: 404 Client Error: Not Found for url: https://site.web.api.espn.com/apis/common/v3/sports/football/college-football/athletes/12530/stats?region=us&lang=en&contentorigin=espn
12516,Knowshon Moreno,,NFL_id,12516,fetch_failed: RuntimeError: fetch_failed after 3 attempts: 404 Client Error: Not Found for url: https://site.web.api.espn.com/apis/common/v3/sports/football/college-football/athletes/12516/stats?region=us&lang=en&contentorigin=espn
12545,Cameron Morrah,,NFL_id,12545,fetch_failed: RuntimeError: fetch_failed after 3 attempts: 404 Client Error: Not Found for url: https://site.web.api.espn.com/apis/common/v3/sports/football/college-football/athletes/12545/stats?region=us&lang=en&contentorigin=espn
12701,Thomas Morstead,,NFL_id,12701,fetch_failed: RuntimeError: fetch_failed after 3 attempts: 404 Client Error: Not Found for url: https://site.web.api.espn.com/apis/common/v3/sports/football/college-football/athletes/12701/stats?region=us&lang=en&contentorigin=espn
12703,Captain Munnerlyn,,NFL_id,12703,fetch_failed: RuntimeError: fetch_failed after 3 attempts: 404 Client Error: Not Found for url: https://site.web.api.espn.com/apis/common/v3/sports/football/college-football/athletes/12703/stats?region=us&lang=en&contentorigin=espn
12585,Louis Murphy,,NFL_id,12585,fetch_failed: RuntimeError: fetch_failed after 3 attempts: 404 Client Error: Not Found for url: https://site.web.api.espn.com/apis/common/v3/sports/football/college-football/athletes/12585/stats?region=us&lang=en&contentorigin=espn
12547,Shawn Nelson,,NFL_id,12547,fetch_failed: RuntimeError: fetch_failed after 3 attempts: 404 Client Error: Not Found for url: https://site.web.api.espn.com/apis/common/v3/sports/football/college-football/athletes/12547/stats?region=us&lang=en&contentorigin=espn
12586,Hakeem Nicks,,NFL_id,12586,fetch_failed: RuntimeError: fetch_failed after 3 attempts: 404 Client Error: Not Found for url: https://site.web.api.espn.com/apis/common/v3/sports/football/college-football/athletes/12586/stats?region=us&lang=en&contentorigin=espn
12707,Troy Nolan,,NFL_id,12707,fetch_failed: RuntimeError: fetch_failed after 3 attempts: 404 Client Error: Not Found for url: https://site.web.api.espn.com/apis/common/v3/sports/football/college-football/athletes/12707/stats?region=us&lang=en&contentorigin=espn
12517,Chris Ogbonnaya,,NFL_id,12517,fetch_failed: RuntimeError: fetch_failed after 3 attempts: 404 Client Error: Not Found for url: https://site.web.api.espn.com/apis/common/v3/sports/football/college-football/athletes/12517/stats?region=us&lang=en&contentorigin=espn
12621,Michael Oher,,NFL_id,12621,fetch_failed: RuntimeError: fetch_failed after 3 attempts: 404 Client Error: Not Found for url: https://site.web.api.espn.com/apis/common/v3/sports/football/college-football/athletes/12621/stats?region=us&lang=en&contentorigin=espn
12439,Brian Orakpo,,NFL_id,12439,fetch_failed: RuntimeError: fetch_failed after 3 attempts: 404 Client Error: Not Found for url: https://site.web.api.espn.com/apis/common/v3/sports/football/college-football/athletes/12439/stats?region=us&lang=en&contentorigin=espn
12713,Chris Owens,,NFL_id,12713,fetch_failed: RuntimeError: fetch_failed after 3 attempts: 404 Client Error: Not Found for url: https://site.web.api.espn.com/apis/common/v3/sports/football/college-football/athletes/12713/stats?region=us&lang=en&contentorigin=espn
12479,Curtis Painter,,NFL_id,12479,fetch_failed: RuntimeError: fetch_failed after 3 attempts: 404 Client Error: Not Found for url: https://site.web.api.espn.com/apis/common/v3/sports/football/college-football/athletes/12479/stats?region=us&lang=en&contentorigin=espn
12548,Bear Pascoe,,NFL_id,12548,fetch_failed: RuntimeError: fetch_failed after 3 attempts: 404 Client Error: Not Found for url: https://site.web.api.espn.com/apis/common/v3/sports/football/college-football/athletes/12548/stats?region=us&lang=en&contentorigin=espn
12519,Cedric Peerman,,NFL_id,12519,fetch_failed: RuntimeError: fetch_failed after 3 attempts: 404 Client Error: Not Found for url: https://site.web.api.espn.com/apis/common/v3/sports/football/college-football/athletes/12519/stats?region=us&lang=en&contentorigin=espn
12549,Brandon Pettigrew,,NFL_id,12549,fetch_failed: RuntimeError: fetch_failed after 3 attempts: 404 Client Error: Not Found for url: https://site.web.api.espn.com/apis/common/v3/sports/football/college-football/athletes/12549/stats?region=us&lang=en&contentorigin=espn
13937,Jason Phillips,,NFL_id,13937,fetch_failed: RuntimeError: fetch_failed after 3 attempts: 404 Client Error: Not Found for url: https://site.web.api.espn.com/apis/common/v3/sports/football/college-football/athletes/13937/stats?region=us&lang=en&contentorigin=espn
12550,John Phillips,,NFL_id,12550,fetch_failed: RuntimeError: fetch_failed after 3 attempts: 404 Client Error: Not Found for url: https://site.web.api.espn.com/apis/common/v3/sports/football/college-football/athletes/12550/stats?region=us&lang=en&contentorigin=espn
12714,Jerraud Powers,,NFL_id,12714,fetch_failed: RuntimeError: fetch_failed after 3 attempts: 404 Client Error: Not Found for url: https://site.web.api.espn.com/apis/common/v3/sports/football/college-football/athletes/12714/stats?region=us&lang=en&contentorigin=espn
12715,Myron Pryor,,NFL_id,12715,fetch_failed: RuntimeError: fetch_failed after 3 attempts: 404 Client Error: Not Found for url: https://site.web.api.espn.com/apis/common/v3/sports/football/college-football/athletes/12715/stats?region=us&lang=en&contentorigin=espn
12716,Glover Quin,,NFL_id,12716,fetch_failed: RuntimeError: fetch_failed after 3 attempts: 404 Client Error: Not Found for url: https://site.web.api.espn.com/apis/common/v3/sports/football/college-football/athletes/12716/stats?region=us&lang=en&contentorigin=espn
12552,Richard Quinn,,NFL_id,12552,fetch_failed: RuntimeError: fetch_failed after 3 attempts: 404 Client Error: Not Found for url: https://site.web.api.espn.com/apis/common/v3/sports/football/college-football/athletes/12552/stats?region=us&lang=en&contentorigin=espn
12447,B.J. Raji,,NFL_id,12447,fetch_failed: RuntimeError: fetch_failed after 3 attempts: 404 Client Error: Not Found for url: https://site.web.api.espn.com/apis/common/v3/sports/football/college-football/athletes/12447/stats?region=us&lang=en&contentorigin=espn
12718,Garrett Reynolds,,NFL_id,12718,fetch_failed: RuntimeError: fetch_failed after 3 attempts: 404 Client Error: Not Found for url: https://site.web.api.espn.com/apis/common/v3/sports/football/college-football/athletes/12718/stats?region=us&lang=en&contentorigin=espn
12520,Javon Ringer,,NFL_id,12520,fetch_failed: RuntimeError: fetch_failed after 3 attempts: 404 Client Error: Not Found for url: https://site.web.api.espn.com/apis/common/v3/sports/football/college-football/athletes/12520/stats?region=us&lang=en&contentorigin=espn
12592,Brian Robiskie,,NFL_id,12592,fetch_failed: RuntimeError: fetch_failed after 3 attempts: 404 Client Error: Not Found for url: https://site.web.api.espn.com/apis/common/v3/sports/football/college-football/athletes/12592/stats?region=us&lang=en&contentorigin=espn
12482,Mark Sanchez,,NFL_id,12482,fetch_failed: RuntimeError: fetch_failed after 3 attempts: 404 Client Error: Not Found for url: https://site.web.api.espn.com/apis/common/v3/sports/football/college-football/athletes/12482/stats?region=us&lang=en&contentorigin=espn
12721,Jamarca Sanford,,NFL_id,12721,fetch_failed: RuntimeError: fetch_failed after 3 attempts: 404 Client Error: Not Found for url: https://site.web.api.espn.com/apis/common/v3/sports/football/college-football/athletes/12721/stats?region=us&lang=en&contentorigin=espn
12724,Bernard Scott,,NFL_id,12724,fetch_failed: RuntimeError: fetch_failed after 3 attempts: 404 Client Error: Not Found for url: https://site.web.api.espn.com/apis/common/v3/sports/football/college-football/athletes/12724/stats?region=us&lang=en&contentorigin=espn
12725,Darell Scott,,NFL_id,12725,fetch_failed: RuntimeError: fetch_failed after 3 attempts: 404 Client Error: Not Found for url: https://site.web.api.espn.com/apis/common/v3/sports/football/college-football/athletes/12725/stats?region=us&lang=en&contentorigin=espn
12440,Matt Shaughnessy,,NFL_id,12440,fetch_failed: RuntimeError: fetch_failed after 3 attempts: 404 Client Error: Not Found for url: https://site.web.api.espn.com/apis/common/v3/sports/football/college-football/athletes/12440/stats?region=us&lang=en&contentorigin=espn
12727,Lawrence Sidbury,,NFL_id,12727,fetch_failed: RuntimeError: fetch_failed after 3 attempts: 404 Client Error: Not Found for url: https://site.web.api.espn.com/apis/common/v3/sports/football/college-football/athletes/12727/stats?region=us&lang=en&contentorigin=espn
12458,Clint Sintim,,NFL_id,12458,fetch_failed: RuntimeError: fetch_failed after 3 attempts: 404 Client Error: Not Found for url: https://site.web.api.espn.com/apis/common/v3/sports/football/college-football/athletes/12458/stats?region=us&lang=en&contentorigin=espn
12728,Matt Slauson,,NFL_id,12728,fetch_failed: RuntimeError: fetch_failed after 3 attempts: 404 Client Error: Not Found for url: https://site.web.api.espn.com/apis/common/v3/sports/football/college-football/athletes/12728/stats?region=us&lang=en&contentorigin=espn
12431,Alphonso Smith,,NFL_id,12431,fetch_failed: RuntimeError: fetch_failed after 3 attempts: 404 Client Error: Not Found for url: https://site.web.api.espn.com/apis/common/v3/sports/football/college-football/athletes/12431/stats?region=us&lang=en&contentorigin=espn
12622,Andre Smith,,NFL_id,12622,fetch_failed: RuntimeError: fetch_failed after 3 attempts: 404 Client Error: Not Found for url: https://site.web.api.espn.com/apis/common/v3/sports/football/college-football/athletes/12622/stats?region=us&lang=en&contentorigin=espn
12729,DeAngelo Smith,,NFL_id,12729,fetch_failed: RuntimeError: fetch_failed after 3 attempts: 404 Client Error: Not Found for url: https://site.web.api.espn.com/apis/common/v3/sports/football/college-football/athletes/12729/stats?region=us&lang=en&contentorigin=espn
12623,Jason Smith,,NFL_id,12623,fetch_failed: RuntimeError: fetch_failed after 3 attempts: 404 Client Error: Not Found for url: https://site.web.api.espn.com/apis/common/v3/sports/football/college-football/athletes/12623/stats?region=us&lang=en&contentorigin=espn
12430,Sean Smith,,NFL_id,12430,fetch_failed: RuntimeError: fetch_failed after 3 attempts: 404 Client Error: Not Found for url: https://site.web.api.espn.com/apis/common/v3/sports/football/college-football/athletes/12430/stats?region=us&lang=en&contentorigin=espn
12483,Matthew Stafford,,NFL_id,12483,fetch_failed: RuntimeError: fetch_failed after 3 attempts: 404 Client Error: Not Found for url: https://site.web.api.espn.com/apis/common/v3/sports/football/college-football/athletes/12483/stats?region=us&lang=en&contentorigin=espn
12595,Sammie Stroughter,,NFL_id,12595,fetch_failed: RuntimeError: fetch_failed after 3 attempts: 404 Client Error: Not Found for url: https://site.web.api.espn.com/apis/common/v3/sports/football/college-football/athletes/12595/stats?region=us&lang=en&contentorigin=espn
12597,Brandon Tate,,NFL_id,12597,fetch_failed: RuntimeError: fetch_failed after 3 attempts: 404 Client Error: Not Found for url: https://site.web.api.espn.com/apis/common/v3/sports/football/college-football/athletes/12597/stats?region=us&lang=en&contentorigin=espn
12734,Curtis Taylor,,NFL_id,12734,fetch_failed: RuntimeError: fetch_failed after 3 attempts: 404 Client Error: Not Found for url: https://site.web.api.espn.com/apis/common/v3/sports/football/college-football/athletes/12734/stats?region=us&lang=en&contentorigin=espn
12598,Mike Thomas,,NFL_id,12598,fetch_failed: RuntimeError: fetch_failed after 3 attempts: 404 Client Error: Not Found for url: https://site.web.api.espn.com/apis/common/v3/sports/football/college-football/athletes/12598/stats?region=us&lang=en&contentorigin=espn
12739,Morgan Trent,,NFL_id,12739,fetch_failed: RuntimeError: fetch_failed after 3 attempts: 404 Client Error: Not Found for url: https://site.web.api.espn.com/apis/common/v3/sports/football/college-football/athletes/12739/stats?region=us&lang=en&contentorigin=espn
12599,Patrick Turner,,NFL_id,12599,fetch_failed: RuntimeError: fetch_failed after 3 attempts: 404 Client Error: Not Found for url: https://site.web.api.espn.com/apis/common/v3/sports/football/college-football/athletes/12599/stats?region=us&lang=en&contentorigin=espn
12741,Brandon Underwood,,NFL_id,12741,fetch_failed: RuntimeError: fetch_failed after 3 attempts: 404 Client Error: Not Found for url: https://site.web.api.espn.com/apis/common/v3/sports/football/college-football/athletes/12741/stats?region=us&lang=en&contentorigin=espn
12600,Tiquan Underwood,,NFL_id,12600,fetch_failed: RuntimeError: fetch_failed after 3 attempts: 404 Client Error: Not Found for url: https://site.web.api.espn.com/apis/common/v3/sports/football/college-football/athletes/12600/stats?region=us&lang=en&contentorigin=espn
12624,Max Unger,,NFL_id,12624,fetch_failed: RuntimeError: fetch_failed after 3 attempts: 404 Client Error: Not Found for url: https://site.web.api.espn.com/apis/common/v3/sports/football/college-football/athletes/12624/stats?region=us&lang=en&contentorigin=espn
12742,Kraig Urbik,,NFL_id,12742,fetch_failed: RuntimeError: fetch_failed after 3 attempts: 404 Client Error: Not Found for url: https://site.web.api.espn.com/apis/common/v3/sports/football/college-football/athletes/12742/stats?region=us&lang=en&contentorigin=espn
12744,Louis Vasquez,,NFL_id,12744,fetch_failed: RuntimeError: fetch_failed after 3 attempts: 404 Client Error: Not Found for url: https://site.web.api.espn.com/apis/common/v3/sports/football/college-football/athletes/12744/stats?region=us&lang=en&contentorigin=espn
12745,Chip Vaughn,,NFL_id,12745,fetch_failed: RuntimeError: fetch_failed after 3 attempts: 404 Client Error: Not Found for url: https://site.web.api.espn.com/apis/common/v3/sports/football/college-football/athletes/12745/stats?region=us&lang=en&contentorigin=espn
12625,David Veikune,,NFL_id,12625,fetch_failed: RuntimeError: fetch_failed after 3 attempts: 404 Client Error: Not Found for url: https://site.web.api.espn.com/apis/common/v3/sports/football/college-football/athletes/12625/stats?region=us&lang=en&contentorigin=espn
12448,Vance Walker,,NFL_id,12448,fetch_failed: RuntimeError: fetch_failed after 3 attempts: 404 Client Error: Not Found for url: https://site.web.api.espn.com/apis/common/v3/sports/football/college-football/athletes/12448/stats?region=us&lang=en&contentorigin=espn
12601,Mike Wallace,,NFL_id,12601,fetch_failed: RuntimeError: fetch_failed after 3 attempts: 404 Client Error: Not Found for url: https://site.web.api.espn.com/apis/common/v3/sports/football/college-football/athletes/12601/stats?region=us&lang=en&contentorigin=espn
12746,Donald Washington,,NFL_id,12746,fetch_failed: RuntimeError: fetch_failed after 3 attempts: 404 Client Error: Not Found for url: https://site.web.api.espn.com/apis/common/v3/sports/football/college-football/athletes/12746/stats?region=us&lang=en&contentorigin=espn
12747,Lardarius Webb,,NFL_id,12747,fetch_failed: RuntimeError: fetch_failed after 3 attempts: 404 Client Error: Not Found for url: https://site.web.api.espn.com/apis/common/v3/sports/football/college-football/athletes/12747/stats?region=us&lang=en&contentorigin=espn
12525,Beanie Wells,,NFL_id,12525,fetch_failed: RuntimeError: fetch_failed after 3 attempts: 404 Client Error: Not Found for url: https://site.web.api.espn.com/apis/common/v3/sports/football/college-football/athletes/12525/stats?region=us&lang=en&contentorigin=espn
12485,Pat White,,NFL_id,12485,fetch_failed: RuntimeError: fetch_failed after 3 attempts: 404 Client Error: Not Found for url: https://site.web.api.espn.com/apis/common/v3/sports/football/college-football/athletes/12485/stats?region=us&lang=en&contentorigin=espn
12602,Derrick Williams,,NFL_id,12602,fetch_failed: RuntimeError: fetch_failed after 3 attempts: 404 Client Error: Not Found for url: https://site.web.api.espn.com/apis/common/v3/sports/football/college-football/athletes/12602/stats?region=us&lang=en&contentorigin=espn
12554,Eddie Williams,,NFL_id,12554,fetch_failed: RuntimeError: fetch_failed after 3 attempts: 404 Client Error: Not Found for url: https://site.web.api.espn.com/apis/common/v3/sports/football/college-football/athletes/12554/stats?region=us&lang=en&contentorigin=espn
12526,Javarris Williams,,NFL_id,12526,fetch_failed: RuntimeError: fetch_failed after 3 attempts: 404 Client Error: Not Found for url: https://site.web.api.espn.com/apis/common/v3/sports/football/college-football/athletes/12526/stats?region=us&lang=en&contentorigin=espn
12627,Eric Wood,,NFL_id,12627,fetch_failed: RuntimeError: fetch_failed after 3 attempts: 404 Client Error: Not Found for url: https://site.web.api.espn.com/apis/common/v3/sports/football/college-football/athletes/12627/stats?region=us&lang=en&contentorigin=espn
12752,Jarius Wynn,,NFL_id,12752,fetch_failed: RuntimeError: fetch_failed after 3 attempts: 404 Client Error: Not Found for url: https://site.web.api.espn.com/apis/common/v3/sports/football/college-football/athletes/12752/stats?region=us&lang=en&contentorigin=espn
13257,Nate Allen,,NFL_id,13257,fetch_failed: RuntimeError: fetch_failed after 3 attempts: 404 Client Error: Not Found for url: https://site.web.api.espn.com/apis/common/v3/sports/football/college-football/athletes/13257/stats?region=us&lang=en&contentorigin=espn
13233,Tyson Alualu,,NFL_id,13233,fetch_failed: RuntimeError: fetch_failed after 3 attempts: 404 Client Error: Not Found for url: https://site.web.api.espn.com/apis/common/v3/sports/football/college-football/athletes/13233/stats?region=us&lang=en&contentorigin=espn
13258,Pat Angerer,,NFL_id,13258,fetch_failed: RuntimeError: fetch_failed after 3 attempts: 404 Client Error: Not Found for url: https://site.web.api.espn.com/apis/common/v3/sports/football/college-football/athletes/13258/stats?region=us&lang=en&contentorigin=espn
13259,Javier Arenas,,NFL_id,13259,fetch_failed: RuntimeError: fetch_failed after 3 attempts: 404 Client Error: Not Found for url: https://site.web.api.espn.com/apis/common/v3/sports/football/college-football/athletes/13259/stats?region=us&lang=en&contentorigin=espn
13260,Jon Asamoah,,NFL_id,13260,fetch_failed: RuntimeError: fetch_failed after 3 attempts: 404 Client Error: Not Found for url: https://site.web.api.espn.com/apis/common/v3/sports/football/college-football/athletes/13260/stats?region=us&lang=en&contentorigin=espn
13310,Larry Asante,,NFL_id,13310,fetch_failed: RuntimeError: fetch_failed after 3 attempts: 404 Client Error: Not Found for url: https://site.web.api.espn.com/apis/common/v3/sports/football/college-football/athletes/13310/stats?region=us&lang=en&contentorigin=espn
13311,Geno Atkins,,NFL_id,13311,fetch_failed: RuntimeError: fetch_failed after 3 attempts: 404 Client Error: Not Found for url: https://site.web.api.espn.com/apis/common/v3/sports/football/college-football/athletes/13311/stats?region=us&lang=en&contentorigin=espn
13261,Zane Beadles,,NFL_id,13261,fetch_failed: RuntimeError: fetch_failed after 3 attempts: 404 Client Error: Not Found for url: https://site.web.api.espn.com/apis/common/v3/sports/football/college-football/athletes/13261/stats?region=us&lang=en&contentorigin=espn
13218,Arrelious Benn,,NFL_id,13218,fetch_failed: RuntimeError: fetch_failed after 3 attempts: 404 Client Error: Not Found for url: https://site.web.api.espn.com/apis/common/v3/sports/football/college-football/athletes/13218/stats?region=us&lang=en&contentorigin=espn
13252,Eric Berry,,NFL_id,13252,fetch_failed: RuntimeError: fetch_failed after 3 attempts: 404 Client Error: Not Found for url: https://site.web.api.espn.com/apis/common/v3/sports/football/college-football/athletes/13252/stats?region=us&lang=en&contentorigin=espn
13205,Jahvid Best,,NFL_id,13205,fetch_failed: RuntimeError: fetch_failed after 3 attempts: 404 Client Error: Not Found for url: https://site.web.api.espn.com/apis/common/v3/sports/football/college-football/athletes/13205/stats?region=us&lang=en&contentorigin=espn
13262,Navorro Bowman,,NFL_id,13262,fetch_failed: RuntimeError: fetch_failed after 3 attempts: 404 Client Error: Not Found for url: https://site.web.api.espn.com/apis/common/v3/sports/football/college-football/athletes/13262/stats?region=us&lang=en&contentorigin=espn
13197,Sam Bradford,,NFL_id,13197,fetch_failed: RuntimeError: fetch_failed after 3 attempts: 404 Client Error: Not Found for url: https://site.web.api.espn.com/apis/common/v3/sports/football/college-football/athletes/13197/stats?region=us&lang=en&contentorigin=espn
13227,Dezmon Briscoe,,NFL_id,13227,fetch_failed: RuntimeError: fetch_failed after 3 attempts: 404 Client Error: Not Found for url: https://site.web.api.espn.com/apis/common/v3/sports/football/college-football/athletes/13227/stats?region=us&lang=en&contentorigin=espn
13934,Antonio Brown,,NFL_id,13934,fetch_failed: RuntimeError: fetch_failed after 3 attempts: 404 Client Error: Not Found for url: https://site.web.api.espn.com/apis/common/v3/sports/football/college-football/athletes/13934/stats?region=us&lang=en&contentorigin=espn
13263,Charles Brown,,NFL_id,13263,fetch_failed: RuntimeError: fetch_failed after 3 attempts: 404 Client Error: Not Found for url: https://site.web.api.espn.com/apis/common/v3/sports/football/college-football/athletes/13263/stats?region=us&lang=en&contentorigin=espn
13319,Levi Brown,,NFL_id,13319,fetch_failed: RuntimeError: fetch_failed after 3 attempts: 404 Client Error: Not Found for url: https://site.web.api.espn.com/apis/common/v3/sports/football/college-football/athletes/13319/stats?region=us&lang=en&contentorigin=espn
13215,Dez Bryant,,NFL_id,13215,fetch_failed: RuntimeError: fetch_failed after 3 attempts: 404 Client Error: Not Found for url: https://site.web.api.espn.com/apis/common/v3/sports/football/college-football/athletes/13215/stats?region=us&lang=en&contentorigin=espn
13247,Bryan Bulaga,,NFL_id,13247,fetch_failed: RuntimeError: fetch_failed after 3 attempts: 404 Client Error: Not Found for url: https://site.web.api.espn.com/apis/common/v3/sports/football/college-football/athletes/13247/stats?region=us&lang=en&contentorigin=espn
13264,Morgan Burnett,,NFL_id,13264,fetch_failed: RuntimeError: fetch_failed after 3 attempts: 404 Client Error: Not Found for url: https://site.web.api.espn.com/apis/common/v3/sports/football/college-football/athletes/13264/stats?region=us&lang=en&contentorigin=espn
13324,Crezdon Butler,,NFL_id,13324,fetch_failed: RuntimeError: fetch_failed after 3 attempts: 404 Client Error: Not Found for url: https://site.web.api.espn.com/apis/common/v3/sports/football/college-football/athletes/13324/stats?region=us&lang=en&contentorigin=espn
13265,Donald Butler,,NFL_id,13265,fetch_failed: RuntimeError: fetch_failed after 3 attempts: 404 Client Error: Not Found for url: https://site.web.api.espn.com/apis/common/v3/sports/football/college-football/athletes/13265/stats?region=us&lang=en&contentorigin=espn
13266,Alex Carrington,,NFL_id,13266,fetch_failed: RuntimeError: fetch_failed after 3 attempts: 404 Client Error: Not Found for url: https://site.web.api.espn.com/apis/common/v3/sports/football/college-football/athletes/13266/stats?region=us&lang=en&contentorigin=espn
13333,Nolan Carroll,,NFL_id,13333,fetch_failed: RuntimeError: fetch_failed after 3 attempts: 404 Client Error: Not Found for url: https://site.web.api.espn.com/apis/common/v3/sports/football/college-football/athletes/13333/stats?region=us&lang=en&contentorigin=espn
13336,Kam Chancellor,,NFL_id,13336,fetch_failed: RuntimeError: fetch_failed after 3 attempts: 404 Client Error: Not Found for url: https://site.web.api.espn.com/apis/common/v3/sports/football/college-football/athletes/13336/stats?region=us&lang=en&contentorigin=espn
13337,Jamar Chaney,,NFL_id,13337,fetch_failed: RuntimeError: fetch_failed after 3 attempts: 404 Client Error: Not Found for url: https://site.web.api.espn.com/apis/common/v3/sports/football/college-football/athletes/13337/stats?region=us&lang=en&contentorigin=espn
13198,Jimmy Clausen,,NFL_id,13198,fetch_failed: RuntimeError: fetch_failed after 3 attempts: 404 Client Error: Not Found for url: https://site.web.api.espn.com/apis/common/v3/sports/football/college-football/athletes/13198/stats?region=us&lang=en&contentorigin=espn
13339,Keenan Clayton,,NFL_id,13339,fetch_failed: RuntimeError: fetch_failed after 3 attempts: 404 Client Error: Not Found for url: https://site.web.api.espn.com/apis/common/v3/sports/football/college-football/athletes/13339/stats?region=us&lang=en&contentorigin=espn
13267,Terrence Cody,,NFL_id,13267,fetch_failed: RuntimeError: fetch_failed after 3 attempts: 404 Client Error: Not Found for url: https://site.web.api.espn.com/apis/common/v3/sports/football/college-football/athletes/13267/stats?region=us&lang=en&contentorigin=espn
13340,Kurt Coleman,,NFL_id,13340,fetch_failed: RuntimeError: fetch_failed after 3 attempts: 404 Client Error: Not Found for url: https://site.web.api.espn.com/apis/common/v3/sports/football/college-football/athletes/13340/stats?region=us&lang=en&contentorigin=espn
13341,John Conner,,NFL_id,13341,fetch_failed: RuntimeError: fetch_failed after 3 attempts: 404 Client Error: Not Found for url: https://site.web.api.espn.com/apis/common/v3/sports/football/college-football/athletes/13341/stats?region=us&lang=en&contentorigin=espn
13342,Kavell Conner,,NFL_id,13342,fetch_failed: RuntimeError: fetch_failed after 3 attempts: 404 Client Error: Not Found for url: https://site.web.api.espn.com/apis/common/v3/sports/football/college-football/athletes/13342/stats?region=us&lang=en&contentorigin=espn
13268,Chris Cook,,NFL_id,13268,fetch_failed: RuntimeError: fetch_failed after 3 attempts: 404 Client Error: Not Found for url: https://site.web.api.espn.com/apis/common/v3/sports/football/college-football/athletes/13268/stats?region=us&lang=en&contentorigin=espn
13343,Erik Cook,,NFL_id,13343,fetch_failed: RuntimeError: fetch_failed after 3 attempts: 404 Client Error: Not Found for url: https://site.web.api.espn.com/apis/common/v3/sports/football/college-football/athletes/13343/stats?region=us&lang=en&contentorigin=espn
13225,Riley Cooper,,NFL_id,13225,fetch_failed: RuntimeError: fetch_failed after 3 attempts: 404 Client Error: Not Found for url: https://site.web.api.espn.com/apis/common/v3/sports/football/college-football/athletes/13225/stats?region=us&lang=en&contentorigin=espn
13344,Perrish Cox,,NFL_id,13344,fetch_failed: RuntimeError: fetch_failed after 3 attempts: 404 Client Error: Not Found for url: https://site.web.api.espn.com/apis/common/v3/sports/football/college-football/athletes/13344/stats?region=us&lang=en&contentorigin=espn
13269,Jermaine Cunningham,,NFL_id,13269,fetch_failed: RuntimeError: fetch_failed after 3 attempts: 404 Client Error: Not Found for url: https://site.web.api.espn.com/apis/common/v3/sports/football/college-football/athletes/13269/stats?region=us&lang=en&contentorigin=espn
13270,Rennie Curran,,NFL_id,13270,fetch_failed: RuntimeError: fetch_failed after 3 attempts: 404 Client Error: Not Found for url: https://site.web.api.espn.com/apis/common/v3/sports/football/college-football/athletes/13270/stats?region=us&lang=en&contentorigin=espn
13253,Anthony Davis,,NFL_id,13253,fetch_failed: RuntimeError: fetch_failed after 3 attempts: 404 Client Error: Not Found for url: https://site.web.api.espn.com/apis/common/v3/sports/football/college-football/athletes/13253/stats?region=us&lang=en&contentorigin=espn
13351,Brandon Deaderick,,NFL_id,13351,fetch_failed: RuntimeError: fetch_failed after 3 attempts: 404 Client Error: Not Found for url: https://site.web.api.espn.com/apis/common/v3/sports/football/college-football/athletes/13351/stats?region=us&lang=en&contentorigin=espn
13271,Eric Decker,,NFL_id,13271,fetch_failed: RuntimeError: fetch_failed after 3 attempts: 404 Client Error: Not Found for url: https://site.web.api.espn.com/apis/common/v3/sports/football/college-football/athletes/13271/stats?region=us&lang=en&contentorigin=espn
13350,Chris DeGeare,,NFL_id,13350,fetch_failed: RuntimeError: fetch_failed after 3 attempts: 404 Client Error: Not Found for url: https://site.web.api.espn.com/apis/common/v3/sports/football/college-football/athletes/13350/stats?region=us&lang=en&contentorigin=espn
13353,Dorin Dickerson,,NFL_id,13353,fetch_failed: RuntimeError: fetch_failed after 3 attempts: 404 Client Error: Not Found for url: https://site.web.api.espn.com/apis/common/v3/sports/football/college-football/athletes/13353/stats?region=us&lang=en&contentorigin=espn
13272,Ed Dickson,,NFL_id,13272,fetch_failed: RuntimeError: fetch_failed after 3 attempts: 404 Client Error: Not Found for url: https://site.web.api.espn.com/apis/common/v3/sports/football/college-football/athletes/13272/stats?region=us&lang=en&contentorigin=espn
13354,Phillip Dillard,,NFL_id,13354,fetch_failed: RuntimeError: fetch_failed after 3 attempts: 404 Client Error: Not Found for url: https://site.web.api.espn.com/apis/common/v3/sports/football/college-football/athletes/13354/stats?region=us&lang=en&contentorigin=espn
13356,Matt Dodge,,NFL_id,13356,fetch_failed: RuntimeError: fetch_failed after 3 attempts: 404 Client Error: Not Found for url: https://site.web.api.espn.com/apis/common/v3/sports/football/college-football/athletes/13356/stats?region=us&lang=en&contentorigin=espn
13357,Jim Dray,,NFL_id,13357,fetch_failed: RuntimeError: fetch_failed after 3 attempts: 404 Client Error: Not Found for url: https://site.web.api.espn.com/apis/common/v3/sports/football/college-football/athletes/13357/stats?region=us&lang=en&contentorigin=espn
13273,Vladimir Ducasse,,NFL_id,13273,fetch_failed: RuntimeError: fetch_failed after 3 attempts: 404 Client Error: Not Found for url: https://site.web.api.espn.com/apis/common/v3/sports/football/college-football/athletes/13273/stats?region=us&lang=en&contentorigin=espn
13274,Carlos Dunlap,,NFL_id,13274,fetch_failed: RuntimeError: fetch_failed after 3 attempts: 404 Client Error: Not Found for url: https://site.web.api.espn.com/apis/common/v3/sports/football/college-football/athletes/13274/stats?region=us&lang=en&contentorigin=espn
13206,Jonathan Dwyer,,NFL_id,13206,fetch_failed: RuntimeError: fetch_failed after 3 attempts: 404 Client Error: Not Found for url: https://site.web.api.espn.com/apis/common/v3/sports/football/college-football/athletes/13206/stats?region=us&lang=en&contentorigin=espn
13224,Marcus Easley,,NFL_id,13224,fetch_failed: RuntimeError: fetch_failed after 3 attempts: 404 Client Error: Not Found for url: https://site.web.api.espn.com/apis/common/v3/sports/football/college-football/athletes/13224/stats?region=us&lang=en&contentorigin=espn
13358,A.J. Edds,,NFL_id,13358,fetch_failed: RuntimeError: fetch_failed after 3 attempts: 404 Client Error: Not Found for url: https://site.web.api.espn.com/apis/common/v3/sports/football/college-football/athletes/13358/stats?region=us&lang=en&contentorigin=espn
13275,Armanti Edwards,,NFL_id,13275,fetch_failed: RuntimeError: fetch_failed after 3 attempts: 404 Client Error: Not Found for url: https://site.web.api.espn.com/apis/common/v3/sports/football/college-football/athletes/13275/stats?region=us&lang=en&contentorigin=espn
13359,Brody Eldridge,,NFL_id,13359,fetch_failed: RuntimeError: fetch_failed after 3 attempts: 404 Client Error: Not Found for url: https://site.web.api.espn.com/apis/common/v3/sports/football/college-football/athletes/13359/stats?region=us&lang=en&contentorigin=espn
13360,Dedrick Epps,,NFL_id,13360,fetch_failed: RuntimeError: fetch_failed after 3 attempts: 404 Client Error: Not Found for url: https://site.web.api.espn.com/apis/common/v3/sports/football/college-football/athletes/13360/stats?region=us&lang=en&contentorigin=espn
13363,Jacoby Ford,,NFL_id,13363,fetch_failed: RuntimeError: fetch_failed after 3 attempts: 404 Client Error: Not Found for url: https://site.web.api.espn.com/apis/common/v3/sports/football/college-football/athletes/13363/stats?region=us&lang=en&contentorigin=espn
13365,Dominique Franks,,NFL_id,13365,fetch_failed: RuntimeError: fetch_failed after 3 attempts: 404 Client Error: Not Found for url: https://site.web.api.espn.com/apis/common/v3/sports/football/college-football/athletes/13365/stats?region=us&lang=en&contentorigin=espn
13366,Clifton Geathers,,NFL_id,13366,fetch_failed: RuntimeError: fetch_failed after 3 attempts: 404 Client Error: Not Found for url: https://site.web.api.espn.com/apis/common/v3/sports/football/college-football/athletes/13366/stats?region=us&lang=en&contentorigin=espn
13211,Toby Gerhart,,NFL_id,13211,fetch_failed: RuntimeError: fetch_failed after 3 attempts: 404 Client Error: Not Found for url: https://site.web.api.espn.com/apis/common/v3/sports/football/college-football/athletes/13211/stats?region=us&lang=en&contentorigin=espn
13276,Brandon Ghee,,NFL_id,13276,fetch_failed: RuntimeError: fetch_failed after 3 attempts: 404 Client Error: Not Found for url: https://site.web.api.espn.com/apis/common/v3/sports/football/college-football/athletes/13276/stats?region=us&lang=en&contentorigin=espn
13368,Thaddeus Gibson,,NFL_id,13368,fetch_failed: RuntimeError: fetch_failed after 3 attempts: 404 Client Error: Not Found for url: https://site.web.api.espn.com/apis/common/v3/sports/football/college-football/athletes/13368/stats?region=us&lang=en&contentorigin=espn
13221,Mardy Gilyard,,NFL_id,13221,fetch_failed: RuntimeError: fetch_failed after 3 attempts: 404 Client Error: Not Found for url: https://site.web.api.espn.com/apis/common/v3/sports/football/college-football/athletes/13221/stats?region=us&lang=en&contentorigin=espn
13369,Travis Goethel,,NFL_id,13369,fetch_failed: RuntimeError: fetch_failed after 3 attempts: 404 Client Error: Not Found for url: https://site.web.api.espn.com/apis/common/v3/sports/football/college-football/athletes/13369/stats?region=us&lang=en&contentorigin=espn
13239,Brandon Graham,,NFL_id,13239,fetch_failed: RuntimeError: fetch_failed after 3 attempts: 404 Client Error: Not Found for url: https://site.web.api.espn.com/apis/common/v3/sports/football/college-football/athletes/13239/stats?region=us&lang=en&contentorigin=espn
13371,Garrett Graham,,NFL_id,13371,fetch_failed: RuntimeError: fetch_failed after 3 attempts: 404 Client Error: Not Found for url: https://site.web.api.espn.com/apis/common/v3/sports/football/college-football/athletes/13371/stats?region=us&lang=en&contentorigin=espn
13232,Jimmy Graham,,NFL_id,13232,fetch_failed: RuntimeError: fetch_failed after 3 attempts: 404 Client Error: Not Found for url: https://site.web.api.espn.com/apis/common/v3/sports/football/college-football/athletes/13232/stats?region=us&lang=en&contentorigin=espn
13228,Jermaine Gresham,,NFL_id,13228,fetch_failed: RuntimeError: fetch_failed after 3 attempts: 404 Client Error: Not Found for url: https://site.web.api.espn.com/apis/common/v3/sports/football/college-football/athletes/13228/stats?region=us&lang=en&contentorigin=espn
13373,Everson Griffen,,NFL_id,13373,fetch_failed: RuntimeError: fetch_failed after 3 attempts: 404 Client Error: Not Found for url: https://site.web.api.espn.com/apis/common/v3/sports/football/college-football/athletes/13373/stats?region=us&lang=en&contentorigin=espn
13374,Cody Grimm,,NFL_id,13374,fetch_failed: RuntimeError: fetch_failed after 3 attempts: 404 Client Error: Not Found for url: https://site.web.api.espn.com/apis/common/v3/sports/football/college-football/athletes/13374/stats?region=us&lang=en&contentorigin=espn
13229,Rob Gronkowski,,NFL_id,13229,fetch_failed: RuntimeError: fetch_failed after 3 attempts: 404 Client Error: Not Found for url: https://site.web.api.espn.com/apis/common/v3/sports/football/college-football/athletes/13229/stats?region=us&lang=en&contentorigin=espn
13249,Joe Haden,,NFL_id,13249,fetch_failed: RuntimeError: fetch_failed after 3 attempts: 404 Client Error: Not Found for url: https://site.web.api.espn.com/apis/common/v3/sports/football/college-football/athletes/13249/stats?region=us&lang=en&contentorigin=espn
13376,Clay Harbor,,NFL_id,13376,fetch_failed: RuntimeError: fetch_failed after 3 attempts: 404 Client Error: Not Found for url: https://site.web.api.espn.com/apis/common/v3/sports/football/college-football/athletes/13376/stats?region=us&lang=en&contentorigin=espn
13208,Montario Hardesty,,NFL_id,13208,fetch_failed: RuntimeError: fetch_failed after 3 attempts: 404 Client Error: Not Found for url: https://site.web.api.espn.com/apis/common/v3/sports/football/college-football/athletes/13208/stats?region=us&lang=en&contentorigin=espn
13377,Greg Hardy,,NFL_id,13377,fetch_failed: RuntimeError: fetch_failed after 3 attempts: 404 Client Error: Not Found for url: https://site.web.api.espn.com/apis/common/v3/sports/football/college-football/athletes/13377/stats?region=us&lang=en&contentorigin=espn
13385,Joe Hawley,,NFL_id,13385,fetch_failed: RuntimeError: fetch_failed after 3 attempts: 404 Client Error: Not Found for url: https://site.web.api.espn.com/apis/common/v3/sports/football/college-football/athletes/13385/stats?region=us&lang=en&contentorigin=espn
13230,Aaron Hernandez,,NFL_id,13230,fetch_failed: RuntimeError: fetch_failed after 3 attempts: 404 Client Error: Not Found for url: https://site.web.api.espn.com/apis/common/v3/sports/football/college-football/athletes/13230/stats?region=us&lang=en&contentorigin=espn
13386,Trindon Holliday,,NFL_id,13386,fetch_failed: RuntimeError: fetch_failed after 3 attempts: 404 Client Error: Not Found for url: https://site.web.api.espn.com/apis/common/v3/sports/football/college-football/athletes/13386/stats?region=us&lang=en&contentorigin=espn
13387,Michael Hoomanawanui,,NFL_id,13387,fetch_failed: RuntimeError: fetch_failed after 3 attempts: 404 Client Error: Not Found for url: https://site.web.api.espn.com/apis/common/v3/sports/football/college-football/athletes/13387/stats?region=us&lang=en&contentorigin=espn
13277,Lamarr Houston,,NFL_id,13277,fetch_failed: RuntimeError: fetch_failed after 3 attempts: 404 Client Error: Not Found for url: https://site.web.api.espn.com/apis/common/v3/sports/football/college-football/athletes/13277/stats?region=us&lang=en&contentorigin=espn
13245,Jerry Hughes,,NFL_id,13245,fetch_failed: RuntimeError: fetch_failed after 3 attempts: 404 Client Error: Not Found for url: https://site.web.api.espn.com/apis/common/v3/sports/football/college-football/athletes/13245/stats?region=us&lang=en&contentorigin=espn
13390,Josh Hull,,NFL_id,13390,fetch_failed: RuntimeError: fetch_failed after 3 attempts: 404 Client Error: Not Found for url: https://site.web.api.espn.com/apis/common/v3/sports/football/college-football/athletes/13390/stats?region=us&lang=en&contentorigin=espn
13246,Mike Iupati,,NFL_id,13246,fetch_failed: RuntimeError: fetch_failed after 3 attempts: 404 Client Error: Not Found for url: https://site.web.api.espn.com/apis/common/v3/sports/football/college-football/athletes/13246/stats?region=us&lang=en&contentorigin=espn
13254,Kareem Jackson,,NFL_id,13254,fetch_failed: RuntimeError: fetch_failed after 3 attempts: 404 Client Error: Not Found for url: https://site.web.api.espn.com/apis/common/v3/sports/football/college-football/athletes/13254/stats?region=us&lang=en&contentorigin=espn
13278,John Jerry,,NFL_id,13278,fetch_failed: RuntimeError: fetch_failed after 3 attempts: 404 Client Error: Not Found for url: https://site.web.api.espn.com/apis/common/v3/sports/football/college-football/athletes/13278/stats?region=us&lang=en&contentorigin=espn
13279,Mike Johnson,,NFL_id,13279,fetch_failed: RuntimeError: fetch_failed after 3 attempts: 404 Client Error: Not Found for url: https://site.web.api.espn.com/apis/common/v3/sports/football/college-football/athletes/13279/stats?region=us&lang=en&contentorigin=espn
13394,Arthur Jones,,NFL_id,13394,fetch_failed: RuntimeError: fetch_failed after 3 attempts: 404 Client Error: Not Found for url: https://site.web.api.espn.com/apis/common/v3/sports/football/college-football/athletes/13394/stats?region=us&lang=en&contentorigin=espn
13395,Reshad Jones,,NFL_id,13395,fetch_failed: RuntimeError: fetch_failed after 3 attempts: 404 Client Error: Not Found for url: https://site.web.api.espn.com/apis/common/v3/sports/football/college-football/athletes/13395/stats?region=us&lang=en&contentorigin=espn
13281,Linval Joseph,,NFL_id,13281,fetch_failed: RuntimeError: fetch_failed after 3 attempts: 404 Client Error: Not Found for url: https://site.web.api.espn.com/apis/common/v3/sports/football/college-football/athletes/13281/stats?region=us&lang=en&contentorigin=espn
13397,Mike Kafka,,NFL_id,13397,fetch_failed: RuntimeError: fetch_failed after 3 attempts: 404 Client Error: Not Found for url: https://site.web.api.espn.com/apis/common/v3/sports/football/college-football/athletes/13397/stats?region=us&lang=en&contentorigin=espn
13282,Sergio Kindle,,NFL_id,13282,fetch_failed: RuntimeError: fetch_failed after 3 attempts: 404 Client Error: Not Found for url: https://site.web.api.espn.com/apis/common/v3/sports/football/college-football/athletes/13282/stats?region=us&lang=en&contentorigin=espn
12576,Brandon LaFell,,NFL_id,12576,fetch_failed: RuntimeError: fetch_failed after 3 attempts: 404 Client Error: Not Found for url: https://site.web.api.espn.com/apis/common/v3/sports/football/college-football/athletes/12576/stats?region=us&lang=en&contentorigin=espn
13403,Ted Larsen,,NFL_id,13403,fetch_failed: RuntimeError: fetch_failed after 3 attempts: 404 Client Error: Not Found for url: https://site.web.api.espn.com/apis/common/v3/sports/football/college-football/athletes/13403/stats?region=us&lang=en&contentorigin=espn
13283,Shawn Lauvao,,NFL_id,13283,fetch_failed: RuntimeError: fetch_failed after 3 attempts: 404 Client Error: Not Found for url: https://site.web.api.espn.com/apis/common/v3/sports/football/college-football/athletes/13283/stats?region=us&lang=en&contentorigin=espn
13284,Sean Lee,,NFL_id,13284,fetch_failed: RuntimeError: fetch_failed after 3 attempts: 404 Client Error: Not Found for url: https://site.web.api.espn.com/apis/common/v3/sports/football/college-football/athletes/13284/stats?region=us&lang=en&contentorigin=espn
13404,Kendrick Lewis,,NFL_id,13404,fetch_failed: RuntimeError: fetch_failed after 3 attempts: 404 Client Error: Not Found for url: https://site.web.api.espn.com/apis/common/v3/sports/football/college-football/athletes/13404/stats?region=us&lang=en&contentorigin=espn
13285,Myron Lewis,,NFL_id,13285,fetch_failed: RuntimeError: fetch_failed after 3 attempts: 404 Client Error: Not Found for url: https://site.web.api.espn.com/apis/common/v3/sports/football/college-football/athletes/13285/stats?region=us&lang=en&contentorigin=espn
13405,Trevard Lindley,,NFL_id,13405,fetch_failed: RuntimeError: fetch_failed after 3 attempts: 404 Client Error: Not Found for url: https://site.web.api.espn.com/apis/common/v3/sports/football/college-football/athletes/13405/stats?region=us&lang=en&contentorigin=espn
13407,Erik Lorig,,NFL_id,13407,fetch_failed: RuntimeError: fetch_failed after 3 attempts: 404 Client Error: Not Found for url: https://site.web.api.espn.com/apis/common/v3/sports/football/college-football/athletes/13407/stats?region=us&lang=en&contentorigin=espn
13204,Ryan Mathews,,NFL_id,13204,fetch_failed: RuntimeError: fetch_failed after 3 attempts: 404 Client Error: Not Found for url: https://site.web.api.espn.com/apis/common/v3/sports/football/college-football/athletes/13204/stats?region=us&lang=en&contentorigin=espn
13286,Taylor Mays,,NFL_id,13286,fetch_failed: RuntimeError: fetch_failed after 3 attempts: 404 Client Error: Not Found for url: https://site.web.api.espn.com/apis/common/v3/sports/football/college-football/athletes/13286/stats?region=us&lang=en&contentorigin=espn
13255,Rolando McClain,,NFL_id,13255,fetch_failed: RuntimeError: fetch_failed after 3 attempts: 404 Client Error: Not Found for url: https://site.web.api.espn.com/apis/common/v3/sports/football/college-football/athletes/13255/stats?region=us&lang=en&contentorigin=espn
13207,Dexter McCluster,,NFL_id,13207,fetch_failed: RuntimeError: fetch_failed after 3 attempts: 404 Client Error: Not Found for url: https://site.web.api.espn.com/apis/common/v3/sports/football/college-football/athletes/13207/stats?region=us&lang=en&contentorigin=espn
13236,Devin McCourty,,NFL_id,13236,fetch_failed: RuntimeError: fetch_failed after 3 attempts: 404 Client Error: Not Found for url: https://site.web.api.espn.com/apis/common/v3/sports/football/college-football/athletes/13236/stats?region=us&lang=en&contentorigin=espn
13414,Anthony McCoy,,NFL_id,13414,fetch_failed: RuntimeError: fetch_failed after 3 attempts: 404 Client Error: Not Found for url: https://site.web.api.espn.com/apis/common/v3/sports/football/college-football/athletes/13414/stats?region=us&lang=en&contentorigin=espn
13199,Colt McCoy,,NFL_id,13199,fetch_failed: RuntimeError: fetch_failed after 3 attempts: 404 Client Error: Not Found for url: https://site.web.api.espn.com/apis/common/v3/sports/football/college-football/athletes/13199/stats?region=us&lang=en&contentorigin=espn
13240,Gerald McCoy,,NFL_id,13240,fetch_failed: RuntimeError: fetch_failed after 3 attempts: 404 Client Error: Not Found for url: https://site.web.api.espn.com/apis/common/v3/sports/football/college-football/athletes/13240/stats?region=us&lang=en&contentorigin=espn
13209,Joe McKnight,,NFL_id,13209,fetch_failed: RuntimeError: fetch_failed after 3 attempts: 404 Client Error: Not Found for url: https://site.web.api.espn.com/apis/common/v3/sports/football/college-football/athletes/13209/stats?region=us&lang=en&contentorigin=espn
13419,Sherrick McManis,,NFL_id,13419,fetch_failed: RuntimeError: fetch_failed after 3 attempts: 404 Client Error: Not Found for url: https://site.web.api.espn.com/apis/common/v3/sports/football/college-football/athletes/13419/stats?region=us&lang=en&contentorigin=espn
13421,Zoltan Mesko,,NFL_id,13421,fetch_failed: RuntimeError: fetch_failed after 3 attempts: 404 Client Error: Not Found for url: https://site.web.api.espn.com/apis/common/v3/sports/football/college-football/athletes/13421/stats?region=us&lang=en&contentorigin=espn
13287,Koa Misi,,NFL_id,13287,fetch_failed: RuntimeError: fetch_failed after 3 attempts: 404 Client Error: Not Found for url: https://site.web.api.espn.com/apis/common/v3/sports/football/college-football/athletes/13287/stats?region=us&lang=en&contentorigin=espn
13222,Carlton Mitchell,,NFL_id,13222,fetch_failed: RuntimeError: fetch_failed after 3 attempts: 404 Client Error: Not Found for url: https://site.web.api.espn.com/apis/common/v3/sports/football/college-football/athletes/13222/stats?region=us&lang=en&contentorigin=espn
13288,Earl Mitchell,,NFL_id,13288,fetch_failed: RuntimeError: fetch_failed after 3 attempts: 404 Client Error: Not Found for url: https://site.web.api.espn.com/apis/common/v3/sports/football/college-football/athletes/13288/stats?region=us&lang=en&contentorigin=espn
13422,Arthur Moats,,NFL_id,13422,fetch_failed: RuntimeError: fetch_failed after 3 attempts: 404 Client Error: Not Found for url: https://site.web.api.espn.com/apis/common/v3/sports/football/college-football/athletes/13422/stats?region=us&lang=en&contentorigin=espn
13289,Tony Moeaki,,NFL_id,13289,fetch_failed: RuntimeError: fetch_failed after 3 attempts: 404 Client Error: Not Found for url: https://site.web.api.espn.com/apis/common/v3/sports/football/college-football/athletes/13289/stats?region=us&lang=en&contentorigin=espn
13423,Joshua Moore,,NFL_id,13423,fetch_failed: RuntimeError: fetch_failed after 3 attempts: 404 Client Error: Not Found for url: https://site.web.api.espn.com/apis/common/v3/sports/football/college-football/athletes/13423/stats?region=us&lang=en&contentorigin=espn
13248,Derrick Morgan,,NFL_id,13248,fetch_failed: RuntimeError: fetch_failed after 3 attempts: 404 Client Error: Not Found for url: https://site.web.api.espn.com/apis/common/v3/sports/football/college-football/athletes/13248/stats?region=us&lang=en&contentorigin=espn
13427,Roddrick Muckelroy,,NFL_id,13427,fetch_failed: RuntimeError: fetch_failed after 3 attempts: 404 Client Error: Not Found for url: https://site.web.api.espn.com/apis/common/v3/sports/football/college-football/athletes/13427/stats?region=us&lang=en&contentorigin=espn
13290,Jerome Murphy,,NFL_id,13290,fetch_failed: RuntimeError: fetch_failed after 3 attempts: 404 Client Error: Not Found for url: https://site.web.api.espn.com/apis/common/v3/sports/football/college-football/athletes/13290/stats?region=us&lang=en&contentorigin=espn
13291,Mike Neal,,NFL_id,13291,fetch_failed: RuntimeError: fetch_failed after 3 attempts: 404 Client Error: Not Found for url: https://site.web.api.espn.com/apis/common/v3/sports/football/college-football/athletes/13291/stats?region=us&lang=en&contentorigin=espn
13428,Marshall Newhouse,,NFL_id,13428,fetch_failed: RuntimeError: fetch_failed after 3 attempts: 404 Client Error: Not Found for url: https://site.web.api.espn.com/apis/common/v3/sports/football/college-football/athletes/13428/stats?region=us&lang=en&contentorigin=espn
13429,Eric Norwood,,NFL_id,13429,fetch_failed: RuntimeError: fetch_failed after 3 attempts: 404 Client Error: Not Found for url: https://site.web.api.espn.com/apis/common/v3/sports/football/college-football/athletes/13429/stats?region=us&lang=en&contentorigin=espn
13244,Jared Odrick,,NFL_id,13244,fetch_failed: RuntimeError: fetch_failed after 3 attempts: 404 Client Error: Not Found for url: https://site.web.api.espn.com/apis/common/v3/sports/football/college-football/athletes/13244/stats?region=us&lang=en&contentorigin=espn
13242,Russell Okung,,NFL_id,13242,fetch_failed: RuntimeError: fetch_failed after 3 attempts: 404 Client Error: Not Found for url: https://site.web.api.espn.com/apis/common/v3/sports/football/college-football/athletes/13242/stats?region=us&lang=en&contentorigin=espn
13433,Akwasi Owusu-Ansah,,NFL_id,13433,fetch_failed: RuntimeError: fetch_failed after 3 attempts: 404 Client Error: Not Found for url: https://site.web.api.espn.com/apis/common/v3/sports/football/college-football/athletes/13433/stats?region=us&lang=en&contentorigin=espn
13292,Corey Peters,,NFL_id,13292,fetch_failed: RuntimeError: fetch_failed after 3 attempts: 404 Client Error: Not Found for url: https://site.web.api.espn.com/apis/common/v3/sports/football/college-football/athletes/13292/stats?region=us&lang=en&contentorigin=espn
13256,Jason Pierre-Paul,,NFL_id,13256,fetch_failed: RuntimeError: fetch_failed after 3 attempts: 404 Client Error: Not Found for url: https://site.web.api.espn.com/apis/common/v3/sports/football/college-football/athletes/13256/stats?region=us&lang=en&contentorigin=espn
13201,Tony Pike,,NFL_id,13201,fetch_failed: RuntimeError: fetch_failed after 3 attempts: 404 Client Error: Not Found for url: https://site.web.api.espn.com/apis/common/v3/sports/football/college-football/athletes/13201/stats?region=us&lang=en&contentorigin=espn
13231,Dennis Pitta,,NFL_id,13231,fetch_failed: RuntimeError: fetch_failed after 3 attempts: 404 Client Error: Not Found for url: https://site.web.api.espn.com/apis/common/v3/sports/football/college-football/athletes/13231/stats?region=us&lang=en&contentorigin=espn
13250,Maurkice Pouncey,,NFL_id,13250,fetch_failed: RuntimeError: fetch_failed after 3 attempts: 404 Client Error: Not Found for url: https://site.web.api.espn.com/apis/common/v3/sports/football/college-football/athletes/13250/stats?region=us&lang=en&contentorigin=espn
13293,Brian Price,,NFL_id,13293,fetch_failed: RuntimeError: fetch_failed after 3 attempts: 404 Client Error: Not Found for url: https://site.web.api.espn.com/apis/common/v3/sports/football/college-football/athletes/13293/stats?region=us&lang=en&contentorigin=espn
13440,Andrew Quarless,,NFL_id,13440,fetch_failed: RuntimeError: fetch_failed after 3 attempts: 404 Client Error: Not Found for url: https://site.web.api.espn.com/apis/common/v3/sports/football/college-football/athletes/13440/stats?region=us&lang=en&contentorigin=espn
13442,David Reed,,NFL_id,13442,fetch_failed: RuntimeError: fetch_failed after 3 attempts: 404 Client Error: Not Found for url: https://site.web.api.espn.com/apis/common/v3/sports/football/college-football/athletes/13442/stats?region=us&lang=en&contentorigin=espn
13443,Perry Riley,,NFL_id,13443,fetch_failed: RuntimeError: fetch_failed after 3 attempts: 404 Client Error: Not Found for url: https://site.web.api.espn.com/apis/common/v3/sports/football/college-football/athletes/13443/stats?region=us&lang=en&contentorigin=espn
13226,Andre Roberts,,NFL_id,13226,fetch_failed: RuntimeError: fetch_failed after 3 attempts: 404 Client Error: Not Found for url: https://site.web.api.espn.com/apis/common/v3/sports/football/college-football/athletes/13226/stats?region=us&lang=en&contentorigin=espn
13238,Patrick Robinson,,NFL_id,13238,fetch_failed: RuntimeError: fetch_failed after 3 attempts: 404 Client Error: Not Found for url: https://site.web.api.espn.com/apis/common/v3/sports/football/college-football/athletes/13238/stats?region=us&lang=en&contentorigin=espn
13294,Rodger Saffold,,NFL_id,13294,fetch_failed: RuntimeError: fetch_failed after 3 attempts: 404 Client Error: Not Found for url: https://site.web.api.espn.com/apis/common/v3/sports/football/college-football/athletes/13294/stats?region=us&lang=en&contentorigin=espn
13295,Emmanuel Sanders,,NFL_id,13295,fetch_failed: RuntimeError: fetch_failed after 3 attempts: 404 Client Error: Not Found for url: https://site.web.api.espn.com/apis/common/v3/sports/football/college-football/athletes/13295/stats?region=us&lang=en&contentorigin=espn
13447,Ricky Sapp,,NFL_id,13447,fetch_failed: RuntimeError: fetch_failed after 3 attempts: 404 Client Error: Not Found for url: https://site.web.api.espn.com/apis/common/v3/sports/football/college-football/athletes/13447/stats?region=us&lang=en&contentorigin=espn
13449,O'Brien Schofield,,NFL_id,13449,fetch_failed: RuntimeError: fetch_failed after 3 attempts: 404 Client Error: Not Found for url: https://site.web.api.espn.com/apis/common/v3/sports/football/college-football/athletes/13449/stats?region=us&lang=en&contentorigin=espn
13452,George Selvie,,NFL_id,13452,fetch_failed: RuntimeError: fetch_failed after 3 attempts: 404 Client Error: Not Found for url: https://site.web.api.espn.com/apis/common/v3/sports/football/college-football/athletes/13452/stats?region=us&lang=en&contentorigin=espn
13453,Darryl Sharpton,,NFL_id,13453,fetch_failed: RuntimeError: fetch_failed after 3 attempts: 404 Client Error: Not Found for url: https://site.web.api.espn.com/apis/common/v3/sports/football/college-football/athletes/13453/stats?region=us&lang=en&contentorigin=espn
13454,Cameron Sheffield,,NFL_id,13454,fetch_failed: RuntimeError: fetch_failed after 3 attempts: 404 Client Error: Not Found for url: https://site.web.api.espn.com/apis/common/v3/sports/football/college-football/athletes/13454/stats?region=us&lang=en&contentorigin=espn
12594,Jordan Shipley,,NFL_id,12594,fetch_failed: RuntimeError: fetch_failed after 3 attempts: 404 Client Error: Not Found for url: https://site.web.api.espn.com/apis/common/v3/sports/football/college-football/athletes/12594/stats?region=us&lang=en&contentorigin=espn
13458,John Skelton,,NFL_id,13458,fetch_failed: RuntimeError: fetch_failed after 3 attempts: 404 Client Error: Not Found for url: https://site.web.api.espn.com/apis/common/v3/sports/football/college-football/athletes/13458/stats?region=us&lang=en&contentorigin=espn
13296,D'Anthony Smith,,NFL_id,13296,fetch_failed: RuntimeError: fetch_failed after 3 attempts: 404 Client Error: Not Found for url: https://site.web.api.espn.com/apis/common/v3/sports/football/college-football/athletes/13296/stats?region=us&lang=en&contentorigin=espn
13297,Amari Spievey,,NFL_id,13297,fetch_failed: RuntimeError: fetch_failed after 3 attempts: 404 Client Error: Not Found for url: https://site.web.api.espn.com/apis/common/v3/sports/football/college-football/athletes/13297/stats?region=us&lang=en&contentorigin=espn
13298,Brandon Spikes,,NFL_id,13298,fetch_failed: RuntimeError: fetch_failed after 3 attempts: 404 Client Error: Not Found for url: https://site.web.api.espn.com/apis/common/v3/sports/football/college-football/athletes/13298/stats?region=us&lang=en&contentorigin=espn
13203,C.J. Spiller,,NFL_id,13203,fetch_failed: RuntimeError: fetch_failed after 3 attempts: 404 Client Error: Not Found for url: https://site.web.api.espn.com/apis/common/v3/sports/football/college-football/athletes/13203/stats?region=us&lang=en&contentorigin=espn
13214,James Starks,,NFL_id,13214,fetch_failed: RuntimeError: fetch_failed after 3 attempts: 404 Client Error: Not Found for url: https://site.web.api.espn.com/apis/common/v3/sports/football/college-football/athletes/13214/stats?region=us&lang=en&contentorigin=espn
13465,Darrell Stuckey,,NFL_id,13465,fetch_failed: RuntimeError: fetch_failed after 3 attempts: 404 Client Error: Not Found for url: https://site.web.api.espn.com/apis/common/v3/sports/football/college-football/athletes/13465/stats?region=us&lang=en&contentorigin=espn
13234,Ndamukong Suh,,NFL_id,13234,fetch_failed: RuntimeError: fetch_failed after 3 attempts: 404 Client Error: Not Found for url: https://site.web.api.espn.com/apis/common/v3/sports/football/college-football/athletes/13234/stats?region=us&lang=en&contentorigin=espn
13466,Stevenson Sylvester,,NFL_id,13466,fetch_failed: RuntimeError: fetch_failed after 3 attempts: 404 Client Error: Not Found for url: https://site.web.api.espn.com/apis/common/v3/sports/football/college-football/athletes/13466/stats?region=us&lang=en&contentorigin=espn
13210,Ben Tate,,NFL_id,13210,fetch_failed: RuntimeError: fetch_failed after 3 attempts: 404 Client Error: Not Found for url: https://site.web.api.espn.com/apis/common/v3/sports/football/college-football/athletes/13210/stats?region=us&lang=en&contentorigin=espn
13217,Golden Tate,,NFL_id,13217,fetch_failed: RuntimeError: fetch_failed after 3 attempts: 404 Client Error: Not Found for url: https://site.web.api.espn.com/apis/common/v3/sports/football/college-football/athletes/13217/stats?region=us&lang=en&contentorigin=espn
13299,Daniel Te'o-Nesheim,,NFL_id,13299,fetch_failed: RuntimeError: fetch_failed after 3 attempts: 404 Client Error: Not Found for url: https://site.web.api.espn.com/apis/common/v3/sports/football/college-football/athletes/13299/stats?region=us&lang=en&contentorigin=espn
13200,Tim Tebow,,NFL_id,13200,fetch_failed: RuntimeError: fetch_failed after 3 attempts: 404 Client Error: Not Found for url: https://site.web.api.espn.com/apis/common/v3/sports/football/college-football/athletes/13200/stats?region=us&lang=en&contentorigin=espn
13470,Cam Thomas,,NFL_id,13470,fetch_failed: RuntimeError: fetch_failed after 3 attempts: 404 Client Error: Not Found for url: https://site.web.api.espn.com/apis/common/v3/sports/football/college-football/athletes/13470/stats?region=us&lang=en&contentorigin=espn
13216,Demaryius Thomas,,NFL_id,13216,fetch_failed: RuntimeError: fetch_failed after 3 attempts: 404 Client Error: Not Found for url: https://site.web.api.espn.com/apis/common/v3/sports/football/college-football/athletes/13216/stats?region=us&lang=en&contentorigin=espn
13251,Earl Thomas,,NFL_id,13251,fetch_failed: RuntimeError: fetch_failed after 3 attempts: 404 Client Error: Not Found for url: https://site.web.api.espn.com/apis/common/v3/sports/football/college-football/athletes/13251/stats?region=us&lang=en&contentorigin=espn
13300,Kevin Thomas,,NFL_id,13300,fetch_failed: RuntimeError: fetch_failed after 3 attempts: 404 Client Error: Not Found for url: https://site.web.api.espn.com/apis/common/v3/sports/football/college-football/athletes/13300/stats?region=us&lang=en&contentorigin=espn
13472,Syd'Quan Thompson,,NFL_id,13472,fetch_failed: RuntimeError: fetch_failed after 3 attempts: 404 Client Error: Not Found for url: https://site.web.api.espn.com/apis/common/v3/sports/football/college-football/athletes/13472/stats?region=us&lang=en&contentorigin=espn
13473,Walter Thurmond,,NFL_id,13473,fetch_failed: RuntimeError: fetch_failed after 3 attempts: 404 Client Error: Not Found for url: https://site.web.api.espn.com/apis/common/v3/sports/football/college-football/athletes/13473/stats?region=us&lang=en&contentorigin=espn
13475,Adrian Tracy,,NFL_id,13475,fetch_failed: RuntimeError: fetch_failed after 3 attempts: 404 Client Error: Not Found for url: https://site.web.api.espn.com/apis/common/v3/sports/football/college-football/athletes/13475/stats?region=us&lang=en&contentorigin=espn
13476,Nate Triplett,,NFL_id,13476,fetch_failed: RuntimeError: fetch_failed after 3 attempts: 404 Client Error: Not Found for url: https://site.web.api.espn.com/apis/common/v3/sports/football/college-football/athletes/13476/stats?region=us&lang=en&contentorigin=espn
13301,Torell Troup,,NFL_id,13301,fetch_failed: RuntimeError: fetch_failed after 3 attempts: 404 Client Error: Not Found for url: https://site.web.api.espn.com/apis/common/v3/sports/football/college-football/athletes/13301/stats?region=us&lang=en&contentorigin=espn
13302,Jared Veldheer,,NFL_id,13302,fetch_failed: RuntimeError: fetch_failed after 3 attempts: 404 Client Error: Not Found for url: https://site.web.api.espn.com/apis/common/v3/sports/football/college-football/athletes/13302/stats?region=us&lang=en&contentorigin=espn
13478,Alterraun Verner,,NFL_id,13478,fetch_failed: RuntimeError: fetch_failed after 3 attempts: 404 Client Error: Not Found for url: https://site.web.api.espn.com/apis/common/v3/sports/football/college-football/athletes/13478/stats?region=us&lang=en&contentorigin=espn
13479,Jamar Wall,,NFL_id,13479,fetch_failed: RuntimeError: fetch_failed after 3 attempts: 404 Client Error: Not Found for url: https://site.web.api.espn.com/apis/common/v3/sports/football/college-football/athletes/13479/stats?region=us&lang=en&contentorigin=espn
13303,J.D. Walton,,NFL_id,13303,fetch_failed: RuntimeError: fetch_failed after 3 attempts: 404 Client Error: Not Found for url: https://site.web.api.espn.com/apis/common/v3/sports/football/college-football/athletes/13303/stats?region=us&lang=en&contentorigin=espn
13304,T.J. Ward,,NFL_id,13304,fetch_failed: RuntimeError: fetch_failed after 3 attempts: 404 Client Error: Not Found for url: https://site.web.api.espn.com/apis/common/v3/sports/football/college-football/athletes/13304/stats?region=us&lang=en&contentorigin=espn
13305,Daryl Washington,,NFL_id,13305,fetch_failed: RuntimeError: fetch_failed after 3 attempts: 404 Client Error: Not Found for url: https://site.web.api.espn.com/apis/common/v3/sports/football/college-football/athletes/13305/stats?region=us&lang=en&contentorigin=espn
13482,Dekoda Watson,,NFL_id,13482,fetch_failed: RuntimeError: fetch_failed after 3 attempts: 404 Client Error: Not Found for url: https://site.web.api.espn.com/apis/common/v3/sports/football/college-football/athletes/13482/stats?region=us&lang=en&contentorigin=espn
13243,Sean Weatherspoon,,NFL_id,13243,fetch_failed: RuntimeError: fetch_failed after 3 attempts: 404 Client Error: Not Found for url: https://site.web.api.espn.com/apis/common/v3/sports/football/college-football/athletes/13243/stats?region=us&lang=en&contentorigin=espn
13219,Damian Williams,,NFL_id,13219,fetch_failed: RuntimeError: fetch_failed after 3 attempts: 404 Client Error: Not Found for url: https://site.web.api.espn.com/apis/common/v3/sports/football/college-football/athletes/13219/stats?region=us&lang=en&contentorigin=espn
13235,Dan Williams,,NFL_id,13235,fetch_failed: RuntimeError: fetch_failed after 3 attempts: 404 Client Error: Not Found for url: https://site.web.api.espn.com/apis/common/v3/sports/football/college-football/athletes/13235/stats?region=us&lang=en&contentorigin=espn
13488,Kyle Williams,,NFL_id,13488,fetch_failed: RuntimeError: fetch_failed after 3 attempts: 404 Client Error: Not Found for url: https://site.web.api.espn.com/apis/common/v3/sports/football/college-football/athletes/13488/stats?region=us&lang=en&contentorigin=espn
13489,Mike Williams,,NFL_id,13489,fetch_failed: RuntimeError: fetch_failed after 3 attempts: 404 Client Error: Not Found for url: https://site.web.api.espn.com/apis/common/v3/sports/football/college-football/athletes/13489/stats?region=us&lang=en&contentorigin=espn
13241,Trent Williams,,NFL_id,13241,fetch_failed: RuntimeError: fetch_failed after 3 attempts: 404 Client Error: Not Found for url: https://site.web.api.espn.com/apis/common/v3/sports/football/college-football/athletes/13241/stats?region=us&lang=en&contentorigin=espn
13491,C.J. Wilson,,NFL_id,13491,fetch_failed: RuntimeError: fetch_failed after 3 attempts: 404 Client Error: Not Found for url: https://site.web.api.espn.com/apis/common/v3/sports/football/college-football/athletes/13491/stats?region=us&lang=en&contentorigin=espn
13492,E.J. Wilson,,NFL_id,13492,fetch_failed: RuntimeError: fetch_failed after 3 attempts: 404 Client Error: Not Found for url: https://site.web.api.espn.com/apis/common/v3/sports/football/college-football/athletes/13492/stats?region=us&lang=en&contentorigin=espn
13237,Kyle Wilson,,NFL_id,13237,fetch_failed: RuntimeError: fetch_failed after 3 attempts: 404 Client Error: Not Found for url: https://site.web.api.espn.com/apis/common/v3/sports/football/college-football/athletes/13237/stats?region=us&lang=en&contentorigin=espn
13493,Al Woods,,NFL_id,13493,fetch_failed: RuntimeError: fetch_failed after 3 attempts: 404 Client Error: Not Found for url: https://site.web.api.espn.com/apis/common/v3/sports/football/college-football/athletes/13493/stats?region=us&lang=en&contentorigin=espn
13494,Corey Wootton,,NFL_id,13494,fetch_failed: RuntimeError: fetch_failed after 3 attempts: 404 Client Error: Not Found for url: https://site.web.api.espn.com/apis/common/v3/sports/football/college-football/athletes/13494/stats?region=us&lang=en&contentorigin=espn
13306,Jason Worilds,,NFL_id,13306,fetch_failed: RuntimeError: fetch_failed after 3 attempts: 404 Client Error: Not Found for url: https://site.web.api.espn.com/apis/common/v3/sports/football/college-football/athletes/13306/stats?region=us&lang=en&contentorigin=espn
13495,Doug Worthington,,NFL_id,13495,fetch_failed: RuntimeError: fetch_failed after 3 attempts: 404 Client Error: Not Found for url: https://site.web.api.espn.com/apis/common/v3/sports/football/college-football/athletes/13495/stats?region=us&lang=en&contentorigin=espn
13307,Major Wright,,NFL_id,13307,fetch_failed: RuntimeError: fetch_failed after 3 attempts: 404 Client Error: Not Found for url: https://site.web.api.espn.com/apis/common/v3/sports/football/college-football/athletes/13307/stats?region=us&lang=en&contentorigin=espn
13497,Willie Young,,NFL_id,13497,fetch_failed: RuntimeError: fetch_failed after 3 attempts: 404 Client Error: Not Found for url: https://site.web.api.espn.com/apis/common/v3/sports/football/college-football/athletes/13497/stats?region=us&lang=en&contentorigin=espn
14152,Sam Acho,,NFL_id,14152,fetch_failed: RuntimeError: fetch_failed after 3 attempts: 404 Client Error: Not Found for url: https://site.web.api.espn.com/apis/common/v3/sports/football/college-football/athletes/14152/stats?region=us&lang=en&contentorigin=espn
14212,Anthony Allen,,NFL_id,14212,fetch_failed: RuntimeError: fetch_failed after 3 attempts: 404 Client Error: Not Found for url: https://site.web.api.espn.com/apis/common/v3/sports/football/college-football/athletes/14212/stats?region=us&lang=en&contentorigin=espn
14109,Cortez Allen,,NFL_id,14109,fetch_failed: RuntimeError: fetch_failed after 3 attempts: 404 Client Error: Not Found for url: https://site.web.api.espn.com/apis/common/v3/sports/football/college-football/athletes/14109/stats?region=us&lang=en&contentorigin=espn
13975,Prince Amukamara,,NFL_id,13975,fetch_failed: RuntimeError: fetch_failed after 3 attempts: 404 Client Error: Not Found for url: https://site.web.api.espn.com/apis/common/v3/sports/football/college-football/athletes/13975/stats?region=us&lang=en&contentorigin=espn
14025,Marvin Austin,,NFL_id,14025,fetch_failed: RuntimeError: fetch_failed after 3 attempts: 404 Client Error: Not Found for url: https://site.web.api.espn.com/apis/common/v3/sports/football/college-football/athletes/14025/stats?region=us&lang=en&contentorigin=espn
14015,Akeem Ayers,,NFL_id,14015,fetch_failed: RuntimeError: fetch_failed after 3 attempts: 404 Client Error: Not Found for url: https://site.web.api.espn.com/apis/common/v3/sports/football/college-football/athletes/14015/stats?region=us&lang=en&contentorigin=espn
14020,Allen Bailey,,NFL_id,14020,fetch_failed: RuntimeError: fetch_failed after 3 attempts: 404 Client Error: Not Found for url: https://site.web.api.espn.com/apis/common/v3/sports/football/college-football/athletes/14020/stats?region=us&lang=en&contentorigin=espn
14125,Christian Ballard,,NFL_id,14125,fetch_failed: RuntimeError: fetch_failed after 3 attempts: 404 Client Error: Not Found for url: https://site.web.api.espn.com/apis/common/v3/sports/football/college-football/athletes/14125/stats?region=us&lang=en&contentorigin=espn
14030,Joe Barksdale,,NFL_id,14030,fetch_failed: RuntimeError: fetch_failed after 3 attempts: 404 Client Error: Not Found for url: https://site.web.api.espn.com/apis/common/v3/sports/football/college-football/athletes/14030/stats?region=us&lang=en&contentorigin=espn
14146,Ahmad Black,,NFL_id,14146,fetch_failed: RuntimeError: fetch_failed after 3 attempts: 404 Client Error: Not Found for url: https://site.web.api.espn.com/apis/common/v3/sports/football/college-football/athletes/14146/stats?region=us&lang=en&contentorigin=espn
14178,Clint Boling,,NFL_id,14178,fetch_failed: RuntimeError: fetch_failed after 3 attempts: 404 Client Error: Not Found for url: https://site.web.api.espn.com/apis/common/v3/sports/football/college-football/athletes/14178/stats?region=us&lang=en&contentorigin=espn
14073,Matt Bosher,,NFL_id,14073,fetch_failed: RuntimeError: fetch_failed after 3 attempts: 404 Client Error: Not Found for url: https://site.web.api.espn.com/apis/common/v3/sports/football/college-football/athletes/14073/stats?region=us&lang=en&contentorigin=espn
14046,Da'Quan Bowers,,NFL_id,14046,fetch_failed: RuntimeError: fetch_failed after 3 attempts: 404 Client Error: Not Found for url: https://site.web.api.espn.com/apis/common/v3/sports/football/college-football/athletes/14046/stats?region=us&lang=en&contentorigin=espn
14103,Allen Bradford,,NFL_id,14103,fetch_failed: RuntimeError: fetch_failed after 3 attempts: 404 Client Error: Not Found for url: https://site.web.api.espn.com/apis/common/v3/sports/football/college-football/athletes/14103/stats?region=us&lang=en&contentorigin=espn
14113,Chykie Brown,,NFL_id,14113,fetch_failed: RuntimeError: fetch_failed after 3 attempts: 404 Client Error: Not Found for url: https://site.web.api.espn.com/apis/common/v3/sports/football/college-football/athletes/14113/stats?region=us&lang=en&contentorigin=espn
14033,Curtis Brown,,NFL_id,14033,fetch_failed: RuntimeError: fetch_failed after 3 attempts: 404 Client Error: Not Found for url: https://site.web.api.espn.com/apis/common/v3/sports/football/college-football/athletes/14033/stats?region=us&lang=en&contentorigin=espn
14066,Jalil Brown,,NFL_id,14066,fetch_failed: RuntimeError: fetch_failed after 3 attempts: 404 Client Error: Not Found for url: https://site.web.api.espn.com/apis/common/v3/sports/football/college-football/athletes/14066/stats?region=us&lang=en&contentorigin=espn
14027,Vincent Brown,,NFL_id,14027,fetch_failed: RuntimeError: fetch_failed after 3 attempts: 404 Client Error: Not Found for url: https://site.web.api.espn.com/apis/common/v3/sports/football/college-football/athletes/14027/stats?region=us&lang=en&contentorigin=espn
14132,Brandon Burton,,NFL_id,14132,fetch_failed: RuntimeError: fetch_failed after 3 attempts: 404 Client Error: Not Found for url: https://site.web.api.espn.com/apis/common/v3/sports/football/college-football/athletes/14132/stats?region=us&lang=en&contentorigin=espn
14210,Stephen Burton,,NFL_id,14210,fetch_failed: RuntimeError: fetch_failed after 3 attempts: 404 Client Error: Not Found for url: https://site.web.api.espn.com/apis/common/v3/sports/football/college-football/athletes/14210/stats?region=us&lang=en&contentorigin=espn
14189,Jordan Cameron,,NFL_id,14189,fetch_failed: RuntimeError: fetch_failed after 3 attempts: 404 Client Error: Not Found for url: https://site.web.api.espn.com/apis/common/v3/sports/football/college-football/athletes/14189/stats?region=us&lang=en&contentorigin=espn
14116,Marcus Cannon,,NFL_id,14116,fetch_failed: RuntimeError: fetch_failed after 3 attempts: 404 Client Error: Not Found for url: https://site.web.api.espn.com/apis/common/v3/sports/football/college-football/athletes/14116/stats?region=us&lang=en&contentorigin=espn
13967,Gabe Carimi,,NFL_id,13967,fetch_failed: RuntimeError: fetch_failed after 3 attempts: 404 Client Error: Not Found for url: https://site.web.api.espn.com/apis/common/v3/sports/football/college-football/athletes/13967/stats?region=us&lang=en&contentorigin=espn
14118,Roc Carmichael,,NFL_id,14118,fetch_failed: RuntimeError: fetch_failed after 3 attempts: 404 Client Error: Not Found for url: https://site.web.api.espn.com/apis/common/v3/sports/football/college-football/athletes/14118/stats?region=us&lang=en&contentorigin=espn
13993,James Carpenter,,NFL_id,13993,fetch_failed: RuntimeError: fetch_failed after 3 attempts: 404 Client Error: Not Found for url: https://site.web.api.espn.com/apis/common/v3/sports/football/college-football/athletes/13993/stats?region=us&lang=en&contentorigin=espn
14026,Bruce Carter,,NFL_id,14026,fetch_failed: RuntimeError: fetch_failed after 3 attempts: 404 Client Error: Not Found for url: https://site.web.api.espn.com/apis/common/v3/sports/football/college-football/athletes/14026/stats?region=us&lang=en&contentorigin=espn
14174,Chris Carter,,NFL_id,14174,fetch_failed: RuntimeError: fetch_failed after 3 attempts: 404 Client Error: Not Found for url: https://site.web.api.espn.com/apis/common/v3/sports/football/college-football/athletes/14174/stats?region=us&lang=en&contentorigin=espn
14077,Delone Carter,,NFL_id,14077,fetch_failed: RuntimeError: fetch_failed after 3 attempts: 404 Client Error: Not Found for url: https://site.web.api.espn.com/apis/common/v3/sports/football/college-football/athletes/14077/stats?region=us&lang=en&contentorigin=espn
14091,Quinton Carter,,NFL_id,14091,fetch_failed: RuntimeError: fetch_failed after 3 attempts: 404 Client Error: Not Found for url: https://site.web.api.espn.com/apis/common/v3/sports/football/college-football/athletes/14091/stats?region=us&lang=en&contentorigin=espn
14047,Jurrell Casey,,NFL_id,14047,fetch_failed: RuntimeError: fetch_failed after 3 attempts: 404 Client Error: Not Found for url: https://site.web.api.espn.com/apis/common/v3/sports/football/college-football/athletes/14047/stats?region=us&lang=en&contentorigin=espn
13970,Anthony Castonzo,,NFL_id,13970,fetch_failed: RuntimeError: fetch_failed after 3 attempts: 404 Client Error: Not Found for url: https://site.web.api.espn.com/apis/common/v3/sports/football/college-football/athletes/13970/stats?region=us&lang=en&contentorigin=espn
14094,Shaun Chapas,,NFL_id,14094,fetch_failed: RuntimeError: fetch_failed after 3 attempts: 404 Client Error: Not Found for url: https://site.web.api.espn.com/apis/common/v3/sports/football/college-football/athletes/14094/stats?region=us&lang=en&contentorigin=espn
14107,Chimdi Chekwa,,NFL_id,14107,fetch_failed: RuntimeError: fetch_failed after 3 attempts: 404 Client Error: Not Found for url: https://site.web.api.espn.com/apis/common/v3/sports/football/college-football/athletes/14107/stats?region=us&lang=en&contentorigin=espn
14145,Charles Clay,,NFL_id,14145,fetch_failed: RuntimeError: fetch_failed after 3 attempts: 404 Client Error: Not Found for url: https://site.web.api.espn.com/apis/common/v3/sports/football/college-football/athletes/14145/stats?region=us&lang=en&contentorigin=espn
13965,Adrian Clayborn,,NFL_id,13965,fetch_failed: RuntimeError: fetch_failed after 3 attempts: 404 Client Error: Not Found for url: https://site.web.api.espn.com/apis/common/v3/sports/football/college-football/athletes/13965/stats?region=us&lang=en&contentorigin=espn
14053,Randall Cobb,,NFL_id,14053,fetch_failed: RuntimeError: fetch_failed after 3 attempts: 404 Client Error: Not Found for url: https://site.web.api.espn.com/apis/common/v3/sports/football/college-football/athletes/14053/stats?region=us&lang=en&contentorigin=espn
14016,Chris Conte,,NFL_id,14016,fetch_failed: RuntimeError: fetch_failed after 3 attempts: 404 Client Error: Not Found for url: https://site.web.api.espn.com/apis/common/v3/sports/football/college-football/athletes/14016/stats?region=us&lang=en&contentorigin=espn
14044,Chris Culliver,,NFL_id,14044,fetch_failed: RuntimeError: fetch_failed after 3 attempts: 404 Client Error: Not Found for url: https://site.web.api.espn.com/apis/common/v3/sports/football/college-football/athletes/14044/stats?region=us&lang=en&contentorigin=espn
14012,Andy Dalton,,NFL_id,14012,fetch_failed: RuntimeError: fetch_failed after 3 attempts: 404 Client Error: Not Found for url: https://site.web.api.espn.com/apis/common/v3/sports/football/college-football/athletes/14012/stats?region=us&lang=en&contentorigin=espn
13992,Marcell Dareus,,NFL_id,13992,fetch_failed: RuntimeError: fetch_failed after 3 attempts: 404 Client Error: Not Found for url: https://site.web.api.espn.com/apis/common/v3/sports/football/college-football/athletes/13992/stats?region=us&lang=en&contentorigin=espn
14006,Akeem Dent,,NFL_id,14006,fetch_failed: RuntimeError: fetch_failed after 3 attempts: 404 Client Error: Not Found for url: https://site.web.api.espn.com/apis/common/v3/sports/football/college-football/athletes/14006/stats?region=us&lang=en&contentorigin=espn
14190,Tandon Doss,,NFL_id,14190,fetch_failed: RuntimeError: fetch_failed after 3 attempts: 404 Client Error: Not Found for url: https://site.web.api.espn.com/apis/common/v3/sports/football/college-football/athletes/14190/stats?region=us&lang=en&contentorigin=espn
14038,Ras-I Dowling,,NFL_id,14038,fetch_failed: RuntimeError: fetch_failed after 3 attempts: 404 Client Error: Not Found for url: https://site.web.api.espn.com/apis/common/v3/sports/football/college-football/athletes/14038/stats?region=us&lang=en&contentorigin=espn
14022,Demarcus Van Dyke,,NFL_id,14022,fetch_failed: RuntimeError: fetch_failed after 3 attempts: 404 Client Error: Not Found for url: https://site.web.api.espn.com/apis/common/v3/sports/football/college-football/athletes/14022/stats?region=us&lang=en&contentorigin=espn
14057,Kenrick Ellis,,NFL_id,14057,fetch_failed: RuntimeError: fetch_failed after 3 attempts: 404 Client Error: Not Found for url: https://site.web.api.espn.com/apis/common/v3/sports/football/college-football/athletes/14057/stats?region=us&lang=en&contentorigin=espn
13990,Nick Fairley,,NFL_id,13990,fetch_failed: RuntimeError: fetch_failed after 3 attempts: 404 Client Error: Not Found for url: https://site.web.api.espn.com/apis/common/v3/sports/football/college-football/athletes/13990/stats?region=us&lang=en&contentorigin=espn
14023,Mason Foster,,NFL_id,14023,fetch_failed: RuntimeError: fetch_failed after 3 attempts: 404 Client Error: Not Found for url: https://site.web.api.espn.com/apis/common/v3/sports/football/college-football/athletes/14023/stats?region=us&lang=en&contentorigin=espn
13996,Orlando Franklin,,NFL_id,13996,fetch_failed: RuntimeError: fetch_failed after 3 attempts: 404 Client Error: Not Found for url: https://site.web.api.espn.com/apis/common/v3/sports/football/college-football/athletes/13996/stats?region=us&lang=en&contentorigin=espn
14003,Sione Fua,,NFL_id,14003,fetch_failed: RuntimeError: fetch_failed after 3 attempts: 404 Client Error: Not Found for url: https://site.web.api.espn.com/apis/common/v3/sports/football/college-football/athletes/14003/stats?region=us&lang=en&contentorigin=espn
13987,Blaine Gabbert,,NFL_id,13987,fetch_failed: RuntimeError: fetch_failed after 3 attempts: 404 Client Error: Not Found for url: https://site.web.api.espn.com/apis/common/v3/sports/football/college-football/athletes/13987/stats?region=us&lang=en&contentorigin=espn
14209,Clyde Gates,,NFL_id,14209,fetch_failed: RuntimeError: fetch_failed after 3 attempts: 404 Client Error: Not Found for url: https://site.web.api.espn.com/apis/common/v3/sports/football/college-football/athletes/14209/stats?region=us&lang=en&contentorigin=espn
13998,Marcus Gilbert,,NFL_id,13998,fetch_failed: RuntimeError: fetch_failed after 3 attempts: 404 Client Error: Not Found for url: https://site.web.api.espn.com/apis/common/v3/sports/football/college-football/athletes/13998/stats?region=us&lang=en&contentorigin=espn
14018,Marcus Gilchrist,,NFL_id,14018,fetch_failed: RuntimeError: fetch_failed after 3 attempts: 404 Client Error: Not Found for url: https://site.web.api.espn.com/apis/common/v3/sports/football/college-football/athletes/14018/stats?region=us&lang=en&contentorigin=espn
14200,DeJon Gomes,,NFL_id,14200,fetch_failed: RuntimeError: fetch_failed after 3 attempts: 404 Client Error: Not Found for url: https://site.web.api.espn.com/apis/common/v3/sports/football/college-football/athletes/14200/stats?region=us&lang=en&contentorigin=espn
13983,A.J. Green,,NFL_id,13983,fetch_failed: RuntimeError: fetch_failed after 3 attempts: 404 Client Error: Not Found for url: https://site.web.api.espn.com/apis/common/v3/sports/football/college-football/athletes/13983/stats?region=us&lang=en&contentorigin=espn
14055,Alex Green,,NFL_id,14055,fetch_failed: RuntimeError: fetch_failed after 3 attempts: 404 Client Error: Not Found for url: https://site.web.api.espn.com/apis/common/v3/sports/football/college-football/athletes/14055/stats?region=us&lang=en&contentorigin=espn
14085,Virgil Green,,NFL_id,14085,fetch_failed: RuntimeError: fetch_failed after 3 attempts: 404 Client Error: Not Found for url: https://site.web.api.espn.com/apis/common/v3/sports/football/college-football/athletes/14085/stats?region=us&lang=en&contentorigin=espn
14185,Lawrence Guy,,NFL_id,14185,fetch_failed: RuntimeError: fetch_failed after 3 attempts: 404 Client Error: Not Found for url: https://site.web.api.espn.com/apis/common/v3/sports/football/college-football/athletes/14185/stats?region=us&lang=en&contentorigin=espn
14154,Eric Hagg,,NFL_id,14154,fetch_failed: RuntimeError: fetch_failed after 3 attempts: 404 Client Error: Not Found for url: https://site.web.api.espn.com/apis/common/v3/sports/football/college-football/athletes/14154/stats?region=us&lang=en&contentorigin=espn
14134,Chris Hairston,,NFL_id,14134,fetch_failed: RuntimeError: fetch_failed after 3 attempts: 404 Client Error: Not Found for url: https://site.web.api.espn.com/apis/common/v3/sports/football/college-football/athletes/14134/stats?region=us&lang=en&contentorigin=espn
14021,Leonard Hankerson,,NFL_id,14021,fetch_failed: RuntimeError: fetch_failed after 3 attempts: 404 Client Error: Not Found for url: https://site.web.api.espn.com/apis/common/v3/sports/football/college-football/athletes/14021/stats?region=us&lang=en&contentorigin=espn
14188,Jamie Harper,,NFL_id,14188,fetch_failed: RuntimeError: fetch_failed after 3 attempts: 404 Client Error: Not Found for url: https://site.web.api.espn.com/apis/common/v3/sports/football/college-football/athletes/14188/stats?region=us&lang=en&contentorigin=espn
10587,Brandon Harris,,NFL_id,10587,fetch_failed: RuntimeError: fetch_failed after 3 attempts: 404 Client Error: Not Found for url: https://site.web.api.espn.com/apis/common/v3/sports/football/college-football/athletes/10587/stats?region=us&lang=en&contentorigin=espn
14100,Dwayne Harris,,NFL_id,14100,fetch_failed: RuntimeError: fetch_failed after 3 attempts: 404 Client Error: Not Found for url: https://site.web.api.espn.com/apis/common/v3/sports/football/college-football/athletes/14100/stats?region=us&lang=en&contentorigin=espn
14104,Stanley Havili,,NFL_id,14104,fetch_failed: RuntimeError: fetch_failed after 3 attempts: 404 Client Error: Not Found for url: https://site.web.api.espn.com/apis/common/v3/sports/football/college-football/athletes/14104/stats?region=us&lang=en&contentorigin=espn
14192,Roy Helu,,NFL_id,14192,fetch_failed: RuntimeError: fetch_failed after 3 attempts: 404 Client Error: Not Found for url: https://site.web.api.espn.com/apis/common/v3/sports/football/college-football/athletes/14192/stats?region=us&lang=en&contentorigin=espn
14123,Alex Henery,,NFL_id,14123,fetch_failed: RuntimeError: fetch_failed after 3 attempts: 404 Client Error: Not Found for url: https://site.web.api.espn.com/apis/common/v3/sports/football/college-football/athletes/14123/stats?region=us&lang=en&contentorigin=espn
13977,Cameron Heyward,,NFL_id,13977,fetch_failed: RuntimeError: fetch_failed after 3 attempts: 404 Client Error: Not Found for url: https://site.web.api.espn.com/apis/common/v3/sports/football/college-football/athletes/13977/stats?region=us&lang=en&contentorigin=espn
14183,Jermale Hines,,NFL_id,14183,fetch_failed: RuntimeError: fetch_failed after 3 attempts: 404 Client Error: Not Found for url: https://site.web.api.espn.com/apis/common/v3/sports/football/college-football/athletes/14183/stats?region=us&lang=en&contentorigin=espn
14137,Brandon Hogan,,NFL_id,14137,fetch_failed: RuntimeError: fetch_failed after 3 attempts: 404 Client Error: Not Found for url: https://site.web.api.espn.com/apis/common/v3/sports/football/college-football/athletes/14137/stats?region=us&lang=en&contentorigin=espn
14149,Doug Hogue,,NFL_id,14149,fetch_failed: RuntimeError: fetch_failed after 3 attempts: 404 Client Error: Not Found for url: https://site.web.api.espn.com/apis/common/v3/sports/football/college-football/athletes/14149/stats?region=us&lang=en&contentorigin=espn
14157,Davon House,,NFL_id,14157,fetch_failed: RuntimeError: fetch_failed after 3 attempts: 404 Client Error: Not Found for url: https://site.web.api.espn.com/apis/common/v3/sports/football/college-football/athletes/14157/stats?region=us&lang=en&contentorigin=espn
14009,Rob Housler,,NFL_id,14009,fetch_failed: RuntimeError: fetch_failed after 3 attempts: 404 Client Error: Not Found for url: https://site.web.api.espn.com/apis/common/v3/sports/football/college-football/athletes/14009/stats?region=us&lang=en&contentorigin=espn
14048,Justin Houston,,NFL_id,14048,fetch_failed: RuntimeError: fetch_failed after 3 attempts: 404 Client Error: Not Found for url: https://site.web.api.espn.com/apis/common/v3/sports/football/college-football/athletes/14048/stats?region=us&lang=en&contentorigin=espn
14013,Rodney Hudson,,NFL_id,14013,fetch_failed: RuntimeError: fetch_failed after 3 attempts: 404 Client Error: Not Found for url: https://site.web.api.espn.com/apis/common/v3/sports/football/college-football/athletes/14013/stats?region=us&lang=en&contentorigin=espn
14159,Kendall Hunter,,NFL_id,14159,fetch_failed: RuntimeError: fetch_failed after 3 attempts: 404 Client Error: Not Found for url: https://site.web.api.espn.com/apis/common/v3/sports/football/college-football/athletes/14159/stats?region=us&lang=en&contentorigin=espn
14078,Maurice Hurt,,NFL_id,14078,fetch_failed: RuntimeError: fetch_failed after 3 attempts: 404 Client Error: Not Found for url: https://site.web.api.espn.com/apis/common/v3/sports/football/college-football/athletes/14078/stats?region=us&lang=en&contentorigin=espn
13981,Mark Ingram,,NFL_id,13981,fetch_failed: RuntimeError: fetch_failed after 3 attempts: 404 Client Error: Not Found for url: https://site.web.api.espn.com/apis/common/v3/sports/football/college-football/athletes/13981/stats?region=us&lang=en&contentorigin=espn
14004,Nate Irving,,NFL_id,14004,fetch_failed: RuntimeError: fetch_failed after 3 attempts: 404 Client Error: Not Found for url: https://site.web.api.espn.com/apis/common/v3/sports/football/college-football/athletes/14004/stats?region=us&lang=en&contentorigin=espn
16931,Andrew Jackson,,NFL_id,16931,fetch_failed: RuntimeError: fetch_failed after 3 attempts: 404 Client Error: Not Found for url: https://site.web.api.espn.com/apis/common/v3/sports/football/college-football/athletes/16931/stats?region=us&lang=en&contentorigin=espn
14043,Jaiquawn Jarrett,,NFL_id,14043,fetch_failed: RuntimeError: fetch_failed after 3 attempts: 404 Client Error: Not Found for url: https://site.web.api.espn.com/apis/common/v3/sports/football/college-football/athletes/14043/stats?region=us&lang=en&contentorigin=espn
14019,Jarvis Jenkins,,NFL_id,14019,fetch_failed: RuntimeError: fetch_failed after 3 attempts: 404 Client Error: Not Found for url: https://site.web.api.espn.com/apis/common/v3/sports/football/college-football/athletes/14019/stats?region=us&lang=en&contentorigin=espn
14040,Jerrel Jernigan,,NFL_id,14040,fetch_failed: RuntimeError: fetch_failed after 3 attempts: 404 Client Error: Not Found for url: https://site.web.api.espn.com/apis/common/v3/sports/football/college-football/athletes/14040/stats?region=us&lang=en&contentorigin=espn
14172,Greg Jones,,NFL_id,14172,fetch_failed: RuntimeError: fetch_failed after 3 attempts: 404 Client Error: Not Found for url: https://site.web.api.espn.com/apis/common/v3/sports/football/college-football/athletes/14172/stats?region=us&lang=en&contentorigin=espn
13982,Julio Jones,,NFL_id,13982,fetch_failed: RuntimeError: fetch_failed after 3 attempts: 404 Client Error: Not Found for url: https://site.web.api.espn.com/apis/common/v3/sports/football/college-football/athletes/13982/stats?region=us&lang=en&contentorigin=espn
14167,Taiwan Jones,,NFL_id,14167,fetch_failed: RuntimeError: fetch_failed after 3 attempts: 404 Client Error: Not Found for url: https://site.web.api.espn.com/apis/common/v3/sports/football/college-football/athletes/14167/stats?region=us&lang=en&contentorigin=espn
13971,Cameron Jordan,,NFL_id,13971,fetch_failed: RuntimeError: fetch_failed after 3 attempts: 404 Client Error: Not Found for url: https://site.web.api.espn.com/apis/common/v3/sports/football/college-football/athletes/13971/stats?region=us&lang=en&contentorigin=espn
14001,Colin Kaepernick,,NFL_id,14001,fetch_failed: RuntimeError: fetch_failed after 3 attempts: 404 Client Error: Not Found for url: https://site.web.api.espn.com/apis/common/v3/sports/football/college-football/athletes/14001/stats?region=us&lang=en&contentorigin=espn
14124,Jason Kelce,,NFL_id,14124,fetch_failed: RuntimeError: fetch_failed after 3 attempts: 404 Client Error: Not Found for url: https://site.web.api.espn.com/apis/common/v3/sports/football/college-football/athletes/14124/stats?region=us&lang=en&contentorigin=espn
14007,Lance Kendricks,,NFL_id,14007,fetch_failed: RuntimeError: fetch_failed after 3 attempts: 404 Client Error: Not Found for url: https://site.web.api.espn.com/apis/common/v3/sports/football/college-football/athletes/14007/stats?region=us&lang=en&contentorigin=espn
14122,Shiloh Keo,,NFL_id,14122,fetch_failed: RuntimeError: fetch_failed after 3 attempts: 404 Client Error: Not Found for url: https://site.web.api.espn.com/apis/common/v3/sports/football/college-football/athletes/14122/stats?region=us&lang=en&contentorigin=espn
14151,Jeremy Kerley,,NFL_id,14151,fetch_failed: RuntimeError: fetch_failed after 3 attempts: 404 Client Error: Not Found for url: https://site.web.api.espn.com/apis/common/v3/sports/football/college-football/athletes/14151/stats?region=us&lang=en&contentorigin=espn
13973,Ryan Kerrigan,,NFL_id,13973,fetch_failed: RuntimeError: fetch_failed after 3 attempts: 404 Client Error: Not Found for url: https://site.web.api.espn.com/apis/common/v3/sports/football/college-football/athletes/13973/stats?region=us&lang=en&contentorigin=espn
14110,Daniel Kilgore,,NFL_id,14110,fetch_failed: RuntimeError: fetch_failed after 3 attempts: 404 Client Error: Not Found for url: https://site.web.api.espn.com/apis/common/v3/sports/football/college-football/athletes/14110/stats?region=us&lang=en&contentorigin=espn
14079,Karl Klug,,NFL_id,14079,fetch_failed: RuntimeError: fetch_failed after 3 attempts: 404 Client Error: Not Found for url: https://site.web.api.espn.com/apis/common/v3/sports/football/college-football/athletes/14079/stats?region=us&lang=en&contentorigin=espn
14052,Mikel Leshoure,,NFL_id,14052,fetch_failed: RuntimeError: fetch_failed after 3 attempts: 404 Client Error: Not Found for url: https://site.web.api.espn.com/apis/common/v3/sports/football/college-football/athletes/14052/stats?region=us&lang=en&contentorigin=espn
14198,Dion Lewis,,NFL_id,14198,fetch_failed: RuntimeError: fetch_failed after 3 attempts: 404 Client Error: Not Found for url: https://site.web.api.espn.com/apis/common/v3/sports/football/college-football/athletes/14198/stats?region=us&lang=en&contentorigin=espn
14024,Greg Little,,NFL_id,14024,fetch_failed: RuntimeError: fetch_failed after 3 attempts: 404 Client Error: Not Found for url: https://site.web.api.espn.com/apis/common/v3/sports/football/college-football/athletes/14024/stats?region=us&lang=en&contentorigin=espn
13989,Corey Liuget,,NFL_id,13989,fetch_failed: RuntimeError: fetch_failed after 3 attempts: 404 Client Error: Not Found for url: https://site.web.api.espn.com/apis/common/v3/sports/football/college-football/athletes/13989/stats?region=us&lang=en&contentorigin=espn
13969,Jake Locker,,NFL_id,13969,fetch_failed: RuntimeError: fetch_failed after 3 attempts: 404 Client Error: Not Found for url: https://site.web.api.espn.com/apis/common/v3/sports/football/college-football/athletes/13969/stats?region=us&lang=en&contentorigin=espn
14037,Ryan Mallett,,NFL_id,14037,fetch_failed: RuntimeError: fetch_failed after 3 attempts: 404 Client Error: Not Found for url: https://site.web.api.espn.com/apis/common/v3/sports/football/college-football/athletes/14037/stats?region=us&lang=en&contentorigin=espn
14130,Owen Marecic,,NFL_id,14130,fetch_failed: RuntimeError: fetch_failed after 3 attempts: 404 Client Error: Not Found for url: https://site.web.api.espn.com/apis/common/v3/sports/football/college-football/athletes/14130/stats?region=us&lang=en&contentorigin=espn
14031,Curtis Marsh,,NFL_id,14031,fetch_failed: RuntimeError: fetch_failed after 3 attempts: 404 Client Error: Not Found for url: https://site.web.api.espn.com/apis/common/v3/sports/football/college-football/athletes/14031/stats?region=us&lang=en&contentorigin=espn
14181,Casey Matthews,,NFL_id,14181,fetch_failed: RuntimeError: fetch_failed after 3 attempts: 404 Client Error: Not Found for url: https://site.web.api.espn.com/apis/common/v3/sports/football/college-football/athletes/14181/stats?region=us&lang=en&contentorigin=espn
14182,Cliff Matthews,,NFL_id,14182,fetch_failed: RuntimeError: fetch_failed after 3 attempts: 404 Client Error: Not Found for url: https://site.web.api.espn.com/apis/common/v3/sports/football/college-football/athletes/14182/stats?region=us&lang=en&contentorigin=espn
14133,Byron Maxwell,,NFL_id,14133,fetch_failed: RuntimeError: fetch_failed after 3 attempts: 404 Client Error: Not Found for url: https://site.web.api.espn.com/apis/common/v3/sports/football/college-football/athletes/14133/stats?region=us&lang=en&contentorigin=espn
14074,Colin McCarthy,,NFL_id,14074,fetch_failed: RuntimeError: fetch_failed after 3 attempts: 404 Client Error: Not Found for url: https://site.web.api.espn.com/apis/common/v3/sports/football/college-football/athletes/14074/stats?region=us&lang=en&contentorigin=espn
14014,Terrell McClain,,NFL_id,14014,fetch_failed: RuntimeError: fetch_failed after 3 attempts: 404 Client Error: Not Found for url: https://site.web.api.espn.com/apis/common/v3/sports/football/college-football/athletes/14014/stats?region=us&lang=en&contentorigin=espn
14101,Greg McElroy,,NFL_id,14101,fetch_failed: RuntimeError: fetch_failed after 3 attempts: 404 Client Error: Not Found for url: https://site.web.api.espn.com/apis/common/v3/sports/football/college-football/athletes/14101/stats?region=us&lang=en&contentorigin=espn
14202,Pernell McPhee,,NFL_id,14202,fetch_failed: RuntimeError: fetch_failed after 3 attempts: 404 Client Error: Not Found for url: https://site.web.api.espn.com/apis/common/v3/sports/football/college-football/athletes/14202/stats?region=us&lang=en&contentorigin=espn
14083,Bruce Miller,,NFL_id,14083,fetch_failed: RuntimeError: fetch_failed after 3 attempts: 404 Client Error: Not Found for url: https://site.web.api.espn.com/apis/common/v3/sports/football/college-football/athletes/14083/stats?region=us&lang=en&contentorigin=espn
13976,Von Miller,,NFL_id,13976,fetch_failed: RuntimeError: fetch_failed after 3 attempts: 404 Client Error: Not Found for url: https://site.web.api.espn.com/apis/common/v3/sports/football/college-football/athletes/13976/stats?region=us&lang=en&contentorigin=espn
14002,Dontay Moch,,NFL_id,14002,fetch_failed: RuntimeError: fetch_failed after 3 attempts: 404 Client Error: Not Found for url: https://site.web.api.espn.com/apis/common/v3/sports/football/college-football/athletes/14002/stats?region=us&lang=en&contentorigin=espn
14097,Mike Mohamed,,NFL_id,14097,fetch_failed: RuntimeError: fetch_failed after 3 attempts: 404 Client Error: Not Found for url: https://site.web.api.espn.com/apis/common/v3/sports/football/college-football/athletes/14097/stats?region=us&lang=en&contentorigin=espn
14153,Denarius Moore,,NFL_id,14153,fetch_failed: RuntimeError: fetch_failed after 3 attempts: 404 Client Error: Not Found for url: https://site.web.api.espn.com/apis/common/v3/sports/football/college-football/athletes/14153/stats?region=us&lang=en&contentorigin=espn
14050,Rahim Moore,,NFL_id,14050,fetch_failed: RuntimeError: fetch_failed after 3 attempts: 404 Client Error: Not Found for url: https://site.web.api.espn.com/apis/common/v3/sports/football/college-football/athletes/14050/stats?region=us&lang=en&contentorigin=espn
14000,Jonas Mouton,,NFL_id,14000,fetch_failed: RuntimeError: fetch_failed after 3 attempts: 404 Client Error: Not Found for url: https://site.web.api.espn.com/apis/common/v3/sports/football/college-football/athletes/14000/stats?region=us&lang=en&contentorigin=espn
14005,DeMarco Murray,,NFL_id,14005,fetch_failed: RuntimeError: fetch_failed after 3 attempts: 404 Client Error: Not Found for url: https://site.web.api.espn.com/apis/common/v3/sports/football/college-football/athletes/14005/stats?region=us&lang=en&contentorigin=espn
14067,Chris Neild,,NFL_id,14067,fetch_failed: RuntimeError: fetch_failed after 3 attempts: 404 Client Error: Not Found for url: https://site.web.api.espn.com/apis/common/v3/sports/football/college-football/athletes/14067/stats?region=us&lang=en&contentorigin=espn
14029,Drake Nevis,,NFL_id,14029,fetch_failed: RuntimeError: fetch_failed after 3 attempts: 404 Client Error: Not Found for url: https://site.web.api.espn.com/apis/common/v3/sports/football/college-football/athletes/14029/stats?region=us&lang=en&contentorigin=espn
13994,Cam Newton,,NFL_id,13994,fetch_failed: RuntimeError: fetch_failed after 3 attempts: 404 Client Error: Not Found for url: https://site.web.api.espn.com/apis/common/v3/sports/football/college-football/athletes/13994/stats?region=us&lang=en&contentorigin=espn
14197,Derek Newton,,NFL_id,14197,fetch_failed: RuntimeError: fetch_failed after 3 attempts: 404 Client Error: Not Found for url: https://site.web.api.espn.com/apis/common/v3/sports/football/college-football/athletes/14197/stats?region=us&lang=en&contentorigin=espn
14160,Cheta Ozougwu,,NFL_id,14160,fetch_failed: RuntimeError: fetch_failed after 3 attempts: 404 Client Error: Not Found for url: https://site.web.api.espn.com/apis/common/v3/sports/football/college-football/athletes/14160/stats?region=us&lang=en&contentorigin=espn
14049,Stephen Paea,,NFL_id,14049,fetch_failed: RuntimeError: fetch_failed after 3 attempts: 404 Client Error: Not Found for url: https://site.web.api.espn.com/apis/common/v3/sports/football/college-football/athletes/14049/stats?region=us&lang=en&contentorigin=espn
14011,Johnny Patrick,,NFL_id,14011,fetch_failed: RuntimeError: fetch_failed after 3 attempts: 404 Client Error: Not Found for url: https://site.web.api.espn.com/apis/common/v3/sports/football/college-football/athletes/14011/stats?region=us&lang=en&contentorigin=espn
14156,Niles Paul,,NFL_id,14156,fetch_failed: RuntimeError: fetch_failed after 3 attempts: 404 Client Error: Not Found for url: https://site.web.api.espn.com/apis/common/v3/sports/football/college-football/athletes/14156/stats?region=us&lang=en&contentorigin=espn
13980,Patrick Peterson,,NFL_id,13980,fetch_failed: RuntimeError: fetch_failed after 3 attempts: 404 Client Error: Not Found for url: https://site.web.api.espn.com/apis/common/v3/sports/football/college-football/athletes/13980/stats?region=us&lang=en&contentorigin=espn
14035,Austin Pettis,,NFL_id,14035,fetch_failed: RuntimeError: fetch_failed after 3 attempts: 404 Client Error: Not Found for url: https://site.web.api.espn.com/apis/common/v3/sports/football/college-football/athletes/14035/stats?region=us&lang=en&contentorigin=espn
14150,Kealoha Pilares,,NFL_id,14150,fetch_failed: RuntimeError: fetch_failed after 3 attempts: 404 Client Error: Not Found for url: https://site.web.api.espn.com/apis/common/v3/sports/football/college-football/athletes/14150/stats?region=us&lang=en&contentorigin=espn
13966,Christian Ponder,,NFL_id,13966,fetch_failed: RuntimeError: fetch_failed after 3 attempts: 404 Client Error: Not Found for url: https://site.web.api.espn.com/apis/common/v3/sports/football/college-football/athletes/13966/stats?region=us&lang=en&contentorigin=espn
13974,Mike Pouncey,,NFL_id,13974,fetch_failed: RuntimeError: fetch_failed after 3 attempts: 404 Client Error: Not Found for url: https://site.web.api.espn.com/apis/common/v3/sports/football/college-football/athletes/13974/stats?region=us&lang=en&contentorigin=espn
14061,Jerrell Powe,,NFL_id,14061,fetch_failed: RuntimeError: fetch_failed after 3 attempts: 404 Client Error: Not Found for url: https://site.web.api.espn.com/apis/common/v3/sports/football/college-football/athletes/14061/stats?region=us&lang=en&contentorigin=espn
14129,Bilal Powell,,NFL_id,14129,fetch_failed: RuntimeError: fetch_failed after 3 attempts: 404 Client Error: Not Found for url: https://site.web.api.espn.com/apis/common/v3/sports/football/college-football/athletes/14129/stats?region=us&lang=en&contentorigin=espn
13984,Robert Quinn,,NFL_id,13984,fetch_failed: RuntimeError: fetch_failed after 3 attempts: 404 Client Error: Not Found for url: https://site.web.api.espn.com/apis/common/v3/sports/football/college-football/athletes/13984/stats?region=us&lang=en&contentorigin=espn
13997,Brooks Reed,,NFL_id,13997,fetch_failed: RuntimeError: fetch_failed after 3 attempts: 404 Client Error: Not Found for url: https://site.web.api.espn.com/apis/common/v3/sports/football/college-football/athletes/13997/stats?region=us&lang=en&contentorigin=espn
14075,D'Aundre Reed,,NFL_id,14075,fetch_failed: RuntimeError: fetch_failed after 3 attempts: 404 Client Error: Not Found for url: https://site.web.api.espn.com/apis/common/v3/sports/football/college-football/athletes/14075/stats?region=us&lang=en&contentorigin=espn
13999,Jah Reid,,NFL_id,13999,fetch_failed: RuntimeError: fetch_failed after 3 attempts: 404 Client Error: Not Found for url: https://site.web.api.espn.com/apis/common/v3/sports/football/college-football/athletes/13999/stats?region=us&lang=en&contentorigin=espn
14028,Stevan Ridley,,NFL_id,14028,fetch_failed: RuntimeError: fetch_failed after 3 attempts: 404 Client Error: Not Found for url: https://site.web.api.espn.com/apis/common/v3/sports/football/college-football/athletes/14028/stats?region=us&lang=en&contentorigin=espn
14164,Aldrick Robinson,,NFL_id,14164,fetch_failed: RuntimeError: fetch_failed after 3 attempts: 404 Client Error: Not Found for url: https://site.web.api.espn.com/apis/common/v3/sports/football/college-football/athletes/14164/stats?region=us&lang=en&contentorigin=espn
14193,Jacquizz Rodgers,,NFL_id,14193,fetch_failed: RuntimeError: fetch_failed after 3 attempts: 404 Client Error: Not Found for url: https://site.web.api.espn.com/apis/common/v3/sports/football/college-football/athletes/14193/stats?region=us&lang=en&contentorigin=espn
14071,Justin Rogers,,NFL_id,14071,fetch_failed: RuntimeError: fetch_failed after 3 attempts: 404 Client Error: Not Found for url: https://site.web.api.espn.com/apis/common/v3/sports/football/college-football/athletes/14071/stats?region=us&lang=en&contentorigin=espn
14180,Brian Rolle,,NFL_id,14180,fetch_failed: RuntimeError: fetch_failed after 3 attempts: 404 Client Error: Not Found for url: https://site.web.api.espn.com/apis/common/v3/sports/football/college-football/athletes/14180/stats?region=us&lang=en&contentorigin=espn
14105,Evan Royster,,NFL_id,14105,fetch_failed: RuntimeError: fetch_failed after 3 attempts: 404 Client Error: Not Found for url: https://site.web.api.espn.com/apis/common/v3/sports/football/college-football/athletes/14105/stats?region=us&lang=en&contentorigin=espn
14173,Chris Rucker,,NFL_id,14173,fetch_failed: RuntimeError: fetch_failed after 3 attempts: 404 Client Error: Not Found for url: https://site.web.api.espn.com/apis/common/v3/sports/football/college-football/athletes/14173/stats?region=us&lang=en&contentorigin=espn
14054,Kyle Rudolph,,NFL_id,14054,fetch_failed: RuntimeError: fetch_failed after 3 attempts: 404 Client Error: Not Found for url: https://site.web.api.espn.com/apis/common/v3/sports/football/college-football/athletes/14054/stats?region=us&lang=en&contentorigin=espn
14106,Greg Salas,,NFL_id,14106,fetch_failed: RuntimeError: fetch_failed after 3 attempts: 404 Client Error: Not Found for url: https://site.web.api.espn.com/apis/common/v3/sports/football/college-football/athletes/14106/stats?region=us&lang=en&contentorigin=espn
14060,DeMarco Sampson,,NFL_id,14060,fetch_failed: RuntimeError: fetch_failed after 3 attempts: 404 Client Error: Not Found for url: https://site.web.api.espn.com/apis/common/v3/sports/football/college-football/athletes/14060/stats?region=us&lang=en&contentorigin=espn
14126,Tyler Sash,,NFL_id,14126,fetch_failed: RuntimeError: fetch_failed after 3 attempts: 404 Client Error: Not Found for url: https://site.web.api.espn.com/apis/common/v3/sports/football/college-football/athletes/14126/stats?region=us&lang=en&contentorigin=espn
14087,Da'Rel Scott,,NFL_id,14087,fetch_failed: RuntimeError: fetch_failed after 3 attempts: 404 Client Error: Not Found for url: https://site.web.api.espn.com/apis/common/v3/sports/football/college-football/athletes/14087/stats?region=us&lang=en&contentorigin=espn
14143,Da'Norris Searcy,,NFL_id,14143,fetch_failed: RuntimeError: fetch_failed after 3 attempts: 404 Client Error: Not Found for url: https://site.web.api.espn.com/apis/common/v3/sports/football/college-football/athletes/14143/stats?region=us&lang=en&contentorigin=espn
14036,Jabaal Sheard,,NFL_id,14036,fetch_failed: RuntimeError: fetch_failed after 3 attempts: 404 Client Error: Not Found for url: https://site.web.api.espn.com/apis/common/v3/sports/football/college-football/athletes/14036/stats?region=us&lang=en&contentorigin=espn
13995,Kelvin Sheppard,,NFL_id,13995,fetch_failed: RuntimeError: fetch_failed after 3 attempts: 404 Client Error: Not Found for url: https://site.web.api.espn.com/apis/common/v3/sports/football/college-football/athletes/13995/stats?region=us&lang=en&contentorigin=espn
14135,Anthony Sherman,,NFL_id,14135,fetch_failed: RuntimeError: fetch_failed after 3 attempts: 404 Client Error: Not Found for url: https://site.web.api.espn.com/apis/common/v3/sports/football/college-football/athletes/14135/stats?region=us&lang=en&contentorigin=espn
14086,Richard Sherman,,NFL_id,14086,fetch_failed: RuntimeError: fetch_failed after 3 attempts: 404 Client Error: Not Found for url: https://site.web.api.espn.com/apis/common/v3/sports/football/college-football/athletes/14086/stats?region=us&lang=en&contentorigin=espn
13972,Derek Sherrod,,NFL_id,13972,fetch_failed: RuntimeError: fetch_failed after 3 attempts: 404 Client Error: Not Found for url: https://site.web.api.espn.com/apis/common/v3/sports/football/college-football/athletes/13972/stats?region=us&lang=en&contentorigin=espn
14184,Cecil Shorts,,NFL_id,14184,fetch_failed: RuntimeError: fetch_failed after 3 attempts: 404 Client Error: Not Found for url: https://site.web.api.espn.com/apis/common/v3/sports/football/college-football/athletes/14184/stats?region=us&lang=en&contentorigin=espn
14139,Buster Skrine,,NFL_id,14139,fetch_failed: RuntimeError: fetch_failed after 3 attempts: 404 Client Error: Not Found for url: https://site.web.api.espn.com/apis/common/v3/sports/football/college-football/athletes/14139/stats?region=us&lang=en&contentorigin=espn
13988,Aldon Smith,,NFL_id,13988,fetch_failed: RuntimeError: fetch_failed after 3 attempts: 404 Client Error: Not Found for url: https://site.web.api.espn.com/apis/common/v3/sports/football/college-football/athletes/13988/stats?region=us&lang=en&contentorigin=espn
14170,D.J. Smith,,NFL_id,14170,fetch_failed: RuntimeError: fetch_failed after 3 attempts: 404 Client Error: Not Found for url: https://site.web.api.espn.com/apis/common/v3/sports/football/college-football/athletes/14170/stats?region=us&lang=en&contentorigin=espn
13963,Jimmy Smith,,NFL_id,13963,fetch_failed: RuntimeError: fetch_failed after 3 attempts: 404 Client Error: Not Found for url: https://site.web.api.espn.com/apis/common/v3/sports/football/college-football/athletes/13963/stats?region=us&lang=en&contentorigin=espn
14215,Lee Smith,,NFL_id,14215,fetch_failed: RuntimeError: fetch_failed after 3 attempts: 404 Client Error: Not Found for url: https://site.web.api.espn.com/apis/common/v3/sports/football/college-football/athletes/14215/stats?region=us&lang=en&contentorigin=espn
14032,Torrey Smith,,NFL_id,14032,fetch_failed: RuntimeError: fetch_failed after 3 attempts: 404 Client Error: Not Found for url: https://site.web.api.espn.com/apis/common/v3/sports/football/college-football/athletes/14032/stats?region=us&lang=en&contentorigin=espn
13978,Tyron Smith,,NFL_id,13978,fetch_failed: RuntimeError: fetch_failed after 3 attempts: 404 Client Error: Not Found for url: https://site.web.api.espn.com/apis/common/v3/sports/football/college-football/athletes/13978/stats?region=us&lang=en&contentorigin=espn
13964,Nate Solder,,NFL_id,13964,fetch_failed: RuntimeError: fetch_failed after 3 attempts: 404 Client Error: Not Found for url: https://site.web.api.espn.com/apis/common/v3/sports/football/college-football/athletes/13964/stats?region=us&lang=en&contentorigin=espn
14099,Luke Stocker,,NFL_id,14099,fetch_failed: RuntimeError: fetch_failed after 3 attempts: 404 Client Error: Not Found for url: https://site.web.api.espn.com/apis/common/v3/sports/football/college-football/athletes/14099/stats?region=us&lang=en&contentorigin=espn
13968,Phil Taylor,,NFL_id,13968,fetch_failed: RuntimeError: fetch_failed after 3 attempts: 404 Client Error: Not Found for url: https://site.web.api.espn.com/apis/common/v3/sports/football/college-football/athletes/13968/stats?region=us&lang=en&contentorigin=espn
14163,Tyrod Taylor,,NFL_id,14163,fetch_failed: RuntimeError: fetch_failed after 3 attempts: 404 Client Error: Not Found for url: https://site.web.api.espn.com/apis/common/v3/sports/football/college-football/athletes/14163/stats?region=us&lang=en&contentorigin=espn
14056,Daniel Thomas,,NFL_id,14056,fetch_failed: RuntimeError: fetch_failed after 3 attempts: 404 Client Error: Not Found for url: https://site.web.api.espn.com/apis/common/v3/sports/football/college-football/athletes/14056/stats?region=us&lang=en&contentorigin=espn
14216,J.T. Thomas,,NFL_id,14216,fetch_failed: RuntimeError: fetch_failed after 3 attempts: 404 Client Error: Not Found for url: https://site.web.api.espn.com/apis/common/v3/sports/football/college-football/athletes/14216/stats?region=us&lang=en&contentorigin=espn
14162,Josh Thomas,,NFL_id,14162,fetch_failed: RuntimeError: fetch_failed after 3 attempts: 404 Client Error: Not Found for url: https://site.web.api.espn.com/apis/common/v3/sports/football/college-football/athletes/14162/stats?region=us&lang=en&contentorigin=espn
14204,Julius Thomas,,NFL_id,14204,fetch_failed: RuntimeError: fetch_failed after 3 attempts: 404 Client Error: Not Found for url: https://site.web.api.espn.com/apis/common/v3/sports/football/college-football/athletes/14204/stats?region=us&lang=en&contentorigin=espn
14155,Brandyn Thompson,,NFL_id,14155,fetch_failed: RuntimeError: fetch_failed after 3 attempts: 404 Client Error: Not Found for url: https://site.web.api.espn.com/apis/common/v3/sports/football/college-football/athletes/14155/stats?region=us&lang=en&contentorigin=espn
14186,Jordan Todman,,NFL_id,14186,fetch_failed: RuntimeError: fetch_failed after 3 attempts: 404 Client Error: Not Found for url: https://site.web.api.espn.com/apis/common/v3/sports/football/college-football/athletes/14186/stats?region=us&lang=en&contentorigin=espn
14017,Shane Vereen,,NFL_id,14017,fetch_failed: RuntimeError: fetch_failed after 3 attempts: 404 Client Error: Not Found for url: https://site.web.api.espn.com/apis/common/v3/sports/football/college-football/athletes/14017/stats?region=us&lang=en&contentorigin=espn
13979,J.J. Watt,,NFL_id,13979,fetch_failed: RuntimeError: fetch_failed after 3 attempts: 404 Client Error: Not Found for url: https://site.web.api.espn.com/apis/common/v3/sports/football/college-football/athletes/13979/stats?region=us&lang=en&contentorigin=espn
14131,Ryan Whalen,,NFL_id,14131,fetch_failed: RuntimeError: fetch_failed after 3 attempts: 404 Client Error: Not Found for url: https://site.web.api.espn.com/apis/common/v3/sports/football/college-football/athletes/14131/stats?region=us&lang=en&contentorigin=espn
14201,Chris White,,NFL_id,14201,fetch_failed: RuntimeError: fetch_failed after 3 attempts: 404 Client Error: Not Found for url: https://site.web.api.espn.com/apis/common/v3/sports/football/college-football/athletes/14201/stats?region=us&lang=en&contentorigin=espn
14115,Johnny White,,NFL_id,14115,fetch_failed: RuntimeError: fetch_failed after 3 attempts: 404 Client Error: Not Found for url: https://site.web.api.espn.com/apis/common/v3/sports/football/college-football/athletes/14115/stats?region=us&lang=en&contentorigin=espn
13985,Muhammad Wilkerson,,NFL_id,13985,fetch_failed: RuntimeError: fetch_failed after 3 attempts: 404 Client Error: Not Found for url: https://site.web.api.espn.com/apis/common/v3/sports/football/college-football/athletes/13985/stats?region=us&lang=en&contentorigin=espn
14045,Aaron Williams,,NFL_id,14045,fetch_failed: RuntimeError: fetch_failed after 3 attempts: 404 Client Error: Not Found for url: https://site.web.api.espn.com/apis/common/v3/sports/football/college-football/athletes/14045/stats?region=us&lang=en&contentorigin=espn
14158,D.J. Williams,,NFL_id,14158,fetch_failed: RuntimeError: fetch_failed after 3 attempts: 404 Client Error: Not Found for url: https://site.web.api.espn.com/apis/common/v3/sports/football/college-football/athletes/14158/stats?region=us&lang=en&contentorigin=espn
14051,Ryan Williams,,NFL_id,14051,fetch_failed: RuntimeError: fetch_failed after 3 attempts: 404 Client Error: Not Found for url: https://site.web.api.espn.com/apis/common/v3/sports/football/college-football/athletes/14051/stats?region=us&lang=en&contentorigin=espn
14039,Martez Wilson,,NFL_id,14039,fetch_failed: RuntimeError: fetch_failed after 3 attempts: 404 Client Error: Not Found for url: https://site.web.api.espn.com/apis/common/v3/sports/football/college-football/athletes/14039/stats?region=us&lang=en&contentorigin=espn
169,Stefen Wisniewski,,NFL_id,169,fetch_failed: RuntimeError: fetch_failed after 3 attempts: 404 Client Error: Not Found for url: https://site.web.api.espn.com/apis/common/v3/sports/football/college-football/athletes/169/stats?region=us&lang=en&contentorigin=espn
14140,K.J. Wright,,NFL_id,14140,fetch_failed: RuntimeError: fetch_failed after 3 attempts: 404 Client Error: Not Found for url: https://site.web.api.espn.com/apis/common/v3/sports/football/college-football/athletes/14140/stats?region=us&lang=en&contentorigin=espn
14010,Shareece Wright,,NFL_id,14010,fetch_failed: RuntimeError: fetch_failed after 3 attempts: 404 Client Error: Not Found for url: https://site.web.api.espn.com/apis/common/v3/sports/football/college-football/athletes/14010/stats?region=us&lang=en&contentorigin=espn
14114,T.J. Yates,,NFL_id,14114,fetch_failed: RuntimeError: fetch_failed after 3 attempts: 404 Client Error: Not Found for url: https://site.web.api.espn.com/apis/common/v3/sports/football/college-football/athletes/14114/stats?region=us&lang=en&contentorigin=espn
14034,Titus Young,,NFL_id,14034,fetch_failed: RuntimeError: fetch_failed after 3 attempts: 404 Client Error: Not Found for url: https://site.web.api.espn.com/apis/common/v3/sports/football/college-football/athletes/14034/stats?region=us&lang=en&contentorigin=espn
15045,Emmanuel Acho,,NFL_id,15045,fetch_failed: RuntimeError: fetch_failed after 3 attempts: 404 Client Error: Not Found for url: https://site.web.api.espn.com/apis/common/v3/sports/football/college-football/athletes/15045/stats?region=us&lang=en&contentorigin=espn
14917,Joe Adams,,NFL_id,14917,fetch_failed: RuntimeError: fetch_failed after 3 attempts: 404 Client Error: Not Found for url: https://site.web.api.espn.com/apis/common/v3/sports/football/college-football/athletes/14917/stats?region=us&lang=en&contentorigin=espn
8133,Mike Adams,,NFL_id,8133,fetch_failed: RuntimeError: fetch_failed after 3 attempts: 404 Client Error: Not Found for url: https://site.web.api.espn.com/apis/common/v3/sports/football/college-football/athletes/8133/stats?region=us&lang=en&contentorigin=espn
15010,Frank Alexander,,NFL_id,15010,fetch_failed: RuntimeError: fetch_failed after 3 attempts: 404 Client Error: Not Found for url: https://site.web.api.espn.com/apis/common/v3/sports/football/college-football/athletes/15010/stats?region=us&lang=en&contentorigin=espn
15061,Antonio Allen,,NFL_id,15061,fetch_failed: RuntimeError: fetch_failed after 3 attempts: 404 Client Error: Not Found for url: https://site.web.api.espn.com/apis/common/v3/sports/football/college-football/athletes/15061/stats?region=us&lang=en&contentorigin=espn
14901,Dwayne Allen,,NFL_id,14901,fetch_failed: RuntimeError: fetch_failed after 3 attempts: 404 Client Error: Not Found for url: https://site.web.api.espn.com/apis/common/v3/sports/football/college-football/athletes/14901/stats?region=us&lang=en&contentorigin=espn
14990,Jeff Allen,,NFL_id,14990,fetch_failed: RuntimeError: fetch_failed after 3 attempts: 404 Client Error: Not Found for url: https://site.web.api.espn.com/apis/common/v3/sports/football/college-football/athletes/14990/stats?region=us&lang=en&contentorigin=espn
14950,Bryan Anger,,NFL_id,14950,fetch_failed: RuntimeError: fetch_failed after 3 attempts: 404 Client Error: Not Found for url: https://site.web.api.espn.com/apis/common/v3/sports/football/college-football/athletes/14950/stats?region=us&lang=en&contentorigin=espn
14892,Edwin Baker,,NFL_id,14892,fetch_failed: RuntimeError: fetch_failed after 3 attempts: 404 Client Error: Not Found for url: https://site.web.api.espn.com/apis/common/v3/sports/football/college-football/athletes/14892/stats?region=us&lang=en&contentorigin=espn
14898,Vick Ballard,,NFL_id,14898,fetch_failed: RuntimeError: fetch_failed after 3 attempts: 404 Client Error: Not Found for url: https://site.web.api.espn.com/apis/common/v3/sports/football/college-football/athletes/14898/stats?region=us&lang=en&contentorigin=espn
14932,Mark Barron,,NFL_id,14932,fetch_failed: RuntimeError: fetch_failed after 3 attempts: 404 Client Error: Not Found for url: https://site.web.api.espn.com/apis/common/v3/sports/football/college-football/athletes/14932/stats?region=us&lang=en&contentorigin=espn
15035,Kelvin Beachum,,NFL_id,15035,fetch_failed: RuntimeError: fetch_failed after 3 attempts: 404 Client Error: Not Found for url: https://site.web.api.espn.com/apis/common/v3/sports/football/college-football/athletes/15035/stats?region=us&lang=en&contentorigin=espn
15062,Travis Benjamin,,NFL_id,15062,fetch_failed: RuntimeError: fetch_failed after 3 attempts: 404 Client Error: Not Found for url: https://site.web.api.espn.com/apis/common/v3/sports/football/college-football/athletes/15062/stats?region=us&lang=en&contentorigin=espn
14980,Bill Bentley,,NFL_id,14980,fetch_failed: RuntimeError: fetch_failed after 3 attempts: 404 Client Error: Not Found for url: https://site.web.api.espn.com/apis/common/v3/sports/football/college-football/athletes/14980/stats?region=us&lang=en&contentorigin=espn
15089,Justin Bethel,,NFL_id,15089,fetch_failed: RuntimeError: fetch_failed after 3 attempts: 404 Client Error: Not Found for url: https://site.web.api.espn.com/apis/common/v3/sports/football/college-football/athletes/15089/stats?region=us&lang=en&contentorigin=espn
14907,Justin Blackmon,,NFL_id,14907,fetch_failed: RuntimeError: fetch_failed after 3 attempts: 404 Client Error: Not Found for url: https://site.web.api.espn.com/apis/common/v3/sports/football/college-football/athletes/14907/stats?region=us&lang=en&contentorigin=espn
15079,Robert Blanton,,NFL_id,15079,fetch_failed: RuntimeError: fetch_failed after 3 attempts: 404 Client Error: Not Found for url: https://site.web.api.espn.com/apis/common/v3/sports/football/college-football/athletes/15079/stats?region=us&lang=en&contentorigin=espn
14997,Omar Bolden,,NFL_id,14997,fetch_failed: RuntimeError: fetch_failed after 3 attempts: 404 Client Error: Not Found for url: https://site.web.api.espn.com/apis/common/v3/sports/football/college-football/athletes/14997/stats?region=us&lang=en&contentorigin=espn
15057,Brandon Boykin,,NFL_id,15057,fetch_failed: RuntimeError: fetch_failed after 3 attempts: 404 Client Error: Not Found for url: https://site.web.api.espn.com/apis/common/v3/sports/football/college-football/athletes/15057/stats?region=us&lang=en&contentorigin=espn
15075,Nigel Bradham,,NFL_id,15075,fetch_failed: RuntimeError: fetch_failed after 3 attempts: 404 Client Error: Not Found for url: https://site.web.api.espn.com/apis/common/v3/sports/football/college-football/athletes/15075/stats?region=us&lang=en&contentorigin=espn
14952,Andre Branch,,NFL_id,14952,fetch_failed: RuntimeError: fetch_failed after 3 attempts: 404 Client Error: Not Found for url: https://site.web.api.espn.com/apis/common/v3/sports/football/college-football/athletes/14952/stats?region=us&lang=en&contentorigin=espn
15033,LaVon Brazill,,NFL_id,15033,fetch_failed: RuntimeError: fetch_failed after 3 attempts: 404 Client Error: Not Found for url: https://site.web.api.espn.com/apis/common/v3/sports/football/college-football/athletes/15033/stats?region=us&lang=en&contentorigin=espn
14944,Michael Brockers,,NFL_id,14944,fetch_failed: RuntimeError: fetch_failed after 3 attempts: 404 Client Error: Not Found for url: https://site.web.api.espn.com/apis/common/v3/sports/football/college-football/athletes/14944/stats?region=us&lang=en&contentorigin=espn
15008,Ron Brooks,,NFL_id,15008,fetch_failed: RuntimeError: fetch_failed after 3 attempts: 404 Client Error: Not Found for url: https://site.web.api.espn.com/apis/common/v3/sports/football/college-football/athletes/15008/stats?region=us&lang=en&contentorigin=espn
14973,Zach Brown,,NFL_id,14973,fetch_failed: RuntimeError: fetch_failed after 3 attempts: 404 Client Error: Not Found for url: https://site.web.api.espn.com/apis/common/v3/sports/football/college-football/athletes/14973/stats?region=us&lang=en&contentorigin=espn
14919,Ryan Broyles,,NFL_id,14919,fetch_failed: RuntimeError: fetch_failed after 3 attempts: 404 Client Error: Not Found for url: https://site.web.api.espn.com/apis/common/v3/sports/football/college-football/athletes/14919/stats?region=us&lang=en&contentorigin=espn
15091,Randy Bullock,,NFL_id,15091,fetch_failed: RuntimeError: fetch_failed after 3 attempts: 404 Client Error: Not Found for url: https://site.web.api.espn.com/apis/common/v3/sports/football/college-football/athletes/15091/stats?region=us&lang=en&contentorigin=espn
15006,Miles Burris,,NFL_id,15006,fetch_failed: RuntimeError: fetch_failed after 3 attempts: 404 Client Error: Not Found for url: https://site.web.api.espn.com/apis/common/v3/sports/football/college-football/athletes/15006/stats?region=us&lang=en&contentorigin=espn
15014,Tank Carder,,NFL_id,15014,fetch_failed: RuntimeError: fetch_failed after 3 attempts: 404 Client Error: Not Found for url: https://site.web.api.espn.com/apis/common/v3/sports/football/college-football/athletes/15014/stats?region=us&lang=en&contentorigin=espn
15039,Josh Chapman,,NFL_id,15039,fetch_failed: RuntimeError: fetch_failed after 3 attempts: 404 Client Error: Not Found for url: https://site.web.api.espn.com/apis/common/v3/sports/football/college-football/athletes/15039/stats?region=us&lang=en&contentorigin=espn
14902,Orson Charles,,NFL_id,14902,fetch_failed: RuntimeError: fetch_failed after 3 attempts: 404 Client Error: Not Found for url: https://site.web.api.espn.com/apis/common/v3/sports/football/college-football/athletes/14902/stats?region=us&lang=en&contentorigin=espn
14943,Morris Claiborne,,NFL_id,14943,fetch_failed: RuntimeError: fetch_failed after 3 attempts: 404 Client Error: Not Found for url: https://site.web.api.espn.com/apis/common/v3/sports/football/college-football/athletes/14943/stats?region=us&lang=en&contentorigin=espn
15023,Audie Cole,,NFL_id,15023,fetch_failed: RuntimeError: fetch_failed after 3 attempts: 404 Client Error: Not Found for url: https://site.web.api.espn.com/apis/common/v3/sports/football/college-football/athletes/15023/stats?region=us&lang=en&contentorigin=espn
15082,Tom Compton,,NFL_id,15082,fetch_failed: RuntimeError: fetch_failed after 3 attempts: 404 Client Error: Not Found for url: https://site.web.api.espn.com/apis/common/v3/sports/football/college-football/athletes/15082/stats?region=us&lang=en&contentorigin=espn
14934,Quinton Coples,,NFL_id,14934,fetch_failed: RuntimeError: fetch_failed after 3 attempts: 404 Client Error: Not Found for url: https://site.web.api.espn.com/apis/common/v3/sports/football/college-football/athletes/14934/stats?region=us&lang=en&contentorigin=espn
14880,Kirk Cousins,,NFL_id,14880,fetch_failed: RuntimeError: fetch_failed after 3 attempts: 404 Client Error: Not Found for url: https://site.web.api.espn.com/apis/common/v3/sports/football/college-football/athletes/14880/stats?region=us&lang=en&contentorigin=espn
14941,Fletcher Cox,,NFL_id,14941,fetch_failed: RuntimeError: fetch_failed after 3 attempts: 404 Client Error: Not Found for url: https://site.web.api.espn.com/apis/common/v3/sports/football/college-football/athletes/14941/stats?region=us&lang=en&contentorigin=espn
15090,Jack Crawford,,NFL_id,15090,fetch_failed: RuntimeError: fetch_failed after 3 attempts: 404 Client Error: Not Found for url: https://site.web.api.espn.com/apis/common/v3/sports/football/college-football/athletes/15090/stats?region=us&lang=en&contentorigin=espn
14987,Tyrone Crawford,,NFL_id,14987,fetch_failed: RuntimeError: fetch_failed after 3 attempts: 404 Client Error: Not Found for url: https://site.web.api.espn.com/apis/common/v3/sports/football/college-football/athletes/14987/stats?region=us&lang=en&contentorigin=espn
15019,Jared Crick,,NFL_id,15019,fetch_failed: RuntimeError: fetch_failed after 3 attempts: 404 Client Error: Not Found for url: https://site.web.api.espn.com/apis/common/v3/sports/football/college-football/athletes/15019/stats?region=us&lang=en&contentorigin=espn
15044,Juron Criner,,NFL_id,15044,fetch_failed: RuntimeError: fetch_failed after 3 attempts: 404 Client Error: Not Found for url: https://site.web.api.espn.com/apis/common/v3/sports/football/college-football/athletes/15044/stats?region=us&lang=en&contentorigin=espn
14959,Vinny Curry,,NFL_id,14959,fetch_failed: RuntimeError: fetch_failed after 3 attempts: 404 Client Error: Not Found for url: https://site.web.api.espn.com/apis/common/v3/sports/football/college-football/athletes/14959/stats?region=us&lang=en&contentorigin=espn
14994,Mike Daniels,,NFL_id,14994,fetch_failed: RuntimeError: fetch_failed after 3 attempts: 404 Client Error: Not Found for url: https://site.web.api.espn.com/apis/common/v3/sports/football/college-football/athletes/14994/stats?region=us&lang=en&contentorigin=espn
14985,Lavonte David,,NFL_id,14985,fetch_failed: RuntimeError: fetch_failed after 3 attempts: 404 Client Error: Not Found for url: https://site.web.api.espn.com/apis/common/v3/sports/football/college-football/athletes/14985/stats?region=us&lang=en&contentorigin=espn
14958,Demario Davis,,NFL_id,14958,fetch_failed: RuntimeError: fetch_failed after 3 attempts: 404 Client Error: Not Found for url: https://site.web.api.espn.com/apis/common/v3/sports/football/college-football/athletes/14958/stats?region=us&lang=en&contentorigin=espn
14935,David DeCastro,,NFL_id,14935,fetch_failed: RuntimeError: fetch_failed after 3 attempts: 404 Client Error: Not Found for url: https://site.web.api.espn.com/apis/common/v3/sports/football/college-football/athletes/14935/stats?region=us&lang=en&contentorigin=espn
15053,Alfonzo Dennard,,NFL_id,15053,fetch_failed: RuntimeError: fetch_failed after 3 attempts: 404 Client Error: Not Found for url: https://site.web.api.espn.com/apis/common/v3/sports/football/college-football/athletes/15053/stats?region=us&lang=en&contentorigin=espn
14903,Michael Egnew,,NFL_id,14903,fetch_failed: RuntimeError: fetch_failed after 3 attempts: 404 Client Error: Not Found for url: https://site.web.api.espn.com/apis/common/v3/sports/football/college-football/athletes/14903/stats?region=us&lang=en&contentorigin=espn
15003,Rhett Ellison,,NFL_id,15003,fetch_failed: RuntimeError: fetch_failed after 3 attempts: 404 Client Error: Not Found for url: https://site.web.api.espn.com/apis/common/v3/sports/football/college-football/athletes/15003/stats?region=us&lang=en&contentorigin=espn
15050,Bradie Ewing,,NFL_id,15050,fetch_failed: RuntimeError: fetch_failed after 3 attempts: 404 Client Error: Not Found for url: https://site.web.api.espn.com/apis/common/v3/sports/football/college-football/athletes/15050/stats?region=us&lang=en&contentorigin=espn
14900,Coby Fleener,,NFL_id,14900,fetch_failed: RuntimeError: fetch_failed after 3 attempts: 404 Client Error: Not Found for url: https://site.web.api.espn.com/apis/common/v3/sports/football/college-football/athletes/14900/stats?region=us&lang=en&contentorigin=espn
15080,Darius Fleming,,NFL_id,15080,fetch_failed: RuntimeError: fetch_failed after 3 attempts: 404 Client Error: Not Found for url: https://site.web.api.espn.com/apis/common/v3/sports/football/college-football/athletes/15080/stats?region=us&lang=en&contentorigin=espn
14955,Jamell Fleming,,NFL_id,14955,fetch_failed: RuntimeError: fetch_failed after 3 attempts: 404 Client Error: Not Found for url: https://site.web.api.espn.com/apis/common/v3/sports/football/college-football/athletes/14955/stats?region=us&lang=en&contentorigin=espn
14908,Michael Floyd,,NFL_id,14908,fetch_failed: RuntimeError: fetch_failed after 3 attempts: 404 Client Error: Not Found for url: https://site.web.api.espn.com/apis/common/v3/sports/football/college-football/athletes/14908/stats?region=us&lang=en&contentorigin=espn
14877,Nick Foles,,NFL_id,14877,fetch_failed: RuntimeError: fetch_failed after 3 attempts: 404 Client Error: Not Found for url: https://site.web.api.espn.com/apis/common/v3/sports/football/college-football/athletes/14877/stats?region=us&lang=en&contentorigin=espn
15065,Terrence Frederick,,NFL_id,15065,fetch_failed: RuntimeError: fetch_failed after 3 attempts: 404 Client Error: Not Found for url: https://site.web.api.espn.com/apis/common/v3/sports/football/college-football/athletes/15065/stats?region=us&lang=en&contentorigin=espn
14995,Adam Gettis,,NFL_id,14995,fetch_failed: RuntimeError: fetch_failed after 3 attempts: 404 Client Error: Not Found for url: https://site.web.api.espn.com/apis/common/v3/sports/football/college-football/athletes/14995/stats?region=us&lang=en&contentorigin=espn
14942,Stephon Gilmore,,NFL_id,14942,fetch_failed: RuntimeError: fetch_failed after 3 attempts: 404 Client Error: Not Found for url: https://site.web.api.espn.com/apis/common/v3/sports/football/college-football/athletes/14942/stats?region=us&lang=en&contentorigin=espn
15078,Chris Givens,,NFL_id,15078,fetch_failed: RuntimeError: fetch_failed after 3 attempts: 404 Client Error: Not Found for url: https://site.web.api.espn.com/apis/common/v3/sports/football/college-football/athletes/15078/stats?region=us&lang=en&contentorigin=espn
14971,Cordy Glenn,,NFL_id,14971,fetch_failed: RuntimeError: fetch_failed after 3 attempts: 404 Client Error: Not Found for url: https://site.web.api.espn.com/apis/common/v3/sports/football/college-football/athletes/14971/stats?region=us&lang=en&contentorigin=espn
15068,Najee Goode,,NFL_id,15068,fetch_failed: RuntimeError: fetch_failed after 3 attempts: 404 Client Error: Not Found for url: https://site.web.api.espn.com/apis/common/v3/sports/football/college-football/athletes/15068/stats?region=us&lang=en&contentorigin=espn
14897,Cyrus Gray,,NFL_id,14897,fetch_failed: RuntimeError: fetch_failed after 3 attempts: 404 Client Error: Not Found for url: https://site.web.api.espn.com/apis/common/v3/sports/football/college-football/athletes/14897/stats?region=us&lang=en&contentorigin=espn
14904,Ladarius Green,,NFL_id,14904,fetch_failed: RuntimeError: fetch_failed after 3 attempts: 404 Client Error: Not Found for url: https://site.web.api.espn.com/apis/common/v3/sports/football/college-football/athletes/14904/stats?region=us&lang=en&contentorigin=espn
14875,Robert Griffin,,NFL_id,14875,fetch_failed: RuntimeError: fetch_failed after 3 attempts: 404 Client Error: Not Found for url: https://site.web.api.espn.com/apis/common/v3/sports/football/college-football/athletes/14875/stats?region=us&lang=en&contentorigin=espn
15073,Winston Guy,,NFL_id,15073,fetch_failed: RuntimeError: fetch_failed after 3 attempts: 404 Client Error: Not Found for url: https://site.web.api.espn.com/apis/common/v3/sports/football/college-football/athletes/15073/stats?region=us&lang=en&contentorigin=espn
14906,James Hanna,,NFL_id,14906,fetch_failed: RuntimeError: fetch_failed after 3 attempts: 404 Client Error: Not Found for url: https://site.web.api.espn.com/apis/common/v3/sports/football/college-football/athletes/14906/stats?region=us&lang=en&contentorigin=espn
15106,Mike Harris,,NFL_id,15106,fetch_failed: RuntimeError: fetch_failed after 3 attempts: 404 Client Error: Not Found for url: https://site.web.api.espn.com/apis/common/v3/sports/football/college-football/athletes/15106/stats?region=us&lang=en&contentorigin=espn
14966,Casey Hayward,,NFL_id,14966,fetch_failed: RuntimeError: fetch_failed after 3 attempts: 404 Client Error: Not Found for url: https://site.web.api.espn.com/apis/common/v3/sports/football/college-football/athletes/14966/stats?region=us&lang=en&contentorigin=espn
15029,Junior Hemingway,,NFL_id,15029,fetch_failed: RuntimeError: fetch_failed after 3 attempts: 404 Client Error: Not Found for url: https://site.web.api.espn.com/apis/common/v3/sports/football/college-football/athletes/15029/stats?region=us&lang=en&contentorigin=espn
14933,Dont'a Hightower,,NFL_id,14933,fetch_failed: RuntimeError: fetch_failed after 3 attempts: 404 Client Error: Not Found for url: https://site.web.api.espn.com/apis/common/v3/sports/football/college-football/athletes/14933/stats?region=us&lang=en&contentorigin=espn
14910,Stephen Hill,,NFL_id,14910,fetch_failed: RuntimeError: fetch_failed after 3 attempts: 404 Client Error: Not Found for url: https://site.web.api.espn.com/apis/common/v3/sports/football/college-football/athletes/14910/stats?region=us&lang=en&contentorigin=espn
14895,Ronnie Hillman,,NFL_id,14895,fetch_failed: RuntimeError: fetch_failed after 3 attempts: 404 Client Error: Not Found for url: https://site.web.api.espn.com/apis/common/v3/sports/football/college-football/athletes/14895/stats?region=us&lang=en&contentorigin=espn
14924,T.Y. Hilton,,NFL_id,14924,fetch_failed: RuntimeError: fetch_failed after 3 attempts: 404 Client Error: Not Found for url: https://site.web.api.espn.com/apis/common/v3/sports/football/college-football/athletes/14924/stats?region=us&lang=en&contentorigin=espn
14986,Lamar Holmes,,NFL_id,14986,fetch_failed: RuntimeError: fetch_failed after 3 attempts: 404 Client Error: Not Found for url: https://site.web.api.espn.com/apis/common/v3/sports/football/college-football/athletes/14986/stats?region=us&lang=en&contentorigin=espn
14983,Jayron Hosley,,NFL_id,14983,fetch_failed: RuntimeError: fetch_failed after 3 attempts: 404 Client Error: Not Found for url: https://site.web.api.espn.com/apis/common/v3/sports/football/college-football/athletes/14983/stats?region=us&lang=en&contentorigin=espn
15005,Jaye Howard,,NFL_id,15005,fetch_failed: RuntimeError: fetch_failed after 3 attempts: 404 Client Error: Not Found for url: https://site.web.api.espn.com/apis/common/v3/sports/football/college-football/athletes/15005/stats?region=us&lang=en&contentorigin=espn
14954,John Hughes,,NFL_id,14954,fetch_failed: RuntimeError: fetch_failed after 3 attempts: 404 Client Error: Not Found for url: https://site.web.api.espn.com/apis/common/v3/sports/football/college-football/athletes/14954/stats?region=us&lang=en&contentorigin=espn
15085,George Iloka,,NFL_id,15085,fetch_failed: RuntimeError: fetch_failed after 3 attempts: 404 Client Error: Not Found for url: https://site.web.api.espn.com/apis/common/v3/sports/football/college-football/athletes/15085/stats?region=us&lang=en&contentorigin=espn
14926,Melvin Ingram,,NFL_id,14926,fetch_failed: RuntimeError: fetch_failed after 3 attempts: 404 Client Error: Not Found for url: https://site.web.api.espn.com/apis/common/v3/sports/football/college-football/athletes/14926/stats?region=us&lang=en&contentorigin=espn
14946,Bruce Irvin,,NFL_id,14946,fetch_failed: RuntimeError: fetch_failed after 3 attempts: 404 Client Error: Not Found for url: https://site.web.api.espn.com/apis/common/v3/sports/football/college-football/athletes/14946/stats?region=us&lang=en&contentorigin=espn
15081,Asa Jackson,,NFL_id,15081,fetch_failed: RuntimeError: fetch_failed after 3 attempts: 404 Client Error: Not Found for url: https://site.web.api.espn.com/apis/common/v3/sports/football/college-football/athletes/15081/stats?region=us&lang=en&contentorigin=espn
15047,Malik Jackson,,NFL_id,15047,fetch_failed: RuntimeError: fetch_failed after 3 attempts: 404 Client Error: Not Found for url: https://site.web.api.espn.com/apis/common/v3/sports/football/college-football/athletes/15047/stats?region=us&lang=en&contentorigin=espn
14912,Alshon Jeffery,,NFL_id,14912,fetch_failed: RuntimeError: fetch_failed after 3 attempts: 404 Client Error: Not Found for url: https://site.web.api.espn.com/apis/common/v3/sports/football/college-football/athletes/14912/stats?region=us&lang=en&contentorigin=espn
14947,A.J. Jenkins,,NFL_id,14947,fetch_failed: RuntimeError: fetch_failed after 3 attempts: 404 Client Error: Not Found for url: https://site.web.api.espn.com/apis/common/v3/sports/football/college-football/athletes/14947/stats?region=us&lang=en&contentorigin=espn
14974,Janoris Jenkins,,NFL_id,14974,fetch_failed: RuntimeError: fetch_failed after 3 attempts: 404 Client Error: Not Found for url: https://site.web.api.espn.com/apis/common/v3/sports/football/college-football/athletes/14974/stats?region=us&lang=en&contentorigin=espn
15064,Cam Johnson,,NFL_id,15064,fetch_failed: RuntimeError: fetch_failed after 3 attempts: 404 Client Error: Not Found for url: https://site.web.api.espn.com/apis/common/v3/sports/football/college-football/athletes/15064/stats?region=us&lang=en&contentorigin=espn
15032,James-Michael Johnson,,NFL_id,15032,fetch_failed: RuntimeError: fetch_failed after 3 attempts: 404 Client Error: Not Found for url: https://site.web.api.espn.com/apis/common/v3/sports/football/college-football/athletes/15032/stats?region=us&lang=en&contentorigin=espn
14989,Trumaine Johnson,,NFL_id,14989,fetch_failed: RuntimeError: fetch_failed after 3 attempts: 404 Client Error: Not Found for url: https://site.web.api.espn.com/apis/common/v3/sports/football/college-football/athletes/14989/stats?region=us&lang=en&contentorigin=espn
15109,Ben Jones,,NFL_id,15109,fetch_failed: RuntimeError: fetch_failed after 3 attempts: 404 Client Error: Not Found for url: https://site.web.api.espn.com/apis/common/v3/sports/football/college-football/athletes/15109/stats?region=us&lang=en&contentorigin=espn
14927,Chandler Jones,,NFL_id,14927,fetch_failed: RuntimeError: fetch_failed after 3 attempts: 404 Client Error: Not Found for url: https://site.web.api.espn.com/apis/common/v3/sports/football/college-football/athletes/14927/stats?region=us&lang=en&contentorigin=espn
15072,Marvin Jones,,NFL_id,15072,fetch_failed: RuntimeError: fetch_failed after 3 attempts: 404 Client Error: Not Found for url: https://site.web.api.espn.com/apis/common/v3/sports/football/college-football/athletes/15072/stats?region=us&lang=en&contentorigin=espn
14928,Matt Kalil,,NFL_id,14928,fetch_failed: RuntimeError: fetch_failed after 3 attempts: 404 Client Error: Not Found for url: https://site.web.api.espn.com/apis/common/v3/sports/football/college-football/athletes/14928/stats?region=us&lang=en&contentorigin=espn
15123,Senio Kelemete,,NFL_id,15123,fetch_failed: RuntimeError: fetch_failed after 3 attempts: 404 Client Error: Not Found for url: https://site.web.api.espn.com/apis/common/v3/sports/football/college-football/athletes/15123/stats?region=us&lang=en&contentorigin=espn
14978,Mychal Kendricks,,NFL_id,14978,fetch_failed: RuntimeError: fetch_failed after 3 attempts: 404 Client Error: Not Found for url: https://site.web.api.espn.com/apis/common/v3/sports/football/college-football/athletes/14978/stats?region=us&lang=en&contentorigin=espn
14940,Dre Kirkpatrick,,NFL_id,14940,fetch_failed: RuntimeError: fetch_failed after 3 attempts: 404 Client Error: Not Found for url: https://site.web.api.espn.com/apis/common/v3/sports/football/college-football/athletes/14940/stats?region=us&lang=en&contentorigin=espn
14938,Luke Kuechly,,NFL_id,14938,fetch_failed: RuntimeError: fetch_failed after 3 attempts: 404 Client Error: Not Found for url: https://site.web.api.espn.com/apis/common/v3/sports/football/college-football/athletes/14938/stats?region=us&lang=en&contentorigin=espn
15024,Markus Kuhn,,NFL_id,15024,fetch_failed: RuntimeError: fetch_failed after 3 attempts: 404 Client Error: Not Found for url: https://site.web.api.espn.com/apis/common/v3/sports/football/college-football/athletes/15024/stats?region=us&lang=en&contentorigin=espn
15095,Ronnell Lewis,,NFL_id,15095,fetch_failed: RuntimeError: fetch_failed after 3 attempts: 404 Client Error: Not Found for url: https://site.web.api.espn.com/apis/common/v3/sports/football/college-football/athletes/15095/stats?region=us&lang=en&contentorigin=espn
15011,Travis Lewis,,NFL_id,15011,fetch_failed: RuntimeError: fetch_failed after 3 attempts: 404 Client Error: Not Found for url: https://site.web.api.espn.com/apis/common/v3/sports/football/college-football/athletes/15011/stats?region=us&lang=en&contentorigin=espn
14883,Ryan Lindley,,NFL_id,14883,fetch_failed: RuntimeError: fetch_failed after 3 attempts: 404 Client Error: Not Found for url: https://site.web.api.espn.com/apis/common/v3/sports/football/college-football/athletes/14883/stats?region=us&lang=en&contentorigin=espn
14874,Andrew Luck,,NFL_id,14874,fetch_failed: RuntimeError: fetch_failed after 3 attempts: 404 Client Error: Not Found for url: https://site.web.api.espn.com/apis/common/v3/sports/football/college-football/athletes/14874/stats?region=us&lang=en&contentorigin=espn
15110,Terrell Manning,,NFL_id,15110,fetch_failed: RuntimeError: fetch_failed after 3 attempts: 404 Client Error: Not Found for url: https://site.web.api.espn.com/apis/common/v3/sports/football/college-football/athletes/15110/stats?region=us&lang=en&contentorigin=espn
15002,Brandon Marshall,,NFL_id,15002,fetch_failed: RuntimeError: fetch_failed after 3 attempts: 404 Client Error: Not Found for url: https://site.web.api.espn.com/apis/common/v3/sports/football/college-football/athletes/15002/stats?region=us&lang=en&contentorigin=espn
14885,Doug Martin,,NFL_id,14885,fetch_failed: RuntimeError: fetch_failed after 3 attempts: 404 Client Error: Not Found for url: https://site.web.api.espn.com/apis/common/v3/sports/football/college-football/athletes/14885/stats?region=us&lang=en&contentorigin=espn
14975,Jonathan Martin,,NFL_id,14975,fetch_failed: RuntimeError: fetch_failed after 3 attempts: 404 Client Error: Not Found for url: https://site.web.api.espn.com/apis/common/v3/sports/football/college-football/athletes/14975/stats?region=us&lang=en&contentorigin=espn
14916,Keshawn Martin,,NFL_id,14916,fetch_failed: RuntimeError: fetch_failed after 3 attempts: 404 Client Error: Not Found for url: https://site.web.api.espn.com/apis/common/v3/sports/football/college-football/athletes/14916/stats?region=us&lang=en&contentorigin=espn
14988,Mike Martin,,NFL_id,14988,fetch_failed: RuntimeError: fetch_failed after 3 attempts: 404 Client Error: Not Found for url: https://site.web.api.espn.com/apis/common/v3/sports/football/college-football/athletes/14988/stats?region=us&lang=en&contentorigin=espn
15099,Jonathan Massaquoi,,NFL_id,15099,fetch_failed: RuntimeError: fetch_failed after 3 attempts: 404 Client Error: Not Found for url: https://site.web.api.espn.com/apis/common/v3/sports/football/college-football/athletes/15099/stats?region=us&lang=en&contentorigin=espn
15096,Bobby Massie,,NFL_id,15096,fetch_failed: RuntimeError: fetch_failed after 3 attempts: 404 Client Error: Not Found for url: https://site.web.api.espn.com/apis/common/v3/sports/football/college-football/athletes/15096/stats?region=us&lang=en&contentorigin=espn
15102,Rishard Matthews,,NFL_id,15102,fetch_failed: RuntimeError: fetch_failed after 3 attempts: 404 Client Error: Not Found for url: https://site.web.api.espn.com/apis/common/v3/sports/football/college-football/athletes/15102/stats?region=us&lang=en&contentorigin=espn
15013,Matt McCants,,NFL_id,15013,fetch_failed: RuntimeError: fetch_failed after 3 attempts: 404 Client Error: Not Found for url: https://site.web.api.espn.com/apis/common/v3/sports/football/college-football/athletes/15013/stats?region=us&lang=en&contentorigin=espn
14937,Shea McClellin,,NFL_id,14937,fetch_failed: RuntimeError: fetch_failed after 3 attempts: 404 Client Error: Not Found for url: https://site.web.api.espn.com/apis/common/v3/sports/football/college-football/athletes/14937/stats?region=us&lang=en&contentorigin=espn
15036,Jerron McMillian,,NFL_id,15036,fetch_failed: RuntimeError: fetch_failed after 3 attempts: 404 Client Error: Not Found for url: https://site.web.api.espn.com/apis/common/v3/sports/football/college-football/athletes/15036/stats?region=us&lang=en&contentorigin=espn
14915,Marvin McNutt,,NFL_id,14915,fetch_failed: RuntimeError: fetch_failed after 3 attempts: 404 Client Error: Not Found for url: https://site.web.api.espn.com/apis/common/v3/sports/football/college-football/athletes/14915/stats?region=us&lang=en&contentorigin=espn
14936,Whitney Mercilus,,NFL_id,14936,fetch_failed: RuntimeError: fetch_failed after 3 attempts: 404 Client Error: Not Found for url: https://site.web.api.espn.com/apis/common/v3/sports/football/college-football/athletes/14936/stats?region=us&lang=en&contentorigin=espn
14886,Lamar Miller,,NFL_id,14886,fetch_failed: RuntimeError: fetch_failed after 3 attempts: 404 Client Error: Not Found for url: https://site.web.api.espn.com/apis/common/v3/sports/football/college-football/athletes/14886/stats?region=us&lang=en&contentorigin=espn
15060,Charles Mitchell,,NFL_id,15060,fetch_failed: RuntimeError: fetch_failed after 3 attempts: 404 Client Error: Not Found for url: https://site.web.api.espn.com/apis/common/v3/sports/football/college-football/athletes/15060/stats?region=us&lang=en&contentorigin=espn
15009,Alfred Morris,,NFL_id,15009,fetch_failed: RuntimeError: fetch_failed after 3 attempts: 404 Client Error: Not Found for url: https://site.web.api.espn.com/apis/common/v3/sports/football/college-football/athletes/15009/stats?region=us&lang=en&contentorigin=espn
15105,Brandon Mosley,,NFL_id,15105,fetch_failed: RuntimeError: fetch_failed after 3 attempts: 404 Client Error: Not Found for url: https://site.web.api.espn.com/apis/common/v3/sports/football/college-football/athletes/15105/stats?region=us&lang=en&contentorigin=espn
15124,Josh Norman,,NFL_id,15124,fetch_failed: RuntimeError: fetch_failed after 3 attempts: 404 Client Error: Not Found for url: https://site.web.api.espn.com/apis/common/v3/sports/football/college-football/athletes/15124/stats?region=us&lang=en&contentorigin=espn
15051,Brad Nortman,,NFL_id,15051,fetch_failed: RuntimeError: fetch_failed after 3 attempts: 404 Client Error: Not Found for url: https://site.web.api.espn.com/apis/common/v3/sports/football/college-football/athletes/15051/stats?region=us&lang=en&contentorigin=espn
14957,Kelechi Osemele,,NFL_id,14957,fetch_failed: RuntimeError: fetch_failed after 3 attempts: 404 Client Error: Not Found for url: https://site.web.api.espn.com/apis/common/v3/sports/football/college-football/athletes/14957/stats?region=us&lang=en&contentorigin=espn
14879,Brock Osweiler,,NFL_id,14879,fetch_failed: RuntimeError: fetch_failed after 3 attempts: 404 Client Error: Not Found for url: https://site.web.api.espn.com/apis/common/v3/sports/football/college-football/athletes/14879/stats?region=us&lang=en&contentorigin=espn
15043,David Paulson,,NFL_id,15043,fetch_failed: RuntimeError: fetch_failed after 3 attempts: 404 Client Error: Not Found for url: https://site.web.api.espn.com/apis/common/v3/sports/football/college-football/athletes/15043/stats?region=us&lang=en&contentorigin=espn
14888,Isaiah Pead,,NFL_id,14888,fetch_failed: RuntimeError: fetch_failed after 3 attempts: 404 Client Error: Not Found for url: https://site.web.api.espn.com/apis/common/v3/sports/football/college-football/athletes/14888/stats?region=us&lang=en&contentorigin=espn
14929,Nick Perry,,NFL_id,14929,fetch_failed: RuntimeError: fetch_failed after 3 attempts: 404 Client Error: Not Found for url: https://site.web.api.espn.com/apis/common/v3/sports/football/college-football/athletes/14929/stats?region=us&lang=en&contentorigin=espn
14891,Bernard Pierce,,NFL_id,14891,fetch_failed: RuntimeError: fetch_failed after 3 attempts: 404 Client Error: Not Found for url: https://site.web.api.espn.com/apis/common/v3/sports/football/college-football/athletes/14891/stats?region=us&lang=en&contentorigin=espn
14939,Dontari Poe,,NFL_id,14939,fetch_failed: RuntimeError: fetch_failed after 3 attempts: 404 Client Error: Not Found for url: https://site.web.api.espn.com/apis/common/v3/sports/football/college-football/athletes/14939/stats?region=us&lang=en&contentorigin=espn
14969,DeVier Posey,,NFL_id,14969,fetch_failed: RuntimeError: fetch_failed after 3 attempts: 404 Client Error: Not Found for url: https://site.web.api.espn.com/apis/common/v3/sports/football/college-football/athletes/14969/stats?region=us&lang=en&contentorigin=espn
15048,Shaun Prater,,NFL_id,15048,fetch_failed: RuntimeError: fetch_failed after 3 attempts: 404 Client Error: Not Found for url: https://site.web.api.espn.com/apis/common/v3/sports/football/college-football/athletes/15048/stats?region=us&lang=en&contentorigin=espn
14914,Brian Quick,,NFL_id,14914,fetch_failed: RuntimeError: fetch_failed after 3 attempts: 404 Client Error: Not Found for url: https://site.web.api.espn.com/apis/common/v3/sports/football/college-football/athletes/14914/stats?region=us&lang=en&contentorigin=espn
14896,Chris Rainey,,NFL_id,14896,fetch_failed: RuntimeError: fetch_failed after 3 attempts: 404 Client Error: Not Found for url: https://site.web.api.espn.com/apis/common/v3/sports/football/college-football/athletes/14896/stats?region=us&lang=en&contentorigin=espn
15046,Kheeston Randall,,NFL_id,15046,fetch_failed: RuntimeError: fetch_failed after 3 attempts: 404 Client Error: Not Found for url: https://site.web.api.espn.com/apis/common/v3/sports/football/college-football/athletes/15046/stats?region=us&lang=en&contentorigin=espn
14911,Rueben Randle,,NFL_id,14911,fetch_failed: RuntimeError: fetch_failed after 3 attempts: 404 Client Error: Not Found for url: https://site.web.api.espn.com/apis/common/v3/sports/football/college-football/athletes/14911/stats?region=us&lang=en&contentorigin=espn
14930,Riley Reiff,,NFL_id,14930,fetch_failed: RuntimeError: fetch_failed after 3 attempts: 404 Client Error: Not Found for url: https://site.web.api.espn.com/apis/common/v3/sports/football/college-football/athletes/14930/stats?region=us&lang=en&contentorigin=espn
14953,Kendall Reyes,,NFL_id,14953,fetch_failed: RuntimeError: fetch_failed after 3 attempts: 404 Client Error: Not Found for url: https://site.web.api.espn.com/apis/common/v3/sports/football/college-football/athletes/14953/stats?region=us&lang=en&contentorigin=espn
14884,Trent Richardson,,NFL_id,14884,fetch_failed: RuntimeError: fetch_failed after 3 attempts: 404 Client Error: Not Found for url: https://site.web.api.espn.com/apis/common/v3/sports/football/college-football/athletes/14884/stats?region=us&lang=en&contentorigin=espn
15012,Travian Robertson,,NFL_id,15012,fetch_failed: RuntimeError: fetch_failed after 3 attempts: 404 Client Error: Not Found for url: https://site.web.api.espn.com/apis/common/v3/sports/football/college-football/athletes/15012/stats?region=us&lang=en&contentorigin=espn
14948,Josh Robinson,,NFL_id,14948,fetch_failed: RuntimeError: fetch_failed after 3 attempts: 404 Client Error: Not Found for url: https://site.web.api.espn.com/apis/common/v3/sports/football/college-football/athletes/14948/stats?region=us&lang=en&contentorigin=espn
15017,Keenan Robinson,,NFL_id,15017,fetch_failed: RuntimeError: fetch_failed after 3 attempts: 404 Client Error: Not Found for url: https://site.web.api.espn.com/apis/common/v3/sports/football/college-football/athletes/15017/stats?region=us&lang=en&contentorigin=espn
15000,Evan Rodriguez,,NFL_id,15000,fetch_failed: RuntimeError: fetch_failed after 3 attempts: 404 Client Error: Not Found for url: https://site.web.api.espn.com/apis/common/v3/sports/football/college-football/athletes/15000/stats?region=us&lang=en&contentorigin=espn
14922,Mohamed Sanu,,NFL_id,14922,fetch_failed: RuntimeError: fetch_failed after 3 attempts: 404 Client Error: Not Found for url: https://site.web.api.espn.com/apis/common/v3/sports/football/college-football/athletes/14922/stats?region=us&lang=en&contentorigin=espn
14951,Mitchell Schwartz,,NFL_id,14951,fetch_failed: RuntimeError: fetch_failed after 3 attempts: 404 Client Error: Not Found for url: https://site.web.api.espn.com/apis/common/v3/sports/football/college-football/athletes/14951/stats?region=us&lang=en&contentorigin=espn
14998,Coty Sensabaugh,,NFL_id,14998,fetch_failed: RuntimeError: fetch_failed after 3 attempts: 404 Client Error: Not Found for url: https://site.web.api.espn.com/apis/common/v3/sports/football/college-football/athletes/14998/stats?region=us&lang=en&contentorigin=espn
14945,Harrison Smith,,NFL_id,14945,fetch_failed: RuntimeError: fetch_failed after 3 attempts: 404 Client Error: Not Found for url: https://site.web.api.espn.com/apis/common/v3/sports/football/college-football/athletes/14945/stats?region=us&lang=en&contentorigin=espn
15028,Scott Solomon,,NFL_id,15028,fetch_failed: RuntimeError: fetch_failed after 3 attempts: 404 Client Error: Not Found for url: https://site.web.api.espn.com/apis/common/v3/sports/football/college-football/athletes/15028/stats?region=us&lang=en&contentorigin=espn
14972,Sean Spence,,NFL_id,14972,fetch_failed: RuntimeError: fetch_failed after 3 attempts: 404 Client Error: Not Found for url: https://site.web.api.espn.com/apis/common/v3/sports/football/college-football/athletes/14972/stats?region=us&lang=en&contentorigin=espn
14963,Devon Still,,NFL_id,14963,fetch_failed: RuntimeError: fetch_failed after 3 attempts: 404 Client Error: Not Found for url: https://site.web.api.espn.com/apis/common/v3/sports/football/college-football/athletes/14963/stats?region=us&lang=en&contentorigin=espn
15063,Tommy Streeter,,NFL_id,15063,fetch_failed: RuntimeError: fetch_failed after 3 attempts: 404 Client Error: Not Found for url: https://site.web.api.espn.com/apis/common/v3/sports/football/college-football/athletes/15063/stats?region=us&lang=en&contentorigin=espn
11784,Nathan Stupar,,NFL_id,11784,fetch_failed: RuntimeError: fetch_failed after 3 attempts: 404 Client Error: Not Found for url: https://site.web.api.espn.com/apis/common/v3/sports/football/college-football/athletes/11784/stats?region=us&lang=en&contentorigin=espn
15025,J.R. Sweezy,,NFL_id,15025,fetch_failed: RuntimeError: fetch_failed after 3 attempts: 404 Client Error: Not Found for url: https://site.web.api.espn.com/apis/common/v3/sports/football/college-football/athletes/15025/stats?region=us&lang=en&contentorigin=espn
15101,Alameda Ta'amu,,NFL_id,15101,fetch_failed: RuntimeError: fetch_failed after 3 attempts: 404 Client Error: Not Found for url: https://site.web.api.espn.com/apis/common/v3/sports/football/college-football/athletes/15101/stats?region=us&lang=en&contentorigin=espn
14876,Ryan Tannehill,,NFL_id,14876,fetch_failed: RuntimeError: fetch_failed after 3 attempts: 404 Client Error: Not Found for url: https://site.web.api.espn.com/apis/common/v3/sports/football/college-football/athletes/14876/stats?region=us&lang=en&contentorigin=espn
14350,Brandon Taylor,,NFL_id,14350,fetch_failed: RuntimeError: fetch_failed after 3 attempts: 404 Client Error: Not Found for url: https://site.web.api.espn.com/apis/common/v3/sports/football/college-football/athletes/14350/stats?region=us&lang=en&contentorigin=espn
15886,Phillip Thomas,,NFL_id,15886,fetch_failed: RuntimeError: fetch_failed after 3 attempts: 404 Client Error: Not Found for url: https://site.web.api.espn.com/apis/common/v3/sports/football/college-football/athletes/15886/stats?region=us&lang=en&contentorigin=espn
14965,Brandon Thompson,,NFL_id,14965,fetch_failed: RuntimeError: fetch_failed after 3 attempts: 404 Client Error: Not Found for url: https://site.web.api.espn.com/apis/common/v3/sports/football/college-football/athletes/14965/stats?region=us&lang=en&contentorigin=espn
14921,Nick Toon,,NFL_id,14921,fetch_failed: RuntimeError: fetch_failed after 3 attempts: 404 Client Error: Not Found for url: https://site.web.api.espn.com/apis/common/v3/sports/football/college-football/athletes/14921/stats?region=us&lang=en&contentorigin=espn
15074,Danny Trevathan,,NFL_id,15074,fetch_failed: RuntimeError: fetch_failed after 3 attempts: 404 Client Error: Not Found for url: https://site.web.api.espn.com/apis/common/v3/sports/football/college-football/athletes/15074/stats?region=us&lang=en&contentorigin=espn
14894,Robert Turbin,,NFL_id,14894,fetch_failed: RuntimeError: fetch_failed after 3 attempts: 404 Client Error: Not Found for url: https://site.web.api.espn.com/apis/common/v3/sports/football/college-football/athletes/14894/stats?region=us&lang=en&contentorigin=espn
15059,DeAngelo Tyson,,NFL_id,15059,fetch_failed: RuntimeError: fetch_failed after 3 attempts: 404 Client Error: Not Found for url: https://site.web.api.espn.com/apis/common/v3/sports/football/college-football/athletes/15059/stats?region=us&lang=en&contentorigin=espn
14970,Courtney Upshaw,,NFL_id,14970,fetch_failed: RuntimeError: fetch_failed after 3 attempts: 404 Client Error: Not Found for url: https://site.web.api.espn.com/apis/common/v3/sports/football/college-football/athletes/14970/stats?region=us&lang=en&contentorigin=espn
14982,Olivier Vernon,,NFL_id,14982,fetch_failed: RuntimeError: fetch_failed after 3 attempts: 404 Client Error: Not Found for url: https://site.web.api.espn.com/apis/common/v3/sports/football/college-football/athletes/14982/stats?region=us&lang=en&contentorigin=espn
15016,Trevin Wade,,NFL_id,15016,fetch_failed: RuntimeError: fetch_failed after 3 attempts: 404 Client Error: Not Found for url: https://site.web.api.espn.com/apis/common/v3/sports/football/college-football/athletes/15016/stats?region=us&lang=en&contentorigin=espn
15058,Blair Walsh,,NFL_id,15058,fetch_failed: RuntimeError: fetch_failed after 3 attempts: 404 Client Error: Not Found for url: https://site.web.api.espn.com/apis/common/v3/sports/football/college-football/athletes/15058/stats?region=us&lang=en&contentorigin=espn
14878,Brandon Weeden,,NFL_id,14878,fetch_failed: RuntimeError: fetch_failed after 3 attempts: 404 Client Error: Not Found for url: https://site.web.api.espn.com/apis/common/v3/sports/football/college-football/athletes/14878/stats?region=us&lang=en&contentorigin=espn
15086,Corey White,,NFL_id,15086,fetch_failed: RuntimeError: fetch_failed after 3 attempts: 404 Client Error: Not Found for url: https://site.web.api.espn.com/apis/common/v3/sports/football/college-football/athletes/15086/stats?region=us&lang=en&contentorigin=espn
14991,Jordan White,,NFL_id,14991,fetch_failed: RuntimeError: fetch_failed after 3 attempts: 404 Client Error: Not Found for url: https://site.web.api.espn.com/apis/common/v3/sports/football/college-football/athletes/14991/stats?region=us&lang=en&contentorigin=espn
15070,Tahir Whitehead,,NFL_id,15070,fetch_failed: RuntimeError: fetch_failed after 3 attempts: 404 Client Error: Not Found for url: https://site.web.api.espn.com/apis/common/v3/sports/football/college-football/athletes/15070/stats?region=us&lang=en&contentorigin=espn
15038,Kyle Wilber,,NFL_id,15038,fetch_failed: RuntimeError: fetch_failed after 3 attempts: 404 Client Error: Not Found for url: https://site.web.api.espn.com/apis/common/v3/sports/football/college-football/athletes/15038/stats?region=us&lang=en&contentorigin=espn
14887,David Wilson,,NFL_id,14887,fetch_failed: RuntimeError: fetch_failed after 3 attempts: 404 Client Error: Not Found for url: https://site.web.api.espn.com/apis/common/v3/sports/football/college-football/athletes/14887/stats?region=us&lang=en&contentorigin=espn
14881,Russell Wilson,,NFL_id,14881,fetch_failed: RuntimeError: fetch_failed after 3 attempts: 404 Client Error: Not Found for url: https://site.web.api.espn.com/apis/common/v3/sports/football/college-football/athletes/14881/stats?region=us&lang=en&contentorigin=espn
15021,Billy Winn,,NFL_id,15021,fetch_failed: RuntimeError: fetch_failed after 3 attempts: 404 Client Error: Not Found for url: https://site.web.api.espn.com/apis/common/v3/sports/football/college-football/athletes/15021/stats?region=us&lang=en&contentorigin=espn
14964,Derek Wolfe,,NFL_id,14964,fetch_failed: RuntimeError: fetch_failed after 3 attempts: 404 Client Error: Not Found for url: https://site.web.api.espn.com/apis/common/v3/sports/football/college-football/athletes/14964/stats?region=us&lang=en&contentorigin=espn
14967,Jerel Worthy,,NFL_id,14967,fetch_failed: RuntimeError: fetch_failed after 3 attempts: 404 Client Error: Not Found for url: https://site.web.api.espn.com/apis/common/v3/sports/football/college-football/athletes/14967/stats?region=us&lang=en&contentorigin=espn
14918,Jarius Wright,,NFL_id,14918,fetch_failed: RuntimeError: fetch_failed after 3 attempts: 404 Client Error: Not Found for url: https://site.web.api.espn.com/apis/common/v3/sports/football/college-football/athletes/14918/stats?region=us&lang=en&contentorigin=espn
14909,Kendall Wright,,NFL_id,14909,fetch_failed: RuntimeError: fetch_failed after 3 attempts: 404 Client Error: Not Found for url: https://site.web.api.espn.com/apis/common/v3/sports/football/college-football/athletes/14909/stats?region=us&lang=en&contentorigin=espn
14923,Devon Wylie,,NFL_id,14923,fetch_failed: RuntimeError: fetch_failed after 3 attempts: 404 Client Error: Not Found for url: https://site.web.api.espn.com/apis/common/v3/sports/football/college-football/athletes/14923/stats?region=us&lang=en&contentorigin=espn
14931,Kevin Zeitler,,NFL_id,14931,fetch_failed: RuntimeError: fetch_failed after 3 attempts: 404 Client Error: Not Found for url: https://site.web.api.espn.com/apis/common/v3/sports/football/college-football/athletes/14931/stats?region=us&lang=en&contentorigin=espn
15972,Oday Aboushi,,NFL_id,15972,fetch_failed: RuntimeError: fetch_failed after 3 attempts: 404 Client Error: Not Found for url: https://site.web.api.espn.com/apis/common/v3/sports/football/college-football/athletes/15972/stats?region=us&lang=en&contentorigin=espn
15817,Robert Alford,,NFL_id,15817,fetch_failed: RuntimeError: fetch_failed after 3 attempts: 404 Client Error: Not Found for url: https://site.web.api.espn.com/apis/common/v3/sports/football/college-football/athletes/15817/stats?region=us&lang=en&contentorigin=espn
15818,Keenan Allen,,NFL_id,15818,fetch_failed: RuntimeError: fetch_failed after 3 attempts: 404 Client Error: Not Found for url: https://site.web.api.espn.com/apis/common/v3/sports/football/college-football/athletes/15818/stats?region=us&lang=en&contentorigin=espn
15819,Kiko Alonso,,NFL_id,15819,fetch_failed: RuntimeError: fetch_failed after 3 attempts: 404 Client Error: Not Found for url: https://site.web.api.espn.com/apis/common/v3/sports/football/college-football/athletes/15819/stats?region=us&lang=en&contentorigin=espn
15820,David Amerson,,NFL_id,15820,fetch_failed: RuntimeError: fetch_failed after 3 attempts: 404 Client Error: Not Found for url: https://site.web.api.espn.com/apis/common/v3/sports/football/college-football/athletes/15820/stats?region=us&lang=en&contentorigin=espn
15821,Terron Armstead,,NFL_id,15821,fetch_failed: RuntimeError: fetch_failed after 3 attempts: 404 Client Error: Not Found for url: https://site.web.api.espn.com/apis/common/v3/sports/football/college-football/athletes/15821/stats?region=us&lang=en&contentorigin=espn
15786,Tavon Austin,,NFL_id,15786,fetch_failed: RuntimeError: fetch_failed after 3 attempts: 404 Client Error: Not Found for url: https://site.web.api.espn.com/apis/common/v3/sports/football/college-football/athletes/15786/stats?region=us&lang=en&contentorigin=espn
15822,Stedman Bailey,,NFL_id,15822,fetch_failed: RuntimeError: fetch_failed after 3 attempts: 404 Client Error: Not Found for url: https://site.web.api.espn.com/apis/common/v3/sports/football/college-football/athletes/15822/stats?region=us&lang=en&contentorigin=espn
15963,David Bakhtiari,,NFL_id,15963,fetch_failed: RuntimeError: fetch_failed after 3 attempts: 404 Client Error: Not Found for url: https://site.web.api.espn.com/apis/common/v3/sports/football/college-football/athletes/15963/stats?region=us&lang=en&contentorigin=espn
15823,Montee Ball,,NFL_id,15823,fetch_failed: RuntimeError: fetch_failed after 3 attempts: 404 Client Error: Not Found for url: https://site.web.api.espn.com/apis/common/v3/sports/football/college-football/athletes/15823/stats?region=us&lang=en&contentorigin=espn
15824,Johnthan Banks,,NFL_id,15824,fetch_failed: RuntimeError: fetch_failed after 3 attempts: 404 Client Error: Not Found for url: https://site.web.api.espn.com/apis/common/v3/sports/football/college-football/athletes/15824/stats?region=us&lang=en&contentorigin=espn
15948,Matt Barkley,,NFL_id,15948,fetch_failed: RuntimeError: fetch_failed after 3 attempts: 404 Client Error: Not Found for url: https://site.web.api.espn.com/apis/common/v3/sports/football/college-football/athletes/15948/stats?region=us&lang=en&contentorigin=espn
15921,Kenjon Barner,,NFL_id,15921,fetch_failed: RuntimeError: fetch_failed after 3 attempts: 404 Client Error: Not Found for url: https://site.web.api.espn.com/apis/common/v3/sports/football/college-football/athletes/15921/stats?region=us&lang=en&contentorigin=espn
15954,Sam Barrington,,NFL_id,15954,fetch_failed: RuntimeError: fetch_failed after 3 attempts: 404 Client Error: Not Found for url: https://site.web.api.espn.com/apis/common/v3/sports/football/college-football/athletes/15954/stats?region=us&lang=en&contentorigin=espn
16025,David Bass,,NFL_id,16025,fetch_failed: RuntimeError: fetch_failed after 3 attempts: 404 Client Error: Not Found for url: https://site.web.api.espn.com/apis/common/v3/sports/football/college-football/athletes/16025/stats?region=us&lang=en&contentorigin=espn
15988,Steve Beauharnais,,NFL_id,15988,fetch_failed: RuntimeError: fetch_failed after 3 attempts: 404 Client Error: Not Found for url: https://site.web.api.espn.com/apis/common/v3/sports/football/college-football/athletes/15988/stats?region=us&lang=en&contentorigin=espn
15826,Giovani Bernard,,NFL_id,15826,fetch_failed: RuntimeError: fetch_failed after 3 attempts: 404 Client Error: Not Found for url: https://site.web.api.espn.com/apis/common/v3/sports/football/college-football/athletes/15826/stats?region=us&lang=en&contentorigin=espn
15973,Tommy Bohanon,,NFL_id,15973,fetch_failed: RuntimeError: fetch_failed after 3 attempts: 404 Client Error: Not Found for url: https://site.web.api.espn.com/apis/common/v3/sports/football/college-football/athletes/15973/stats?region=us&lang=en&contentorigin=espn
15827,Jon Bostic,,NFL_id,15827,fetch_failed: RuntimeError: fetch_failed after 3 attempts: 404 Client Error: Not Found for url: https://site.web.api.espn.com/apis/common/v3/sports/football/college-football/athletes/15827/stats?region=us&lang=en&contentorigin=espn
15998,Josh Boyce,,NFL_id,15998,fetch_failed: RuntimeError: fetch_failed after 3 attempts: 404 Client Error: Not Found for url: https://site.web.api.espn.com/apis/common/v3/sports/football/college-football/athletes/15998/stats?region=us&lang=en&contentorigin=espn
15989,Josh Boyd,,NFL_id,15989,fetch_failed: RuntimeError: fetch_failed after 3 attempts: 404 Client Error: Not Found for url: https://site.web.api.espn.com/apis/common/v3/sports/football/college-football/athletes/15989/stats?region=us&lang=en&contentorigin=espn
15828,Arthur Brown,,NFL_id,15828,fetch_failed: RuntimeError: fetch_failed after 3 attempts: 404 Client Error: Not Found for url: https://site.web.api.espn.com/apis/common/v3/sports/football/college-football/athletes/15828/stats?region=us&lang=en&contentorigin=espn
16037,Armonty Bryant,,NFL_id,16037,fetch_failed: RuntimeError: fetch_failed after 3 attempts: 404 Client Error: Not Found for url: https://site.web.api.espn.com/apis/common/v3/sports/football/college-football/athletes/16037/stats?region=us&lang=en&contentorigin=espn
15959,Michael Buchanan,,NFL_id,15959,fetch_failed: RuntimeError: fetch_failed after 3 attempts: 404 Client Error: Not Found for url: https://site.web.api.espn.com/apis/common/v3/sports/football/college-football/athletes/15959/stats?region=us&lang=en&contentorigin=espn
15971,Rex Burkhead,,NFL_id,15971,fetch_failed: RuntimeError: fetch_failed after 3 attempts: 404 Client Error: Not Found for url: https://site.web.api.espn.com/apis/common/v3/sports/football/college-football/athletes/15971/stats?region=us&lang=en&contentorigin=espn
15829,Tank Carradine,,NFL_id,15829,fetch_failed: RuntimeError: fetch_failed after 3 attempts: 404 Client Error: Not Found for url: https://site.web.api.espn.com/apis/common/v3/sports/football/college-football/athletes/15829/stats?region=us&lang=en&contentorigin=espn
15830,Jamie Collins,,NFL_id,15830,fetch_failed: RuntimeError: fetch_failed after 3 attempts: 404 Client Error: Not Found for url: https://site.web.api.espn.com/apis/common/v3/sports/football/college-football/athletes/15830/stats?region=us&lang=en&contentorigin=espn
15913,Sanders Commings,,NFL_id,15913,fetch_failed: RuntimeError: fetch_failed after 3 attempts: 404 Client Error: Not Found for url: https://site.web.api.espn.com/apis/common/v3/sports/football/college-football/athletes/15913/stats?region=us&lang=en&contentorigin=espn
15991,Justice Cunningham,,NFL_id,15991,fetch_failed: RuntimeError: fetch_failed after 3 attempts: 404 Client Error: Not Found for url: https://site.web.api.espn.com/apis/common/v3/sports/football/college-football/athletes/15991/stats?region=us&lang=en&contentorigin=espn
15831,Jonathan Cyprien,,NFL_id,15831,fetch_failed: RuntimeError: fetch_failed after 3 attempts: 404 Client Error: Not Found for url: https://site.web.api.espn.com/apis/common/v3/sports/football/college-football/athletes/15831/stats?region=us&lang=en&contentorigin=espn
15832,Knile Davis,,NFL_id,15832,fetch_failed: RuntimeError: fetch_failed after 3 attempts: 404 Client Error: Not Found for url: https://site.web.api.espn.com/apis/common/v3/sports/football/college-football/athletes/15832/stats?region=us&lang=en&contentorigin=espn
15833,Will Davis,,NFL_id,15833,fetch_failed: RuntimeError: fetch_failed after 3 attempts: 404 Client Error: Not Found for url: https://site.web.api.espn.com/apis/common/v3/sports/football/college-football/athletes/15833/stats?region=us&lang=en&contentorigin=espn
16028,Quinton Dial,,NFL_id,16028,fetch_failed: RuntimeError: fetch_failed after 3 attempts: 404 Client Error: Not Found for url: https://site.web.api.espn.com/apis/common/v3/sports/football/college-football/athletes/16028/stats?region=us&lang=en&contentorigin=espn
15834,Aaron Dobson,,NFL_id,15834,fetch_failed: RuntimeError: fetch_failed after 3 attempts: 404 Client Error: Not Found for url: https://site.web.api.espn.com/apis/common/v3/sports/football/college-football/athletes/15834/stats?region=us&lang=en&contentorigin=espn
15909,Lavar Edwards,,NFL_id,15909,fetch_failed: RuntimeError: fetch_failed after 3 attempts: 404 Client Error: Not Found for url: https://site.web.api.espn.com/apis/common/v3/sports/football/college-football/athletes/15909/stats?region=us&lang=en&contentorigin=espn
15788,Tyler Eifert,,NFL_id,15788,fetch_failed: RuntimeError: fetch_failed after 3 attempts: 404 Client Error: Not Found for url: https://site.web.api.espn.com/apis/common/v3/sports/football/college-football/athletes/15788/stats?region=us&lang=en&contentorigin=espn
15789,Matt Elam,,NFL_id,15789,fetch_failed: RuntimeError: fetch_failed after 3 attempts: 404 Client Error: Not Found for url: https://site.web.api.espn.com/apis/common/v3/sports/football/college-football/athletes/15789/stats?region=us&lang=en&contentorigin=espn
15893,Andre Ellington,,NFL_id,15893,fetch_failed: RuntimeError: fetch_failed after 3 attempts: 404 Client Error: Not Found for url: https://site.web.api.espn.com/apis/common/v3/sports/football/college-football/athletes/15893/stats?region=us&lang=en&contentorigin=espn
15835,Zach Ertz,,NFL_id,15835,fetch_failed: RuntimeError: fetch_failed after 3 attempts: 404 Client Error: Not Found for url: https://site.web.api.espn.com/apis/common/v3/sports/football/college-football/athletes/15835/stats?region=us&lang=en&contentorigin=espn
15836,Gavin Escobar,,NFL_id,15836,fetch_failed: RuntimeError: fetch_failed after 3 attempts: 404 Client Error: Not Found for url: https://site.web.api.espn.com/apis/common/v3/sports/football/college-football/athletes/15836/stats?region=us&lang=en&contentorigin=espn
15984,Josh Evans,,NFL_id,15984,fetch_failed: RuntimeError: fetch_failed after 3 attempts: 404 Client Error: Not Found for url: https://site.web.api.espn.com/apis/common/v3/sports/football/college-football/athletes/15984/stats?region=us&lang=en&contentorigin=espn
15790,Eric Fisher,,NFL_id,15790,fetch_failed: RuntimeError: fetch_failed after 3 attempts: 404 Client Error: Not Found for url: https://site.web.api.espn.com/apis/common/v3/sports/football/college-football/athletes/15790/stats?region=us&lang=en&contentorigin=espn
15791,Sharrif Floyd,,NFL_id,15791,fetch_failed: RuntimeError: fetch_failed after 3 attempts: 404 Client Error: Not Found for url: https://site.web.api.espn.com/apis/common/v3/sports/football/college-football/athletes/15791/stats?region=us&lang=en&contentorigin=espn
15792,D.J. Fluker,,NFL_id,15792,fetch_failed: RuntimeError: fetch_failed after 3 attempts: 404 Client Error: Not Found for url: https://site.web.api.espn.com/apis/common/v3/sports/football/college-football/athletes/15792/stats?region=us&lang=en&contentorigin=espn
15925,Johnathan Franklin,,NFL_id,15925,fetch_failed: RuntimeError: fetch_failed after 3 attempts: 404 Client Error: Not Found for url: https://site.web.api.espn.com/apis/common/v3/sports/football/college-football/athletes/15925/stats?region=us&lang=en&contentorigin=espn
15793,Travis Frederick,,NFL_id,15793,fetch_failed: RuntimeError: fetch_failed after 3 attempts: 404 Client Error: Not Found for url: https://site.web.api.espn.com/apis/common/v3/sports/football/college-football/athletes/15793/stats?region=us&lang=en&contentorigin=espn
16014,Corey Fuller,,NFL_id,16014,fetch_failed: RuntimeError: fetch_failed after 3 attempts: 404 Client Error: Not Found for url: https://site.web.api.espn.com/apis/common/v3/sports/football/college-football/athletes/16014/stats?region=us&lang=en&contentorigin=espn
16019,William Gholston,,NFL_id,16019,fetch_failed: RuntimeError: fetch_failed after 3 attempts: 404 Client Error: Not Found for url: https://site.web.api.espn.com/apis/common/v3/sports/football/college-football/athletes/16019/stats?region=us&lang=en&contentorigin=espn
15952,Mike Gillislee,,NFL_id,15952,fetch_failed: RuntimeError: fetch_failed after 3 attempts: 404 Client Error: Not Found for url: https://site.web.api.espn.com/apis/common/v3/sports/football/college-football/athletes/15952/stats?region=us&lang=en&contentorigin=espn
15837,Mike Glennon,,NFL_id,15837,fetch_failed: RuntimeError: fetch_failed after 3 attempts: 404 Client Error: Not Found for url: https://site.web.api.espn.com/apis/common/v3/sports/football/college-football/athletes/15837/stats?region=us&lang=en&contentorigin=espn
15838,Zaviar Gooden,,NFL_id,15838,fetch_failed: RuntimeError: fetch_failed after 3 attempts: 404 Client Error: Not Found for url: https://site.web.api.espn.com/apis/common/v3/sports/football/college-football/athletes/15838/stats?region=us&lang=en&contentorigin=espn
15957,Malliciah Goodman,,NFL_id,15957,fetch_failed: RuntimeError: fetch_failed after 3 attempts: 404 Client Error: Not Found for url: https://site.web.api.espn.com/apis/common/v3/sports/football/college-football/athletes/15957/stats?region=us&lang=en&contentorigin=espn
15839,Marquise Goodwin,,NFL_id,15839,fetch_failed: RuntimeError: fetch_failed after 3 attempts: 404 Client Error: Not Found for url: https://site.web.api.espn.com/apis/common/v3/sports/football/college-football/athletes/15839/stats?region=us&lang=en&contentorigin=espn
15940,Chris Gragg,,NFL_id,15940,fetch_failed: RuntimeError: fetch_failed after 3 attempts: 404 Client Error: Not Found for url: https://site.web.api.espn.com/apis/common/v3/sports/football/college-football/athletes/15940/stats?region=us&lang=en&contentorigin=espn
15840,Dwayne Gratz,,NFL_id,15840,fetch_failed: RuntimeError: fetch_failed after 3 attempts: 404 Client Error: Not Found for url: https://site.web.api.espn.com/apis/common/v3/sports/football/college-football/athletes/15840/stats?region=us&lang=en&contentorigin=espn
15889,Khaseem Greene,,NFL_id,15889,fetch_failed: RuntimeError: fetch_failed after 3 attempts: 404 Client Error: Not Found for url: https://site.web.api.espn.com/apis/common/v3/sports/football/college-football/athletes/15889/stats?region=us&lang=en&contentorigin=espn
15983,Cobi Hamilton,,NFL_id,15983,fetch_failed: RuntimeError: fetch_failed after 3 attempts: 404 Client Error: Not Found for url: https://site.web.api.espn.com/apis/common/v3/sports/football/college-football/athletes/15983/stats?region=us&lang=en&contentorigin=espn
15841,Johnathan Hankins,,NFL_id,15841,fetch_failed: RuntimeError: fetch_failed after 3 attempts: 404 Client Error: Not Found for url: https://site.web.api.espn.com/apis/common/v3/sports/football/college-football/athletes/15841/stats?region=us&lang=en&contentorigin=espn
16007,Chris Harper,,NFL_id,16007,fetch_failed: RuntimeError: fetch_failed after 3 attempts: 404 Client Error: Not Found for url: https://site.web.api.espn.com/apis/common/v3/sports/football/college-football/athletes/16007/stats?region=us&lang=en&contentorigin=espn
15794,D.J. Hayden,,NFL_id,15794,fetch_failed: RuntimeError: fetch_failed after 3 attempts: 404 Client Error: Not Found for url: https://site.web.api.espn.com/apis/common/v3/sports/football/college-football/athletes/15794/stats?region=us&lang=en&contentorigin=espn
15843,Jordan Hill,,NFL_id,15843,fetch_failed: RuntimeError: fetch_failed after 3 attempts: 404 Client Error: Not Found for url: https://site.web.api.espn.com/apis/common/v3/sports/football/college-football/athletes/15843/stats?region=us&lang=en&contentorigin=espn
15977,Gerald Hodges,,NFL_id,15977,fetch_failed: RuntimeError: fetch_failed after 3 attempts: 404 Client Error: Not Found for url: https://site.web.api.espn.com/apis/common/v3/sports/football/college-football/athletes/15977/stats?region=us&lang=en&contentorigin=espn
15990,DeVonte Holloman,,NFL_id,15990,fetch_failed: RuntimeError: fetch_failed after 3 attempts: 404 Client Error: Not Found for url: https://site.web.api.espn.com/apis/common/v3/sports/football/college-football/athletes/15990/stats?region=us&lang=en&contentorigin=espn
15795,DeAndre Hopkins,,NFL_id,15795,fetch_failed: RuntimeError: fetch_failed after 3 attempts: 404 Client Error: Not Found for url: https://site.web.api.espn.com/apis/common/v3/sports/football/college-football/athletes/15795/stats?region=us&lang=en&contentorigin=espn
15965,Dustin Hopkins,,NFL_id,15965,fetch_failed: RuntimeError: fetch_failed after 3 attempts: 404 Client Error: Not Found for url: https://site.web.api.espn.com/apis/common/v3/sports/football/college-football/athletes/15965/stats?region=us&lang=en&contentorigin=espn
15995,Montori Hughes,,NFL_id,15995,fetch_failed: RuntimeError: fetch_failed after 3 attempts: 404 Client Error: Not Found for url: https://site.web.api.espn.com/apis/common/v3/sports/football/college-football/athletes/15995/stats?region=us&lang=en&contentorigin=espn
15844,Margus Hunt,,NFL_id,15844,fetch_failed: RuntimeError: fetch_failed after 3 attempts: 404 Client Error: Not Found for url: https://site.web.api.espn.com/apis/common/v3/sports/football/college-football/athletes/15844/stats?region=us&lang=en&contentorigin=espn
15845,Justin Hunter,,NFL_id,15845,fetch_failed: RuntimeError: fetch_failed after 3 attempts: 404 Client Error: Not Found for url: https://site.web.api.espn.com/apis/common/v3/sports/football/college-football/athletes/15845/stats?region=us&lang=en&contentorigin=espn
15960,Micah Hyde,,NFL_id,15960,fetch_failed: RuntimeError: fetch_failed after 3 attempts: 404 Client Error: Not Found for url: https://site.web.api.espn.com/apis/common/v3/sports/football/college-football/athletes/15960/stats?region=us&lang=en&contentorigin=espn
15968,Mike James,,NFL_id,15968,fetch_failed: RuntimeError: fetch_failed after 3 attempts: 404 Client Error: Not Found for url: https://site.web.api.espn.com/apis/common/v3/sports/football/college-football/athletes/15968/stats?region=us&lang=en&contentorigin=espn
15967,Brandon Jenkins,,NFL_id,15967,fetch_failed: RuntimeError: fetch_failed after 3 attempts: 404 Client Error: Not Found for url: https://site.web.api.espn.com/apis/common/v3/sports/football/college-football/athletes/15967/stats?region=us&lang=en&contentorigin=espn
15985,Jelani Jenkins,,NFL_id,15985,fetch_failed: RuntimeError: fetch_failed after 3 attempts: 404 Client Error: Not Found for url: https://site.web.api.espn.com/apis/common/v3/sports/football/college-football/athletes/15985/stats?region=us&lang=en&contentorigin=espn
15846,John Jenkins,,NFL_id,15846,fetch_failed: RuntimeError: fetch_failed after 3 attempts: 404 Client Error: Not Found for url: https://site.web.api.espn.com/apis/common/v3/sports/football/college-football/athletes/15846/stats?region=us&lang=en&contentorigin=espn
15796,Luke Joeckel,,NFL_id,15796,fetch_failed: RuntimeError: fetch_failed after 3 attempts: 404 Client Error: Not Found for url: https://site.web.api.espn.com/apis/common/v3/sports/football/college-football/athletes/15796/stats?region=us&lang=en&contentorigin=espn
15797,Lane Johnson,,NFL_id,15797,fetch_failed: RuntimeError: fetch_failed after 3 attempts: 404 Client Error: Not Found for url: https://site.web.api.espn.com/apis/common/v3/sports/football/college-football/athletes/15797/stats?region=us&lang=en&contentorigin=espn
15982,Nico Johnson,,NFL_id,15982,fetch_failed: RuntimeError: fetch_failed after 3 attempts: 404 Client Error: Not Found for url: https://site.web.api.espn.com/apis/common/v3/sports/football/college-football/athletes/15982/stats?region=us&lang=en&contentorigin=espn
15798,Datone Jones,,NFL_id,15798,fetch_failed: RuntimeError: fetch_failed after 3 attempts: 404 Client Error: Not Found for url: https://site.web.api.espn.com/apis/common/v3/sports/football/college-football/athletes/15798/stats?region=us&lang=en&contentorigin=espn
15799,Jarvis Jones,,NFL_id,15799,fetch_failed: RuntimeError: fetch_failed after 3 attempts: 404 Client Error: Not Found for url: https://site.web.api.espn.com/apis/common/v3/sports/football/college-football/athletes/15799/stats?region=us&lang=en&contentorigin=espn
15904,Landry Jones,,NFL_id,15904,fetch_failed: RuntimeError: fetch_failed after 3 attempts: 404 Client Error: Not Found for url: https://site.web.api.espn.com/apis/common/v3/sports/football/college-football/athletes/15904/stats?region=us&lang=en&contentorigin=espn
15800,Dion Jordan,,NFL_id,15800,fetch_failed: RuntimeError: fetch_failed after 3 attempts: 404 Client Error: Not Found for url: https://site.web.api.espn.com/apis/common/v3/sports/football/college-football/athletes/15800/stats?region=us&lang=en&contentorigin=espn
15962,Nick Kasa,,NFL_id,15962,fetch_failed: RuntimeError: fetch_failed after 3 attempts: 404 Client Error: Not Found for url: https://site.web.api.espn.com/apis/common/v3/sports/football/college-football/athletes/15962/stats?region=us&lang=en&contentorigin=espn
15847,Travis Kelce,,NFL_id,15847,fetch_failed: RuntimeError: fetch_failed after 3 attempts: 404 Client Error: Not Found for url: https://site.web.api.espn.com/apis/common/v3/sports/football/college-football/athletes/15847/stats?region=us&lang=en&contentorigin=espn
15911,Tavarres King,,NFL_id,15911,fetch_failed: RuntimeError: fetch_failed after 3 attempts: 404 Client Error: Not Found for url: https://site.web.api.espn.com/apis/common/v3/sports/football/college-football/athletes/15911/stats?region=us&lang=en&contentorigin=espn
15964,A.J. Klein,,NFL_id,15964,fetch_failed: RuntimeError: fetch_failed after 3 attempts: 404 Client Error: Not Found for url: https://site.web.api.espn.com/apis/common/v3/sports/football/college-football/athletes/15964/stats?region=us&lang=en&contentorigin=espn
15848,Eddie Lacy,,NFL_id,15848,fetch_failed: RuntimeError: fetch_failed after 3 attempts: 404 Client Error: Not Found for url: https://site.web.api.espn.com/apis/common/v3/sports/football/college-football/athletes/15848/stats?region=us&lang=en&contentorigin=espn
15849,Corey Lemonier,,NFL_id,15849,fetch_failed: RuntimeError: fetch_failed after 3 attempts: 404 Client Error: Not Found for url: https://site.web.api.espn.com/apis/common/v3/sports/football/college-football/athletes/15849/stats?region=us&lang=en&contentorigin=espn
15937,Kapron Lewis-Moore,,NFL_id,15937,fetch_failed: RuntimeError: fetch_failed after 3 attempts: 404 Client Error: Not Found for url: https://site.web.api.espn.com/apis/common/v3/sports/football/college-football/athletes/15937/stats?region=us&lang=en&contentorigin=espn
15926,Jeff Locke,,NFL_id,15926,fetch_failed: RuntimeError: fetch_failed after 3 attempts: 404 Client Error: Not Found for url: https://site.web.api.espn.com/apis/common/v3/sports/football/college-football/athletes/15926/stats?region=us&lang=en&contentorigin=espn
15850,Bennie Logan,,NFL_id,15850,fetch_failed: RuntimeError: fetch_failed after 3 attempts: 404 Client Error: Not Found for url: https://site.web.api.espn.com/apis/common/v3/sports/football/college-football/athletes/15850/stats?region=us&lang=en&contentorigin=espn
15801,Kyle Long,,NFL_id,15801,fetch_failed: RuntimeError: fetch_failed after 3 attempts: 404 Client Error: Not Found for url: https://site.web.api.espn.com/apis/common/v3/sports/football/college-football/athletes/15801/stats?region=us&lang=en&contentorigin=espn
15802,Star Lotulelei,,NFL_id,15802,fetch_failed: RuntimeError: fetch_failed after 3 attempts: 404 Client Error: Not Found for url: https://site.web.api.espn.com/apis/common/v3/sports/football/college-football/athletes/15802/stats?region=us&lang=en&contentorigin=espn
15803,E.J. Manuel,,NFL_id,15803,fetch_failed: RuntimeError: fetch_failed after 3 attempts: 404 Client Error: Not Found for url: https://site.web.api.espn.com/apis/common/v3/sports/football/college-football/athletes/15803/stats?region=us&lang=en&contentorigin=espn
15999,Stansly Maponga,,NFL_id,15999,fetch_failed: RuntimeError: fetch_failed after 3 attempts: 404 Client Error: Not Found for url: https://site.web.api.espn.com/apis/common/v3/sports/football/college-football/athletes/15999/stats?region=us&lang=en&contentorigin=espn
15851,Tyrann Mathieu,,NFL_id,15851,fetch_failed: RuntimeError: fetch_failed after 3 attempts: 404 Client Error: Not Found for url: https://site.web.api.espn.com/apis/common/v3/sports/football/college-football/athletes/15851/stats?region=us&lang=en&contentorigin=espn
15903,Michael Mauti,,NFL_id,15903,fetch_failed: RuntimeError: fetch_failed after 3 attempts: 404 Client Error: Not Found for url: https://site.web.api.espn.com/apis/common/v3/sports/football/college-football/athletes/15903/stats?region=us&lang=en&contentorigin=espn
16005,Demetrius McCray,,NFL_id,16005,fetch_failed: RuntimeError: fetch_failed after 3 attempts: 404 Client Error: Not Found for url: https://site.web.api.espn.com/apis/common/v3/sports/football/college-football/athletes/16005/stats?region=us&lang=en&contentorigin=espn
15852,T.J. McDonald,,NFL_id,15852,fetch_failed: RuntimeError: fetch_failed after 3 attempts: 404 Client Error: Not Found for url: https://site.web.api.espn.com/apis/common/v3/sports/football/college-football/athletes/15852/stats?region=us&lang=en&contentorigin=espn
15853,Vance McDonald,,NFL_id,15853,fetch_failed: RuntimeError: fetch_failed after 3 attempts: 404 Client Error: Not Found for url: https://site.web.api.espn.com/apis/common/v3/sports/football/college-football/athletes/15853/stats?region=us&lang=en&contentorigin=espn
15854,Leon McFadden,,NFL_id,15854,fetch_failed: RuntimeError: fetch_failed after 3 attempts: 404 Client Error: Not Found for url: https://site.web.api.espn.com/apis/common/v3/sports/football/college-football/athletes/15854/stats?region=us&lang=en&contentorigin=espn
15949,Brandon McGee,,NFL_id,15949,fetch_failed: RuntimeError: fetch_failed after 3 attempts: 404 Client Error: Not Found for url: https://site.web.api.espn.com/apis/common/v3/sports/football/college-football/athletes/15949/stats?region=us&lang=en&contentorigin=espn
15906,Stacy McGee,,NFL_id,15906,fetch_failed: RuntimeError: fetch_failed after 3 attempts: 404 Client Error: Not Found for url: https://site.web.api.espn.com/apis/common/v3/sports/football/college-football/athletes/15906/stats?region=us&lang=en&contentorigin=espn
15855,Christine Michael,,NFL_id,15855,fetch_failed: RuntimeError: fetch_failed after 3 attempts: 404 Client Error: Not Found for url: https://site.web.api.espn.com/apis/common/v3/sports/football/college-football/athletes/15855/stats?region=us&lang=en&contentorigin=espn
15804,Dee Milliner,,NFL_id,15804,fetch_failed: RuntimeError: fetch_failed after 3 attempts: 404 Client Error: Not Found for url: https://site.web.api.espn.com/apis/common/v3/sports/football/college-football/athletes/15804/stats?region=us&lang=en&contentorigin=espn
16004,Jordan Mills,,NFL_id,16004,fetch_failed: RuntimeError: fetch_failed after 3 attempts: 404 Client Error: Not Found for url: https://site.web.api.espn.com/apis/common/v3/sports/football/college-football/athletes/16004/stats?region=us&lang=en&contentorigin=espn
15805,Barkevious Mingo,,NFL_id,15805,fetch_failed: RuntimeError: fetch_failed after 3 attempts: 404 Client Error: Not Found for url: https://site.web.api.espn.com/apis/common/v3/sports/football/college-football/athletes/15805/stats?region=us&lang=en&contentorigin=espn
15856,Kevin Minter,,NFL_id,15856,fetch_failed: RuntimeError: fetch_failed after 3 attempts: 404 Client Error: Not Found for url: https://site.web.api.espn.com/apis/common/v3/sports/football/college-football/athletes/15856/stats?region=us&lang=en&contentorigin=espn
15933,Nick Moody,,NFL_id,15933,fetch_failed: RuntimeError: fetch_failed after 3 attempts: 404 Client Error: Not Found for url: https://site.web.api.espn.com/apis/common/v3/sports/football/college-football/athletes/15933/stats?region=us&lang=en&contentorigin=espn
15858,Damontre Moore,,NFL_id,15858,fetch_failed: RuntimeError: fetch_failed after 3 attempts: 404 Client Error: Not Found for url: https://site.web.api.espn.com/apis/common/v3/sports/football/college-football/athletes/15858/stats?region=us&lang=en&contentorigin=espn
15859,Sio Moore,,NFL_id,15859,fetch_failed: RuntimeError: fetch_failed after 3 attempts: 404 Client Error: Not Found for url: https://site.web.api.espn.com/apis/common/v3/sports/football/college-football/athletes/15859/stats?region=us&lang=en&contentorigin=espn
15993,Zeke Motta,,NFL_id,15993,fetch_failed: RuntimeError: fetch_failed after 3 attempts: 404 Client Error: Not Found for url: https://site.web.api.espn.com/apis/common/v3/sports/football/college-football/athletes/15993/stats?region=us&lang=en&contentorigin=espn
15891,Ryan Nassib,,NFL_id,15891,fetch_failed: RuntimeError: fetch_failed after 3 attempts: 404 Client Error: Not Found for url: https://site.web.api.espn.com/apis/common/v3/sports/football/college-football/athletes/15891/stats?region=us&lang=en&contentorigin=espn
15806,Alec Ogletree,,NFL_id,15806,fetch_failed: RuntimeError: fetch_failed after 3 attempts: 404 Client Error: Not Found for url: https://site.web.api.espn.com/apis/common/v3/sports/football/college-football/athletes/15806/stats?region=us&lang=en&contentorigin=espn
15976,Alex Okafor,,NFL_id,15976,fetch_failed: RuntimeError: fetch_failed after 3 attempts: 404 Client Error: Not Found for url: https://site.web.api.espn.com/apis/common/v3/sports/football/college-football/athletes/15976/stats?region=us&lang=en&contentorigin=espn
15807,Cordarrelle Patterson,,NFL_id,15807,fetch_failed: RuntimeError: fetch_failed after 3 attempts: 404 Client Error: Not Found for url: https://site.web.api.espn.com/apis/common/v3/sports/football/college-football/athletes/15807/stats?region=us&lang=en&contentorigin=espn
16026,Quinton Patton,,NFL_id,16026,fetch_failed: RuntimeError: fetch_failed after 3 attempts: 404 Client Error: Not Found for url: https://site.web.api.espn.com/apis/common/v3/sports/football/college-football/athletes/16026/stats?region=us&lang=en&contentorigin=espn
16036,Ty Powell,,NFL_id,16036,fetch_failed: RuntimeError: fetch_failed after 3 attempts: 404 Client Error: Not Found for url: https://site.web.api.espn.com/apis/common/v3/sports/football/college-football/athletes/16036/stats?region=us&lang=en&contentorigin=espn
15979,Jordan Poyer,,NFL_id,15979,fetch_failed: RuntimeError: fetch_failed after 3 attempts: 404 Client Error: Not Found for url: https://site.web.api.espn.com/apis/common/v3/sports/football/college-football/athletes/15979/stats?region=us&lang=en&contentorigin=espn
15808,Justin Pugh,,NFL_id,15808,fetch_failed: RuntimeError: fetch_failed after 3 attempts: 404 Client Error: Not Found for url: https://site.web.api.espn.com/apis/common/v3/sports/football/college-football/athletes/15808/stats?region=us&lang=en&contentorigin=espn
15912,Bacarri Rambo,,NFL_id,15912,fetch_failed: RuntimeError: fetch_failed after 3 attempts: 404 Client Error: Not Found for url: https://site.web.api.espn.com/apis/common/v3/sports/football/college-football/athletes/15912/stats?region=us&lang=en&contentorigin=espn
16013,Joseph Randle,,NFL_id,16013,fetch_failed: RuntimeError: fetch_failed after 3 attempts: 404 Client Error: Not Found for url: https://site.web.api.espn.com/apis/common/v3/sports/football/college-football/athletes/16013/stats?region=us&lang=en&contentorigin=espn
15860,Jordan Reed,,NFL_id,15860,fetch_failed: RuntimeError: fetch_failed after 3 attempts: 404 Client Error: Not Found for url: https://site.web.api.espn.com/apis/common/v3/sports/football/college-football/athletes/15860/stats?region=us&lang=en&contentorigin=espn
15809,Eric Reid,,NFL_id,15809,fetch_failed: RuntimeError: fetch_failed after 3 attempts: 404 Client Error: Not Found for url: https://site.web.api.espn.com/apis/common/v3/sports/football/college-football/athletes/15809/stats?region=us&lang=en&contentorigin=espn
15894,Sean Renfree,,NFL_id,15894,fetch_failed: RuntimeError: fetch_failed after 3 attempts: 404 Client Error: Not Found for url: https://site.web.api.espn.com/apis/common/v3/sports/football/college-football/athletes/15894/stats?region=us&lang=en&contentorigin=espn
15810,Xavier Rhodes,,NFL_id,15810,fetch_failed: RuntimeError: fetch_failed after 3 attempts: 404 Client Error: Not Found for url: https://site.web.api.espn.com/apis/common/v3/sports/football/college-football/athletes/15810/stats?region=us&lang=en&contentorigin=espn
15811,Sheldon Richardson,,NFL_id,15811,fetch_failed: RuntimeError: fetch_failed after 3 attempts: 404 Client Error: Not Found for url: https://site.web.api.espn.com/apis/common/v3/sports/football/college-football/athletes/15811/stats?region=us&lang=en&contentorigin=espn
15994,Theo Riddick,,NFL_id,15994,fetch_failed: RuntimeError: fetch_failed after 3 attempts: 404 Client Error: Not Found for url: https://site.web.api.espn.com/apis/common/v3/sports/football/college-football/athletes/15994/stats?region=us&lang=en&contentorigin=espn
15923,Mychal Rivera,,NFL_id,15923,fetch_failed: RuntimeError: fetch_failed after 3 attempts: 404 Client Error: Not Found for url: https://site.web.api.espn.com/apis/common/v3/sports/football/college-football/athletes/15923/stats?region=us&lang=en&contentorigin=espn
15951,Denard Robinson,,NFL_id,15951,fetch_failed: RuntimeError: fetch_failed after 3 attempts: 404 Client Error: Not Found for url: https://site.web.api.espn.com/apis/common/v3/sports/football/college-football/athletes/15951/stats?region=us&lang=en&contentorigin=espn
15861,Logan Ryan,,NFL_id,15861,fetch_failed: RuntimeError: fetch_failed after 3 attempts: 404 Client Error: Not Found for url: https://site.web.api.espn.com/apis/common/v3/sports/football/college-football/athletes/15861/stats?region=us&lang=en&contentorigin=espn
16022,Ace Sanders,,NFL_id,16022,fetch_failed: RuntimeError: fetch_failed after 3 attempts: 404 Client Error: Not Found for url: https://site.web.api.espn.com/apis/common/v3/sports/football/college-football/athletes/16022/stats?region=us&lang=en&contentorigin=espn
15862,Kawann Short,,NFL_id,15862,fetch_failed: RuntimeError: fetch_failed after 3 attempts: 404 Client Error: Not Found for url: https://site.web.api.espn.com/apis/common/v3/sports/football/college-football/athletes/15862/stats?region=us&lang=en&contentorigin=espn
16010,John Simon,,NFL_id,16010,fetch_failed: RuntimeError: fetch_failed after 3 attempts: 404 Client Error: Not Found for url: https://site.web.api.espn.com/apis/common/v3/sports/football/college-football/athletes/16010/stats?region=us&lang=en&contentorigin=espn
16021,Tharold Simon,,NFL_id,16021,fetch_failed: RuntimeError: fetch_failed after 3 attempts: 404 Client Error: Not Found for url: https://site.web.api.espn.com/apis/common/v3/sports/football/college-football/athletes/16021/stats?region=us&lang=en&contentorigin=espn
15974,Dion Sims,,NFL_id,15974,fetch_failed: RuntimeError: fetch_failed after 3 attempts: 404 Client Error: Not Found for url: https://site.web.api.espn.com/apis/common/v3/sports/football/college-football/athletes/15974/stats?region=us&lang=en&contentorigin=espn
15863,Darius Slay,,NFL_id,15863,fetch_failed: RuntimeError: fetch_failed after 3 attempts: 404 Client Error: Not Found for url: https://site.web.api.espn.com/apis/common/v3/sports/football/college-football/athletes/15863/stats?region=us&lang=en&contentorigin=espn
15864,Geno Smith,,NFL_id,15864,fetch_failed: RuntimeError: fetch_failed after 3 attempts: 404 Client Error: Not Found for url: https://site.web.api.espn.com/apis/common/v3/sports/football/college-football/athletes/15864/stats?region=us&lang=en&contentorigin=espn
15997,Quanterus Smith,,NFL_id,15997,fetch_failed: RuntimeError: fetch_failed after 3 attempts: 404 Client Error: Not Found for url: https://site.web.api.espn.com/apis/common/v3/sports/football/college-football/athletes/15997/stats?region=us&lang=en&contentorigin=espn
15958,Akeem Spence,,NFL_id,15958,fetch_failed: RuntimeError: fetch_failed after 3 attempts: 404 Client Error: Not Found for url: https://site.web.api.espn.com/apis/common/v3/sports/football/college-football/athletes/15958/stats?region=us&lang=en&contentorigin=espn
15996,Zac Stacy,,NFL_id,15996,fetch_failed: RuntimeError: fetch_failed after 3 attempts: 404 Client Error: Not Found for url: https://site.web.api.espn.com/apis/common/v3/sports/football/college-football/athletes/15996/stats?region=us&lang=en&contentorigin=espn
16030,Daimion Stafford,,NFL_id,16030,fetch_failed: RuntimeError: fetch_failed after 3 attempts: 404 Client Error: Not Found for url: https://site.web.api.espn.com/apis/common/v3/sports/football/college-football/athletes/16030/stats?region=us&lang=en&contentorigin=espn
16016,Kenny Stills,,NFL_id,16016,fetch_failed: RuntimeError: fetch_failed after 3 attempts: 404 Client Error: Not Found for url: https://site.web.api.espn.com/apis/common/v3/sports/football/college-football/athletes/16016/stats?region=us&lang=en&contentorigin=espn
15918,Caleb Sturgis,,NFL_id,15918,fetch_failed: RuntimeError: fetch_failed after 3 attempts: 404 Client Error: Not Found for url: https://site.web.api.espn.com/apis/common/v3/sports/football/college-football/athletes/15918/stats?region=us&lang=en&contentorigin=espn
15865,D.J. Swearinger,,NFL_id,15865,fetch_failed: RuntimeError: fetch_failed after 3 attempts: 404 Client Error: Not Found for url: https://site.web.api.espn.com/apis/common/v3/sports/football/college-football/athletes/15865/stats?region=us&lang=en&contentorigin=espn
15916,Devin Taylor,,NFL_id,15916,fetch_failed: RuntimeError: fetch_failed after 3 attempts: 404 Client Error: Not Found for url: https://site.web.api.espn.com/apis/common/v3/sports/football/college-football/athletes/15916/stats?region=us&lang=en&contentorigin=espn
15866,Jamar Taylor,,NFL_id,15866,fetch_failed: RuntimeError: fetch_failed after 3 attempts: 404 Client Error: Not Found for url: https://site.web.api.espn.com/apis/common/v3/sports/football/college-football/athletes/15866/stats?region=us&lang=en&contentorigin=espn
15981,Stepfan Taylor,,NFL_id,15981,fetch_failed: RuntimeError: fetch_failed after 3 attempts: 404 Client Error: Not Found for url: https://site.web.api.espn.com/apis/common/v3/sports/football/college-football/athletes/15981/stats?region=us&lang=en&contentorigin=espn
15867,Manti Te'o,,NFL_id,15867,fetch_failed: RuntimeError: fetch_failed after 3 attempts: 404 Client Error: Not Found for url: https://site.web.api.espn.com/apis/common/v3/sports/football/college-football/athletes/15867/stats?region=us&lang=en&contentorigin=espn
15868,Dallas Thomas,,NFL_id,15868,fetch_failed: RuntimeError: fetch_failed after 3 attempts: 404 Client Error: Not Found for url: https://site.web.api.espn.com/apis/common/v3/sports/football/college-football/athletes/15868/stats?region=us&lang=en&contentorigin=espn
15992,Shamarko Thomas,,NFL_id,15992,fetch_failed: RuntimeError: fetch_failed after 3 attempts: 404 Client Error: Not Found for url: https://site.web.api.espn.com/apis/common/v3/sports/football/college-football/athletes/15992/stats?region=us&lang=en&contentorigin=espn
15966,Chris Thompson,,NFL_id,15966,fetch_failed: RuntimeError: fetch_failed after 3 attempts: 404 Client Error: Not Found for url: https://site.web.api.espn.com/apis/common/v3/sports/football/college-football/athletes/15966/stats?region=us&lang=en&contentorigin=espn
15869,Hugh Thornton,,NFL_id,15869,fetch_failed: RuntimeError: fetch_failed after 3 attempts: 404 Client Error: Not Found for url: https://site.web.api.espn.com/apis/common/v3/sports/football/college-football/athletes/15869/stats?region=us&lang=en&contentorigin=espn
15980,Levine Toilolo,,NFL_id,15980,fetch_failed: RuntimeError: fetch_failed after 3 attempts: 404 Client Error: Not Found for url: https://site.web.api.espn.com/apis/common/v3/sports/football/college-football/athletes/15980/stats?region=us&lang=en&contentorigin=espn
16001,J.C. Tretter,,NFL_id,16001,fetch_failed: RuntimeError: fetch_failed after 3 attempts: 404 Client Error: Not Found for url: https://site.web.api.espn.com/apis/common/v3/sports/football/college-football/athletes/16001/stats?region=us&lang=en&contentorigin=espn
15812,Desmond Trufant,,NFL_id,15812,fetch_failed: RuntimeError: fetch_failed after 3 attempts: 404 Client Error: Not Found for url: https://site.web.api.espn.com/apis/common/v3/sports/football/college-football/athletes/15812/stats?region=us&lang=en&contentorigin=espn
15813,Kenny Vaccaro,,NFL_id,15813,fetch_failed: RuntimeError: fetch_failed after 3 attempts: 404 Client Error: Not Found for url: https://site.web.api.espn.com/apis/common/v3/sports/football/college-football/athletes/15813/stats?region=us&lang=en&contentorigin=espn
15900,Ricky Wagner,,NFL_id,15900,fetch_failed: RuntimeError: fetch_failed after 3 attempts: 404 Client Error: Not Found for url: https://site.web.api.espn.com/apis/common/v3/sports/football/college-football/athletes/15900/stats?region=us&lang=en&contentorigin=espn
16020,Spencer Ware,,NFL_id,16020,fetch_failed: RuntimeError: fetch_failed after 3 attempts: 404 Client Error: Not Found for url: https://site.web.api.espn.com/apis/common/v3/sports/football/college-football/athletes/16020/stats?region=us&lang=en&contentorigin=espn
15870,Larry Warford,,NFL_id,15870,fetch_failed: RuntimeError: fetch_failed after 3 attempts: 404 Client Error: Not Found for url: https://site.web.api.espn.com/apis/common/v3/sports/football/college-football/athletes/15870/stats?region=us&lang=en&contentorigin=espn
15814,Chance Warmack,,NFL_id,15814,fetch_failed: RuntimeError: fetch_failed after 3 attempts: 404 Client Error: Not Found for url: https://site.web.api.espn.com/apis/common/v3/sports/football/college-football/athletes/15814/stats?region=us&lang=en&contentorigin=espn
15914,Cornelius Washington,,NFL_id,15914,fetch_failed: RuntimeError: fetch_failed after 3 attempts: 404 Client Error: Not Found for url: https://site.web.api.espn.com/apis/common/v3/sports/football/college-football/athletes/15914/stats?region=us&lang=en&contentorigin=espn
15901,Earl Watford,,NFL_id,15901,fetch_failed: RuntimeError: fetch_failed after 3 attempts: 404 Client Error: Not Found for url: https://site.web.api.espn.com/apis/common/v3/sports/football/college-football/athletes/15901/stats?region=us&lang=en&contentorigin=espn
15871,Menelik Watson,,NFL_id,15871,fetch_failed: RuntimeError: fetch_failed after 3 attempts: 404 Client Error: Not Found for url: https://site.web.api.espn.com/apis/common/v3/sports/football/college-football/athletes/15871/stats?region=us&lang=en&contentorigin=espn
15939,B.W. Webb,,NFL_id,15939,fetch_failed: RuntimeError: fetch_failed after 3 attempts: 404 Client Error: Not Found for url: https://site.web.api.espn.com/apis/common/v3/sports/football/college-football/athletes/15939/stats?region=us&lang=en&contentorigin=espn
15872,Kayvon Webster,,NFL_id,15872,fetch_failed: RuntimeError: fetch_failed after 3 attempts: 404 Client Error: Not Found for url: https://site.web.api.espn.com/apis/common/v3/sports/football/college-football/athletes/15872/stats?region=us&lang=en&contentorigin=espn
15815,Bjoern Werner,,NFL_id,15815,fetch_failed: RuntimeError: fetch_failed after 3 attempts: 404 Client Error: Not Found for url: https://site.web.api.espn.com/apis/common/v3/sports/football/college-football/athletes/15815/stats?region=us&lang=en&contentorigin=espn
15873,Markus Wheaton,,NFL_id,15873,fetch_failed: RuntimeError: fetch_failed after 3 attempts: 404 Client Error: Not Found for url: https://site.web.api.espn.com/apis/common/v3/sports/football/college-football/athletes/15873/stats?region=us&lang=en&contentorigin=espn
15874,J.J. Wilcox,,NFL_id,15874,fetch_failed: RuntimeError: fetch_failed after 3 attempts: 404 Client Error: Not Found for url: https://site.web.api.espn.com/apis/common/v3/sports/football/college-football/athletes/15874/stats?region=us&lang=en&contentorigin=espn
15875,Brandon Williams,,NFL_id,15875,fetch_failed: RuntimeError: fetch_failed after 3 attempts: 404 Client Error: Not Found for url: https://site.web.api.espn.com/apis/common/v3/sports/football/college-football/athletes/15875/stats?region=us&lang=en&contentorigin=espn
15884,Duke Williams,,NFL_id,15884,fetch_failed: RuntimeError: fetch_failed after 3 attempts: 404 Client Error: Not Found for url: https://site.web.api.espn.com/apis/common/v3/sports/football/college-football/athletes/15884/stats?region=us&lang=en&contentorigin=espn
16024,Kerwynn Williams,,NFL_id,16024,fetch_failed: RuntimeError: fetch_failed after 3 attempts: 404 Client Error: Not Found for url: https://site.web.api.espn.com/apis/common/v3/sports/football/college-football/athletes/16024/stats?region=us&lang=en&contentorigin=espn
15877,Shawn Williams,,NFL_id,15877,fetch_failed: RuntimeError: fetch_failed after 3 attempts: 404 Client Error: Not Found for url: https://site.web.api.espn.com/apis/common/v3/sports/football/college-football/athletes/15877/stats?region=us&lang=en&contentorigin=espn
15816,Sylvester Williams,,NFL_id,15816,fetch_failed: RuntimeError: fetch_failed after 3 attempts: 404 Client Error: Not Found for url: https://site.web.api.espn.com/apis/common/v3/sports/football/college-football/athletes/15816/stats?region=us&lang=en&contentorigin=espn
15878,Terrance Williams,,NFL_id,15878,fetch_failed: RuntimeError: fetch_failed after 3 attempts: 404 Client Error: Not Found for url: https://site.web.api.espn.com/apis/common/v3/sports/football/college-football/athletes/15878/stats?region=us&lang=en&contentorigin=espn
16000,Tourek Williams,,NFL_id,16000,fetch_failed: RuntimeError: fetch_failed after 3 attempts: 404 Client Error: Not Found for url: https://site.web.api.espn.com/apis/common/v3/sports/football/college-football/athletes/16000/stats?region=us&lang=en&contentorigin=espn
15953,Trevardo Williams,,NFL_id,15953,fetch_failed: RuntimeError: fetch_failed after 3 attempts: 404 Client Error: Not Found for url: https://site.web.api.espn.com/apis/common/v3/sports/football/college-football/athletes/15953/stats?region=us&lang=en&contentorigin=espn
16023,Marquess Wilson,,NFL_id,16023,fetch_failed: RuntimeError: fetch_failed after 3 attempts: 404 Client Error: Not Found for url: https://site.web.api.espn.com/apis/common/v3/sports/football/college-football/athletes/16023/stats?region=us&lang=en&contentorigin=espn
15879,Brian Winters,,NFL_id,15879,fetch_failed: RuntimeError: fetch_failed after 3 attempts: 404 Client Error: Not Found for url: https://site.web.api.espn.com/apis/common/v3/sports/football/college-football/athletes/15879/stats?region=us&lang=en&contentorigin=espn
15917,Earl Wolff,,NFL_id,15917,fetch_failed: RuntimeError: fetch_failed after 3 attempts: 404 Client Error: Not Found for url: https://site.web.api.espn.com/apis/common/v3/sports/football/college-football/athletes/15917/stats?region=us&lang=en&contentorigin=espn
15880,Robert Woods,,NFL_id,15880,fetch_failed: RuntimeError: fetch_failed after 3 attempts: 404 Client Error: Not Found for url: https://site.web.api.espn.com/apis/common/v3/sports/football/college-football/athletes/15880/stats?region=us&lang=en&contentorigin=espn
15881,Blidi Wreh-Wilson,,NFL_id,15881,fetch_failed: RuntimeError: fetch_failed after 3 attempts: 404 Client Error: Not Found for url: https://site.web.api.espn.com/apis/common/v3/sports/football/college-football/athletes/15881/stats?region=us&lang=en&contentorigin=espn
16836,Jared Abbrederis,,NFL_id,16836,fetch_failed: RuntimeError: fetch_failed after 3 attempts: 404 Client Error: Not Found for url: https://site.web.api.espn.com/apis/common/v3/sports/football/college-football/athletes/16836/stats?region=us&lang=en&contentorigin=espn
16800,Davante Adams,,NFL_id,16800,fetch_failed: RuntimeError: fetch_failed after 3 attempts: 404 Client Error: Not Found for url: https://site.web.api.espn.com/apis/common/v3/sports/football/college-football/athletes/16800/stats?region=us&lang=en&contentorigin=espn
16882,Ricardo Allen,,NFL_id,16882,fetch_failed: RuntimeError: fetch_failed after 3 attempts: 404 Client Error: Not Found for url: https://site.web.api.espn.com/apis/common/v3/sports/football/college-football/athletes/16882/stats?region=us&lang=en&contentorigin=espn
16792,Jace Amaro,,NFL_id,16792,fetch_failed: RuntimeError: fetch_failed after 3 attempts: 404 Client Error: Not Found for url: https://site.web.api.espn.com/apis/common/v3/sports/football/college-football/athletes/16792/stats?region=us&lang=en&contentorigin=espn
16755,Dri Archer,,NFL_id,16755,fetch_failed: RuntimeError: fetch_failed after 3 attempts: 404 Client Error: Not Found for url: https://site.web.api.espn.com/apis/common/v3/sports/football/college-football/athletes/16755/stats?region=us&lang=en&contentorigin=espn
16761,Jeremiah Attaochu,,NFL_id,16761,fetch_failed: RuntimeError: fetch_failed after 3 attempts: 404 Client Error: Not Found for url: https://site.web.api.espn.com/apis/common/v3/sports/football/college-football/athletes/16761/stats?region=us&lang=en&contentorigin=espn
16711,Anthony Barr,,NFL_id,16711,fetch_failed: RuntimeError: fetch_failed after 3 attempts: 404 Client Error: Not Found for url: https://site.web.api.espn.com/apis/common/v3/sports/football/college-football/athletes/16711/stats?region=us&lang=en&contentorigin=espn
16852,Lamin Barrow,,NFL_id,16852,fetch_failed: RuntimeError: fetch_failed after 3 attempts: 404 Client Error: Not Found for url: https://site.web.api.espn.com/apis/common/v3/sports/football/college-football/athletes/16852/stats?region=us&lang=en&contentorigin=espn
16730,Kelvin Benjamin,,NFL_id,16730,fetch_failed: RuntimeError: fetch_failed after 3 attempts: 404 Client Error: Not Found for url: https://site.web.api.espn.com/apis/common/v3/sports/football/college-football/athletes/16730/stats?region=us&lang=en&contentorigin=espn
16872,Bene' Benwikere,,NFL_id,16872,fetch_failed: RuntimeError: fetch_failed after 3 attempts: 404 Client Error: Not Found for url: https://site.web.api.espn.com/apis/common/v3/sports/football/college-football/athletes/16872/stats?region=us&lang=en&contentorigin=espn
16850,Nat Berhe,,NFL_id,16850,fetch_failed: RuntimeError: fetch_failed after 3 attempts: 404 Client Error: Not Found for url: https://site.web.api.espn.com/apis/common/v3/sports/football/college-football/athletes/16850/stats?region=us&lang=en&contentorigin=espn
16740,Joel Bitonio,,NFL_id,16740,fetch_failed: RuntimeError: fetch_failed after 3 attempts: 404 Client Error: Not Found for url: https://site.web.api.espn.com/apis/common/v3/sports/football/college-football/athletes/16740/stats?region=us&lang=en&contentorigin=espn
16921,Alfred Blue,,NFL_id,16921,fetch_failed: RuntimeError: fetch_failed after 3 attempts: 404 Client Error: Not Found for url: https://site.web.api.espn.com/apis/common/v3/sports/football/college-football/athletes/16921/stats?region=us&lang=en&contentorigin=espn
16876,Russell Bodine,,NFL_id,16876,fetch_failed: RuntimeError: fetch_failed after 3 attempts: 404 Client Error: Not Found for url: https://site.web.api.espn.com/apis/common/v3/sports/football/college-football/athletes/16876/stats?region=us&lang=en&contentorigin=espn
16748,Chris Borland,,NFL_id,16748,fetch_failed: RuntimeError: fetch_failed after 3 attempts: 404 Client Error: Not Found for url: https://site.web.api.espn.com/apis/common/v3/sports/football/college-football/athletes/16748/stats?region=us&lang=en&contentorigin=espn
16724,Blake Bortles,,NFL_id,16724,fetch_failed: RuntimeError: fetch_failed after 3 attempts: 404 Client Error: Not Found for url: https://site.web.api.espn.com/apis/common/v3/sports/football/college-football/athletes/16724/stats?region=us&lang=en&contentorigin=espn
16877,Tre Boston,,NFL_id,16877,fetch_failed: RuntimeError: fetch_failed after 3 attempts: 404 Client Error: Not Found for url: https://site.web.api.espn.com/apis/common/v3/sports/football/college-football/athletes/16877/stats?region=us&lang=en&contentorigin=espn
16926,Carl Bradford,,NFL_id,16926,fetch_failed: RuntimeError: fetch_failed after 3 attempts: 404 Client Error: Not Found for url: https://site.web.api.espn.com/apis/common/v3/sports/football/college-football/athletes/16926/stats?region=us&lang=en&contentorigin=espn
16890,Bashaud Breeland,,NFL_id,16890,fetch_failed: RuntimeError: fetch_failed after 3 attempts: 404 Client Error: Not Found for url: https://site.web.api.espn.com/apis/common/v3/sports/football/college-football/athletes/16890/stats?region=us&lang=en&contentorigin=espn
16728,Teddy Bridgewater,,NFL_id,16728,fetch_failed: RuntimeError: fetch_failed after 3 attempts: 404 Client Error: Not Found for url: https://site.web.api.espn.com/apis/common/v3/sports/football/college-football/athletes/16728/stats?region=us&lang=en&contentorigin=espn
16742,Justin Britt,,NFL_id,16742,fetch_failed: RuntimeError: fetch_failed after 3 attempts: 404 Client Error: Not Found for url: https://site.web.api.espn.com/apis/common/v3/sports/football/college-football/athletes/16742/stats?region=us&lang=en&contentorigin=espn
16776,Jay Bromley,,NFL_id,16776,fetch_failed: RuntimeError: fetch_failed after 3 attempts: 404 Client Error: Not Found for url: https://site.web.api.espn.com/apis/common/v3/sports/football/college-football/athletes/16776/stats?region=us&lang=en&contentorigin=espn
16768,Terrence Brooks,,NFL_id,16768,fetch_failed: RuntimeError: fetch_failed after 3 attempts: 404 Client Error: Not Found for url: https://site.web.api.espn.com/apis/common/v3/sports/football/college-football/athletes/16768/stats?region=us&lang=en&contentorigin=espn
16804,John Brown,,NFL_id,16804,fetch_failed: RuntimeError: fetch_failed after 3 attempts: 404 Client Error: Not Found for url: https://site.web.api.espn.com/apis/common/v3/sports/football/college-football/athletes/16804/stats?region=us&lang=en&contentorigin=espn
16762,Preston Brown,,NFL_id,16762,fetch_failed: RuntimeError: fetch_failed after 3 attempts: 404 Client Error: Not Found for url: https://site.web.api.espn.com/apis/common/v3/sports/football/college-football/athletes/16762/stats?region=us&lang=en&contentorigin=espn
16886,Martavis Bryant,,NFL_id,16886,fetch_failed: RuntimeError: fetch_failed after 3 attempts: 404 Client Error: Not Found for url: https://site.web.api.espn.com/apis/common/v3/sports/football/college-football/athletes/16886/stats?region=us&lang=en&contentorigin=espn
16723,Deone Bucannon,,NFL_id,16723,fetch_failed: RuntimeError: fetch_failed after 3 attempts: 404 Client Error: Not Found for url: https://site.web.api.espn.com/apis/common/v3/sports/football/college-football/athletes/16723/stats?region=us&lang=en&contentorigin=espn
16832,Michael Campanaro,,NFL_id,16832,fetch_failed: RuntimeError: fetch_failed after 3 attempts: 404 Client Error: Not Found for url: https://site.web.api.espn.com/apis/common/v3/sports/football/college-football/athletes/16832/stats?region=us&lang=en&contentorigin=espn
16942,Ka'Deem Carey,,NFL_id,16942,fetch_failed: RuntimeError: fetch_failed after 3 attempts: 404 Client Error: Not Found for url: https://site.web.api.espn.com/apis/common/v3/sports/football/college-football/athletes/16942/stats?region=us&lang=en&contentorigin=espn
16757,Derek Carr,,NFL_id,16757,fetch_failed: RuntimeError: fetch_failed after 3 attempts: 404 Client Error: Not Found for url: https://site.web.api.espn.com/apis/common/v3/sports/football/college-football/athletes/16757/stats?region=us&lang=en&contentorigin=espn
16851,Ryan Carrethers,,NFL_id,16851,fetch_failed: RuntimeError: fetch_failed after 3 attempts: 404 Client Error: Not Found for url: https://site.web.api.espn.com/apis/common/v3/sports/football/college-football/athletes/16851/stats?region=us&lang=en&contentorigin=espn
16758,Will Clarke,,NFL_id,16758,fetch_failed: RuntimeError: fetch_failed after 3 attempts: 404 Client Error: Not Found for url: https://site.web.api.espn.com/apis/common/v3/sports/football/college-football/athletes/16758/stats?region=us&lang=en&contentorigin=espn
16735,Ha Ha Clinton-Dix,,NFL_id,16735,fetch_failed: RuntimeError: fetch_failed after 3 attempts: 404 Client Error: Not Found for url: https://site.web.api.espn.com/apis/common/v3/sports/football/college-football/athletes/16735/stats?region=us&lang=en&contentorigin=espn
16734,Jadeveon Clowney,,NFL_id,16734,fetch_failed: RuntimeError: fetch_failed after 3 attempts: 404 Client Error: Not Found for url: https://site.web.api.espn.com/apis/common/v3/sports/football/college-football/athletes/16734/stats?region=us&lang=en&contentorigin=espn
16843,Ross Cockrell,,NFL_id,16843,fetch_failed: RuntimeError: fetch_failed after 3 attempts: 404 Client Error: Not Found for url: https://site.web.api.espn.com/apis/common/v3/sports/football/college-football/athletes/16843/stats?region=us&lang=en&contentorigin=espn
16900,Aaron Colvin,,NFL_id,16900,fetch_failed: RuntimeError: fetch_failed after 3 attempts: 404 Client Error: Not Found for url: https://site.web.api.espn.com/apis/common/v3/sports/football/college-football/athletes/16900/stats?region=us&lang=en&contentorigin=espn
16731,Brandin Cooks,,NFL_id,16731,fetch_failed: RuntimeError: fetch_failed after 3 attempts: 404 Client Error: Not Found for url: https://site.web.api.espn.com/apis/common/v3/sports/football/college-football/athletes/16731/stats?region=us&lang=en&contentorigin=espn
16780,Scott Crichton,,NFL_id,16780,fetch_failed: RuntimeError: fetch_failed after 3 attempts: 404 Client Error: Not Found for url: https://site.web.api.espn.com/apis/common/v3/sports/football/college-football/athletes/16780/stats?region=us&lang=en&contentorigin=espn
16718,Darqueze Dennard,,NFL_id,16718,fetch_failed: RuntimeError: fetch_failed after 3 attempts: 404 Client Error: Not Found for url: https://site.web.api.espn.com/apis/common/v3/sports/football/college-football/athletes/16718/stats?region=us&lang=en&contentorigin=espn
16948,Pierre Desir,,NFL_id,16948,fetch_failed: RuntimeError: fetch_failed after 3 attempts: 404 Client Error: Not Found for url: https://site.web.api.espn.com/apis/common/v3/sports/football/college-football/athletes/16948/stats?region=us&lang=en&contentorigin=espn
16895,Ahmad Dixon,,NFL_id,16895,fetch_failed: RuntimeError: fetch_failed after 3 attempts: 404 Client Error: Not Found for url: https://site.web.api.espn.com/apis/common/v3/sports/football/college-football/athletes/16895/stats?region=us&lang=en&contentorigin=espn
16957,Brandon Dixon,,NFL_id,16957,fetch_failed: RuntimeError: fetch_failed after 3 attempts: 404 Client Error: Not Found for url: https://site.web.api.espn.com/apis/common/v3/sports/football/college-football/athletes/16957/stats?region=us&lang=en&contentorigin=espn
16716,Aaron Donald,,NFL_id,16716,fetch_failed: RuntimeError: fetch_failed after 3 attempts: 404 Client Error: Not Found for url: https://site.web.api.espn.com/apis/common/v3/sports/football/college-football/athletes/16716/stats?region=us&lang=en&contentorigin=espn
16918,Jonathan Dowling,,NFL_id,16918,fetch_failed: RuntimeError: fetch_failed after 3 attempts: 404 Client Error: Not Found for url: https://site.web.api.espn.com/apis/common/v3/sports/football/college-football/athletes/16918/stats?region=us&lang=en&contentorigin=espn
16861,Dakota Dozier,,NFL_id,16861,fetch_failed: RuntimeError: fetch_failed after 3 attempts: 404 Client Error: Not Found for url: https://site.web.api.espn.com/apis/common/v3/sports/football/college-football/athletes/16861/stats?region=us&lang=en&contentorigin=espn
16773,Kony Ealy,,NFL_id,16773,fetch_failed: RuntimeError: fetch_failed after 3 attempts: 404 Client Error: Not Found for url: https://site.web.api.espn.com/apis/common/v3/sports/football/college-football/athletes/16773/stats?region=us&lang=en&contentorigin=espn
16721,Dominique Easley,,NFL_id,16721,fetch_failed: RuntimeError: fetch_failed after 3 attempts: 404 Client Error: Not Found for url: https://site.web.api.espn.com/apis/common/v3/sports/football/college-football/athletes/16721/stats?region=us&lang=en&contentorigin=espn
16732,Eric Ebron,,NFL_id,16732,fetch_failed: RuntimeError: fetch_failed after 3 attempts: 404 Client Error: Not Found for url: https://site.web.api.espn.com/apis/common/v3/sports/football/college-football/athletes/16732/stats?region=us&lang=en&contentorigin=espn
16946,Bruce Ellington,,NFL_id,16946,fetch_failed: RuntimeError: fetch_failed after 3 attempts: 404 Client Error: Not Found for url: https://site.web.api.espn.com/apis/common/v3/sports/football/college-football/athletes/16946/stats?region=us&lang=en&contentorigin=espn
16857,Justin Ellis,,NFL_id,16857,fetch_failed: RuntimeError: fetch_failed after 3 attempts: 404 Client Error: Not Found for url: https://site.web.api.espn.com/apis/common/v3/sports/football/college-football/athletes/16857/stats?region=us&lang=en&contentorigin=espn
16858,I.K. Enemkpali,,NFL_id,16858,fetch_failed: RuntimeError: fetch_failed after 3 attempts: 404 Client Error: Not Found for url: https://site.web.api.espn.com/apis/common/v3/sports/football/college-football/athletes/16858/stats?region=us&lang=en&contentorigin=espn
16899,Quincy Enunwa,,NFL_id,16899,fetch_failed: RuntimeError: fetch_failed after 3 attempts: 404 Client Error: Not Found for url: https://site.web.api.espn.com/apis/common/v3/sports/football/college-football/athletes/16899/stats?region=us&lang=en&contentorigin=espn
16737,Mike Evans,,NFL_id,16737,fetch_failed: RuntimeError: fetch_failed after 3 attempts: 404 Client Error: Not Found for url: https://site.web.api.espn.com/apis/common/v3/sports/football/college-football/athletes/16737/stats?region=us&lang=en&contentorigin=espn
16833,Antone Exum,,NFL_id,16833,fetch_failed: RuntimeError: fetch_failed after 3 attempts: 404 Client Error: Not Found for url: https://site.web.api.espn.com/apis/common/v3/sports/football/college-football/athletes/16833/stats?region=us&lang=en&contentorigin=espn
16821,David Fales,,NFL_id,16821,fetch_failed: RuntimeError: fetch_failed after 3 attempts: 404 Client Error: Not Found for url: https://site.web.api.espn.com/apis/common/v3/sports/football/college-football/athletes/16821/stats?region=us&lang=en&contentorigin=espn
16778,Ego Ferguson,,NFL_id,16778,fetch_failed: RuntimeError: fetch_failed after 3 attempts: 404 Client Error: Not Found for url: https://site.web.api.espn.com/apis/common/v3/sports/football/college-football/athletes/16778/stats?region=us&lang=en&contentorigin=espn
16766,C.J. Fiedorowicz,,NFL_id,16766,fetch_failed: RuntimeError: fetch_failed after 3 attempts: 404 Client Error: Not Found for url: https://site.web.api.espn.com/apis/common/v3/sports/football/college-football/athletes/16766/stats?region=us&lang=en&contentorigin=espn
16707,Dee Ford,,NFL_id,16707,fetch_failed: RuntimeError: fetch_failed after 3 attempts: 404 Client Error: Not Found for url: https://site.web.api.espn.com/apis/common/v3/sports/football/college-football/athletes/16707/stats?region=us&lang=en&contentorigin=espn
16909,Khairi Fortt,,NFL_id,16909,fetch_failed: RuntimeError: fetch_failed after 3 attempts: 404 Client Error: Not Found for url: https://site.web.api.espn.com/apis/common/v3/sports/football/college-football/athletes/16909/stats?region=us&lang=en&contentorigin=espn
16944,Devonta Freeman,,NFL_id,16944,fetch_failed: RuntimeError: fetch_failed after 3 attempts: 404 Client Error: Not Found for url: https://site.web.api.espn.com/apis/common/v3/sports/football/college-football/athletes/16944/stats?region=us&lang=en&contentorigin=espn
16715,Kyle Fuller,,NFL_id,16715,fetch_failed: RuntimeError: fetch_failed after 3 attempts: 404 Client Error: Not Found for url: https://site.web.api.espn.com/apis/common/v3/sports/football/college-football/athletes/16715/stats?region=us&lang=en&contentorigin=espn
16923,Zach Fulton,,NFL_id,16923,fetch_failed: RuntimeError: fetch_failed after 3 attempts: 404 Client Error: Not Found for url: https://site.web.api.espn.com/apis/common/v3/sports/football/college-football/athletes/16923/stats?region=us&lang=en&contentorigin=espn
16898,E.J. Gaines,,NFL_id,16898,fetch_failed: RuntimeError: fetch_failed after 3 attempts: 404 Client Error: Not Found for url: https://site.web.api.espn.com/apis/common/v3/sports/football/college-football/athletes/16898/stats?region=us&lang=en&contentorigin=espn
16750,Phillip Gaines,,NFL_id,16750,fetch_failed: RuntimeError: fetch_failed after 3 attempts: 404 Client Error: Not Found for url: https://site.web.api.espn.com/apis/common/v3/sports/football/college-football/athletes/16750/stats?region=us&lang=en&contentorigin=espn
16760,Jimmy Garoppolo,,NFL_id,16760,fetch_failed: RuntimeError: fetch_failed after 3 attempts: 404 Client Error: Not Found for url: https://site.web.api.espn.com/apis/common/v3/sports/football/college-football/athletes/16760/stats?region=us&lang=en&contentorigin=espn
16897,Jeremiah George,,NFL_id,16897,fetch_failed: RuntimeError: fetch_failed after 3 attempts: 404 Client Error: Not Found for url: https://site.web.api.espn.com/apis/common/v3/sports/football/college-football/athletes/16897/stats?region=us&lang=en&contentorigin=espn
16714,Justin Gilbert,,NFL_id,16714,fetch_failed: RuntimeError: fetch_failed after 3 attempts: 404 Client Error: Not Found for url: https://site.web.api.espn.com/apis/common/v3/sports/football/college-football/athletes/16714/stats?region=us&lang=en&contentorigin=espn
16775,Crockett Gillmore,,NFL_id,16775,fetch_failed: RuntimeError: fetch_failed after 3 attempts: 404 Client Error: Not Found for url: https://site.web.api.espn.com/apis/common/v3/sports/football/college-football/athletes/16775/stats?region=us&lang=en&contentorigin=espn
16949,Demetri Goodson,,NFL_id,16949,fetch_failed: RuntimeError: fetch_failed after 3 attempts: 404 Client Error: Not Found for url: https://site.web.api.espn.com/apis/common/v3/sports/football/college-football/athletes/16949/stats?region=us&lang=en&contentorigin=espn
16845,Ryan Grant,,NFL_id,16845,fetch_failed: RuntimeError: fetch_failed after 3 attempts: 404 Client Error: Not Found for url: https://site.web.api.espn.com/apis/common/v3/sports/football/college-football/athletes/16845/stats?region=us&lang=en&contentorigin=espn
16956,Marion Grice,,NFL_id,16956,fetch_failed: RuntimeError: fetch_failed after 3 attempts: 404 Client Error: Not Found for url: https://site.web.api.espn.com/apis/common/v3/sports/football/college-football/athletes/16956/stats?region=us&lang=en&contentorigin=espn
16744,Ra'Shede Hageman,,NFL_id,16744,fetch_failed: RuntimeError: fetch_failed after 3 attempts: 404 Client Error: Not Found for url: https://site.web.api.espn.com/apis/common/v3/sports/football/college-football/athletes/16744/stats?region=us&lang=en&contentorigin=espn
17467,Andre Hal,,NFL_id,17467,fetch_failed: RuntimeError: fetch_failed after 3 attempts: 404 Client Error: Not Found for url: https://site.web.api.espn.com/apis/common/v3/sports/football/college-football/athletes/17467/stats?region=us&lang=en&contentorigin=espn
16842,Jon Halapio,,NFL_id,16842,fetch_failed: RuntimeError: fetch_failed after 3 attempts: 404 Client Error: Not Found for url: https://site.web.api.espn.com/apis/common/v3/sports/football/college-football/athletes/16842/stats?region=us&lang=en&contentorigin=espn
16865,Taylor Hart,,NFL_id,16865,fetch_failed: RuntimeError: fetch_failed after 3 attempts: 404 Client Error: Not Found for url: https://site.web.api.espn.com/apis/common/v3/sports/football/college-football/athletes/16865/stats?region=us&lang=en&contentorigin=espn
16870,Matt Hazel,,NFL_id,16870,fetch_failed: RuntimeError: fetch_failed after 3 attempts: 404 Client Error: Not Found for url: https://site.web.api.espn.com/apis/common/v3/sports/football/college-football/athletes/16870/stats?region=us&lang=en&contentorigin=espn
16892,Seantrel Henderson,,NFL_id,16892,fetch_failed: RuntimeError: fetch_failed after 3 attempts: 404 Client Error: Not Found for url: https://site.web.api.espn.com/apis/common/v3/sports/football/college-football/athletes/16892/stats?region=us&lang=en&contentorigin=espn
16903,Robert Herron,,NFL_id,16903,fetch_failed: RuntimeError: fetch_failed after 3 attempts: 404 Client Error: Not Found for url: https://site.web.api.espn.com/apis/common/v3/sports/football/college-football/athletes/16903/stats?region=us&lang=en&contentorigin=espn
16803,Jeremy Hill,,NFL_id,16803,fetch_failed: RuntimeError: fetch_failed after 3 attempts: 404 Client Error: Not Found for url: https://site.web.api.espn.com/apis/common/v3/sports/football/college-football/athletes/16803/stats?region=us&lang=en&contentorigin=espn
16883,Anthony Hitchens,,NFL_id,16883,fetch_failed: RuntimeError: fetch_failed after 3 attempts: 404 Client Error: Not Found for url: https://site.web.api.espn.com/apis/common/v3/sports/football/college-football/athletes/16883/stats?region=us&lang=en&contentorigin=espn
16916,Zach Hocker,,NFL_id,16916,fetch_failed: RuntimeError: fetch_failed after 3 attempts: 404 Client Error: Not Found for url: https://site.web.api.espn.com/apis/common/v3/sports/football/college-football/athletes/16916/stats?region=us&lang=en&contentorigin=espn
16779,Josh Huff,,NFL_id,16779,fetch_failed: RuntimeError: fetch_failed after 3 attempts: 404 Client Error: Not Found for url: https://site.web.api.espn.com/apis/common/v3/sports/football/college-football/athletes/16779/stats?region=us&lang=en&contentorigin=espn
16904,Marqueston Huff,,NFL_id,16904,fetch_failed: RuntimeError: fetch_failed after 3 attempts: 404 Client Error: Not Found for url: https://site.web.api.espn.com/apis/common/v3/sports/football/college-football/athletes/16904/stats?region=us&lang=en&contentorigin=espn
16777,Carlos Hyde,,NFL_id,16777,fetch_failed: RuntimeError: fetch_failed after 3 attempts: 404 Client Error: Not Found for url: https://site.web.api.espn.com/apis/common/v3/sports/football/college-football/athletes/16777/stats?region=us&lang=en&contentorigin=espn
16753,Gabe Jackson,,NFL_id,16753,fetch_failed: RuntimeError: fetch_failed after 3 attempts: 404 Client Error: Not Found for url: https://site.web.api.espn.com/apis/common/v3/sports/football/college-football/athletes/16753/stats?region=us&lang=en&contentorigin=espn
16722,Ja'Wuan James,,NFL_id,16722,fetch_failed: RuntimeError: fetch_failed after 3 attempts: 404 Client Error: Not Found for url: https://site.web.api.espn.com/apis/common/v3/sports/football/college-football/athletes/16722/stats?region=us&lang=en&contentorigin=espn
16960,Jeff Janis,,NFL_id,16960,fetch_failed: RuntimeError: fetch_failed after 3 attempts: 404 Client Error: Not Found for url: https://site.web.api.espn.com/apis/common/v3/sports/football/college-football/athletes/16960/stats?region=us&lang=en&contentorigin=espn
16774,Stanley Jean-Baptiste,,NFL_id,16774,fetch_failed: RuntimeError: fetch_failed after 3 attempts: 404 Client Error: Not Found for url: https://site.web.api.espn.com/apis/common/v3/sports/football/college-football/athletes/16774/stats?region=us&lang=en&contentorigin=espn
16785,Timmy Jernigan,,NFL_id,16785,fetch_failed: RuntimeError: fetch_failed after 3 attempts: 404 Client Error: Not Found for url: https://site.web.api.espn.com/apis/common/v3/sports/football/college-football/athletes/16785/stats?region=us&lang=en&contentorigin=espn
16893,Dontae Johnson,,NFL_id,16893,fetch_failed: RuntimeError: fetch_failed after 3 attempts: 404 Client Error: Not Found for url: https://site.web.api.espn.com/apis/common/v3/sports/football/college-football/athletes/16893/stats?region=us&lang=en&contentorigin=espn
16884,Storm Johnson,,NFL_id,16884,fetch_failed: RuntimeError: fetch_failed after 3 attempts: 404 Client Error: Not Found for url: https://site.web.api.espn.com/apis/common/v3/sports/football/college-football/athletes/16884/stats?region=us&lang=en&contentorigin=espn
16846,Wesley Johnson,,NFL_id,16846,fetch_failed: RuntimeError: fetch_failed after 3 attempts: 404 Client Error: Not Found for url: https://site.web.api.espn.com/apis/common/v3/sports/football/college-football/athletes/16846/stats?region=us&lang=en&contentorigin=espn
16910,DaQuan Jones,,NFL_id,16910,fetch_failed: RuntimeError: fetch_failed after 3 attempts: 404 Client Error: Not Found for url: https://site.web.api.espn.com/apis/common/v3/sports/football/college-football/athletes/16910/stats?region=us&lang=en&contentorigin=espn
16880,T.J. Jones,,NFL_id,16880,fetch_failed: RuntimeError: fetch_failed after 3 attempts: 404 Client Error: Not Found for url: https://site.web.api.espn.com/apis/common/v3/sports/football/college-football/athletes/16880/stats?region=us&lang=en&contentorigin=espn
16769,Lamarcus Joyner,,NFL_id,16769,fetch_failed: RuntimeError: fetch_failed after 3 attempts: 404 Client Error: Not Found for url: https://site.web.api.espn.com/apis/common/v3/sports/football/college-football/athletes/16769/stats?region=us&lang=en&contentorigin=espn
16733,Odell Beckham Jr.,,NFL_id,16733,fetch_failed: RuntimeError: fetch_failed after 3 attempts: 404 Client Error: Not Found for url: https://site.web.api.espn.com/apis/common/v3/sports/football/college-football/athletes/16733/stats?region=us&lang=en&contentorigin=espn
16820,Devon Kennard,,NFL_id,16820,fetch_failed: RuntimeError: fetch_failed after 3 attempts: 404 Client Error: Not Found for url: https://site.web.api.espn.com/apis/common/v3/sports/football/college-football/athletes/16820/stats?region=us&lang=en&contentorigin=espn
16767,Christian Kirksey,,NFL_id,16767,fetch_failed: RuntimeError: fetch_failed after 3 attempts: 404 Client Error: Not Found for url: https://site.web.api.espn.com/apis/common/v3/sports/football/college-football/athletes/16767/stats?region=us&lang=en&contentorigin=espn
16796,Cyrus Kouandjio,,NFL_id,16796,fetch_failed: RuntimeError: fetch_failed after 3 attempts: 404 Client Error: Not Found for url: https://site.web.api.espn.com/apis/common/v3/sports/football/college-football/athletes/16796/stats?region=us&lang=en&contentorigin=espn
16790,Jarvis Landry,,NFL_id,16790,fetch_failed: RuntimeError: fetch_failed after 3 attempts: 404 Client Error: Not Found for url: https://site.web.api.espn.com/apis/common/v3/sports/football/college-football/athletes/16790/stats?region=us&lang=en&contentorigin=espn
16793,Cody Latimer,,NFL_id,16793,fetch_failed: RuntimeError: fetch_failed after 3 attempts: 404 Client Error: Not Found for url: https://site.web.api.espn.com/apis/common/v3/sports/football/college-football/athletes/16793/stats?region=us&lang=en&contentorigin=espn
16929,Nevin Lawson,,NFL_id,16929,fetch_failed: RuntimeError: fetch_failed after 3 attempts: 404 Client Error: Not Found for url: https://site.web.api.espn.com/apis/common/v3/sports/football/college-football/athletes/16929/stats?region=us&lang=en&contentorigin=espn
16787,Marqise Lee,,NFL_id,16787,fetch_failed: RuntimeError: fetch_failed after 3 attempts: 404 Client Error: Not Found for url: https://site.web.api.espn.com/apis/common/v3/sports/football/college-football/athletes/16787/stats?region=us&lang=en&contentorigin=espn
16848,Charles Leno,,NFL_id,16848,fetch_failed: RuntimeError: fetch_failed after 3 attempts: 404 Client Error: Not Found for url: https://site.web.api.espn.com/apis/common/v3/sports/football/college-football/athletes/16848/stats?region=us&lang=en&contentorigin=espn
16708,Taylor Lewan,,NFL_id,16708,fetch_failed: RuntimeError: fetch_failed after 3 attempts: 404 Client Error: Not Found for url: https://site.web.api.espn.com/apis/common/v3/sports/football/college-football/athletes/16708/stats?region=us&lang=en&contentorigin=espn
16770,Brandon Linder,,NFL_id,16770,fetch_failed: RuntimeError: fetch_failed after 3 attempts: 404 Client Error: Not Found for url: https://site.web.api.espn.com/apis/common/v3/sports/football/college-football/athletes/16770/stats?region=us&lang=en&contentorigin=espn
16864,Corey Linsley,,NFL_id,16864,fetch_failed: RuntimeError: fetch_failed after 3 attempts: 404 Client Error: Not Found for url: https://site.web.api.espn.com/apis/common/v3/sports/football/college-football/athletes/16864/stats?region=us&lang=en&contentorigin=espn
16743,Spencer Long,,NFL_id,16743,fetch_failed: RuntimeError: fetch_failed after 3 attempts: 404 Client Error: Not Found for url: https://site.web.api.espn.com/apis/common/v3/sports/football/college-football/athletes/16743/stats?region=us&lang=en&contentorigin=espn
16941,Aaron Lynch,,NFL_id,16941,fetch_failed: RuntimeError: fetch_failed after 3 attempts: 404 Client Error: Not Found for url: https://site.web.api.espn.com/apis/common/v3/sports/football/college-football/athletes/16941/stats?region=us&lang=en&contentorigin=espn
16710,Khalil Mack,,NFL_id,16710,fetch_failed: RuntimeError: fetch_failed after 3 attempts: 404 Client Error: Not Found for url: https://site.web.api.espn.com/apis/common/v3/sports/football/college-football/athletes/16710/stats?region=us&lang=en&contentorigin=espn
16736,Johnny Manziel,,NFL_id,16736,fetch_failed: RuntimeError: fetch_failed after 3 attempts: 404 Client Error: Not Found for url: https://site.web.api.espn.com/apis/common/v3/sports/football/college-football/athletes/16736/stats?region=us&lang=en&contentorigin=espn
16873,Cassius Marsh,,NFL_id,16873,fetch_failed: RuntimeError: fetch_failed after 3 attempts: 404 Client Error: Not Found for url: https://site.web.api.espn.com/apis/common/v3/sports/football/college-football/athletes/16873/stats?region=us&lang=en&contentorigin=espn
16764,Kareem Martin,,NFL_id,16764,fetch_failed: RuntimeError: fetch_failed after 3 attempts: 404 Client Error: Not Found for url: https://site.web.api.espn.com/apis/common/v3/sports/football/college-football/athletes/16764/stats?region=us&lang=en&contentorigin=espn
16788,Marcus Martin,,NFL_id,16788,fetch_failed: RuntimeError: fetch_failed after 3 attempts: 404 Client Error: Not Found for url: https://site.web.api.espn.com/apis/common/v3/sports/football/college-football/athletes/16788/stats?region=us&lang=en&contentorigin=espn
16709,Zack Martin,,NFL_id,16709,fetch_failed: RuntimeError: fetch_failed after 3 attempts: 404 Client Error: Not Found for url: https://site.web.api.espn.com/apis/common/v3/sports/football/college-football/athletes/16709/stats?region=us&lang=en&contentorigin=espn
16784,Tre Mason,,NFL_id,16784,fetch_failed: RuntimeError: fetch_failed after 3 attempts: 404 Client Error: Not Found for url: https://site.web.api.espn.com/apis/common/v3/sports/football/college-football/athletes/16784/stats?region=us&lang=en&contentorigin=espn
16713,Jake Matthews,,NFL_id,16713,fetch_failed: RuntimeError: fetch_failed after 3 attempts: 404 Client Error: Not Found for url: https://site.web.api.espn.com/apis/common/v3/sports/football/college-football/athletes/16713/stats?region=us&lang=en&contentorigin=espn
16763,Jordan Matthews,,NFL_id,16763,fetch_failed: RuntimeError: fetch_failed after 3 attempts: 404 Client Error: Not Found for url: https://site.web.api.espn.com/apis/common/v3/sports/football/college-football/athletes/16763/stats?region=us&lang=en&contentorigin=espn
16810,A.J. McCarron,,NFL_id,16810,fetch_failed: RuntimeError: fetch_failed after 3 attempts: 404 Client Error: Not Found for url: https://site.web.api.espn.com/apis/common/v3/sports/football/college-football/athletes/16810/stats?region=us&lang=en&contentorigin=espn
16952,Daniel McCullers,,NFL_id,16952,fetch_failed: RuntimeError: fetch_failed after 3 attempts: 404 Client Error: Not Found for url: https://site.web.api.espn.com/apis/common/v3/sports/football/college-football/athletes/16952/stats?region=us&lang=en&contentorigin=espn
16805,Dexter McDougle,,NFL_id,16805,fetch_failed: RuntimeError: fetch_failed after 3 attempts: 404 Client Error: Not Found for url: https://site.web.api.espn.com/apis/common/v3/sports/football/college-football/athletes/16805/stats?region=us&lang=en&contentorigin=espn
16940,Keith McGill,,NFL_id,16940,fetch_failed: RuntimeError: fetch_failed after 3 attempts: 404 Client Error: Not Found for url: https://site.web.api.espn.com/apis/common/v3/sports/football/college-football/athletes/16940/stats?region=us&lang=en&contentorigin=espn
16782,Jerick McKinnon,,NFL_id,16782,fetch_failed: RuntimeError: fetch_failed after 3 attempts: 404 Client Error: Not Found for url: https://site.web.api.espn.com/apis/common/v3/sports/football/college-football/athletes/16782/stats?region=us&lang=en&contentorigin=espn
16814,Zach Mettenberger,,NFL_id,16814,fetch_failed: RuntimeError: fetch_failed after 3 attempts: 404 Client Error: Not Found for url: https://site.web.api.espn.com/apis/common/v3/sports/football/college-football/athletes/16814/stats?region=us&lang=en&contentorigin=espn
16745,Jack Mewhort,,NFL_id,16745,fetch_failed: RuntimeError: fetch_failed after 3 attempts: 404 Client Error: Not Found for url: https://site.web.api.espn.com/apis/common/v3/sports/football/college-football/athletes/16745/stats?region=us&lang=en&contentorigin=espn
16927,Terrance Mitchell,,NFL_id,16927,fetch_failed: RuntimeError: fetch_failed after 3 attempts: 404 Client Error: Not Found for url: https://site.web.api.espn.com/apis/common/v3/sports/football/college-football/athletes/16927/stats?region=us&lang=en&contentorigin=espn
16791,Donte Moncrief,,NFL_id,16791,fetch_failed: RuntimeError: fetch_failed after 3 attempts: 404 Client Error: Not Found for url: https://site.web.api.espn.com/apis/common/v3/sports/football/college-football/athletes/16791/stats?region=us&lang=en&contentorigin=espn
16959,Zach Moore,,NFL_id,16959,fetch_failed: RuntimeError: fetch_failed after 3 attempts: 404 Client Error: Not Found for url: https://site.web.api.espn.com/apis/common/v3/sports/football/college-football/athletes/16959/stats?region=us&lang=en&contentorigin=espn
16771,Morgan Moses,,NFL_id,16771,fetch_failed: RuntimeError: fetch_failed after 3 attempts: 404 Client Error: Not Found for url: https://site.web.api.espn.com/apis/common/v3/sports/football/college-football/athletes/16771/stats?region=us&lang=en&contentorigin=espn
16720,C.J. Mosley,,NFL_id,16720,fetch_failed: RuntimeError: fetch_failed after 3 attempts: 404 Client Error: Not Found for url: https://site.web.api.espn.com/apis/common/v3/sports/football/college-football/athletes/16720/stats?region=us&lang=en&contentorigin=espn
16751,Trent Murphy,,NFL_id,16751,fetch_failed: RuntimeError: fetch_failed after 3 attempts: 404 Client Error: Not Found for url: https://site.web.api.espn.com/apis/common/v3/sports/football/college-football/athletes/16751/stats?region=us&lang=en&contentorigin=espn
16867,Jonathan Newsome,,NFL_id,16867,fetch_failed: RuntimeError: fetch_failed after 3 attempts: 404 Client Error: Not Found for url: https://site.web.api.espn.com/apis/common/v3/sports/football/college-football/athletes/16867/stats?region=us&lang=en&contentorigin=espn
16797,Troy Niklas,,NFL_id,16797,fetch_failed: RuntimeError: fetch_failed after 3 attempts: 404 Client Error: Not Found for url: https://site.web.api.espn.com/apis/common/v3/sports/football/college-football/athletes/16797/stats?region=us&lang=en&contentorigin=espn
16841,Kevin Norwood,,NFL_id,16841,fetch_failed: RuntimeError: fetch_failed after 3 attempts: 404 Client Error: Not Found for url: https://site.web.api.espn.com/apis/common/v3/sports/football/college-football/athletes/16841/stats?region=us&lang=en&contentorigin=espn
16772,Kyle Van Noy,,NFL_id,16772,fetch_failed: RuntimeError: fetch_failed after 3 attempts: 404 Client Error: Not Found for url: https://site.web.api.espn.com/apis/common/v3/sports/football/college-football/athletes/16772/stats?region=us&lang=en&contentorigin=espn
16863,Pat O'Donnell,,NFL_id,16863,fetch_failed: RuntimeError: fetch_failed after 3 attempts: 404 Client Error: Not Found for url: https://site.web.api.espn.com/apis/common/v3/sports/football/college-football/athletes/16863/stats?region=us&lang=en&contentorigin=espn
16947,Jeoffrey Pagan,,NFL_id,16947,fetch_failed: RuntimeError: fetch_failed after 3 attempts: 404 Client Error: Not Found for url: https://site.web.api.espn.com/apis/common/v3/sports/football/college-football/athletes/16947/stats?region=us&lang=en&contentorigin=espn
16847,Matt Paradis,,NFL_id,16847,fetch_failed: RuntimeError: fetch_failed after 3 attempts: 404 Client Error: Not Found for url: https://site.web.api.espn.com/apis/common/v3/sports/football/college-football/athletes/16847/stats?region=us&lang=en&contentorigin=espn
16888,Kevin Pierre-Louis,,NFL_id,16888,fetch_failed: RuntimeError: fetch_failed after 3 attempts: 404 Client Error: Not Found for url: https://site.web.api.espn.com/apis/common/v3/sports/football/college-football/athletes/16888/stats?region=us&lang=en&contentorigin=espn
16887,Ronald Powell,,NFL_id,16887,fetch_failed: RuntimeError: fetch_failed after 3 attempts: 404 Client Error: Not Found for url: https://site.web.api.espn.com/apis/common/v3/sports/football/college-football/athletes/16887/stats?region=us&lang=en&contentorigin=espn
16878,Jabari Price,,NFL_id,16878,fetch_failed: RuntimeError: fetch_failed after 3 attempts: 404 Client Error: Not Found for url: https://site.web.api.espn.com/apis/common/v3/sports/football/college-football/athletes/16878/stats?region=us&lang=en&contentorigin=espn
16729,Calvin Pryor,,NFL_id,16729,fetch_failed: RuntimeError: fetch_failed after 3 attempts: 404 Client Error: Not Found for url: https://site.web.api.espn.com/apis/common/v3/sports/football/college-football/athletes/16729/stats?region=us&lang=en&contentorigin=espn
16930,Keith Reaser,,NFL_id,16930,fetch_failed: RuntimeError: fetch_failed after 3 attempts: 404 Client Error: Not Found for url: https://site.web.api.espn.com/apis/common/v3/sports/football/college-football/athletes/16930/stats?region=us&lang=en&contentorigin=espn
16853,Caraun Reid,,NFL_id,16853,fetch_failed: RuntimeError: fetch_failed after 3 attempts: 404 Client Error: Not Found for url: https://site.web.api.espn.com/apis/common/v3/sports/football/college-football/athletes/16853/stats?region=us&lang=en&contentorigin=espn
16834,Trevor Reilly,,NFL_id,16834,fetch_failed: RuntimeError: fetch_failed after 3 attempts: 404 Client Error: Not Found for url: https://site.web.api.espn.com/apis/common/v3/sports/football/college-football/athletes/16834/stats?region=us&lang=en&contentorigin=espn
16933,Ed Reynolds,,NFL_id,16933,fetch_failed: RuntimeError: fetch_failed after 3 attempts: 404 Client Error: Not Found for url: https://site.web.api.espn.com/apis/common/v3/sports/football/college-football/athletes/16933/stats?region=us&lang=en&contentorigin=espn
16781,Paul Richardson,,NFL_id,16781,fetch_failed: RuntimeError: fetch_failed after 3 attempts: 404 Client Error: Not Found for url: https://site.web.api.espn.com/apis/common/v3/sports/football/college-football/athletes/16781/stats?region=us&lang=en&contentorigin=espn
16746,Weston Richburg,,NFL_id,16746,fetch_failed: RuntimeError: fetch_failed after 3 attempts: 404 Client Error: Not Found for url: https://site.web.api.espn.com/apis/common/v3/sports/football/college-football/athletes/16746/stats?region=us&lang=en&contentorigin=espn
16799,Allen Robinson,,NFL_id,16799,fetch_failed: RuntimeError: fetch_failed after 3 attempts: 404 Client Error: Not Found for url: https://site.web.api.espn.com/apis/common/v3/sports/football/college-football/athletes/16799/stats?region=us&lang=en&contentorigin=espn
7439,Greg Robinson,,NFL_id,7439,fetch_failed: RuntimeError: fetch_failed after 3 attempts: 404 Client Error: Not Found for url: https://site.web.api.espn.com/apis/common/v3/sports/football/college-football/athletes/7439/stats?region=us&lang=en&contentorigin=espn
16719,Bradley Roby,,NFL_id,16719,fetch_failed: RuntimeError: fetch_failed after 3 attempts: 404 Client Error: Not Found for url: https://site.web.api.espn.com/apis/common/v3/sports/football/college-football/athletes/16719/stats?region=us&lang=en&contentorigin=espn
16786,Richard Rodgers,,NFL_id,16786,fetch_failed: RuntimeError: fetch_failed after 3 attempts: 404 Client Error: Not Found for url: https://site.web.api.espn.com/apis/common/v3/sports/football/college-football/athletes/16786/stats?region=us&lang=en&contentorigin=espn
16794,Bishop Sankey,,NFL_id,16794,fetch_failed: RuntimeError: fetch_failed after 3 attempts: 404 Client Error: Not Found for url: https://site.web.api.espn.com/apis/common/v3/sports/football/college-football/athletes/16794/stats?region=us&lang=en&contentorigin=espn
16928,Jalen Saunders,,NFL_id,16928,fetch_failed: RuntimeError: fetch_failed after 3 attempts: 404 Client Error: Not Found for url: https://site.web.api.espn.com/apis/common/v3/sports/football/college-football/athletes/16928/stats?region=us&lang=en&contentorigin=espn
16943,Tom Savage,,NFL_id,16943,fetch_failed: RuntimeError: fetch_failed after 3 attempts: 404 Client Error: Not Found for url: https://site.web.api.espn.com/apis/common/v3/sports/football/college-football/athletes/16943/stats?region=us&lang=en&contentorigin=espn
16741,Michael Schofield,,NFL_id,16741,fetch_failed: RuntimeError: fetch_failed after 3 attempts: 404 Client Error: Not Found for url: https://site.web.api.espn.com/apis/common/v3/sports/football/college-football/athletes/16741/stats?region=us&lang=en&contentorigin=espn
16795,Austin Seferian-Jenkins,,NFL_id,16795,fetch_failed: RuntimeError: fetch_failed after 3 attempts: 404 Client Error: Not Found for url: https://site.web.api.espn.com/apis/common/v3/sports/football/college-football/athletes/16795/stats?region=us&lang=en&contentorigin=espn
16727,Ryan Shazier,,NFL_id,16727,fetch_failed: RuntimeError: fetch_failed after 3 attempts: 404 Client Error: Not Found for url: https://site.web.api.espn.com/apis/common/v3/sports/football/college-football/athletes/16727/stats?region=us&lang=en&contentorigin=espn
16881,Prince Shembo,,NFL_id,16881,fetch_failed: RuntimeError: fetch_failed after 3 attempts: 404 Client Error: Not Found for url: https://site.web.api.espn.com/apis/common/v3/sports/football/college-football/athletes/16881/stats?region=us&lang=en&contentorigin=espn
16749,Charles Sims,,NFL_id,16749,fetch_failed: RuntimeError: fetch_failed after 3 attempts: 404 Client Error: Not Found for url: https://site.web.api.espn.com/apis/common/v3/sports/football/college-football/athletes/16749/stats?region=us&lang=en&contentorigin=espn
16917,Chris Smith,,NFL_id,16917,fetch_failed: RuntimeError: fetch_failed after 3 attempts: 404 Client Error: Not Found for url: https://site.web.api.espn.com/apis/common/v3/sports/football/college-football/athletes/16917/stats?region=us&lang=en&contentorigin=espn
16712,Marcus Smith,,NFL_id,16712,fetch_failed: RuntimeError: fetch_failed after 3 attempts: 404 Client Error: Not Found for url: https://site.web.api.espn.com/apis/common/v3/sports/football/college-football/athletes/16712/stats?region=us&lang=en&contentorigin=espn
16891,Telvin Smith,,NFL_id,16891,fetch_failed: RuntimeError: fetch_failed after 3 attempts: 404 Client Error: Not Found for url: https://site.web.api.espn.com/apis/common/v3/sports/football/college-football/athletes/16891/stats?region=us&lang=en&contentorigin=espn
16747,Dezmen Southward,,NFL_id,16747,fetch_failed: RuntimeError: fetch_failed after 3 attempts: 404 Client Error: Not Found for url: https://site.web.api.espn.com/apis/common/v3/sports/football/college-football/athletes/16747/stats?region=us&lang=en&contentorigin=espn
16856,Tyler Starr,,NFL_id,16856,fetch_failed: RuntimeError: fetch_failed after 3 attempts: 404 Client Error: Not Found for url: https://site.web.api.espn.com/apis/common/v3/sports/football/college-football/athletes/16856/stats?region=us&lang=en&contentorigin=espn
16866,Shamar Stephen,,NFL_id,16866,fetch_failed: RuntimeError: fetch_failed after 3 attempts: 404 Client Error: Not Found for url: https://site.web.api.espn.com/apis/common/v3/sports/football/college-football/athletes/16866/stats?region=us&lang=en&contentorigin=espn
16840,Ed Stinson,,NFL_id,16840,fetch_failed: RuntimeError: fetch_failed after 3 attempts: 404 Client Error: Not Found for url: https://site.web.api.espn.com/apis/common/v3/sports/football/college-football/athletes/16840/stats?region=us&lang=en&contentorigin=espn
16826,Bryan Stork,,NFL_id,16826,fetch_failed: RuntimeError: fetch_failed after 3 attempts: 404 Client Error: Not Found for url: https://site.web.api.espn.com/apis/common/v3/sports/football/college-football/athletes/16826/stats?region=us&lang=en&contentorigin=espn
16815,Devin Street,,NFL_id,16815,fetch_failed: RuntimeError: fetch_failed after 3 attempts: 404 Client Error: Not Found for url: https://site.web.api.espn.com/apis/common/v3/sports/football/college-football/athletes/16815/stats?region=us&lang=en&contentorigin=espn
16801,Xavier Su'a-Filo,,NFL_id,16801,fetch_failed: RuntimeError: fetch_failed after 3 attempts: 404 Client Error: Not Found for url: https://site.web.api.espn.com/apis/common/v3/sports/football/college-football/athletes/16801/stats?region=us&lang=en&contentorigin=espn
16938,Vinnie Sunseri,,NFL_id,16938,fetch_failed: RuntimeError: fetch_failed after 3 attempts: 404 Client Error: Not Found for url: https://site.web.api.espn.com/apis/common/v3/sports/football/college-football/athletes/16938/stats?region=us&lang=en&contentorigin=espn
16738,Will Sutton,,NFL_id,16738,fetch_failed: RuntimeError: fetch_failed after 3 attempts: 404 Client Error: Not Found for url: https://site.web.api.espn.com/apis/common/v3/sports/football/college-football/athletes/16738/stats?region=us&lang=en&contentorigin=espn
16752,Travis Swanson,,NFL_id,16752,fetch_failed: RuntimeError: fetch_failed after 3 attempts: 404 Client Error: Not Found for url: https://site.web.api.espn.com/apis/common/v3/sports/football/college-football/athletes/16752/stats?region=us&lang=en&contentorigin=espn
16950,Lorenzo Taliaferro,,NFL_id,16950,fetch_failed: RuntimeError: fetch_failed after 3 attempts: 404 Client Error: Not Found for url: https://site.web.api.espn.com/apis/common/v3/sports/football/college-football/athletes/16950/stats?region=us&lang=en&contentorigin=espn
16945,De'Anthony Thomas,,NFL_id,16945,fetch_failed: RuntimeError: fetch_failed after 3 attempts: 404 Client Error: Not Found for url: https://site.web.api.espn.com/apis/common/v3/sports/football/college-football/athletes/16945/stats?region=us&lang=en&contentorigin=espn
16813,Logan Thomas,,NFL_id,16813,fetch_failed: RuntimeError: fetch_failed after 3 attempts: 404 Client Error: Not Found for url: https://site.web.api.espn.com/apis/common/v3/sports/football/college-football/athletes/16813/stats?region=us&lang=en&contentorigin=espn
16756,Khyri Thornton,,NFL_id,16756,fetch_failed: RuntimeError: fetch_failed after 3 attempts: 404 Client Error: Not Found for url: https://site.web.api.espn.com/apis/common/v3/sports/football/college-football/athletes/16756/stats?region=us&lang=en&contentorigin=espn
16862,Jordan Tripp,,NFL_id,16862,fetch_failed: RuntimeError: fetch_failed after 3 attempts: 404 Client Error: Not Found for url: https://site.web.api.espn.com/apis/common/v3/sports/football/college-football/athletes/16862/stats?region=us&lang=en&contentorigin=espn
16798,Stephon Tuitt,,NFL_id,16798,fetch_failed: RuntimeError: fetch_failed after 3 attempts: 404 Client Error: Not Found for url: https://site.web.api.espn.com/apis/common/v3/sports/football/college-football/athletes/16798/stats?region=us&lang=en&contentorigin=espn
16759,Billy Turner,,NFL_id,16759,fetch_failed: RuntimeError: fetch_failed after 3 attempts: 404 Client Error: Not Found for url: https://site.web.api.espn.com/apis/common/v3/sports/football/college-football/athletes/16759/stats?region=us&lang=en&contentorigin=espn
16789,Trai Turner,,NFL_id,16789,fetch_failed: RuntimeError: fetch_failed after 3 attempts: 404 Client Error: Not Found for url: https://site.web.api.espn.com/apis/common/v3/sports/football/college-football/athletes/16789/stats?region=us&lang=en&contentorigin=espn
16831,Brent Urban,,NFL_id,16831,fetch_failed: RuntimeError: fetch_failed after 3 attempts: 404 Client Error: Not Found for url: https://site.web.api.espn.com/apis/common/v3/sports/football/college-football/athletes/16831/stats?region=us&lang=en&contentorigin=espn
16868,John Urschel,,NFL_id,16868,fetch_failed: RuntimeError: fetch_failed after 3 attempts: 404 Client Error: Not Found for url: https://site.web.api.espn.com/apis/common/v3/sports/football/college-football/athletes/16868/stats?region=us&lang=en&contentorigin=espn
16906,Brock Vereen,,NFL_id,16906,fetch_failed: RuntimeError: fetch_failed after 3 attempts: 404 Client Error: Not Found for url: https://site.web.api.espn.com/apis/common/v3/sports/football/college-football/athletes/16906/stats?region=us&lang=en&contentorigin=espn
16726,Jason Verrett,,NFL_id,16726,fetch_failed: RuntimeError: fetch_failed after 3 attempts: 404 Client Error: Not Found for url: https://site.web.api.espn.com/apis/common/v3/sports/football/college-football/athletes/16726/stats?region=us&lang=en&contentorigin=espn
16717,Jimmie Ward,,NFL_id,16717,fetch_failed: RuntimeError: fetch_failed after 3 attempts: 404 Client Error: Not Found for url: https://site.web.api.espn.com/apis/common/v3/sports/football/college-football/athletes/16717/stats?region=us&lang=en&contentorigin=espn
16919,Jaylen Watkins,,NFL_id,16919,fetch_failed: RuntimeError: fetch_failed after 3 attempts: 404 Client Error: Not Found for url: https://site.web.api.espn.com/apis/common/v3/sports/football/college-football/athletes/16919/stats?region=us&lang=en&contentorigin=espn
16725,Sammy Watkins,,NFL_id,16725,fetch_failed: RuntimeError: fetch_failed after 3 attempts: 404 Client Error: Not Found for url: https://site.web.api.espn.com/apis/common/v3/sports/football/college-football/athletes/16725/stats?region=us&lang=en&contentorigin=espn
16754,Chris Watt,,NFL_id,16754,fetch_failed: RuntimeError: fetch_failed after 3 attempts: 404 Client Error: Not Found for url: https://site.web.api.espn.com/apis/common/v3/sports/football/college-football/athletes/16754/stats?region=us&lang=en&contentorigin=espn
16869,Larry Webster,,NFL_id,16869,fetch_failed: RuntimeError: fetch_failed after 3 attempts: 404 Client Error: Not Found for url: https://site.web.api.espn.com/apis/common/v3/sports/football/college-football/athletes/16869/stats?region=us&lang=en&contentorigin=espn
16783,Terrance West,,NFL_id,16783,fetch_failed: RuntimeError: fetch_failed after 3 attempts: 404 Client Error: Not Found for url: https://site.web.api.espn.com/apis/common/v3/sports/football/college-football/athletes/16783/stats?region=us&lang=en&contentorigin=espn
16913,James White,,NFL_id,16913,fetch_failed: RuntimeError: fetch_failed after 3 attempts: 404 Client Error: Not Found for url: https://site.web.api.espn.com/apis/common/v3/sports/football/college-football/athletes/16913/stats?region=us&lang=en&contentorigin=espn
16889,Andre Williams,,NFL_id,16889,fetch_failed: RuntimeError: fetch_failed after 3 attempts: 404 Client Error: Not Found for url: https://site.web.api.espn.com/apis/common/v3/sports/football/college-football/athletes/16889/stats?region=us&lang=en&contentorigin=espn
16920,Avery Williamson,,NFL_id,16920,fetch_failed: RuntimeError: fetch_failed after 3 attempts: 404 Client Error: Not Found for url: https://site.web.api.espn.com/apis/common/v3/sports/football/college-football/athletes/16920/stats?region=us&lang=en&contentorigin=espn
2576336,Ameer Abdullah,,NFL_id,2576336,fetch_failed: RuntimeError: fetch_failed after 3 attempts: 404 Client Error: Not Found for url: https://site.web.api.espn.com/apis/common/v3/sports/football/college-football/athletes/2576336/stats?region=us&lang=en&contentorigin=espn
2971618,Nelson Agholor,,NFL_id,2971618,fetch_failed: RuntimeError: fetch_failed after 3 attempts: 404 Client Error: Not Found for url: https://site.web.api.espn.com/apis/common/v3/sports/football/college-football/athletes/2971618/stats?region=us&lang=en&contentorigin=espn
2573300,Jay Ajayi,,NFL_id,2573300,fetch_failed: RuntimeError: fetch_failed after 3 attempts: 404 Client Error: Not Found for url: https://site.web.api.espn.com/apis/common/v3/sports/football/college-football/athletes/2573300/stats?region=us&lang=en&contentorigin=espn
2976541,Kwon Alexander,,NFL_id,2976541,fetch_failed: RuntimeError: fetch_failed after 3 attempts: 404 Client Error: Not Found for url: https://site.web.api.espn.com/apis/common/v3/sports/football/college-football/athletes/2976541/stats?region=us&lang=en&contentorigin=espn
3052686,Mario Alford,,NFL_id,3052686,fetch_failed: RuntimeError: fetch_failed after 3 attempts: 404 Client Error: Not Found for url: https://site.web.api.espn.com/apis/common/v3/sports/football/college-football/athletes/3052686/stats?region=us&lang=en&contentorigin=espn
2577253,Javorius Allen,,NFL_id,2577253,fetch_failed: RuntimeError: fetch_failed after 3 attempts: 404 Client Error: Not Found for url: https://site.web.api.espn.com/apis/common/v3/sports/football/college-football/athletes/2577253/stats?region=us&lang=en&contentorigin=espn
2582132,Adrian Amos,,NFL_id,2582132,fetch_failed: RuntimeError: fetch_failed after 3 attempts: 404 Client Error: Not Found for url: https://site.web.api.espn.com/apis/common/v3/sports/football/college-football/athletes/2582132/stats?region=us&lang=en&contentorigin=espn
2517752,Henry Anderson,,NFL_id,2517752,fetch_failed: RuntimeError: fetch_failed after 3 attempts: 404 Client Error: Not Found for url: https://site.web.api.espn.com/apis/common/v3/sports/football/college-football/athletes/2517752/stats?region=us&lang=en&contentorigin=espn
2576482,Stephone Anthony,,NFL_id,2576482,fetch_failed: RuntimeError: fetch_failed after 3 attempts: 404 Client Error: Not Found for url: https://site.web.api.espn.com/apis/common/v3/sports/football/college-football/athletes/2576482/stats?region=us&lang=en&contentorigin=espn
2971275,Arik Armstead,,NFL_id,2971275,fetch_failed: RuntimeError: fetch_failed after 3 attempts: 404 Client Error: Not Found for url: https://site.web.api.espn.com/apis/common/v3/sports/football/college-football/athletes/2971275/stats?region=us&lang=en&contentorigin=espn
3043097,Cameron Artis-Payne,,NFL_id,3043097,fetch_failed: RuntimeError: fetch_failed after 3 attempts: 404 Client Error: Not Found for url: https://site.web.api.espn.com/apis/common/v3/sports/football/college-football/athletes/3043097/stats?region=us&lang=en&contentorigin=espn
2516039,Neiron Ball,,NFL_id,2516039,fetch_failed: RuntimeError: fetch_failed after 3 attempts: 404 Client Error: Not Found for url: https://site.web.api.espn.com/apis/common/v3/sports/football/college-football/athletes/2516039/stats?region=us&lang=en&contentorigin=espn
2512400,Vic Beasley,,NFL_id,2512400,fetch_failed: RuntimeError: fetch_failed after 3 attempts: 404 Client Error: Not Found for url: https://site.web.api.espn.com/apis/common/v3/sports/football/college-football/athletes/2512400/stats?region=us&lang=en&contentorigin=espn
2514206,Blake Bell,,NFL_id,2514206,fetch_failed: RuntimeError: fetch_failed after 3 attempts: 404 Client Error: Not Found for url: https://site.web.api.espn.com/apis/common/v3/sports/football/college-football/athletes/2514206/stats?region=us&lang=en&contentorigin=espn
2576371,Mike Bennett,,NFL_id,2576371,fetch_failed: RuntimeError: fetch_failed after 3 attempts: 404 Client Error: Not Found for url: https://site.web.api.espn.com/apis/common/v3/sports/football/college-football/athletes/2576371/stats?region=us&lang=en&contentorigin=espn
2574582,Angelo Blackson,,NFL_id,2574582,fetch_failed: RuntimeError: fetch_failed after 3 attempts: 404 Client Error: Not Found for url: https://site.web.api.espn.com/apis/common/v3/sports/football/college-football/athletes/2574582/stats?region=us&lang=en&contentorigin=espn
2574591,Nick Boyle,,NFL_id,2574591,fetch_failed: RuntimeError: fetch_failed after 3 attempts: 404 Client Error: Not Found for url: https://site.web.api.espn.com/apis/common/v3/sports/football/college-football/athletes/2574591/stats?region=us&lang=en&contentorigin=espn
2576647,Jamon Brown,,NFL_id,2576647,fetch_failed: RuntimeError: fetch_failed after 3 attempts: 404 Client Error: Not Found for url: https://site.web.api.espn.com/apis/common/v3/sports/football/college-football/athletes/2576647/stats?region=us&lang=en&contentorigin=espn
2971698,Malcom Brown,,NFL_id,2971698,fetch_failed: RuntimeError: fetch_failed after 3 attempts: 404 Client Error: Not Found for url: https://site.web.api.espn.com/apis/common/v3/sports/football/college-football/athletes/2971698/stats?region=us&lang=en&contentorigin=espn
2515270,Michael Burton,,NFL_id,2515270,fetch_failed: RuntimeError: fetch_failed after 3 attempts: 404 Client Error: Not Found for url: https://site.web.api.espn.com/apis/common/v3/sports/football/college-football/athletes/2515270/stats?region=us&lang=en&contentorigin=espn
2511090,Ibraheim Campbell,,NFL_id,2511090,fetch_failed: RuntimeError: fetch_failed after 3 attempts: 404 Client Error: Not Found for url: https://site.web.api.espn.com/apis/common/v3/sports/football/college-football/athletes/2511090/stats?region=us&lang=en&contentorigin=espn
2516325,A.J. Cann,,NFL_id,2516325,fetch_failed: RuntimeError: fetch_failed after 3 attempts: 404 Client Error: Not Found for url: https://site.web.api.espn.com/apis/common/v3/sports/football/college-football/athletes/2516325/stats?region=us&lang=en&contentorigin=espn
2575907,Joe Cardona,,NFL_id,2575907,fetch_failed: RuntimeError: fetch_failed after 3 attempts: 404 Client Error: Not Found for url: https://site.web.api.espn.com/apis/common/v3/sports/football/college-football/athletes/2575907/stats?region=us&lang=en&contentorigin=espn
2579601,Anthony Chickillo,,NFL_id,2579601,fetch_failed: RuntimeError: fetch_failed after 3 attempts: 404 Client Error: Not Found for url: https://site.web.api.espn.com/apis/common/v3/sports/football/college-football/athletes/2579601/stats?region=us&lang=en&contentorigin=espn
2512192,Gerald Christian,,NFL_id,2512192,fetch_failed: RuntimeError: fetch_failed after 3 attempts: 404 Client Error: Not Found for url: https://site.web.api.espn.com/apis/common/v3/sports/football/college-football/athletes/2512192/stats?region=us&lang=en&contentorigin=espn
2576242,Frank Clark,,NFL_id,2576242,fetch_failed: RuntimeError: fetch_failed after 3 attempts: 404 Client Error: Not Found for url: https://site.web.api.espn.com/apis/common/v3/sports/football/college-football/athletes/2576242/stats?region=us&lang=en&contentorigin=espn
2516957,Kaelin Clay,,NFL_id,2516957,fetch_failed: RuntimeError: fetch_failed after 3 attempts: 404 Client Error: Not Found for url: https://site.web.api.espn.com/apis/common/v3/sports/football/college-football/athletes/2516957/stats?region=us&lang=en&contentorigin=espn
2574549,Sammie Coates,,NFL_id,2574549,fetch_failed: RuntimeError: fetch_failed after 3 attempts: 404 Client Error: Not Found for url: https://site.web.api.espn.com/apis/common/v3/sports/football/college-football/athletes/2574549/stats?region=us&lang=en&contentorigin=espn
2576303,David Cobb,,NFL_id,2576303,fetch_failed: RuntimeError: fetch_failed after 3 attempts: 404 Client Error: Not Found for url: https://site.web.api.espn.com/apis/common/v3/sports/football/college-football/athletes/2576303/stats?region=us&lang=en&contentorigin=espn
2979477,Tevin Coleman,,NFL_id,2979477,fetch_failed: RuntimeError: fetch_failed after 3 attempts: 404 Client Error: Not Found for url: https://site.web.api.espn.com/apis/common/v3/sports/football/college-football/athletes/2979477/stats?region=us&lang=en&contentorigin=espn
2577292,Jalen Collins,,NFL_id,2577292,fetch_failed: RuntimeError: fetch_failed after 3 attempts: 404 Client Error: Not Found for url: https://site.web.api.espn.com/apis/common/v3/sports/football/college-football/athletes/2577292/stats?region=us&lang=en&contentorigin=espn
2979841,Landon Collins,,NFL_id,2979841,fetch_failed: RuntimeError: fetch_failed after 3 attempts: 404 Client Error: Not Found for url: https://site.web.api.espn.com/apis/common/v3/sports/football/college-football/athletes/2979841/stats?region=us&lang=en&contentorigin=espn
2578533,Chris Conley,,NFL_id,2578533,fetch_failed: RuntimeError: fetch_failed after 3 attempts: 404 Client Error: Not Found for url: https://site.web.api.espn.com/apis/common/v3/sports/football/college-football/athletes/2578533/stats?region=us&lang=en&contentorigin=espn
2976499,Amari Cooper,,NFL_id,2976499,fetch_failed: RuntimeError: fetch_failed after 3 attempts: 404 Client Error: Not Found for url: https://site.web.api.espn.com/apis/common/v3/sports/football/college-football/athletes/2976499/stats?region=us&lang=en&contentorigin=espn
2578408,Xavier Cooper,,NFL_id,2578408,fetch_failed: RuntimeError: fetch_failed after 3 attempts: 404 Client Error: Not Found for url: https://site.web.api.espn.com/apis/common/v3/sports/football/college-football/athletes/2578408/stats?region=us&lang=en&contentorigin=espn
2580666,Christian Covington,,NFL_id,2580666,fetch_failed: RuntimeError: fetch_failed after 3 attempts: 404 Client Error: Not Found for url: https://site.web.api.espn.com/apis/common/v3/sports/football/college-football/athletes/2580666/stats?region=us&lang=en&contentorigin=espn
2576716,Jamison Crowder,,NFL_id,2576716,fetch_failed: RuntimeError: fetch_failed after 3 attempts: 404 Client Error: Not Found for url: https://site.web.api.espn.com/apis/common/v3/sports/football/college-football/athletes/2576716/stats?region=us&lang=en&contentorigin=espn
2969920,Ronald Darby,,NFL_id,2969920,fetch_failed: RuntimeError: fetch_failed after 3 attempts: 404 Client Error: Not Found for url: https://site.web.api.espn.com/apis/common/v3/sports/football/college-football/athletes/2969920/stats?region=us&lang=en&contentorigin=espn
2511690,Carl Davis,,NFL_id,2511690,fetch_failed: RuntimeError: fetch_failed after 3 attempts: 404 Client Error: Not Found for url: https://site.web.api.espn.com/apis/common/v3/sports/football/college-football/athletes/2511690/stats?region=us&lang=en&contentorigin=espn
2513030,Geremy Davis,,NFL_id,2513030,fetch_failed: RuntimeError: fetch_failed after 3 attempts: 404 Client Error: Not Found for url: https://site.web.api.espn.com/apis/common/v3/sports/football/college-football/athletes/2513030/stats?region=us&lang=en&contentorigin=espn
2517230,Tyeler Davison,,NFL_id,2517230,fetch_failed: RuntimeError: fetch_failed after 3 attempts: 404 Client Error: Not Found for url: https://site.web.api.espn.com/apis/common/v3/sports/football/college-football/athletes/2517230/stats?region=us&lang=en&contentorigin=espn
2971555,Paul Dawson,,NFL_id,2971555,fetch_failed: RuntimeError: fetch_failed after 3 attempts: 404 Client Error: Not Found for url: https://site.web.api.espn.com/apis/common/v3/sports/football/college-football/athletes/2971555/stats?region=us&lang=en&contentorigin=espn
2577553,Quandre Diggs,,NFL_id,2577553,fetch_failed: RuntimeError: fetch_failed after 3 attempts: 404 Client Error: Not Found for url: https://site.web.api.espn.com/apis/common/v3/sports/football/college-football/athletes/2577553/stats?region=us&lang=en&contentorigin=espn
2976212,Stefon Diggs,,NFL_id,2976212,fetch_failed: RuntimeError: fetch_failed after 3 attempts: 404 Client Error: Not Found for url: https://site.web.api.espn.com/apis/common/v3/sports/football/college-football/athletes/2976212/stats?region=us&lang=en&contentorigin=espn
2579604,Phillip Dorsett,,NFL_id,2579604,fetch_failed: RuntimeError: fetch_failed after 3 attempts: 404 Client Error: Not Found for url: https://site.web.api.espn.com/apis/common/v3/sports/football/college-football/athletes/2579604/stats?region=us&lang=en&contentorigin=espn
2972135,Lorenzo Doss,,NFL_id,2972135,fetch_failed: RuntimeError: fetch_failed after 3 attempts: 404 Client Error: Not Found for url: https://site.web.api.espn.com/apis/common/v3/sports/football/college-football/athletes/2972135/stats?region=us&lang=en&contentorigin=espn
2516927,Jamil Douglas,,NFL_id,2516927,fetch_failed: RuntimeError: fetch_failed after 3 attempts: 404 Client Error: Not Found for url: https://site.web.api.espn.com/apis/common/v3/sports/football/college-football/athletes/2516927/stats?region=us&lang=en&contentorigin=espn
2508212,Kyle Emanuel,,NFL_id,2508212,fetch_failed: RuntimeError: fetch_failed after 3 attempts: 404 Client Error: Not Found for url: https://site.web.api.espn.com/apis/common/v3/sports/football/college-football/athletes/2508212/stats?region=us&lang=en&contentorigin=espn
2512504,Cameron Erving,,NFL_id,2512504,fetch_failed: RuntimeError: fetch_failed after 3 attempts: 404 Client Error: Not Found for url: https://site.web.api.espn.com/apis/common/v3/sports/football/college-football/athletes/2512504/stats?region=us&lang=en&contentorigin=espn
2512577,Jon Feliciano,,NFL_id,2512577,fetch_failed: RuntimeError: fetch_failed after 3 attempts: 404 Client Error: Not Found for url: https://site.web.api.espn.com/apis/common/v3/sports/football/college-football/athletes/2512577/stats?region=us&lang=en&contentorigin=espn
2576971,Jake Fisher,,NFL_id,2576971,fetch_failed: RuntimeError: fetch_failed after 3 attempts: 404 Client Error: Not Found for url: https://site.web.api.espn.com/apis/common/v3/sports/football/college-football/athletes/2576971/stats?region=us&lang=en&contentorigin=espn
2969952,Ereck Flowers,,NFL_id,2969952,fetch_failed: RuntimeError: fetch_failed after 3 attempts: 404 Client Error: Not Found for url: https://site.web.api.espn.com/apis/common/v3/sports/football/college-football/athletes/2969952/stats?region=us&lang=en&contentorigin=espn
2574519,Trey Flowers,,NFL_id,2574519,fetch_failed: RuntimeError: fetch_failed after 3 attempts: 404 Client Error: Not Found for url: https://site.web.api.espn.com/apis/common/v3/sports/football/college-football/athletes/2574519/stats?region=us&lang=en&contentorigin=espn
2980100,Dante Fowler,,NFL_id,2980100,fetch_failed: RuntimeError: fetch_failed after 3 attempts: 404 Client Error: Not Found for url: https://site.web.api.espn.com/apis/common/v3/sports/football/college-football/athletes/2980100/stats?region=us&lang=en&contentorigin=espn
2515931,Jalston Fowler,,NFL_id,2515931,fetch_failed: RuntimeError: fetch_failed after 3 attempts: 404 Client Error: Not Found for url: https://site.web.api.espn.com/apis/common/v3/sports/football/college-football/athletes/2515931/stats?region=us&lang=en&contentorigin=espn
2977609,Devin Funchess,,NFL_id,2977609,fetch_failed: RuntimeError: fetch_failed after 3 attempts: 404 Client Error: Not Found for url: https://site.web.api.espn.com/apis/common/v3/sports/football/college-football/athletes/2977609/stats?region=us&lang=en&contentorigin=espn
2576621,Charles Gaines,,NFL_id,2576621,fetch_failed: RuntimeError: fetch_failed after 3 attempts: 404 Client Error: Not Found for url: https://site.web.api.espn.com/apis/common/v3/sports/football/college-football/athletes/2576621/stats?region=us&lang=en&contentorigin=espn
2512369,Andy Gallik,,NFL_id,2512369,fetch_failed: RuntimeError: fetch_failed after 3 attempts: 404 Client Error: Not Found for url: https://site.web.api.espn.com/apis/common/v3/sports/football/college-football/athletes/2512369/stats?region=us&lang=en&contentorigin=espn
2512538,Max Garcia,,NFL_id,2512538,fetch_failed: RuntimeError: fetch_failed after 3 attempts: 404 Client Error: Not Found for url: https://site.web.api.espn.com/apis/common/v3/sports/football/college-football/athletes/2512538/stats?region=us&lang=en&contentorigin=espn
2519211,Clayton Geathers,,NFL_id,2519211,fetch_failed: RuntimeError: fetch_failed after 3 attempts: 404 Client Error: Not Found for url: https://site.web.api.espn.com/apis/common/v3/sports/football/college-football/athletes/2519211/stats?region=us&lang=en&contentorigin=espn
2976632,Mark Glowinski,,NFL_id,2976632,fetch_failed: RuntimeError: fetch_failed after 3 attempts: 404 Client Error: Not Found for url: https://site.web.api.espn.com/apis/common/v3/sports/football/college-football/athletes/2976632/stats?region=us&lang=en&contentorigin=espn
2971432,Markus Golden,,NFL_id,2971432,fetch_failed: RuntimeError: fetch_failed after 3 attempts: 404 Client Error: Not Found for url: https://site.web.api.espn.com/apis/common/v3/sports/football/college-football/athletes/2971432/stats?region=us&lang=en&contentorigin=espn
2969924,Eddie Goldman,,NFL_id,2969924,fetch_failed: RuntimeError: fetch_failed after 3 attempts: 404 Client Error: Not Found for url: https://site.web.api.espn.com/apis/common/v3/sports/football/college-football/athletes/2969924/stats?region=us&lang=en&contentorigin=espn
2576434,Melvin Gordon,,NFL_id,2576434,fetch_failed: RuntimeError: fetch_failed after 3 attempts: 404 Client Error: Not Found for url: https://site.web.api.espn.com/apis/common/v3/sports/football/college-football/athletes/2576434/stats?region=us&lang=en&contentorigin=espn
2516984,Hroniss Grasu,,NFL_id,2516984,fetch_failed: RuntimeError: fetch_failed after 3 attempts: 404 Client Error: Not Found for url: https://site.web.api.espn.com/apis/common/v3/sports/football/college-football/athletes/2516984/stats?region=us&lang=en&contentorigin=espn
2516053,Chaz Green,,NFL_id,2516053,fetch_failed: RuntimeError: fetch_failed after 3 attempts: 404 Client Error: Not Found for url: https://site.web.api.espn.com/apis/common/v3/sports/football/college-football/athletes/2516053/stats?region=us&lang=en&contentorigin=espn
2971433,Dorial Green-Beckham,,NFL_id,2971433,fetch_failed: RuntimeError: fetch_failed after 3 attempts: 404 Client Error: Not Found for url: https://site.web.api.espn.com/apis/common/v3/sports/football/college-football/athletes/2971433/stats?region=us&lang=en&contentorigin=espn
2576785,Rashad Greene,,NFL_id,2576785,fetch_failed: RuntimeError: fetch_failed after 3 attempts: 404 Client Error: Not Found for url: https://site.web.api.espn.com/apis/common/v3/sports/football/college-football/athletes/2576785/stats?region=us&lang=en&contentorigin=espn
3895806,Randy Gregory,,NFL_id,3895806,fetch_failed: RuntimeError: fetch_failed after 3 attempts: 404 Client Error: Not Found for url: https://site.web.api.espn.com/apis/common/v3/sports/football/college-football/athletes/3895806/stats?region=us&lang=en&contentorigin=espn
2514217,Geneo Grissom,,NFL_id,2514217,fetch_failed: RuntimeError: fetch_failed after 3 attempts: 404 Client Error: Not Found for url: https://site.web.api.espn.com/apis/common/v3/sports/football/college-football/athletes/2514217/stats?region=us&lang=en&contentorigin=espn
2977644,Todd Gurley,,NFL_id,2977644,fetch_failed: RuntimeError: fetch_failed after 3 attempts: 404 Client Error: Not Found for url: https://site.web.api.espn.com/apis/common/v3/sports/football/college-football/athletes/2977644/stats?region=us&lang=en&contentorigin=espn
2468550,Obum Gwacham,,NFL_id,2468550,fetch_failed: RuntimeError: fetch_failed after 3 attempts: 404 Client Error: Not Found for url: https://site.web.api.espn.com/apis/common/v3/sports/football/college-football/athletes/2468550/stats?region=us&lang=en&contentorigin=espn
2512999,Bryce Hager,,NFL_id,2512999,fetch_failed: RuntimeError: fetch_failed after 3 attempts: 404 Client Error: Not Found for url: https://site.web.api.espn.com/apis/common/v3/sports/football/college-football/athletes/2512999/stats?region=us&lang=en&contentorigin=espn
2518678,Justin Hardy,,NFL_id,2518678,fetch_failed: RuntimeError: fetch_failed after 3 attempts: 404 Client Error: Not Found for url: https://site.web.api.espn.com/apis/common/v3/sports/football/college-football/athletes/2518678/stats?region=us&lang=en&contentorigin=espn
2979652,Eli Harold,,NFL_id,2979652,fetch_failed: RuntimeError: fetch_failed after 3 attempts: 404 Client Error: Not Found for url: https://site.web.api.espn.com/apis/common/v3/sports/football/college-football/athletes/2979652/stats?region=us&lang=en&contentorigin=espn
2576789,Bobby Hart,,NFL_id,2576789,fetch_failed: RuntimeError: fetch_failed after 3 attempts: 404 Client Error: Not Found for url: https://site.web.api.espn.com/apis/common/v3/sports/football/college-football/athletes/2576789/stats?region=us&lang=en&contentorigin=espn
2515613,Rob Havenstein,,NFL_id,2515613,fetch_failed: RuntimeError: fetch_failed after 3 attempts: 404 Client Error: Not Found for url: https://site.web.api.espn.com/apis/common/v3/sports/football/college-football/athletes/2515613/stats?region=us&lang=en&contentorigin=espn
2577219,Ben Heeney,,NFL_id,2577219,fetch_failed: RuntimeError: fetch_failed after 3 attempts: 404 Client Error: Not Found for url: https://site.web.api.espn.com/apis/common/v3/sports/football/college-football/athletes/2577219/stats?region=us&lang=en&contentorigin=espn
2576389,Jeff Heuerman,,NFL_id,2576389,fetch_failed: RuntimeError: fetch_failed after 3 attempts: 404 Client Error: Not Found for url: https://site.web.api.espn.com/apis/common/v3/sports/football/college-football/athletes/2576389/stats?region=us&lang=en&contentorigin=espn
2514270,Jordan Hicks,,NFL_id,2514270,fetch_failed: RuntimeError: fetch_failed after 3 attempts: 404 Client Error: Not Found for url: https://site.web.api.espn.com/apis/common/v3/sports/football/college-football/athletes/2514270/stats?region=us&lang=en&contentorigin=espn
2971048,D.J. Humphries,,NFL_id,2971048,fetch_failed: RuntimeError: fetch_failed after 3 attempts: 404 Client Error: Not Found for url: https://site.web.api.espn.com/apis/common/v3/sports/football/college-football/athletes/2971048/stats?region=us&lang=en&contentorigin=espn
2577189,Brett Hundley,,NFL_id,2577189,fetch_failed: RuntimeError: fetch_failed after 3 attempts: 404 Client Error: Not Found for url: https://site.web.api.espn.com/apis/common/v3/sports/football/college-football/athletes/2577189/stats?region=us&lang=en&contentorigin=espn
2976560,Danielle Hunter,,NFL_id,2976560,fetch_failed: RuntimeError: fetch_failed after 3 attempts: 404 Client Error: Not Found for url: https://site.web.api.espn.com/apis/common/v3/sports/football/college-football/athletes/2976560/stats?region=us&lang=en&contentorigin=espn
2517262,Joey Iosefa,,NFL_id,2517262,fetch_failed: RuntimeError: fetch_failed after 3 attempts: 404 Client Error: Not Found for url: https://site.web.api.espn.com/apis/common/v3/sports/football/college-football/athletes/2517262/stats?region=us&lang=en&contentorigin=espn
2979590,Jesse James,,NFL_id,2979590,fetch_failed: RuntimeError: fetch_failed after 3 attempts: 404 Client Error: Not Found for url: https://site.web.api.espn.com/apis/common/v3/sports/football/college-football/athletes/2979590/stats?region=us&lang=en&contentorigin=espn
2576492,Grady Jarrett,,NFL_id,2576492,fetch_failed: RuntimeError: fetch_failed after 3 attempts: 404 Client Error: Not Found for url: https://site.web.api.espn.com/apis/common/v3/sports/football/college-football/athletes/2576492/stats?region=us&lang=en&contentorigin=espn
2577889,Kyshoen Jarrett,,NFL_id,2577889,fetch_failed: RuntimeError: fetch_failed after 3 attempts: 404 Client Error: Not Found for url: https://site.web.api.espn.com/apis/common/v3/sports/football/college-football/athletes/2577889/stats?region=us&lang=en&contentorigin=espn
2508176,David Johnson,,NFL_id,2508176,fetch_failed: RuntimeError: fetch_failed after 3 attempts: 404 Client Error: Not Found for url: https://site.web.api.espn.com/apis/common/v3/sports/football/college-football/athletes/2508176/stats?region=us&lang=en&contentorigin=espn
2969962,Duke Johnson,,NFL_id,2969962,fetch_failed: RuntimeError: fetch_failed after 3 attempts: 404 Client Error: Not Found for url: https://site.web.api.espn.com/apis/common/v3/sports/football/college-football/athletes/2969962/stats?region=us&lang=en&contentorigin=espn
2511523,Kevin Johnson,,NFL_id,2511523,fetch_failed: RuntimeError: fetch_failed after 3 attempts: 404 Client Error: Not Found for url: https://site.web.api.espn.com/apis/common/v3/sports/football/college-football/athletes/2511523/stats?region=us&lang=en&contentorigin=espn
2513035,Byron Jones,,NFL_id,2513035,fetch_failed: RuntimeError: fetch_failed after 3 attempts: 404 Client Error: Not Found for url: https://site.web.api.espn.com/apis/common/v3/sports/football/college-football/athletes/2513035/stats?region=us&lang=en&contentorigin=espn
2980105,Matt Jones,,NFL_id,2980105,fetch_failed: RuntimeError: fetch_failed after 3 attempts: 404 Client Error: Not Found for url: https://site.web.api.espn.com/apis/common/v3/sports/football/college-football/athletes/2980105/stats?region=us&lang=en&contentorigin=espn
2969921,Mario Edwards Jr.,,NFL_id,2969921,fetch_failed: RuntimeError: fetch_failed after 3 attempts: 404 Client Error: Not Found for url: https://site.web.api.espn.com/apis/common/v3/sports/football/college-football/athletes/2969921/stats?region=us&lang=en&contentorigin=espn
2510863,Eric Kendricks,,NFL_id,2510863,fetch_failed: RuntimeError: fetch_failed after 3 attempts: 404 Client Error: Not Found for url: https://site.web.api.espn.com/apis/common/v3/sports/football/college-football/athletes/2510863/stats?region=us&lang=en&contentorigin=espn
2509488,Hau'oli Kikaha,,NFL_id,2509488,fetch_failed: RuntimeError: fetch_failed after 3 attempts: 404 Client Error: Not Found for url: https://site.web.api.espn.com/apis/common/v3/sports/football/college-football/athletes/2509488/stats?region=us&lang=en&contentorigin=espn
2515944,Arie Kouandjio,,NFL_id,2515944,fetch_failed: RuntimeError: fetch_failed after 3 attempts: 404 Client Error: Not Found for url: https://site.web.api.espn.com/apis/common/v3/sports/football/college-football/athletes/2515944/stats?region=us&lang=en&contentorigin=espn
2579846,Ben Koyack,,NFL_id,2579846,fetch_failed: RuntimeError: fetch_failed after 3 attempts: 404 Client Error: Not Found for url: https://site.web.api.espn.com/apis/common/v3/sports/football/college-football/athletes/2579846/stats?region=us&lang=en&contentorigin=espn
2582410,Tyler Kroft,,NFL_id,2582410,fetch_failed: RuntimeError: fetch_failed after 3 attempts: 404 Client Error: Not Found for url: https://site.web.api.espn.com/apis/common/v3/sports/football/college-football/athletes/2582410/stats?region=us&lang=en&contentorigin=espn
2515416,Jeremy Langford,,NFL_id,2515416,fetch_failed: RuntimeError: fetch_failed after 3 attempts: 404 Client Error: Not Found for url: https://site.web.api.espn.com/apis/common/v3/sports/football/college-football/athletes/2515416/stats?region=us&lang=en&contentorigin=espn
2515418,Tony Lippett,,NFL_id,2515418,fetch_failed: RuntimeError: fetch_failed after 3 attempts: 404 Client Error: Not Found for url: https://site.web.api.espn.com/apis/common/v3/sports/football/college-football/athletes/2515418/stats?region=us&lang=en&contentorigin=espn
2577327,Tyler Lockett,,NFL_id,2577327,fetch_failed: RuntimeError: fetch_failed after 3 attempts: 404 Client Error: Not Found for url: https://site.web.api.espn.com/apis/common/v3/sports/football/college-football/athletes/2577327/stats?region=us&lang=en&contentorigin=espn
2510713,Craig Mager,,NFL_id,2510713,fetch_failed: RuntimeError: fetch_failed after 3 attempts: 404 Client Error: Not Found for url: https://site.web.api.espn.com/apis/common/v3/sports/football/college-football/athletes/2510713/stats?region=us&lang=en&contentorigin=espn
2517017,Sean Mannion,,NFL_id,2517017,fetch_failed: RuntimeError: fetch_failed after 3 attempts: 404 Client Error: Not Found for url: https://site.web.api.espn.com/apis/common/v3/sports/football/college-football/athletes/2517017/stats?region=us&lang=en&contentorigin=espn
2576980,Marcus Mariota,,NFL_id,2576980,fetch_failed: RuntimeError: fetch_failed after 3 attempts: 404 Client Error: Not Found for url: https://site.web.api.espn.com/apis/common/v3/sports/football/college-football/athletes/2576980/stats?region=us&lang=en&contentorigin=espn
3165702,Ali Marpet,,NFL_id,3165702,fetch_failed: RuntimeError: fetch_failed after 3 attempts: 404 Client Error: Not Found for url: https://site.web.api.espn.com/apis/common/v3/sports/football/college-football/athletes/3165702/stats?region=us&lang=en&contentorigin=espn
2576646,Lorenzo Mauldin,,NFL_id,2576646,fetch_failed: RuntimeError: fetch_failed after 3 attempts: 404 Client Error: Not Found for url: https://site.web.api.espn.com/apis/common/v3/sports/football/college-football/athletes/2576646/stats?region=us&lang=en&contentorigin=espn
3052066,Vince Mayle,,NFL_id,3052066,fetch_failed: RuntimeError: fetch_failed after 3 attempts: 404 Client Error: Not Found for url: https://site.web.api.espn.com/apis/common/v3/sports/football/college-football/athletes/3052066/stats?region=us&lang=en&contentorigin=espn
2566041,Tre McBride,,NFL_id,2566041,fetch_failed: RuntimeError: fetch_failed after 3 attempts: 404 Client Error: Not Found for url: https://site.web.api.espn.com/apis/common/v3/sports/football/college-football/athletes/2566041/stats?region=us&lang=en&contentorigin=espn
2575606,Bobby McCain,,NFL_id,2575606,fetch_failed: RuntimeError: fetch_failed after 3 attempts: 404 Client Error: Not Found for url: https://site.web.api.espn.com/apis/common/v3/sports/football/college-football/athletes/2575606/stats?region=us&lang=en&contentorigin=espn
2577429,Benardrick McKinney,,NFL_id,2577429,fetch_failed: RuntimeError: fetch_failed after 3 attempts: 404 Client Error: Not Found for url: https://site.web.api.espn.com/apis/common/v3/sports/football/college-football/athletes/2577429/stats?region=us&lang=en&contentorigin=espn
2577134,Ty Montgomery,,NFL_id,2577134,fetch_failed: RuntimeError: fetch_failed after 3 attempts: 404 Client Error: Not Found for url: https://site.web.api.espn.com/apis/common/v3/sports/football/college-football/athletes/2577134/stats?region=us&lang=en&contentorigin=espn
2514122,Mitch Morse,,NFL_id,2514122,fetch_failed: RuntimeError: fetch_failed after 3 attempts: 404 Client Error: Not Found for url: https://site.web.api.espn.com/apis/common/v3/sports/football/college-football/athletes/2514122/stats?region=us&lang=en&contentorigin=espn
2515420,Keith Mumphery,,NFL_id,2515420,fetch_failed: RuntimeError: fetch_failed after 3 attempts: 404 Client Error: Not Found for url: https://site.web.api.espn.com/apis/common/v3/sports/football/college-football/athletes/2515420/stats?region=us&lang=en&contentorigin=espn
2514123,Marcus Murphy,,NFL_id,2514123,fetch_failed: RuntimeError: fetch_failed after 3 attempts: 404 Client Error: Not Found for url: https://site.web.api.espn.com/apis/common/v3/sports/football/college-football/athletes/2514123/stats?region=us&lang=en&contentorigin=espn
2515759,J.J. Nelson,,NFL_id,2515759,fetch_failed: RuntimeError: fetch_failed after 3 attempts: 404 Client Error: Not Found for url: https://site.web.api.espn.com/apis/common/v3/sports/football/college-football/athletes/2515759/stats?region=us&lang=en&contentorigin=espn
3045287,Steven Nelson,,NFL_id,3045287,fetch_failed: RuntimeError: fetch_failed after 3 attempts: 404 Client Error: Not Found for url: https://site.web.api.espn.com/apis/common/v3/sports/football/college-football/athletes/3045287/stats?region=us&lang=en&contentorigin=espn
2575453,Rakeem Nunez-Roches,,NFL_id,2575453,fetch_failed: RuntimeError: fetch_failed after 3 attempts: 404 Client Error: Not Found for url: https://site.web.api.espn.com/apis/common/v3/sports/football/college-football/athletes/2575453/stats?region=us&lang=en&contentorigin=espn
2576030,Mark Nzeocha,,NFL_id,2576030,fetch_failed: RuntimeError: fetch_failed after 3 attempts: 404 Client Error: Not Found for url: https://site.web.api.espn.com/apis/common/v3/sports/football/college-football/athletes/2576030/stats?region=us&lang=en&contentorigin=espn
2576804,Nick O'Leary,,NFL_id,2576804,fetch_failed: RuntimeError: fetch_failed after 3 attempts: 404 Client Error: Not Found for url: https://site.web.api.espn.com/apis/common/v3/sports/football/college-football/athletes/2576804/stats?region=us&lang=en&contentorigin=espn
2511825,Cedric Ogbuehi,,NFL_id,2511825,fetch_failed: RuntimeError: fetch_failed after 3 attempts: 404 Client Error: Not Found for url: https://site.web.api.espn.com/apis/common/v3/sports/football/college-football/athletes/2511825/stats?region=us&lang=en&contentorigin=espn
3052511,Nate Orchard,,NFL_id,3052511,fetch_failed: RuntimeError: fetch_failed after 3 attempts: 404 Client Error: Not Found for url: https://site.web.api.espn.com/apis/common/v3/sports/football/college-football/athletes/3052511/stats?region=us&lang=en&contentorigin=espn
2576623,DeVante Parker,,NFL_id,2576623,fetch_failed: RuntimeError: fetch_failed after 3 attempts: 404 Client Error: Not Found for url: https://site.web.api.espn.com/apis/common/v3/sports/football/college-football/athletes/2576623/stats?region=us&lang=en&contentorigin=espn
2517779,David Parry,,NFL_id,2517779,fetch_failed: RuntimeError: fetch_failed after 3 attempts: 404 Client Error: Not Found for url: https://site.web.api.espn.com/apis/common/v3/sports/football/college-football/athletes/2517779/stats?region=us&lang=en&contentorigin=espn
2978278,Andrus Peat,,NFL_id,2978278,fetch_failed: RuntimeError: fetch_failed after 3 attempts: 404 Client Error: Not Found for url: https://site.web.api.espn.com/apis/common/v3/sports/football/college-football/athletes/2978278/stats?region=us&lang=en&contentorigin=espn
2972460,Breshad Perriman,,NFL_id,2972460,fetch_failed: RuntimeError: fetch_failed after 3 attempts: 404 Client Error: Not Found for url: https://site.web.api.espn.com/apis/common/v3/sports/football/college-football/athletes/2972460/stats?region=us&lang=en&contentorigin=espn
2579621,Denzel Perryman,,NFL_id,2579621,fetch_failed: RuntimeError: fetch_failed after 3 attempts: 404 Client Error: Not Found for url: https://site.web.api.espn.com/apis/common/v3/sports/football/college-football/athletes/2579621/stats?region=us&lang=en&contentorigin=espn
2578378,Marcus Peters,,NFL_id,2578378,fetch_failed: RuntimeError: fetch_failed after 3 attempts: 404 Client Error: Not Found for url: https://site.web.api.espn.com/apis/common/v3/sports/football/college-football/athletes/2578378/stats?region=us&lang=en&contentorigin=espn
2466005,Bryce Petty,,NFL_id,2466005,fetch_failed: RuntimeError: fetch_failed after 3 attempts: 404 Client Error: Not Found for url: https://site.web.api.espn.com/apis/common/v3/sports/football/college-football/athletes/2466005/stats?region=us&lang=en&contentorigin=espn
2577466,Jordan Phillips,,NFL_id,2577466,fetch_failed: RuntimeError: fetch_failed after 3 attempts: 404 Client Error: Not Found for url: https://site.web.api.espn.com/apis/common/v3/sports/football/college-football/athletes/2577466/stats?region=us&lang=en&contentorigin=espn
2980071,Darius Philon,,NFL_id,2980071,fetch_failed: RuntimeError: fetch_failed after 3 attempts: 404 Client Error: Not Found for url: https://site.web.api.espn.com/apis/common/v3/sports/football/college-football/athletes/2980071/stats?region=us&lang=en&contentorigin=espn
2977680,Bradley Pinion,,NFL_id,2977680,fetch_failed: RuntimeError: fetch_failed after 3 attempts: 404 Client Error: Not Found for url: https://site.web.api.espn.com/apis/common/v3/sports/football/college-football/athletes/2977680/stats?region=us&lang=en&contentorigin=espn
2508256,MyCole Pruitt,,NFL_id,2508256,fetch_failed: RuntimeError: fetch_failed after 3 attempts: 404 Client Error: Not Found for url: https://site.web.api.espn.com/apis/common/v3/sports/football/college-football/athletes/2508256/stats?region=us&lang=en&contentorigin=espn
2510601,Hayes Pullard,,NFL_id,2510601,fetch_failed: RuntimeError: fetch_failed after 3 attempts: 404 Client Error: Not Found for url: https://site.web.api.espn.com/apis/common/v3/sports/football/college-football/athletes/2510601/stats?region=us&lang=en&contentorigin=espn
3043258,Damarious Randall,,NFL_id,3043258,fetch_failed: RuntimeError: fetch_failed after 3 attempts: 404 Client Error: Not Found for url: https://site.web.api.espn.com/apis/common/v3/sports/football/college-football/athletes/3043258/stats?region=us&lang=en&contentorigin=espn
2577371,Shane Ray,,NFL_id,2577371,fetch_failed: RuntimeError: fetch_failed after 3 attempts: 404 Client Error: Not Found for url: https://site.web.api.espn.com/apis/common/v3/sports/football/college-football/athletes/2577371/stats?region=us&lang=en&contentorigin=espn
2577139,Jordan Richards,,NFL_id,2577139,fetch_failed: RuntimeError: fetch_failed after 3 attempts: 404 Client Error: Not Found for url: https://site.web.api.espn.com/apis/common/v3/sports/football/college-football/athletes/2577139/stats?region=us&lang=en&contentorigin=espn
2516338,Corey Robinson,,NFL_id,2516338,fetch_failed: RuntimeError: fetch_failed after 3 attempts: 404 Client Error: Not Found for url: https://site.web.api.espn.com/apis/common/v3/sports/football/college-football/athletes/2516338/stats?region=us&lang=en&contentorigin=espn
3137087,Edmond Robinson,,NFL_id,3137087,fetch_failed: RuntimeError: fetch_failed after 3 attempts: 404 Client Error: Not Found for url: https://site.web.api.espn.com/apis/common/v3/sports/football/college-football/athletes/3137087/stats?region=us&lang=en&contentorigin=espn
2577419,Josh Robinson,,NFL_id,2577419,fetch_failed: RuntimeError: fetch_failed after 3 attempts: 404 Client Error: Not Found for url: https://site.web.api.espn.com/apis/common/v3/sports/football/college-football/athletes/2577419/stats?region=us&lang=en&contentorigin=espn
2576002,Eric Rowe,,NFL_id,2576002,fetch_failed: RuntimeError: fetch_failed after 3 attempts: 404 Client Error: Not Found for url: https://site.web.api.espn.com/apis/common/v3/sports/football/college-football/athletes/2576002/stats?region=us&lang=en&contentorigin=espn
2511687,Ryan Russell,,NFL_id,2511687,fetch_failed: RuntimeError: fetch_failed after 3 attempts: 404 Client Error: Not Found for url: https://site.web.api.espn.com/apis/common/v3/sports/football/college-football/athletes/2511687/stats?region=us&lang=en&contentorigin=espn
2515337,Jake Ryan,,NFL_id,2515337,fetch_failed: RuntimeError: fetch_failed after 3 attempts: 404 Client Error: Not Found for url: https://site.web.api.espn.com/apis/common/v3/sports/football/college-football/athletes/2515337/stats?region=us&lang=en&contentorigin=espn
2514397,Ty Sambrailo,,NFL_id,2514397,fetch_failed: RuntimeError: fetch_failed after 3 attempts: 404 Client Error: Not Found for url: https://site.web.api.espn.com/apis/common/v3/sports/football/college-football/athletes/2514397/stats?region=us&lang=en&contentorigin=espn
2578381,James Sample,,NFL_id,2578381,fetch_failed: RuntimeError: fetch_failed after 3 attempts: 404 Client Error: Not Found for url: https://site.web.api.espn.com/apis/common/v3/sports/football/college-football/athletes/2578381/stats?region=us&lang=en&contentorigin=espn
2511708,Brandon Scherff,,NFL_id,2511708,fetch_failed: RuntimeError: fetch_failed after 3 attempts: 404 Client Error: Not Found for url: https://site.web.api.espn.com/apis/common/v3/sports/football/college-football/athletes/2511708/stats?region=us&lang=en&contentorigin=espn
2971605,Josh Shaw,,NFL_id,2971605,fetch_failed: RuntimeError: fetch_failed after 3 attempts: 404 Client Error: Not Found for url: https://site.web.api.espn.com/apis/common/v3/sports/football/college-football/athletes/2971605/stats?region=us&lang=en&contentorigin=espn
2578384,Danny Shelton,,NFL_id,2578384,fetch_failed: RuntimeError: fetch_failed after 3 attempts: 404 Client Error: Not Found for url: https://site.web.api.espn.com/apis/common/v3/sports/football/college-football/athletes/2578384/stats?region=us&lang=en&contentorigin=espn
2577237,JaCorey Shepherd,,NFL_id,2577237,fetch_failed: RuntimeError: fetch_failed after 3 attempts: 404 Client Error: Not Found for url: https://site.web.api.espn.com/apis/common/v3/sports/football/college-football/athletes/2577237/stats?region=us&lang=en&contentorigin=espn
2568060,Deon Simon,,NFL_id,2568060,fetch_failed: RuntimeError: fetch_failed after 3 attempts: 404 Client Error: Not Found for url: https://site.web.api.espn.com/apis/common/v3/sports/football/college-football/athletes/2568060/stats?region=us&lang=en&contentorigin=espn
3055912,DeAndre Smelter,,NFL_id,3055912,fetch_failed: RuntimeError: fetch_failed after 3 attempts: 404 Client Error: Not Found for url: https://site.web.api.espn.com/apis/common/v3/sports/football/college-football/athletes/3055912/stats?region=us&lang=en&contentorigin=espn
2576395,Devin Smith,,NFL_id,2576395,fetch_failed: RuntimeError: fetch_failed after 3 attempts: 404 Client Error: Not Found for url: https://site.web.api.espn.com/apis/common/v3/sports/football/college-football/athletes/2576395/stats?region=us&lang=en&contentorigin=espn
2517248,Derron Smith,,NFL_id,2517248,fetch_failed: RuntimeError: fetch_failed after 3 attempts: 404 Client Error: Not Found for url: https://site.web.api.espn.com/apis/common/v3/sports/football/college-football/athletes/2517248/stats?region=us&lang=en&contentorigin=espn
2982861,D'Joun Smith,,NFL_id,2982861,fetch_failed: RuntimeError: fetch_failed after 3 attempts: 404 Client Error: Not Found for url: https://site.web.api.espn.com/apis/common/v3/sports/football/college-football/athletes/2982861/stats?region=us&lang=en&contentorigin=espn
2582147,Donovan Smith,,NFL_id,2582147,fetch_failed: RuntimeError: fetch_failed after 3 attempts: 404 Client Error: Not Found for url: https://site.web.api.espn.com/apis/common/v3/sports/football/college-football/athletes/2582147/stats?region=us&lang=en&contentorigin=espn
2577446,Preston Smith,,NFL_id,2577446,fetch_failed: RuntimeError: fetch_failed after 3 attempts: 404 Client Error: Not Found for url: https://site.web.api.espn.com/apis/common/v3/sports/football/college-football/athletes/2577446/stats?region=us&lang=en&contentorigin=espn
2588098,Tye Smith,,NFL_id,2588098,fetch_failed: RuntimeError: fetch_failed after 3 attempts: 404 Client Error: Not Found for url: https://site.web.api.espn.com/apis/common/v3/sports/football/college-football/athletes/2588098/stats?region=us&lang=en&contentorigin=espn
3043168,Za'Darius Smith,,NFL_id,3043168,fetch_failed: RuntimeError: fetch_failed after 3 attempts: 404 Client Error: Not Found for url: https://site.web.api.espn.com/apis/common/v3/sports/football/college-football/athletes/3043168/stats?region=us&lang=en&contentorigin=espn
3046428,Martrell Spaight,,NFL_id,3046428,fetch_failed: RuntimeError: fetch_failed after 3 attempts: 404 Client Error: Not Found for url: https://site.web.api.espn.com/apis/common/v3/sports/football/college-football/athletes/3046428/stats?region=us&lang=en&contentorigin=espn
3043263,Jaelen Strong,,NFL_id,3043263,fetch_failed: RuntimeError: fetch_failed after 3 attempts: 404 Client Error: Not Found for url: https://site.web.api.espn.com/apis/common/v3/sports/football/college-football/athletes/3043263/stats?region=us&lang=en&contentorigin=espn
2578561,Damian Swann,,NFL_id,2578561,fetch_failed: RuntimeError: fetch_failed after 3 attempts: 404 Client Error: Not Found for url: https://site.web.api.espn.com/apis/common/v3/sports/football/college-football/athletes/2578561/stats?region=us&lang=en&contentorigin=espn
2509844,Jaquiski Tartt,,NFL_id,2509844,fetch_failed: RuntimeError: fetch_failed after 3 attempts: 404 Client Error: Not Found for url: https://site.web.api.espn.com/apis/common/v3/sports/football/college-football/athletes/2509844/stats?region=us&lang=en&contentorigin=espn
2510611,Randall Telfer,,NFL_id,2510611,fetch_failed: RuntimeError: fetch_failed after 3 attempts: 404 Client Error: Not Found for url: https://site.web.api.espn.com/apis/common/v3/sports/football/college-football/athletes/2510611/stats?region=us&lang=en&contentorigin=espn
2978313,Shaq Thompson,,NFL_id,2978313,fetch_failed: RuntimeError: fetch_failed after 3 attempts: 404 Client Error: Not Found for url: https://site.web.api.espn.com/apis/common/v3/sports/football/college-football/athletes/2978313/stats?region=us&lang=en&contentorigin=espn
2512477,Laken Tomlinson,,NFL_id,2512477,fetch_failed: RuntimeError: fetch_failed after 3 attempts: 404 Client Error: Not Found for url: https://site.web.api.espn.com/apis/common/v3/sports/football/college-football/athletes/2512477/stats?region=us&lang=en&contentorigin=espn
2512593,Clive Walford,,NFL_id,2512593,fetch_failed: RuntimeError: fetch_failed after 3 attempts: 404 Client Error: Not Found for url: https://site.web.api.espn.com/apis/common/v3/sports/football/college-football/athletes/2512593/stats?region=us&lang=en&contentorigin=espn
2576925,Darren Waller,,NFL_id,2576925,fetch_failed: RuntimeError: fetch_failed after 3 attempts: 404 Client Error: Not Found for url: https://site.web.api.espn.com/apis/common/v3/sports/football/college-football/athletes/2576925/stats?region=us&lang=en&contentorigin=espn
2576283,Trae Waynes,,NFL_id,2576283,fetch_failed: RuntimeError: fetch_failed after 3 attempts: 404 Client Error: Not Found for url: https://site.web.api.espn.com/apis/common/v3/sports/football/college-football/athletes/2576283/stats?region=us&lang=en&contentorigin=espn
3042435,Kevin White,,NFL_id,3042435,fetch_failed: RuntimeError: fetch_failed after 3 attempts: 404 Client Error: Not Found for url: https://site.web.api.espn.com/apis/common/v3/sports/football/college-football/athletes/3042435/stats?region=us&lang=en&contentorigin=espn
2576817,Karlos Williams,,NFL_id,2576817,fetch_failed: RuntimeError: fetch_failed after 3 attempts: 404 Client Error: Not Found for url: https://site.web.api.espn.com/apis/common/v3/sports/football/college-football/athletes/2576817/stats?region=us&lang=en&contentorigin=espn
2971622,Leonard Williams,,NFL_id,2971622,fetch_failed: RuntimeError: fetch_failed after 3 attempts: 404 Client Error: Not Found for url: https://site.web.api.espn.com/apis/common/v3/sports/football/college-football/athletes/2971622/stats?region=us&lang=en&contentorigin=espn
2970726,Maxx Williams,,NFL_id,2970726,fetch_failed: RuntimeError: fetch_failed after 3 attempts: 404 Client Error: Not Found for url: https://site.web.api.espn.com/apis/common/v3/sports/football/college-football/athletes/2970726/stats?region=us&lang=en&contentorigin=espn
2977661,P.J. Williams,,NFL_id,2977661,fetch_failed: RuntimeError: fetch_failed after 3 attempts: 404 Client Error: Not Found for url: https://site.web.api.espn.com/apis/common/v3/sports/football/college-football/athletes/2977661/stats?region=us&lang=en&contentorigin=espn
3040207,Damien Wilson,,NFL_id,3040207,fetch_failed: RuntimeError: fetch_failed after 3 attempts: 404 Client Error: Not Found for url: https://site.web.api.espn.com/apis/common/v3/sports/football/college-football/athletes/3040207/stats?region=us&lang=en&contentorigin=espn
2578565,Ramik Wilson,,NFL_id,2578565,fetch_failed: RuntimeError: fetch_failed after 3 attempts: 404 Client Error: Not Found for url: https://site.web.api.espn.com/apis/common/v3/sports/football/college-football/athletes/2578565/stats?region=us&lang=en&contentorigin=espn
2969939,Jameis Winston,,NFL_id,2969939,fetch_failed: RuntimeError: fetch_failed after 3 attempts: 404 Client Error: Not Found for url: https://site.web.api.espn.com/apis/common/v3/sports/football/college-football/athletes/2969939/stats?region=us&lang=en&contentorigin=espn
2574579,Gabe Wright,,NFL_id,2574579,fetch_failed: RuntimeError: fetch_failed after 3 attempts: 404 Client Error: Not Found for url: https://site.web.api.espn.com/apis/common/v3/sports/football/college-football/athletes/2574579/stats?region=us&lang=en&contentorigin=espn
2976516,T.J. Yeldon,,NFL_id,2976516,fetch_failed: RuntimeError: fetch_failed after 3 attempts: 404 Client Error: Not Found for url: https://site.web.api.espn.com/apis/common/v3/sports/football/college-football/athletes/2976516/stats?region=us&lang=en&contentorigin=espn
2978727,Jerell Adams,,NFL_id,2978727,fetch_failed: RuntimeError: fetch_failed after 3 attempts: 404 Client Error: Not Found for url: https://site.web.api.espn.com/apis/common/v3/sports/football/college-football/athletes/2978727/stats?region=us&lang=en&contentorigin=espn
2978887,Roberto Aguayo,,NFL_id,2978887,fetch_failed: RuntimeError: fetch_failed after 3 attempts: 404 Client Error: Not Found for url: https://site.web.api.espn.com/apis/common/v3/sports/football/college-football/athletes/2978887/stats?region=us&lang=en&contentorigin=espn
3045120,Mackensie Alexander,,NFL_id,3045120,fetch_failed: RuntimeError: fetch_failed after 3 attempts: 404 Client Error: Not Found for url: https://site.web.api.espn.com/apis/common/v3/sports/football/college-football/athletes/3045120/stats?region=us&lang=en&contentorigin=espn
2574511,Brandon Allen,,NFL_id,2574511,fetch_failed: RuntimeError: fetch_failed after 3 attempts: 404 Client Error: Not Found for url: https://site.web.api.espn.com/apis/common/v3/sports/football/college-football/athletes/2574511/stats?region=us&lang=en&contentorigin=espn
3040506,Eli Apple,,NFL_id,3040506,fetch_failed: RuntimeError: fetch_failed after 3 attempts: 404 Client Error: Not Found for url: https://site.web.api.espn.com/apis/common/v3/sports/football/college-football/athletes/3040506/stats?region=us&lang=en&contentorigin=espn
3040026,Demarcus Ayers,,NFL_id,3040026,fetch_failed: RuntimeError: fetch_failed after 3 attempts: 404 Client Error: Not Found for url: https://site.web.api.espn.com/apis/common/v3/sports/football/college-football/athletes/3040026/stats?region=us&lang=en&contentorigin=espn
3051388,Vonn Bell,,NFL_id,3051388,fetch_failed: RuntimeError: fetch_failed after 3 attempts: 404 Client Error: Not Found for url: https://site.web.api.espn.com/apis/common/v3/sports/football/college-football/athletes/3051388/stats?region=us&lang=en&contentorigin=espn
3047575,Caleb Benenoch,,NFL_id,3047575,fetch_failed: RuntimeError: fetch_failed after 3 attempts: 404 Client Error: Not Found for url: https://site.web.api.espn.com/apis/common/v3/sports/football/college-football/athletes/3047575/stats?region=us&lang=en&contentorigin=espn
3051775,Andrew Billings,,NFL_id,3051775,fetch_failed: RuntimeError: fetch_failed after 3 attempts: 404 Client Error: Not Found for url: https://site.web.api.espn.com/apis/common/v3/sports/football/college-football/athletes/3051775/stats?region=us&lang=en&contentorigin=espn
2567711,Ronald Blair,,NFL_id,2567711,fetch_failed: RuntimeError: fetch_failed after 3 attempts: 404 Client Error: Not Found for url: https://site.web.api.espn.com/apis/common/v3/sports/football/college-football/athletes/2567711/stats?region=us&lang=en&contentorigin=espn
2582448,Austin Blythe,,NFL_id,2582448,fetch_failed: RuntimeError: fetch_failed after 3 attempts: 404 Client Error: Not Found for url: https://site.web.api.espn.com/apis/common/v3/sports/football/college-football/athletes/2582448/stats?region=us&lang=en&contentorigin=espn
2971418,Evan Boehm,,NFL_id,2971418,fetch_failed: RuntimeError: fetch_failed after 3 attempts: 404 Client Error: Not Found for url: https://site.web.api.espn.com/apis/common/v3/sports/football/college-football/athletes/2971418/stats?region=us&lang=en&contentorigin=espn
3051389,Joey Bosa,,NFL_id,3051389,fetch_failed: RuntimeError: fetch_failed after 3 attempts: 404 Client Error: Not Found for url: https://site.web.api.espn.com/apis/common/v3/sports/football/college-football/athletes/3051389/stats?region=us&lang=en&contentorigin=espn
3045144,Tyler Boyd,,NFL_id,3045144,fetch_failed: RuntimeError: fetch_failed after 3 attempts: 404 Client Error: Not Found for url: https://site.web.api.espn.com/apis/common/v3/sports/football/college-football/athletes/3045144/stats?region=us&lang=en&contentorigin=espn
2572841,James Bradberry,,NFL_id,2572841,fetch_failed: RuntimeError: fetch_failed after 3 attempts: 404 Client Error: Not Found for url: https://site.web.api.espn.com/apis/common/v3/sports/football/college-football/athletes/2572841/stats?region=us&lang=en&contentorigin=espn
2578570,Jacoby Brissett,,NFL_id,2578570,fetch_failed: RuntimeError: fetch_failed after 3 attempts: 404 Client Error: Not Found for url: https://site.web.api.espn.com/apis/common/v3/sports/football/college-football/athletes/2578570/stats?region=us&lang=en&contentorigin=espn
2577354,Kentrell Brothers,,NFL_id,2577354,fetch_failed: RuntimeError: fetch_failed after 3 attempts: 404 Client Error: Not Found for url: https://site.web.api.espn.com/apis/common/v3/sports/football/college-football/athletes/2577354/stats?region=us&lang=en&contentorigin=espn
2977756,Anthony Brown,,NFL_id,2977756,fetch_failed: RuntimeError: fetch_failed after 3 attempts: 404 Client Error: Not Found for url: https://site.web.api.espn.com/apis/common/v3/sports/football/college-football/athletes/2977756/stats?region=us&lang=en&contentorigin=espn
2971282,Deforest Buckner,,NFL_id,2971282,fetch_failed: RuntimeError: fetch_failed after 3 attempts: 404 Client Error: Not Found for url: https://site.web.api.espn.com/apis/common/v3/sports/football/college-football/athletes/2971282/stats?region=us&lang=en&contentorigin=espn
2980097,Jonathan Bullard,,NFL_id,2980097,fetch_failed: RuntimeError: fetch_failed after 3 attempts: 404 Client Error: Not Found for url: https://site.web.api.espn.com/apis/common/v3/sports/football/college-football/athletes/2980097/stats?region=us&lang=en&contentorigin=espn
2979533,Aaron Burbridge,,NFL_id,2979533,fetch_failed: RuntimeError: fetch_failed after 3 attempts: 404 Client Error: Not Found for url: https://site.web.api.espn.com/apis/common/v3/sports/football/college-football/athletes/2979533/stats?region=us&lang=en&contentorigin=espn
3051921,Artie Burns,,NFL_id,3051921,fetch_failed: RuntimeError: fetch_failed after 3 attempts: 404 Client Error: Not Found for url: https://site.web.api.espn.com/apis/common/v3/sports/football/college-football/athletes/3051921/stats?region=us&lang=en&contentorigin=espn
2577740,Juston Burris,,NFL_id,2577740,fetch_failed: RuntimeError: fetch_failed after 3 attempts: 404 Client Error: Not Found for url: https://site.web.api.espn.com/apis/common/v3/sports/football/college-football/athletes/2577740/stats?region=us&lang=en&contentorigin=espn
2969944,Deon Bush,,NFL_id,2969944,fetch_failed: RuntimeError: fetch_failed after 3 attempts: 404 Client Error: Not Found for url: https://site.web.api.espn.com/apis/common/v3/sports/football/college-football/athletes/2969944/stats?region=us&lang=en&contentorigin=espn
2971883,Vernon Butler,,NFL_id,2971883,fetch_failed: RuntimeError: fetch_failed after 3 attempts: 404 Client Error: Not Found for url: https://site.web.api.espn.com/apis/common/v3/sports/football/college-football/athletes/2971883/stats?region=us&lang=en&contentorigin=espn
2576257,Shilique Calhoun,,NFL_id,2576257,fetch_failed: RuntimeError: fetch_failed after 3 attempts: 404 Client Error: Not Found for url: https://site.web.api.espn.com/apis/common/v3/sports/football/college-football/athletes/2576257/stats?region=us&lang=en&contentorigin=espn
3040180,De'Vondre Campbell,,NFL_id,3040180,fetch_failed: RuntimeError: fetch_failed after 3 attempts: 404 Client Error: Not Found for url: https://site.web.api.espn.com/apis/common/v3/sports/football/college-football/athletes/3040180/stats?region=us&lang=en&contentorigin=espn
2979655,Maurice Canady,,NFL_id,2979655,fetch_failed: RuntimeError: fetch_failed after 3 attempts: 404 Client Error: Not Found for url: https://site.web.api.espn.com/apis/common/v3/sports/football/college-football/athletes/2979655/stats?region=us&lang=en&contentorigin=espn
2982804,Leonte Carroo,,NFL_id,2982804,fetch_failed: RuntimeError: fetch_failed after 3 attempts: 404 Client Error: Not Found for url: https://site.web.api.espn.com/apis/common/v3/sports/football/college-football/athletes/2982804/stats?region=us&lang=en&contentorigin=espn
2978929,Corey Coleman,,NFL_id,2978929,fetch_failed: RuntimeError: fetch_failed after 3 attempts: 404 Client Error: Not Found for url: https://site.web.api.espn.com/apis/common/v3/sports/football/college-football/athletes/2978929/stats?region=us&lang=en&contentorigin=espn
2574573,Shon Coleman,,NFL_id,2574573,fetch_failed: RuntimeError: fetch_failed after 3 attempts: 404 Client Error: Not Found for url: https://site.web.api.espn.com/apis/common/v3/sports/football/college-football/athletes/2574573/stats?region=us&lang=en&contentorigin=espn
3046409,Alex Collins,,NFL_id,3046409,fetch_failed: RuntimeError: fetch_failed after 3 attempts: 404 Client Error: Not Found for url: https://site.web.api.espn.com/apis/common/v3/sports/football/college-football/athletes/3046409/stats?region=us&lang=en&contentorigin=espn
3040471,Maliek Collins,,NFL_id,3040471,fetch_failed: RuntimeError: fetch_failed after 3 attempts: 404 Client Error: Not Found for url: https://site.web.api.espn.com/apis/common/v3/sports/football/college-football/athletes/3040471/stats?region=us&lang=en&contentorigin=espn
2979534,Jack Conklin,,NFL_id,2979534,fetch_failed: RuntimeError: fetch_failed after 3 attempts: 404 Client Error: Not Found for url: https://site.web.api.espn.com/apis/common/v3/sports/football/college-football/athletes/2979534/stats?region=us&lang=en&contentorigin=espn
2576261,Connor Cook,,NFL_id,2576261,fetch_failed: RuntimeError: fetch_failed after 3 attempts: 404 Client Error: Not Found for url: https://site.web.api.espn.com/apis/common/v3/sports/football/college-football/athletes/2576261/stats?region=us&lang=en&contentorigin=espn
3048897,Pharoh Cooper,,NFL_id,3048897,fetch_failed: RuntimeError: fetch_failed after 3 attempts: 404 Client Error: Not Found for url: https://site.web.api.espn.com/apis/common/v3/sports/football/college-football/athletes/3048897/stats?region=us&lang=en&contentorigin=espn
2980378,Cody Core,,NFL_id,2980378,fetch_failed: RuntimeError: fetch_failed after 3 attempts: 404 Client Error: Not Found for url: https://site.web.api.espn.com/apis/common/v3/sports/football/college-football/athletes/2980378/stats?region=us&lang=en&contentorigin=espn
3042874,Kamalei Correa,,NFL_id,3042874,fetch_failed: RuntimeError: fetch_failed after 3 attempts: 404 Client Error: Not Found for url: https://site.web.api.espn.com/apis/common/v3/sports/football/college-football/athletes/3042874/stats?region=us&lang=en&contentorigin=espn
3043215,Su'A Cravens,,NFL_id,3043215,fetch_failed: RuntimeError: fetch_failed after 3 attempts: 404 Client Error: Not Found for url: https://site.web.api.espn.com/apis/common/v3/sports/football/college-football/athletes/3043215/stats?region=us&lang=en&contentorigin=espn
2976210,Sean Davis,,NFL_id,2976210,fetch_failed: RuntimeError: fetch_failed after 3 attempts: 404 Client Error: Not Found for url: https://site.web.api.espn.com/apis/common/v3/sports/football/college-football/athletes/2976210/stats?region=us&lang=en&contentorigin=espn
2573343,Trevor Davis,,NFL_id,2573343,fetch_failed: RuntimeError: fetch_failed after 3 attempts: 404 Client Error: Not Found for url: https://site.web.api.espn.com/apis/common/v3/sports/football/college-football/athletes/2573343/stats?region=us&lang=en&contentorigin=espn
2976194,Sheldon Day,,NFL_id,2976194,fetch_failed: RuntimeError: fetch_failed after 3 attempts: 404 Client Error: Not Found for url: https://site.web.api.espn.com/apis/common/v3/sports/football/college-football/athletes/2976194/stats?region=us&lang=en&contentorigin=espn
2976292,Taylor Decker,,NFL_id,2976292,fetch_failed: RuntimeError: fetch_failed after 3 attempts: 404 Client Error: Not Found for url: https://site.web.api.espn.com/apis/common/v3/sports/football/college-football/athletes/2976292/stats?region=us&lang=en&contentorigin=espn
2976629,KJ Dillon,,NFL_id,2976629,fetch_failed: RuntimeError: fetch_failed after 3 attempts: 404 Client Error: Not Found for url: https://site.web.api.espn.com/apis/common/v3/sports/football/college-football/athletes/2976629/stats?region=us&lang=en&contentorigin=espn
2971888,Kenneth Dixon,,NFL_id,2971888,fetch_failed: RuntimeError: fetch_failed after 3 attempts: 404 Client Error: Not Found for url: https://site.web.api.espn.com/apis/common/v3/sports/football/college-football/athletes/2971888/stats?region=us&lang=en&contentorigin=espn
2577619,Riley Dixon,,NFL_id,2577619,fetch_failed: RuntimeError: fetch_failed after 3 attempts: 404 Client Error: Not Found for url: https://site.web.api.espn.com/apis/common/v3/sports/football/college-football/athletes/2577619/stats?region=us&lang=en&contentorigin=espn
2576019,Josh Doctson,,NFL_id,2576019,fetch_failed: RuntimeError: fetch_failed after 3 attempts: 404 Client Error: Not Found for url: https://site.web.api.espn.com/apis/common/v3/sports/football/college-football/athletes/2576019/stats?region=us&lang=en&contentorigin=espn
2977682,Kevin Dodd,,NFL_id,2977682,fetch_failed: RuntimeError: fetch_failed after 3 attempts: 404 Client Error: Not Found for url: https://site.web.api.espn.com/apis/common/v3/sports/football/college-football/athletes/2977682/stats?region=us&lang=en&contentorigin=espn
2979843,Kenyan Drake,,NFL_id,2979843,fetch_failed: RuntimeError: fetch_failed after 3 attempts: 404 Client Error: Not Found for url: https://site.web.api.espn.com/apis/common/v3/sports/football/college-football/athletes/2979843/stats?region=us&lang=en&contentorigin=espn
2577042,Spencer Drango,,NFL_id,2577042,fetch_failed: RuntimeError: fetch_failed after 3 attempts: 404 Client Error: Not Found for url: https://site.web.api.espn.com/apis/common/v3/sports/football/college-football/athletes/2577042/stats?region=us&lang=en&contentorigin=espn
2574630,Jeff Driskel,,NFL_id,2574630,fetch_failed: RuntimeError: fetch_failed after 3 attempts: 404 Client Error: Not Found for url: https://site.web.api.espn.com/apis/common/v3/sports/football/college-football/athletes/2574630/stats?region=us&lang=en&contentorigin=espn
3051392,Ezekiel Elliott,,NFL_id,3051392,fetch_failed: RuntimeError: fetch_failed after 3 attempts: 404 Client Error: Not Found for url: https://site.web.api.espn.com/apis/common/v3/sports/football/college-football/athletes/3051392/stats?region=us&lang=en&contentorigin=espn
2573974,Tyler Ervin,,NFL_id,2573974,fetch_failed: RuntimeError: fetch_failed after 3 attempts: 404 Client Error: Not Found for url: https://site.web.api.espn.com/apis/common/v3/sports/football/college-football/athletes/2573974/stats?region=us&lang=en&contentorigin=espn
2574229,Kyler Fackrell,,NFL_id,2574229,fetch_failed: RuntimeError: fetch_failed after 3 attempts: 404 Client Error: Not Found for url: https://site.web.api.espn.com/apis/common/v3/sports/football/college-football/athletes/2574229/stats?region=us&lang=en&contentorigin=espn
3043136,Leonard Floyd,,NFL_id,3043136,fetch_failed: RuntimeError: fetch_failed after 3 attempts: 404 Client Error: Not Found for url: https://site.web.api.espn.com/apis/common/v3/sports/football/college-football/athletes/3043136/stats?region=us&lang=en&contentorigin=espn
2576678,Josh Forrest,,NFL_id,2576678,fetch_failed: RuntimeError: fetch_failed after 3 attempts: 404 Client Error: Not Found for url: https://site.web.api.espn.com/apis/common/v3/sports/football/college-football/athletes/2576678/stats?region=us&lang=en&contentorigin=espn
2972505,Kavon Frazier,,NFL_id,2972505,fetch_failed: RuntimeError: fetch_failed after 3 attempts: 404 Client Error: Not Found for url: https://site.web.api.espn.com/apis/common/v3/sports/football/college-football/athletes/2972505/stats?region=us&lang=en&contentorigin=espn
3045465,Kendall Fuller,,NFL_id,3045465,fetch_failed: RuntimeError: fetch_failed after 3 attempts: 404 Client Error: Not Found for url: https://site.web.api.espn.com/apis/common/v3/sports/football/college-football/athletes/3045465/stats?region=us&lang=en&contentorigin=espn
2576245,Graham Glasgow,,NFL_id,2576245,fetch_failed: RuntimeError: fetch_failed after 3 attempts: 404 Client Error: Not Found for url: https://site.web.api.espn.com/apis/common/v3/sports/football/college-football/athletes/2576245/stats?region=us&lang=en&contentorigin=espn
3046779,Jared Goff,,NFL_id,3046779,fetch_failed: RuntimeError: fetch_failed after 3 attempts: 404 Client Error: Not Found for url: https://site.web.api.espn.com/apis/common/v3/sports/football/college-football/athletes/3046779/stats?region=us&lang=en&contentorigin=espn
2576489,B.J. Goodson,,NFL_id,2576489,fetch_failed: RuntimeError: fetch_failed after 3 attempts: 404 Client Error: Not Found for url: https://site.web.api.espn.com/apis/common/v3/sports/football/college-football/athletes/2576489/stats?region=us&lang=en&contentorigin=espn
2971498,Adam Gotsis,,NFL_id,2971498,fetch_failed: RuntimeError: fetch_failed after 3 attempts: 404 Client Error: Not Found for url: https://site.web.api.espn.com/apis/common/v3/sports/football/college-football/athletes/2971498/stats?region=us&lang=en&contentorigin=espn
3045128,T.J. Green,,NFL_id,3045128,fetch_failed: RuntimeError: fetch_failed after 3 attempts: 404 Client Error: Not Found for url: https://site.web.api.espn.com/apis/common/v3/sports/football/college-football/athletes/3045128/stats?region=us&lang=en&contentorigin=espn
2573103,Joe Haeg,,NFL_id,2573103,fetch_failed: RuntimeError: fetch_failed after 3 attempts: 404 Client Error: Not Found for url: https://site.web.api.espn.com/apis/common/v3/sports/football/college-football/athletes/2573103/stats?region=us&lang=en&contentorigin=espn
2983055,Javon Hargrave,,NFL_id,2983055,fetch_failed: RuntimeError: fetch_failed after 3 attempts: 404 Client Error: Not Found for url: https://site.web.api.espn.com/apis/common/v3/sports/football/college-football/athletes/2983055/stats?region=us&lang=en&contentorigin=espn
2580330,Temarrick Hemingway,,NFL_id,2580330,fetch_failed: RuntimeError: fetch_failed after 3 attempts: 404 Client Error: Not Found for url: https://site.web.api.espn.com/apis/common/v3/sports/football/college-football/athletes/2580330/stats?region=us&lang=en&contentorigin=espn
3043078,Derrick Henry,,NFL_id,3043078,fetch_failed: RuntimeError: fetch_failed after 3 attempts: 404 Client Error: Not Found for url: https://site.web.api.espn.com/apis/common/v3/sports/football/college-football/athletes/3043078/stats?region=us&lang=en&contentorigin=espn
3046439,Hunter Henry,,NFL_id,3046439,fetch_failed: RuntimeError: fetch_failed after 3 attempts: 404 Client Error: Not Found for url: https://site.web.api.espn.com/apis/common/v3/sports/football/college-football/athletes/3046439/stats?region=us&lang=en&contentorigin=espn
2977625,Willie Henry,,NFL_id,2977625,fetch_failed: RuntimeError: fetch_failed after 3 attempts: 404 Client Error: Not Found for url: https://site.web.api.espn.com/apis/common/v3/sports/football/college-football/athletes/2977625/stats?region=us&lang=en&contentorigin=espn
2573401,Tyler Higbee,,NFL_id,2573401,fetch_failed: RuntimeError: fetch_failed after 3 attempts: 404 Client Error: Not Found for url: https://site.web.api.espn.com/apis/common/v3/sports/football/college-football/athletes/2573401/stats?region=us&lang=en&contentorigin=espn
3042910,Rashard Higgins,,NFL_id,3042910,fetch_failed: RuntimeError: fetch_failed after 3 attempts: 404 Client Error: Not Found for url: https://site.web.api.espn.com/apis/common/v3/sports/football/college-football/athletes/3042910/stats?region=us&lang=en&contentorigin=espn
2577128,Kevin Hogan,,NFL_id,2577128,fetch_failed: RuntimeError: fetch_failed after 3 attempts: 404 Client Error: Not Found for url: https://site.web.api.espn.com/apis/common/v3/sports/football/college-football/athletes/2577128/stats?region=us&lang=en&contentorigin=espn
3043275,Austin Hooper,,NFL_id,3043275,fetch_failed: RuntimeError: fetch_failed after 3 attempts: 404 Client Error: Not Found for url: https://site.web.api.espn.com/apis/common/v3/sports/football/college-football/athletes/3043275/stats?region=us&lang=en&contentorigin=espn
2566034,Deandre Houston-Carson,,NFL_id,2566034,fetch_failed: RuntimeError: fetch_failed after 3 attempts: 404 Client Error: Not Found for url: https://site.web.api.espn.com/apis/common/v3/sports/football/college-football/athletes/2566034/stats?region=us&lang=en&contentorigin=espn
3060022,Jordan Howard,,NFL_id,3060022,fetch_failed: RuntimeError: fetch_failed after 3 attempts: 404 Client Error: Not Found for url: https://site.web.api.espn.com/apis/common/v3/sports/football/college-football/athletes/3060022/stats?region=us&lang=en&contentorigin=espn
2978935,Xavien Howard,,NFL_id,2978935,fetch_failed: RuntimeError: fetch_failed after 3 attempts: 404 Client Error: Not Found for url: https://site.web.api.espn.com/apis/common/v3/sports/football/college-football/athletes/2978935/stats?region=us&lang=en&contentorigin=espn
2972304,Germain Ifedi,,NFL_id,2972304,fetch_failed: RuntimeError: fetch_failed after 3 attempts: 404 Client Error: Not Found for url: https://site.web.api.espn.com/apis/common/v3/sports/football/college-football/athletes/2972304/stats?region=us&lang=en&contentorigin=espn
3054955,Vernon Hargreaves III,,NFL_id,3054955,fetch_failed: RuntimeError: fetch_failed after 3 attempts: 404 Client Error: Not Found for url: https://site.web.api.espn.com/apis/common/v3/sports/football/college-football/athletes/3054955/stats?region=us&lang=en&contentorigin=espn
3061106,William Jackson III,,NFL_id,3061106,fetch_failed: RuntimeError: fetch_failed after 3 attempts: 404 Client Error: Not Found for url: https://site.web.api.espn.com/apis/common/v3/sports/football/college-football/athletes/3061106/stats?region=us&lang=en&contentorigin=espn
3056472,Scooby Wright III,,NFL_id,3056472,fetch_failed: RuntimeError: fetch_failed after 3 attempts: 404 Client Error: Not Found for url: https://site.web.api.espn.com/apis/common/v3/sports/football/college-football/athletes/3056472/stats?region=us&lang=en&contentorigin=espn
2976263,Matt Ioannidis,,NFL_id,2976263,fetch_failed: RuntimeError: fetch_failed after 3 attempts: 404 Client Error: Not Found for url: https://site.web.api.espn.com/apis/common/v3/sports/football/college-football/athletes/2976263/stats?region=us&lang=en&contentorigin=espn
3047566,Myles Jack,,NFL_id,3047566,fetch_failed: RuntimeError: fetch_failed after 3 attempts: 404 Client Error: Not Found for url: https://site.web.api.espn.com/apis/common/v3/sports/football/college-football/athletes/3047566/stats?region=us&lang=en&contentorigin=espn
2974317,Andy Janovich,,NFL_id,2974317,fetch_failed: RuntimeError: fetch_failed after 3 attempts: 404 Client Error: Not Found for url: https://site.web.api.espn.com/apis/common/v3/sports/football/college-football/athletes/2974317/stats?region=us&lang=en&contentorigin=espn
2577078,Quinton Jefferson,,NFL_id,2577078,fetch_failed: RuntimeError: fetch_failed after 3 attempts: 404 Client Error: Not Found for url: https://site.web.api.espn.com/apis/common/v3/sports/football/college-football/athletes/2577078/stats?region=us&lang=en&contentorigin=espn
2977647,Jordan Jenkins,,NFL_id,2977647,fetch_failed: RuntimeError: fetch_failed after 3 attempts: 404 Client Error: Not Found for url: https://site.web.api.espn.com/apis/common/v3/sports/football/college-football/athletes/2977647/stats?region=us&lang=en&contentorigin=espn
2979591,Austin Johnson,,NFL_id,2979591,fetch_failed: RuntimeError: fetch_failed after 3 attempts: 404 Client Error: Not Found for url: https://site.web.api.espn.com/apis/common/v3/sports/football/college-football/athletes/2979591/stats?region=us&lang=en&contentorigin=espn
2976299,Cardale Jones,,NFL_id,2976299,fetch_failed: RuntimeError: fetch_failed after 3 attempts: 404 Client Error: Not Found for url: https://site.web.api.espn.com/apis/common/v3/sports/football/college-football/athletes/2976299/stats?region=us&lang=en&contentorigin=espn
3044859,Chris Jones,,NFL_id,3044859,fetch_failed: RuntimeError: fetch_failed after 3 attempts: 404 Client Error: Not Found for url: https://site.web.api.espn.com/apis/common/v3/sports/football/college-football/athletes/3044859/stats?region=us&lang=en&contentorigin=espn
2979849,Cyrus Jones,,NFL_id,2979849,fetch_failed: RuntimeError: fetch_failed after 3 attempts: 404 Client Error: Not Found for url: https://site.web.api.espn.com/apis/common/v3/sports/football/college-football/athletes/2979849/stats?region=us&lang=en&contentorigin=espn
2976545,Deion Jones,,NFL_id,2976545,fetch_failed: RuntimeError: fetch_failed after 3 attempts: 404 Client Error: Not Found for url: https://site.web.api.espn.com/apis/common/v3/sports/football/college-football/athletes/2976545/stats?region=us&lang=en&contentorigin=espn
2976639,Karl Joseph,,NFL_id,2976639,fetch_failed: RuntimeError: fetch_failed after 3 attempts: 404 Client Error: Not Found for url: https://site.web.api.espn.com/apis/common/v3/sports/football/college-football/athletes/2976639/stats?region=us&lang=en&contentorigin=espn
2578698,Drew Kaser,,NFL_id,2578698,fetch_failed: RuntimeError: fetch_failed after 3 attempts: 404 Client Error: Not Found for url: https://site.web.api.espn.com/apis/common/v3/sports/football/college-football/athletes/2578698/stats?region=us&lang=en&contentorigin=espn
2980444,Bronson Kaufusi,,NFL_id,2980444,fetch_failed: RuntimeError: fetch_failed after 3 attempts: 404 Client Error: Not Found for url: https://site.web.api.espn.com/apis/common/v3/sports/football/college-football/athletes/2980444/stats?region=us&lang=en&contentorigin=espn
3045130,Jayron Kearse,,NFL_id,3045130,fetch_failed: RuntimeError: fetch_failed after 3 attempts: 404 Client Error: Not Found for url: https://site.web.api.espn.com/apis/common/v3/sports/football/college-football/athletes/3045130/stats?region=us&lang=en&contentorigin=espn
2578475,Ryan Kelly,,NFL_id,2578475,fetch_failed: RuntimeError: fetch_failed after 3 attempts: 404 Client Error: Not Found for url: https://site.web.api.espn.com/apis/common/v3/sports/football/college-football/athletes/2578475/stats?region=us&lang=en&contentorigin=espn
2577243,Cody Kessler,,NFL_id,2577243,fetch_failed: RuntimeError: fetch_failed after 3 attempts: 404 Client Error: Not Found for url: https://site.web.api.espn.com/apis/common/v3/sports/football/college-football/athletes/2577243/stats?region=us&lang=en&contentorigin=espn
2575164,Miles Killebrew,,NFL_id,2575164,fetch_failed: RuntimeError: fetch_failed after 3 attempts: 404 Client Error: Not Found for url: https://site.web.api.espn.com/apis/common/v3/sports/football/college-football/athletes/2575164/stats?region=us&lang=en&contentorigin=espn
2971550,Derrick Kindred,,NFL_id,2971550,fetch_failed: RuntimeError: fetch_failed after 3 attempts: 404 Client Error: Not Found for url: https://site.web.api.espn.com/apis/common/v3/sports/football/college-football/athletes/2971550/stats?region=us&lang=en&contentorigin=espn
2581818,Nick Kwiatkoski,,NFL_id,2581818,fetch_failed: RuntimeError: fetch_failed after 3 attempts: 404 Client Error: Not Found for url: https://site.web.api.espn.com/apis/common/v3/sports/football/college-football/athletes/2581818/stats?region=us&lang=en&contentorigin=espn
2576873,Daniel Lasco,,NFL_id,2576873,fetch_failed: RuntimeError: fetch_failed after 3 attempts: 404 Client Error: Not Found for url: https://site.web.api.espn.com/apis/common/v3/sports/football/college-football/athletes/2576873/stats?region=us&lang=en&contentorigin=espn
2977679,Shaq Lawson,,NFL_id,2977679,fetch_failed: RuntimeError: fetch_failed after 3 attempts: 404 Client Error: Not Found for url: https://site.web.api.espn.com/apis/common/v3/sports/football/college-football/athletes/2977679/stats?region=us&lang=en&contentorigin=espn
3051398,Darron Lee,,NFL_id,3051398,fetch_failed: RuntimeError: fetch_failed after 3 attempts: 404 Client Error: Not Found for url: https://site.web.api.espn.com/apis/common/v3/sports/football/college-football/athletes/3051398/stats?region=us&lang=en&contentorigin=espn
2971023,Ricardo Louis,,NFL_id,2971023,fetch_failed: RuntimeError: fetch_failed after 3 attempts: 404 Client Error: Not Found for url: https://site.web.api.espn.com/apis/common/v3/sports/football/college-football/athletes/2971023/stats?region=us&lang=en&contentorigin=espn
2974348,Dean Lowry,,NFL_id,2974348,fetch_failed: RuntimeError: fetch_failed after 3 attempts: 404 Client Error: Not Found for url: https://site.web.api.espn.com/apis/common/v3/sports/football/college-football/athletes/2974348/stats?region=us&lang=en&contentorigin=espn
2979595,Jordan Lucas,,NFL_id,2979595,fetch_failed: RuntimeError: fetch_failed after 3 attempts: 404 Client Error: Not Found for url: https://site.web.api.espn.com/apis/common/v3/sports/football/college-football/athletes/2979595/stats?region=us&lang=en&contentorigin=espn
2977881,Paxton Lynch,,NFL_id,2977881,fetch_failed: RuntimeError: fetch_failed after 3 attempts: 404 Client Error: Not Found for url: https://site.web.api.espn.com/apis/common/v3/sports/football/college-football/athletes/2977881/stats?region=us&lang=en&contentorigin=espn
2579850,Nick Martin,,NFL_id,2579850,fetch_failed: RuntimeError: fetch_failed after 3 attempts: 404 Client Error: Not Found for url: https://site.web.api.espn.com/apis/common/v3/sports/football/college-football/athletes/2579850/stats?region=us&lang=en&contentorigin=espn
2978273,Blake Martinez,,NFL_id,2978273,fetch_failed: RuntimeError: fetch_failed after 3 attempts: 404 Client Error: Not Found for url: https://site.web.api.espn.com/apis/common/v3/sports/football/college-football/athletes/2978273/stats?region=us&lang=en&contentorigin=espn
2976249,Tyler Matakevich,,NFL_id,2976249,fetch_failed: RuntimeError: fetch_failed after 3 attempts: 404 Client Error: Not Found for url: https://site.web.api.espn.com/apis/common/v3/sports/football/college-football/athletes/2976249/stats?region=us&lang=en&contentorigin=espn
2577367,Connor McGovern,,NFL_id,2577367,fetch_failed: RuntimeError: fetch_failed after 3 attempts: 404 Client Error: Not Found for url: https://site.web.api.espn.com/apis/common/v3/sports/football/college-football/athletes/2577367/stats?region=us&lang=en&contentorigin=espn
2570987,Braxton Miller,,NFL_id,2570987,fetch_failed: RuntimeError: fetch_failed after 3 attempts: 404 Client Error: Not Found for url: https://site.web.api.espn.com/apis/common/v3/sports/football/college-football/athletes/2570987/stats?region=us&lang=en&contentorigin=espn
2974631,Harlan Miller,,NFL_id,2974631,fetch_failed: RuntimeError: fetch_failed after 3 attempts: 404 Client Error: Not Found for url: https://site.web.api.espn.com/apis/common/v3/sports/football/college-football/athletes/2974631/stats?region=us&lang=en&contentorigin=espn
2976540,Jalen Mills,,NFL_id,2976540,fetch_failed: RuntimeError: fetch_failed after 3 attempts: 404 Client Error: Not Found for url: https://site.web.api.espn.com/apis/common/v3/sports/football/college-football/athletes/2976540/stats?region=us&lang=en&contentorigin=espn
2578553,Malcolm Mitchell,,NFL_id,2578553,fetch_failed: RuntimeError: fetch_failed after 3 attempts: 404 Client Error: Not Found for url: https://site.web.api.espn.com/apis/common/v3/sports/football/college-football/athletes/2578553/stats?region=us&lang=en&contentorigin=espn
2576581,Chris Moore,,NFL_id,2576581,fetch_failed: RuntimeError: fetch_failed after 3 attempts: 404 Client Error: Not Found for url: https://site.web.api.espn.com/apis/common/v3/sports/football/college-football/athletes/2576581/stats?region=us&lang=en&contentorigin=espn
2580052,David Morgan,,NFL_id,2580052,fetch_failed: RuntimeError: fetch_failed after 3 attempts: 404 Client Error: Not Found for url: https://site.web.api.espn.com/apis/common/v3/sports/football/college-football/athletes/2580052/stats?region=us&lang=en&contentorigin=espn
2971051,Antonio Morrison,,NFL_id,2971051,fetch_failed: RuntimeError: fetch_failed after 3 attempts: 404 Client Error: Not Found for url: https://site.web.api.espn.com/apis/common/v3/sports/football/college-football/athletes/2971051/stats?region=us&lang=en&contentorigin=espn
2978275,Kyle Murphy,,NFL_id,2978275,fetch_failed: RuntimeError: fetch_failed after 3 attempts: 404 Client Error: Not Found for url: https://site.web.api.espn.com/apis/common/v3/sports/football/college-football/athletes/2978275/stats?region=us&lang=en&contentorigin=espn
2970716,Eric Murray,,NFL_id,2970716,fetch_failed: RuntimeError: fetch_failed after 3 attempts: 404 Client Error: Not Found for url: https://site.web.api.espn.com/apis/common/v3/sports/football/college-football/athletes/2970716/stats?region=us&lang=en&contentorigin=espn
2614825,Carl Nassib,,NFL_id,2614825,fetch_failed: RuntimeError: fetch_failed after 3 attempts: 404 Client Error: Not Found for url: https://site.web.api.espn.com/apis/common/v3/sports/football/college-football/athletes/2614825/stats?region=us&lang=en&contentorigin=espn
3054962,Keanu Neal,,NFL_id,3054962,fetch_failed: RuntimeError: fetch_failed after 3 attempts: 404 Client Error: Not Found for url: https://site.web.api.espn.com/apis/common/v3/sports/football/college-football/athletes/3054962/stats?region=us&lang=en&contentorigin=espn
3051886,Robert Nkemdiche,,NFL_id,3051886,fetch_failed: RuntimeError: fetch_failed after 3 attempts: 404 Client Error: Not Found for url: https://site.web.api.espn.com/apis/common/v3/sports/football/college-football/athletes/3051886/stats?region=us&lang=en&contentorigin=espn
2977740,Emmanuel Ogbah,,NFL_id,2977740,fetch_failed: RuntimeError: fetch_failed after 3 attempts: 404 Client Error: Not Found for url: https://site.web.api.espn.com/apis/common/v3/sports/football/college-football/athletes/2977740/stats?region=us&lang=en&contentorigin=espn
2971588,Jordan Payton,,NFL_id,2971588,fetch_failed: RuntimeError: fetch_failed after 3 attempts: 404 Client Error: Not Found for url: https://site.web.api.espn.com/apis/common/v3/sports/football/college-football/athletes/2971588/stats?region=us&lang=en&contentorigin=espn
2576498,Charone Peake,,NFL_id,2576498,fetch_failed: RuntimeError: fetch_failed after 3 attempts: 404 Client Error: Not Found for url: https://site.web.api.espn.com/apis/common/v3/sports/football/college-football/athletes/2576498/stats?region=us&lang=en&contentorigin=espn
2971589,Paul Perkins,,NFL_id,2971589,fetch_failed: RuntimeError: fetch_failed after 3 attempts: 404 Client Error: Not Found for url: https://site.web.api.espn.com/apis/common/v3/sports/football/college-football/athletes/2971589/stats?region=us&lang=en&contentorigin=espn
2976306,Joshua Perry,,NFL_id,2976306,fetch_failed: RuntimeError: fetch_failed after 3 attempts: 404 Client Error: Not Found for url: https://site.web.api.espn.com/apis/common/v3/sports/football/college-football/athletes/2976306/stats?region=us&lang=en&contentorigin=espn
2577417,Dak Prescott,,NFL_id,2577417,fetch_failed: RuntimeError: fetch_failed after 3 attempts: 404 Client Error: Not Found for url: https://site.web.api.espn.com/apis/common/v3/sports/football/college-football/athletes/2577417/stats?region=us&lang=en&contentorigin=espn
2980148,C.J. Prosise,,NFL_id,2980148,fetch_failed: RuntimeError: fetch_failed after 3 attempts: 404 Client Error: Not Found for url: https://site.web.api.espn.com/apis/common/v3/sports/football/college-football/athletes/2980148/stats?region=us&lang=en&contentorigin=espn
2979855,Reggie Ragland,,NFL_id,2979855,fetch_failed: RuntimeError: fetch_failed after 3 attempts: 404 Client Error: Not Found for url: https://site.web.api.espn.com/apis/common/v3/sports/football/college-football/athletes/2979855/stats?region=us&lang=en&contentorigin=espn
3045373,Jalen Ramsey,,NFL_id,3045373,fetch_failed: RuntimeError: fetch_failed after 3 attempts: 404 Client Error: Not Found for url: https://site.web.api.espn.com/apis/common/v3/sports/football/college-football/athletes/3045373/stats?region=us&lang=en&contentorigin=espn
2970204,Sheldon Rankins,,NFL_id,2970204,fetch_failed: RuntimeError: fetch_failed after 3 attempts: 404 Client Error: Not Found for url: https://site.web.api.espn.com/apis/common/v3/sports/football/college-football/athletes/2970204/stats?region=us&lang=en&contentorigin=espn
2977670,D.J. Reader,,NFL_id,2977670,fetch_failed: RuntimeError: fetch_failed after 3 attempts: 404 Client Error: Not Found for url: https://site.web.api.espn.com/apis/common/v3/sports/football/college-football/athletes/2977670/stats?region=us&lang=en&contentorigin=espn
2971364,Will Redmond,,NFL_id,2971364,fetch_failed: RuntimeError: fetch_failed after 3 attempts: 404 Client Error: Not Found for url: https://site.web.api.espn.com/apis/common/v3/sports/football/college-football/athletes/2971364/stats?region=us&lang=en&contentorigin=espn
3115312,Jarran Reed,,NFL_id,3115312,fetch_failed: RuntimeError: fetch_failed after 3 attempts: 404 Client Error: Not Found for url: https://site.web.api.espn.com/apis/common/v3/sports/football/college-football/athletes/3115312/stats?region=us&lang=en&contentorigin=espn
2971725,Hassan Ridgeway,,NFL_id,2971725,fetch_failed: RuntimeError: fetch_failed after 3 attempts: 404 Client Error: Not Found for url: https://site.web.api.espn.com/apis/common/v3/sports/football/college-football/athletes/2971725/stats?region=us&lang=en&contentorigin=espn
3054857,A'Shawn Robinson,,NFL_id,3054857,fetch_failed: RuntimeError: fetch_failed after 3 attempts: 404 Client Error: Not Found for url: https://site.web.api.espn.com/apis/common/v3/sports/football/college-football/athletes/3054857/stats?region=us&lang=en&contentorigin=espn
3043116,Demarcus Robinson,,NFL_id,3043116,fetch_failed: RuntimeError: fetch_failed after 3 attempts: 404 Client Error: Not Found for url: https://site.web.api.espn.com/apis/common/v3/sports/football/college-football/athletes/3043116/stats?region=us&lang=en&contentorigin=espn
3042718,Rashard Robinson,,NFL_id,3042718,fetch_failed: RuntimeError: fetch_failed after 3 attempts: 404 Client Error: Not Found for url: https://site.web.api.espn.com/apis/common/v3/sports/football/college-football/athletes/3042718/stats?region=us&lang=en&contentorigin=espn
2980150,Keivarae Russell,,NFL_id,2980150,fetch_failed: RuntimeError: fetch_failed after 3 attempts: 404 Client Error: Not Found for url: https://site.web.api.espn.com/apis/common/v3/sports/football/college-football/athletes/2980150/stats?region=us&lang=en&contentorigin=espn
2976596,Zack Sanchez,,NFL_id,2976596,fetch_failed: RuntimeError: fetch_failed after 3 attempts: 404 Client Error: Not Found for url: https://site.web.api.espn.com/apis/common/v3/sports/football/college-football/athletes/2976596/stats?region=us&lang=en&contentorigin=espn
2977819,Joe Schobert,,NFL_id,2977819,fetch_failed: RuntimeError: fetch_failed after 3 attempts: 404 Client Error: Not Found for url: https://site.web.api.espn.com/apis/common/v3/sports/football/college-football/athletes/2977819/stats?region=us&lang=en&contentorigin=espn
2978247,Isaac Seumalo,,NFL_id,2978247,fetch_failed: RuntimeError: fetch_failed after 3 attempts: 404 Client Error: Not Found for url: https://site.web.api.espn.com/apis/common/v3/sports/football/college-football/athletes/2978247/stats?region=us&lang=en&contentorigin=espn
2971603,Kevon Seymour,,NFL_id,2971603,fetch_failed: RuntimeError: fetch_failed after 3 attempts: 404 Client Error: Not Found for url: https://site.web.api.espn.com/apis/common/v3/sports/football/college-football/athletes/2971603/stats?region=us&lang=en&contentorigin=espn
2982828,Tajae Sharpe,,NFL_id,2982828,fetch_failed: RuntimeError: fetch_failed after 3 attempts: 404 Client Error: Not Found for url: https://site.web.api.espn.com/apis/common/v3/sports/football/college-football/athletes/2982828/stats?region=us&lang=en&contentorigin=espn
2577690,Brandon Shell,,NFL_id,2577690,fetch_failed: RuntimeError: fetch_failed after 3 attempts: 404 Client Error: Not Found for url: https://site.web.api.espn.com/apis/common/v3/sports/football/college-football/athletes/2577690/stats?region=us&lang=en&contentorigin=espn
2976592,Sterling Shepard,,NFL_id,2976592,fetch_failed: RuntimeError: fetch_failed after 3 attempts: 404 Client Error: Not Found for url: https://site.web.api.espn.com/apis/common/v3/sports/football/college-football/athletes/2976592/stats?region=us&lang=en&contentorigin=espn
2969860,Justin Simmons,,NFL_id,2969860,fetch_failed: RuntimeError: fetch_failed after 3 attempts: 404 Client Error: Not Found for url: https://site.web.api.espn.com/apis/common/v3/sports/football/college-football/athletes/2969860/stats?region=us&lang=en&contentorigin=espn
2575171,Leshaun Sims,,NFL_id,2575171,fetch_failed: RuntimeError: fetch_failed after 3 attempts: 404 Client Error: Not Found for url: https://site.web.api.espn.com/apis/common/v3/sports/football/college-football/athletes/2575171/stats?region=us&lang=en&contentorigin=espn
3042429,Wendell Smallwood,,NFL_id,3042429,fetch_failed: RuntimeError: fetch_failed after 3 attempts: 404 Client Error: Not Found for url: https://site.web.api.espn.com/apis/common/v3/sports/football/college-football/athletes/3042429/stats?region=us&lang=en&contentorigin=espn
3052896,Jaylon Smith,,NFL_id,3052896,fetch_failed: RuntimeError: fetch_failed after 3 attempts: 404 Client Error: Not Found for url: https://site.web.api.espn.com/apis/common/v3/sports/football/college-football/athletes/3052896/stats?region=us&lang=en&contentorigin=espn
2574666,Ryan Smith,,NFL_id,2574666,fetch_failed: RuntimeError: fetch_failed after 3 attempts: 404 Client Error: Not Found for url: https://site.web.api.espn.com/apis/common/v3/sports/football/college-football/athletes/2574666/stats?region=us&lang=en&contentorigin=espn
2976313,Noah Spence,,NFL_id,2976313,fetch_failed: RuntimeError: fetch_failed after 3 attempts: 404 Client Error: Not Found for url: https://site.web.api.espn.com/apis/common/v3/sports/football/college-football/athletes/2976313/stats?region=us&lang=en&contentorigin=espn
2979499,Jason Spriggs,,NFL_id,2979499,fetch_failed: RuntimeError: fetch_failed after 3 attempts: 404 Client Error: Not Found for url: https://site.web.api.espn.com/apis/common/v3/sports/football/college-football/athletes/2979499/stats?region=us&lang=en&contentorigin=espn
2980153,Ronnie Stanley,,NFL_id,2980153,fetch_failed: RuntimeError: fetch_failed after 3 attempts: 404 Client Error: Not Found for url: https://site.web.api.espn.com/apis/common/v3/sports/football/college-football/athletes/2980153/stats?region=us&lang=en&contentorigin=espn
2979501,Nate Sudfeld,,NFL_id,2979501,fetch_failed: RuntimeError: fetch_failed after 3 attempts: 404 Client Error: Not Found for url: https://site.web.api.espn.com/apis/common/v3/sports/football/college-football/athletes/2979501/stats?region=us&lang=en&contentorigin=espn
2976623,Charles Tapper,,NFL_id,2976623,fetch_failed: RuntimeError: fetch_failed after 3 attempts: 404 Client Error: Not Found for url: https://site.web.api.espn.com/apis/common/v3/sports/football/college-football/athletes/2976623/stats?region=us&lang=en&contentorigin=espn
2976316,Michael Thomas,,NFL_id,2976316,fetch_failed: RuntimeError: fetch_failed after 3 attempts: 404 Client Error: Not Found for url: https://site.web.api.espn.com/apis/common/v3/sports/football/college-football/athletes/2976316/stats?region=us&lang=en&contentorigin=espn
2573317,Darian Thompson,,NFL_id,2573317,fetch_failed: RuntimeError: fetch_failed after 3 attempts: 404 Client Error: Not Found for url: https://site.web.api.espn.com/apis/common/v3/sports/football/college-football/athletes/2573317/stats?region=us&lang=en&contentorigin=espn
2577773,Joe Thuney,,NFL_id,2577773,fetch_failed: RuntimeError: fetch_failed after 3 attempts: 404 Client Error: Not Found for url: https://site.web.api.espn.com/apis/common/v3/sports/football/college-football/athletes/2577773/stats?region=us&lang=en&contentorigin=espn
3051889,Laquon Treadwell,,NFL_id,3051889,fetch_failed: RuntimeError: fetch_failed after 3 attempts: 404 Client Error: Not Found for url: https://site.web.api.espn.com/apis/common/v3/sports/football/college-football/athletes/3051889/stats?region=us&lang=en&contentorigin=espn
3051890,Laremy Tunsil,,NFL_id,3051890,fetch_failed: RuntimeError: fetch_failed after 3 attempts: 404 Client Error: Not Found for url: https://site.web.api.espn.com/apis/common/v3/sports/football/college-football/athletes/3051890/stats?region=us&lang=en&contentorigin=espn
2971557,Halapoulivaati Vaitai,,NFL_id,2971557,fetch_failed: RuntimeError: fetch_failed after 3 attempts: 404 Client Error: Not Found for url: https://site.web.api.espn.com/apis/common/v3/sports/football/college-football/athletes/2971557/stats?region=us&lang=en&contentorigin=espn
2974333,Vincent Valentine,,NFL_id,2974333,fetch_failed: RuntimeError: fetch_failed after 3 attempts: 404 Client Error: Not Found for url: https://site.web.api.espn.com/apis/common/v3/sports/football/college-football/athletes/2974333/stats?region=us&lang=en&contentorigin=espn
2576399,Nick Vannett,,NFL_id,2576399,fetch_failed: RuntimeError: fetch_failed after 3 attempts: 404 Client Error: Not Found for url: https://site.web.api.espn.com/apis/common/v3/sports/football/college-football/athletes/2576399/stats?region=us&lang=en&contentorigin=espn
2971816,Nick Vigil,,NFL_id,2971816,fetch_failed: RuntimeError: fetch_failed after 3 attempts: 404 Client Error: Not Found for url: https://site.web.api.espn.com/apis/common/v3/sports/football/college-football/athletes/2971816/stats?region=us&lang=en&contentorigin=espn
2976317,Adolphus Washington,,NFL_id,2976317,fetch_failed: RuntimeError: fetch_failed after 3 attempts: 404 Client Error: Not Found for url: https://site.web.api.espn.com/apis/common/v3/sports/football/college-football/athletes/2976317/stats?region=us&lang=en&contentorigin=espn
2577654,Deandre Washington,,NFL_id,2577654,fetch_failed: RuntimeError: fetch_failed after 3 attempts: 404 Client Error: Not Found for url: https://site.web.api.espn.com/apis/common/v3/sports/football/college-football/athletes/2577654/stats?region=us&lang=en&contentorigin=espn
2972362,Stephen Weatherly,,NFL_id,2972362,fetch_failed: RuntimeError: fetch_failed after 3 attempts: 404 Client Error: Not Found for url: https://site.web.api.espn.com/apis/common/v3/sports/football/college-football/athletes/2972362/stats?region=us&lang=en&contentorigin=espn
2573079,Carson Wentz,,NFL_id,2573079,fetch_failed: RuntimeError: fetch_failed after 3 attempts: 404 Client Error: Not Found for url: https://site.web.api.espn.com/apis/common/v3/sports/football/college-football/athletes/2573079/stats?region=us&lang=en&contentorigin=espn
2971478,D.J. White,,NFL_id,2971478,fetch_failed: RuntimeError: fetch_failed after 3 attempts: 404 Client Error: Not Found for url: https://site.web.api.espn.com/apis/common/v3/sports/football/college-football/athletes/2971478/stats?region=us&lang=en&contentorigin=espn
2577346,Cody Whitehair,,NFL_id,2577346,fetch_failed: RuntimeError: fetch_failed after 3 attempts: 404 Client Error: Not Found for url: https://site.web.api.espn.com/apis/common/v3/sports/football/college-football/athletes/2577346/stats?region=us&lang=en&contentorigin=espn
2972286,Brandon Williams,,NFL_id,2972286,fetch_failed: RuntimeError: fetch_failed after 3 attempts: 404 Client Error: Not Found for url: https://site.web.api.espn.com/apis/common/v3/sports/football/college-football/athletes/2972286/stats?region=us&lang=en&contentorigin=espn
3042436,Daryl Worley,,NFL_id,3042436,fetch_failed: RuntimeError: fetch_failed after 3 attempts: 404 Client Error: Not Found for url: https://site.web.api.espn.com/apis/common/v3/sports/football/college-football/athletes/3042436/stats?region=us&lang=en&contentorigin=espn
2976244,Tavon Young,,NFL_id,2976244,fetch_failed: RuntimeError: fetch_failed after 3 attempts: 404 Client Error: Not Found for url: https://site.web.api.espn.com/apis/common/v3/sports/football/college-football/athletes/2976244/stats?region=us&lang=en&contentorigin=espn
2582150,Anthony Zettel,,NFL_id,2582150,fetch_failed: RuntimeError: fetch_failed after 3 attempts: 404 Client Error: Not Found for url: https://site.web.api.espn.com/apis/common/v3/sports/football/college-football/athletes/2582150/stats?region=us&lang=en&contentorigin=espn
3115373,Jamal Adams,,NFL_id,3115373,fetch_failed: RuntimeError: fetch_failed after 3 attempts: 404 Client Error: Not Found for url: https://site.web.api.espn.com/apis/common/v3/sports/football/college-football/athletes/3115373/stats?region=us&lang=en&contentorigin=espn
3051894,Montravius Adams,,NFL_id,3051894,fetch_failed: RuntimeError: fetch_failed after 3 attempts: 404 Client Error: Not Found for url: https://site.web.api.espn.com/apis/common/v3/sports/football/college-football/athletes/3051894/stats?region=us&lang=en&contentorigin=espn
2971632,Brian Allen,,NFL_id,2971632,fetch_failed: RuntimeError: fetch_failed after 3 attempts: 404 Client Error: Not Found for url: https://site.web.api.espn.com/apis/common/v3/sports/football/college-football/athletes/2971632/stats?region=us&lang=en&contentorigin=espn
3054840,Jonathan Allen,,NFL_id,3054840,fetch_failed: RuntimeError: fetch_failed after 3 attempts: 404 Client Error: Not Found for url: https://site.web.api.espn.com/apis/common/v3/sports/football/college-football/athletes/3054840/stats?region=us&lang=en&contentorigin=espn
2976495,Ryan Anderson,,NFL_id,2976495,fetch_failed: RuntimeError: fetch_failed after 3 attempts: 404 Client Error: Not Found for url: https://site.web.api.espn.com/apis/common/v3/sports/football/college-football/athletes/2976495/stats?region=us&lang=en&contentorigin=espn
3043107,Alex Anzalone,,NFL_id,3043107,fetch_failed: RuntimeError: fetch_failed after 3 attempts: 404 Client Error: Not Found for url: https://site.web.api.espn.com/apis/common/v3/sports/football/college-football/athletes/3043107/stats?region=us&lang=en&contentorigin=espn
3052101,Chidobe Awuzie,,NFL_id,3052101,fetch_failed: RuntimeError: fetch_failed after 3 attempts: 404 Client Error: Not Found for url: https://site.web.api.espn.com/apis/common/v3/sports/football/college-football/athletes/3052101/stats?region=us&lang=en&contentorigin=espn
3115336,Derek Barnett,,NFL_id,3115336,fetch_failed: RuntimeError: fetch_failed after 3 attempts: 404 Client Error: Not Found for url: https://site.web.api.espn.com/apis/common/v3/sports/football/college-football/athletes/3115336/stats?region=us&lang=en&contentorigin=espn
3052977,Tarell Basham,,NFL_id,3052977,fetch_failed: RuntimeError: fetch_failed after 3 attempts: 404 Client Error: Not Found for url: https://site.web.api.espn.com/apis/common/v3/sports/football/college-football/athletes/3052977/stats?region=us&lang=en&contentorigin=espn
2979520,C.J. Beathard,,NFL_id,2979520,fetch_failed: RuntimeError: fetch_failed after 3 attempts: 404 Client Error: Not Found for url: https://site.web.api.espn.com/apis/common/v3/sports/football/college-football/athletes/2979520/stats?region=us&lang=en&contentorigin=espn
3042733,Kendell Beckwith,,NFL_id,3042733,fetch_failed: RuntimeError: fetch_failed after 3 attempts: 404 Client Error: Not Found for url: https://site.web.api.espn.com/apis/common/v3/sports/football/college-football/athletes/3042733/stats?region=us&lang=en&contentorigin=espn
2977798,Vince Biegel,,NFL_id,2977798,fetch_failed: RuntimeError: fetch_failed after 3 attempts: 404 Client Error: Not Found for url: https://site.web.api.espn.com/apis/common/v3/sports/football/college-football/athletes/2977798/stats?region=us&lang=en&contentorigin=espn
4035662,Garrett Bolles,,NFL_id,4035662,fetch_failed: RuntimeError: fetch_failed after 3 attempts: 404 Client Error: Not Found for url: https://site.web.api.espn.com/apis/common/v3/sports/football/college-football/athletes/4035662/stats?region=us&lang=en&contentorigin=espn
3040037,Tyus Bowser,,NFL_id,3040037,fetch_failed: RuntimeError: fetch_failed after 3 attempts: 404 Client Error: Not Found for url: https://site.web.api.espn.com/apis/common/v3/sports/football/college-football/athletes/3040037/stats?region=us&lang=en&contentorigin=espn
3054950,Caleb Brantley,,NFL_id,3054950,fetch_failed: RuntimeError: fetch_failed after 3 attempts: 404 Client Error: Not Found for url: https://site.web.api.espn.com/apis/common/v3/sports/football/college-football/athletes/3054950/stats?region=us&lang=en&contentorigin=espn
2980639,Blair Brown,,NFL_id,2980639,fetch_failed: RuntimeError: fetch_failed after 3 attempts: 404 Client Error: Not Found for url: https://site.web.api.espn.com/apis/common/v3/sports/football/college-football/athletes/2980639/stats?region=us&lang=en&contentorigin=espn
3047559,Jayon Brown,,NFL_id,3047559,fetch_failed: RuntimeError: fetch_failed after 3 attempts: 404 Client Error: Not Found for url: https://site.web.api.espn.com/apis/common/v3/sports/football/college-football/athletes/3047559/stats?region=us&lang=en&contentorigin=espn
3055899,Harrison Butker,,NFL_id,3055899,fetch_failed: RuntimeError: fetch_failed after 3 attempts: 404 Client Error: Not Found for url: https://site.web.api.espn.com/apis/common/v3/sports/football/college-football/athletes/3055899/stats?region=us&lang=en&contentorigin=espn
3045225,Jake Butt,,NFL_id,3045225,fetch_failed: RuntimeError: fetch_failed after 3 attempts: 404 Client Error: Not Found for url: https://site.web.api.espn.com/apis/common/v3/sports/football/college-football/athletes/3045225/stats?region=us&lang=en&contentorigin=espn
3045210,Taco Charlton,,NFL_id,3045210,fetch_failed: RuntimeError: fetch_failed after 3 attempts: 404 Client Error: Not Found for url: https://site.web.api.espn.com/apis/common/v3/sports/football/college-football/athletes/3045210/stats?region=us&lang=en&contentorigin=espn
2977631,Jehu Chesson,,NFL_id,2977631,fetch_failed: RuntimeError: fetch_failed after 3 attempts: 404 Client Error: Not Found for url: https://site.web.api.espn.com/apis/common/v3/sports/football/college-football/athletes/2977631/stats?region=us&lang=en&contentorigin=espn
3045463,Chuck Clark,,NFL_id,3045463,fetch_failed: RuntimeError: fetch_failed after 3 attempts: 404 Client Error: Not Found for url: https://site.web.api.espn.com/apis/common/v3/sports/football/college-football/athletes/3045463/stats?region=us&lang=en&contentorigin=espn
3066158,Tarik Cohen,,NFL_id,3066158,fetch_failed: RuntimeError: fetch_failed after 3 attempts: 404 Client Error: Not Found for url: https://site.web.api.espn.com/apis/common/v3/sports/football/college-football/athletes/3066158/stats?region=us&lang=en&contentorigin=espn
3051923,Stacy Coley,,NFL_id,3051923,fetch_failed: RuntimeError: fetch_failed after 3 attempts: 404 Client Error: Not Found for url: https://site.web.api.espn.com/apis/common/v3/sports/football/college-football/athletes/3051923/stats?region=us&lang=en&contentorigin=espn
3051391,Gareon Conley,,NFL_id,3051391,fetch_failed: RuntimeError: fetch_failed after 3 attempts: 404 Client Error: Not Found for url: https://site.web.api.espn.com/apis/common/v3/sports/football/college-football/athletes/3051391/stats?region=us&lang=en&contentorigin=espn
3045147,James Conner,,NFL_id,3045147,fetch_failed: RuntimeError: fetch_failed after 3 attempts: 404 Client Error: Not Found for url: https://site.web.api.espn.com/apis/common/v3/sports/football/college-football/athletes/3045147/stats?region=us&lang=en&contentorigin=espn
3051750,Zach Cunningham,,NFL_id,3051750,fetch_failed: RuntimeError: fetch_failed after 3 attempts: 404 Client Error: Not Found for url: https://site.web.api.espn.com/apis/common/v3/sports/football/college-football/athletes/3051750/stats?region=us&lang=en&contentorigin=espn
2977629,Amara Darboh,,NFL_id,2977629,fetch_failed: RuntimeError: fetch_failed after 3 attempts: 404 Client Error: Not Found for url: https://site.web.api.espn.com/apis/common/v3/sports/football/college-football/athletes/2977629/stats?region=us&lang=en&contentorigin=espn
3042778,Corey Davis,,NFL_id,3042778,fetch_failed: RuntimeError: fetch_failed after 3 attempts: 404 Client Error: Not Found for url: https://site.web.api.espn.com/apis/common/v3/sports/football/college-football/athletes/3042778/stats?region=us&lang=en&contentorigin=espn
3054951,Jarrad Davis,,NFL_id,3054951,fetch_failed: RuntimeError: fetch_failed after 3 attempts: 404 Client Error: Not Found for url: https://site.web.api.espn.com/apis/common/v3/sports/football/college-football/athletes/3054951/stats?region=us&lang=en&contentorigin=espn
3042373,Robert Davis,,NFL_id,3042373,fetch_failed: RuntimeError: fetch_failed after 3 attempts: 404 Client Error: Not Found for url: https://site.web.api.espn.com/apis/common/v3/sports/football/college-football/athletes/3042373/stats?region=us&lang=en&contentorigin=espn
3051324,Dion Dawkins,,NFL_id,3051324,fetch_failed: RuntimeError: fetch_failed after 3 attempts: 404 Client Error: Not Found for url: https://site.web.api.espn.com/apis/common/v3/sports/football/college-football/athletes/3051324/stats?region=us&lang=en&contentorigin=espn
3044720,Joshua Dobbs,,NFL_id,3044720,fetch_failed: RuntimeError: fetch_failed after 3 attempts: 404 Client Error: Not Found for url: https://site.web.api.espn.com/apis/common/v3/sports/football/college-football/athletes/3044720/stats?region=us&lang=en&contentorigin=espn
2584628,Dylan Donahue,,NFL_id,2584628,fetch_failed: RuntimeError: fetch_failed after 3 attempts: 404 Client Error: Not Found for url: https://site.web.api.espn.com/apis/common/v3/sports/football/college-football/athletes/2584628/stats?region=us&lang=en&contentorigin=espn
3051929,Corn Elder,,NFL_id,3051929,fetch_failed: RuntimeError: fetch_failed after 3 attempts: 404 Client Error: Not Found for url: https://site.web.api.espn.com/apis/common/v3/sports/football/college-football/athletes/3051929/stats?region=us&lang=en&contentorigin=espn
2976295,Pat Elflein,,NFL_id,2976295,fetch_failed: RuntimeError: fetch_failed after 3 attempts: 404 Client Error: Not Found for url: https://site.web.api.espn.com/apis/common/v3/sports/football/college-football/athletes/2976295/stats?region=us&lang=en&contentorigin=espn
3050478,Jake Elliott,,NFL_id,3050478,fetch_failed: RuntimeError: fetch_failed after 3 attempts: 404 Client Error: Not Found for url: https://site.web.api.espn.com/apis/common/v3/sports/football/college-football/athletes/3050478/stats?region=us&lang=en&contentorigin=espn
3115303,Jermaine Eluemunor,,NFL_id,3115303,fetch_failed: RuntimeError: fetch_failed after 3 attempts: 404 Client Error: Not Found for url: https://site.web.api.espn.com/apis/common/v3/sports/football/college-football/athletes/3115303/stats?region=us&lang=en&contentorigin=espn
3051876,Evan Engram,,NFL_id,3051876,fetch_failed: RuntimeError: fetch_failed after 3 attempts: 404 Client Error: Not Found for url: https://site.web.api.espn.com/apis/common/v3/sports/football/college-football/athletes/3051876/stats?region=us&lang=en&contentorigin=espn
3051901,Rudy Ford,,NFL_id,3051901,fetch_failed: RuntimeError: fetch_failed after 3 attempts: 404 Client Error: Not Found for url: https://site.web.api.espn.com/apis/common/v3/sports/football/college-football/athletes/3051901/stats?region=us&lang=en&contentorigin=espn
3054844,Reuben Foster,,NFL_id,3054844,fetch_failed: RuntimeError: fetch_failed after 3 attempts: 404 Client Error: Not Found for url: https://site.web.api.espn.com/apis/common/v3/sports/football/college-football/athletes/3054844/stats?region=us&lang=en&contentorigin=espn
3115364,Leonard Fournette,,NFL_id,3115364,fetch_failed: RuntimeError: fetch_failed after 3 attempts: 404 Client Error: Not Found for url: https://site.web.api.espn.com/apis/common/v3/sports/football/college-football/athletes/3115364/stats?region=us&lang=en&contentorigin=espn
3045127,Wayne Gallman,,NFL_id,3045127,fetch_failed: RuntimeError: fetch_failed after 3 attempts: 404 Client Error: Not Found for url: https://site.web.api.espn.com/apis/common/v3/sports/football/college-football/athletes/3045127/stats?region=us&lang=en&contentorigin=espn
3045212,Ben Gedeon,,NFL_id,3045212,fetch_failed: RuntimeError: fetch_failed after 3 attempts: 404 Client Error: Not Found for url: https://site.web.api.espn.com/apis/common/v3/sports/football/college-football/athletes/3045212/stats?region=us&lang=en&contentorigin=espn
3040475,Nate Gerry,,NFL_id,3040475,fetch_failed: RuntimeError: fetch_failed after 3 attempts: 404 Client Error: Not Found for url: https://site.web.api.espn.com/apis/common/v3/sports/football/college-football/athletes/3040475/stats?region=us&lang=en&contentorigin=espn
3042417,Shelton Gibson,,NFL_id,3042417,fetch_failed: RuntimeError: fetch_failed after 3 attempts: 404 Client Error: Not Found for url: https://site.web.api.espn.com/apis/common/v3/sports/football/college-football/athletes/3042417/stats?region=us&lang=en&contentorigin=espn
2977635,Ryan Glasgow,,NFL_id,2977635,fetch_failed: RuntimeError: fetch_failed after 3 attempts: 404 Client Error: Not Found for url: https://site.web.api.espn.com/apis/common/v3/sports/football/college-football/athletes/2977635/stats?region=us&lang=en&contentorigin=espn
2974858,Kenny Golladay,,NFL_id,2974858,fetch_failed: RuntimeError: fetch_failed after 3 attempts: 404 Client Error: Not Found for url: https://site.web.api.espn.com/apis/common/v3/sports/football/college-football/athletes/2974858/stats?region=us&lang=en&contentorigin=espn
3043234,Zane Gonzalez,,NFL_id,3043234,fetch_failed: RuntimeError: fetch_failed after 3 attempts: 404 Client Error: Not Found for url: https://site.web.api.espn.com/apis/common/v3/sports/football/college-football/athletes/3043234/stats?region=us&lang=en&contentorigin=espn
3054026,Shaquill Griffin,,NFL_id,3054026,fetch_failed: RuntimeError: fetch_failed after 3 attempts: 404 Client Error: Not Found for url: https://site.web.api.espn.com/apis/common/v3/sports/football/college-football/athletes/3054026/stats?region=us&lang=en&contentorigin=espn
2976259,Nate Hairston,,NFL_id,2976259,fetch_failed: RuntimeError: fetch_failed after 3 attempts: 404 Client Error: Not Found for url: https://site.web.api.espn.com/apis/common/v3/sports/football/college-football/athletes/2976259/stats?region=us&lang=en&contentorigin=espn
3051807,Daeshon Hall,,NFL_id,3051807,fetch_failed: RuntimeError: fetch_failed after 3 attempts: 404 Client Error: Not Found for url: https://site.web.api.espn.com/apis/common/v3/sports/football/college-football/athletes/3051807/stats?region=us&lang=en&contentorigin=espn
3066074,Chad Hansen,,NFL_id,3066074,fetch_failed: RuntimeError: fetch_failed after 3 attempts: 404 Client Error: Not Found for url: https://site.web.api.espn.com/apis/common/v3/sports/football/college-football/athletes/3066074/stats?region=us&lang=en&contentorigin=espn
3051852,Charles Harris,,NFL_id,3051852,fetch_failed: RuntimeError: fetch_failed after 3 attempts: 404 Client Error: Not Found for url: https://site.web.api.espn.com/apis/common/v3/sports/football/college-football/athletes/3051852/stats?region=us&lang=en&contentorigin=espn
2977645,Josh Harvey-Clemons,,NFL_id,2977645,fetch_failed: RuntimeError: fetch_failed after 3 attempts: 404 Client Error: Not Found for url: https://site.web.api.espn.com/apis/common/v3/sports/football/college-football/athletes/2977645/stats?region=us&lang=en&contentorigin=espn
3052743,Trey Hendrickson,,NFL_id,3052743,fetch_failed: RuntimeError: fetch_failed after 3 attempts: 404 Client Error: Not Found for url: https://site.web.api.espn.com/apis/common/v3/sports/football/college-football/athletes/3052743/stats?region=us&lang=en&contentorigin=espn
2973027,Treyvon Hester,,NFL_id,2973027,fetch_failed: RuntimeError: fetch_failed after 3 attempts: 404 Client Error: Not Found for url: https://site.web.api.espn.com/apis/common/v3/sports/football/college-football/athletes/2973027/stats?region=us&lang=en&contentorigin=espn
3040072,Colin Holba,,NFL_id,3040072,fetch_failed: RuntimeError: fetch_failed after 3 attempts: 404 Client Error: Not Found for url: https://site.web.api.espn.com/apis/common/v3/sports/football/college-football/athletes/3040072/stats?region=us&lang=en&contentorigin=espn
2972351,Will Holden,,NFL_id,2972351,fetch_failed: RuntimeError: fetch_failed after 3 attempts: 404 Client Error: Not Found for url: https://site.web.api.espn.com/apis/common/v3/sports/football/college-football/athletes/2972351/stats?region=us&lang=en&contentorigin=espn
2991662,Mack Hollins,,NFL_id,2991662,fetch_failed: RuntimeError: fetch_failed after 3 attempts: 404 Client Error: Not Found for url: https://site.web.api.espn.com/apis/common/v3/sports/football/college-football/athletes/2991662/stats?region=us&lang=en&contentorigin=espn
3043080,O.J. Howard,,NFL_id,3043080,fetch_failed: RuntimeError: fetch_failed after 3 attempts: 404 Client Error: Not Found for url: https://site.web.api.espn.com/apis/common/v3/sports/football/college-football/athletes/3043080/stats?region=us&lang=en&contentorigin=espn
3059915,Kareem Hunt,,NFL_id,3059915,fetch_failed: RuntimeError: fetch_failed after 3 attempts: 404 Client Error: Not Found for url: https://site.web.api.espn.com/apis/common/v3/sports/football/college-football/athletes/3059915/stats?region=us&lang=en&contentorigin=espn
2969959,Danny Isidora,,NFL_id,2969959,fetch_failed: RuntimeError: fetch_failed after 3 attempts: 404 Client Error: Not Found for url: https://site.web.api.espn.com/apis/common/v3/sports/football/college-football/athletes/2969959/stats?region=us&lang=en&contentorigin=espn
3054847,Eddie Jackson,,NFL_id,3054847,fetch_failed: RuntimeError: fetch_failed after 3 attempts: 404 Client Error: Not Found for url: https://site.web.api.espn.com/apis/common/v3/sports/football/college-football/athletes/3054847/stats?region=us&lang=en&contentorigin=espn
2969961,Rayshawn Jenkins,,NFL_id,2969961,fetch_failed: RuntimeError: fetch_failed after 3 attempts: 404 Client Error: Not Found for url: https://site.web.api.espn.com/apis/common/v3/sports/football/college-football/athletes/2969961/stats?region=us&lang=en&contentorigin=espn
2979523,Jaleel Johnson,,NFL_id,2979523,fetch_failed: RuntimeError: fetch_failed after 3 attempts: 404 Client Error: Not Found for url: https://site.web.api.espn.com/apis/common/v3/sports/football/college-football/athletes/2979523/stats?region=us&lang=en&contentorigin=espn
3046292,John Johnson,,NFL_id,3046292,fetch_failed: RuntimeError: fetch_failed after 3 attempts: 404 Client Error: Not Found for url: https://site.web.api.espn.com/apis/common/v3/sports/football/college-football/athletes/3046292/stats?region=us&lang=en&contentorigin=espn
3042519,Aaron Jones,,NFL_id,3042519,fetch_failed: RuntimeError: fetch_failed after 3 attempts: 404 Client Error: Not Found for url: https://site.web.api.espn.com/apis/common/v3/sports/football/college-football/athletes/3042519/stats?region=us&lang=en&contentorigin=espn
3051716,Josh Jones,,NFL_id,3051716,fetch_failed: RuntimeError: fetch_failed after 3 attempts: 404 Client Error: Not Found for url: https://site.web.api.espn.com/apis/common/v3/sports/football/college-football/athletes/3051716/stats?region=us&lang=en&contentorigin=espn
3039721,Nazair Jones,,NFL_id,3039721,fetch_failed: RuntimeError: fetch_failed after 3 attempts: 404 Client Error: Not Found for url: https://site.web.api.espn.com/apis/common/v3/sports/football/college-football/athletes/3039721/stats?region=us&lang=en&contentorigin=espn
3059722,Zay Jones,,NFL_id,3059722,fetch_failed: RuntimeError: fetch_failed after 3 attempts: 404 Client Error: Not Found for url: https://site.web.api.espn.com/apis/common/v3/sports/football/college-football/athletes/3059722/stats?region=us&lang=en&contentorigin=espn
3045251,Anthony Walker Jr.,,NFL_id,3045251,fetch_failed: RuntimeError: fetch_failed after 3 attempts: 404 Client Error: Not Found for url: https://site.web.api.espn.com/apis/common/v3/sports/football/college-football/athletes/3045251/stats?region=us&lang=en&contentorigin=espn
2980080,Deatrich Wise Jr.,,NFL_id,2980080,fetch_failed: RuntimeError: fetch_failed after 3 attempts: 404 Client Error: Not Found for url: https://site.web.api.espn.com/apis/common/v3/sports/football/college-football/athletes/2980080/stats?region=us&lang=en&contentorigin=espn
3054850,Alvin Kamara,,NFL_id,3054850,fetch_failed: RuntimeError: fetch_failed after 3 attempts: 404 Client Error: Not Found for url: https://site.web.api.espn.com/apis/common/v3/sports/football/college-football/athletes/3054850/stats?region=us&lang=en&contentorigin=espn
2976099,Damontae Kazee,,NFL_id,2976099,fetch_failed: RuntimeError: fetch_failed after 3 attempts: 404 Client Error: Not Found for url: https://site.web.api.espn.com/apis/common/v3/sports/football/college-football/athletes/2976099/stats?region=us&lang=en&contentorigin=espn
3040145,Desmond King,,NFL_id,3040145,fetch_failed: RuntimeError: fetch_failed after 3 attempts: 404 Client Error: Not Found for url: https://site.web.api.espn.com/apis/common/v3/sports/football/college-football/athletes/3040145/stats?region=us&lang=en&contentorigin=espn
3052170,Kevin King,,NFL_id,3052170,fetch_failed: RuntimeError: fetch_failed after 3 attempts: 404 Client Error: Not Found for url: https://site.web.api.espn.com/apis/common/v3/sports/football/college-football/athletes/3052170/stats?region=us&lang=en&contentorigin=espn
3040151,George Kittle,,NFL_id,3040151,fetch_failed: RuntimeError: fetch_failed after 3 attempts: 404 Client Error: Not Found for url: https://site.web.api.espn.com/apis/common/v3/sports/football/college-football/athletes/3040151/stats?region=us&lang=en&contentorigin=espn
2982313,Tanoh Kpassagnon,,NFL_id,2982313,fetch_failed: RuntimeError: fetch_failed after 3 attempts: 404 Client Error: Not Found for url: https://site.web.api.espn.com/apis/common/v3/sports/football/college-football/athletes/2982313/stats?region=us&lang=en&contentorigin=espn
2977187,Cooper Kupp,,NFL_id,2977187,fetch_failed: RuntimeError: fetch_failed after 3 attempts: 404 Client Error: Not Found for url: https://site.web.api.espn.com/apis/common/v3/sports/football/college-football/athletes/2977187/stats?region=us&lang=en&contentorigin=espn
3051911,Carl Lawson,,NFL_id,3051911,fetch_failed: RuntimeError: fetch_failed after 3 attempts: 404 Client Error: Not Found for url: https://site.web.api.espn.com/apis/common/v3/sports/football/college-football/athletes/3051911/stats?region=us&lang=en&contentorigin=espn
3039776,Marquel Lee,,NFL_id,3039776,fetch_failed: RuntimeError: fetch_failed after 3 attempts: 404 Client Error: Not Found for url: https://site.web.api.espn.com/apis/common/v3/sports/football/college-football/athletes/3039776/stats?region=us&lang=en&contentorigin=espn
3045118,Jordan Leggett,,NFL_id,3045118,fetch_failed: RuntimeError: fetch_failed after 3 attempts: 404 Client Error: Not Found for url: https://site.web.api.espn.com/apis/common/v3/sports/football/college-football/athletes/3045118/stats?region=us&lang=en&contentorigin=espn
2973637,Corey Levin,,NFL_id,2973637,fetch_failed: RuntimeError: fetch_failed after 3 attempts: 404 Client Error: Not Found for url: https://site.web.api.espn.com/apis/common/v3/sports/football/college-football/athletes/2973637/stats?region=us&lang=en&contentorigin=espn
3045207,Jourdan Lewis,,NFL_id,3045207,fetch_failed: RuntimeError: fetch_failed after 3 attempts: 404 Client Error: Not Found for url: https://site.web.api.espn.com/apis/common/v3/sports/football/college-football/athletes/3045207/stats?region=us&lang=en&contentorigin=espn
3039723,T.J. Logan,,NFL_id,3039723,fetch_failed: RuntimeError: fetch_failed after 3 attempts: 404 Client Error: Not Found for url: https://site.web.api.espn.com/apis/common/v3/sports/football/college-football/athletes/3039723/stats?region=us&lang=en&contentorigin=espn
3115330,Josh Malone,,NFL_id,3115330,fetch_failed: RuntimeError: fetch_failed after 3 attempts: 404 Client Error: Not Found for url: https://site.web.api.espn.com/apis/common/v3/sports/football/college-football/athletes/3115330/stats?region=us&lang=en&contentorigin=espn
2980110,Marcus Maye,,NFL_id,2980110,fetch_failed: RuntimeError: fetch_failed after 3 attempts: 404 Client Error: Not Found for url: https://site.web.api.espn.com/apis/common/v3/sports/football/college-football/athletes/2980110/stats?region=us&lang=en&contentorigin=espn
2971584,Conor McDermott,,NFL_id,2971584,fetch_failed: RuntimeError: fetch_failed after 3 attempts: 404 Client Error: Not Found for url: https://site.web.api.espn.com/apis/common/v3/sports/football/college-football/athletes/2971584/stats?region=us&lang=en&contentorigin=espn
3042494,Elijah McGuire,,NFL_id,3042494,fetch_failed: RuntimeError: fetch_failed after 3 attempts: 404 Client Error: Not Found for url: https://site.web.api.espn.com/apis/common/v3/sports/football/college-football/athletes/3042494/stats?region=us&lang=en&contentorigin=espn
2974247,Obi Melifonwu,,NFL_id,2974247,fetch_failed: RuntimeError: fetch_failed after 3 attempts: 404 Client Error: Not Found for url: https://site.web.api.espn.com/apis/common/v3/sports/football/college-football/athletes/2974247/stats?region=us&lang=en&contentorigin=espn
3046287,Matt Milano,,NFL_id,3046287,fetch_failed: RuntimeError: fetch_failed after 3 attempts: 404 Client Error: Not Found for url: https://site.web.api.espn.com/apis/common/v3/sports/football/college-football/athletes/3046287/stats?region=us&lang=en&contentorigin=espn
2971586,Fabian Moreau,,NFL_id,2971586,fetch_failed: RuntimeError: fetch_failed after 3 attempts: 404 Client Error: Not Found for url: https://site.web.api.espn.com/apis/common/v3/sports/football/college-football/athletes/2971586/stats?region=us&lang=en&contentorigin=espn
2974324,Avery Moss,,NFL_id,2974324,fetch_failed: RuntimeError: fetch_failed after 3 attempts: 404 Client Error: Not Found for url: https://site.web.api.espn.com/apis/common/v3/sports/football/college-football/athletes/2974324/stats?region=us&lang=en&contentorigin=espn
2973051,Taylor Moton,,NFL_id,2973051,fetch_failed: RuntimeError: fetch_failed after 3 attempts: 404 Client Error: Not Found for url: https://site.web.api.espn.com/apis/common/v3/sports/football/college-football/athletes/2973051/stats?region=us&lang=en&contentorigin=espn
3051942,Al-Quadin Muhammad,,NFL_id,3051942,fetch_failed: RuntimeError: fetch_failed after 3 attempts: 404 Client Error: Not Found for url: https://site.web.api.espn.com/apis/common/v3/sports/football/college-football/athletes/3051942/stats?region=us&lang=en&contentorigin=espn
3040198,Jalen Myrick,,NFL_id,3040198,fetch_failed: RuntimeError: fetch_failed after 3 attempts: 404 Client Error: Not Found for url: https://site.web.api.espn.com/apis/common/v3/sports/football/college-football/athletes/3040198/stats?region=us&lang=en&contentorigin=espn
2974353,Ifeadi Odenigbo,,NFL_id,2974353,fetch_failed: RuntimeError: fetch_failed after 3 attempts: 404 Client Error: Not Found for url: https://site.web.api.espn.com/apis/common/v3/sports/football/college-football/athletes/2974353/stats?region=us&lang=en&contentorigin=espn
3050122,Larry Ogunjobi,,NFL_id,3050122,fetch_failed: RuntimeError: fetch_failed after 3 attempts: 404 Client Error: Not Found for url: https://site.web.api.espn.com/apis/common/v3/sports/football/college-football/athletes/3050122/stats?region=us&lang=en&contentorigin=espn
2972236,Nathan Peterman,,NFL_id,2972236,fetch_failed: RuntimeError: fetch_failed after 3 attempts: 404 Client Error: Not Found for url: https://site.web.api.espn.com/apis/common/v3/sports/football/college-football/athletes/2972236/stats?region=us&lang=en&contentorigin=espn
3042738,Ethan Pocic,,NFL_id,3042738,fetch_failed: RuntimeError: fetch_failed after 3 attempts: 404 Client Error: Not Found for url: https://site.web.api.espn.com/apis/common/v3/sports/football/college-football/athletes/3042738/stats?region=us&lang=en&contentorigin=espn
3052175,Elijah Qualls,,NFL_id,3052175,fetch_failed: RuntimeError: fetch_failed after 3 attempts: 404 Client Error: Not Found for url: https://site.web.api.espn.com/apis/common/v3/sports/football/college-football/athletes/3052175/stats?region=us&lang=en&contentorigin=espn
3917676,Ryan Ramczyk,,NFL_id,3917676,fetch_failed: RuntimeError: fetch_failed after 3 attempts: 404 Client Error: Not Found for url: https://site.web.api.espn.com/apis/common/v3/sports/football/college-football/athletes/3917676/stats?region=us&lang=en&contentorigin=espn
2980504,Haason Reddick,,NFL_id,2980504,fetch_failed: RuntimeError: fetch_failed after 3 attempts: 404 Client Error: Not Found for url: https://site.web.api.espn.com/apis/common/v3/sports/football/college-football/athletes/2980504/stats?region=us&lang=en&contentorigin=espn
3044729,Jalen Reeves-Maybin,,NFL_id,3044729,fetch_failed: RuntimeError: fetch_failed after 3 attempts: 404 Client Error: Not Found for url: https://site.web.api.espn.com/apis/common/v3/sports/football/college-football/athletes/3044729/stats?region=us&lang=en&contentorigin=espn
3115306,Josh Reynolds,,NFL_id,3115306,fetch_failed: RuntimeError: fetch_failed after 3 attempts: 404 Client Error: Not Found for url: https://site.web.api.espn.com/apis/common/v3/sports/football/college-football/athletes/3115306/stats?region=us&lang=en&contentorigin=espn
3042725,Duke Riley,,NFL_id,3042725,fetch_failed: RuntimeError: fetch_failed after 3 attempts: 404 Client Error: Not Found for url: https://site.web.api.espn.com/apis/common/v3/sports/football/college-football/athletes/3042725/stats?region=us&lang=en&contentorigin=espn
3049268,Derek Rivers,,NFL_id,3049268,fetch_failed: RuntimeError: fetch_failed after 3 attempts: 404 Client Error: Not Found for url: https://site.web.api.espn.com/apis/common/v3/sports/football/college-football/athletes/3049268/stats?region=us&lang=en&contentorigin=espn
3059945,Michael Roberts,,NFL_id,3059945,fetch_failed: RuntimeError: fetch_failed after 3 attempts: 404 Client Error: Not Found for url: https://site.web.api.espn.com/apis/common/v3/sports/football/college-football/athletes/3059945/stats?region=us&lang=en&contentorigin=espn
3115313,Cam Robinson,,NFL_id,3115313,fetch_failed: RuntimeError: fetch_failed after 3 attempts: 404 Client Error: Not Found for url: https://site.web.api.espn.com/apis/common/v3/sports/football/college-football/athletes/3115313/stats?region=us&lang=en&contentorigin=espn
3052894,Isaac Rochell,,NFL_id,3052894,fetch_failed: RuntimeError: fetch_failed after 3 attempts: 404 Client Error: Not Found for url: https://site.web.api.espn.com/apis/common/v3/sports/football/college-football/athletes/3052894/stats?region=us&lang=en&contentorigin=espn
3052177,John Ross,,NFL_id,3052177,fetch_failed: RuntimeError: fetch_failed after 3 attempts: 404 Client Error: Not Found for url: https://site.web.api.espn.com/apis/common/v3/sports/football/college-football/athletes/3052177/stats?region=us&lang=en&contentorigin=espn
2976182,Chase Roullier,,NFL_id,2976182,fetch_failed: RuntimeError: fetch_failed after 3 attempts: 404 Client Error: Not Found for url: https://site.web.api.espn.com/apis/common/v3/sports/football/college-football/athletes/2976182/stats?region=us&lang=en&contentorigin=espn
2975863,Eric Saubert,,NFL_id,2975863,fetch_failed: RuntimeError: fetch_failed after 3 attempts: 404 Client Error: Not Found for url: https://site.web.api.espn.com/apis/common/v3/sports/football/college-football/athletes/2975863/stats?region=us&lang=en&contentorigin=espn
4198676,Adam Shaheen,,NFL_id,4198676,fetch_failed: RuntimeError: fetch_failed after 3 attempts: 404 Client Error: Not Found for url: https://site.web.api.espn.com/apis/common/v3/sports/football/college-football/athletes/4198676/stats?region=us&lang=en&contentorigin=espn
3121656,David Sharpe,,NFL_id,3121656,fetch_failed: RuntimeError: fetch_failed after 3 attempts: 404 Client Error: Not Found for url: https://site.web.api.espn.com/apis/common/v3/sports/football/college-football/athletes/3121656/stats?region=us&lang=en&contentorigin=espn
3041112,Tanzel Smart,,NFL_id,3041112,fetch_failed: RuntimeError: fetch_failed after 3 attempts: 404 Client Error: Not Found for url: https://site.web.api.espn.com/apis/common/v3/sports/football/college-football/athletes/3041112/stats?region=us&lang=en&contentorigin=espn
3054212,Jonnu Smith,,NFL_id,3054212,fetch_failed: RuntimeError: fetch_failed after 3 attempts: 404 Client Error: Not Found for url: https://site.web.api.espn.com/apis/common/v3/sports/football/college-football/athletes/3054212/stats?region=us&lang=en&contentorigin=espn
3042476,Dawuane Smoot,,NFL_id,3042476,fetch_failed: RuntimeError: fetch_failed after 3 attempts: 404 Client Error: Not Found for url: https://site.web.api.espn.com/apis/common/v3/sports/football/college-football/athletes/3042476/stats?region=us&lang=en&contentorigin=espn
2980073,Jeremy Sprinkle,,NFL_id,2980073,fetch_failed: RuntimeError: fetch_failed after 3 attempts: 404 Client Error: Not Found for url: https://site.web.api.espn.com/apis/common/v3/sports/football/college-football/athletes/2980073/stats?region=us&lang=en&contentorigin=espn
3054860,ArDarius Stewart,,NFL_id,3054860,fetch_failed: RuntimeError: fetch_failed after 3 attempts: 404 Client Error: Not Found for url: https://site.web.api.espn.com/apis/common/v3/sports/football/college-football/athletes/3054860/stats?region=us&lang=en&contentorigin=espn
3044724,Cameron Sutton,,NFL_id,3044724,fetch_failed: RuntimeError: fetch_failed after 3 attempts: 404 Client Error: Not Found for url: https://site.web.api.espn.com/apis/common/v3/sports/football/college-football/athletes/3044724/stats?region=us&lang=en&contentorigin=espn
3039725,Ryan Switzer,,NFL_id,3039725,fetch_failed: RuntimeError: fetch_failed after 3 attempts: 404 Client Error: Not Found for url: https://site.web.api.espn.com/apis/common/v3/sports/football/college-football/athletes/3039725/stats?region=us&lang=en&contentorigin=espn
3115257,Teez Tabor,,NFL_id,3115257,fetch_failed: RuntimeError: fetch_failed after 3 attempts: 404 Client Error: Not Found for url: https://site.web.api.espn.com/apis/common/v3/sports/football/college-football/athletes/3115257/stats?region=us&lang=en&contentorigin=espn
3045136,Cordrea Tankersley,,NFL_id,3045136,fetch_failed: RuntimeError: fetch_failed after 3 attempts: 404 Client Error: Not Found for url: https://site.web.api.espn.com/apis/common/v3/sports/football/college-football/athletes/3045136/stats?region=us&lang=en&contentorigin=espn
3055105,Pita Taumoepenu,,NFL_id,3055105,fetch_failed: RuntimeError: fetch_failed after 3 attempts: 404 Client Error: Not Found for url: https://site.web.api.espn.com/apis/common/v3/sports/football/college-football/athletes/3055105/stats?region=us&lang=en&contentorigin=espn
3059760,Taywan Taylor,,NFL_id,3059760,fetch_failed: RuntimeError: fetch_failed after 3 attempts: 404 Client Error: Not Found for url: https://site.web.api.espn.com/apis/common/v3/sports/football/college-football/athletes/3059760/stats?region=us&lang=en&contentorigin=espn
3040569,Trent Taylor,,NFL_id,3040569,fetch_failed: RuntimeError: fetch_failed after 3 attempts: 404 Client Error: Not Found for url: https://site.web.api.espn.com/apis/common/v3/sports/football/college-football/athletes/3040569/stats?region=us&lang=en&contentorigin=espn
3046343,Vincent Taylor,,NFL_id,3046343,fetch_failed: RuntimeError: fetch_failed after 3 attempts: 404 Client Error: Not Found for url: https://site.web.api.espn.com/apis/common/v3/sports/football/college-football/athletes/3046343/stats?region=us&lang=en&contentorigin=espn
3052513,Sam Tevi,,NFL_id,3052513,fetch_failed: RuntimeError: fetch_failed after 3 attempts: 404 Client Error: Not Found for url: https://site.web.api.espn.com/apis/common/v3/sports/football/college-football/athletes/3052513/stats?region=us&lang=en&contentorigin=espn
3052125,Tedric Thompson,,NFL_id,3052125,fetch_failed: RuntimeError: fetch_failed after 3 attempts: 404 Client Error: Not Found for url: https://site.web.api.espn.com/apis/common/v3/sports/football/college-football/athletes/3052125/stats?region=us&lang=en&contentorigin=espn
2979860,Dalvin Tomlinson,,NFL_id,2979860,fetch_failed: RuntimeError: fetch_failed after 3 attempts: 404 Client Error: Not Found for url: https://site.web.api.espn.com/apis/common/v3/sports/football/college-football/athletes/2979860/stats?region=us&lang=en&contentorigin=espn
3039707,Mitchell Trubisky,,NFL_id,3039707,fetch_failed: RuntimeError: fetch_failed after 3 attempts: 404 Client Error: Not Found for url: https://site.web.api.espn.com/apis/common/v3/sports/football/college-football/athletes/3039707/stats?region=us&lang=en&contentorigin=espn
3042895,Tanner Vallejo,,NFL_id,3042895,fetch_failed: RuntimeError: fetch_failed after 3 attempts: 404 Client Error: Not Found for url: https://site.web.api.espn.com/apis/common/v3/sports/football/college-football/athletes/3042895/stats?region=us&lang=en&contentorigin=espn
3047570,Eddie Vanderdoes,,NFL_id,3047570,fetch_failed: RuntimeError: fetch_failed after 3 attempts: 404 Client Error: Not Found for url: https://site.web.api.espn.com/apis/common/v3/sports/football/college-football/athletes/3047570/stats?region=us&lang=en&contentorigin=espn
2977681,Carlos Watkins,,NFL_id,2977681,fetch_failed: RuntimeError: fetch_failed after 3 attempts: 404 Client Error: Not Found for url: https://site.web.api.espn.com/apis/common/v3/sports/football/college-football/athletes/2977681/stats?region=us&lang=en&contentorigin=espn
3045282,T.J. Watt,,NFL_id,3045282,fetch_failed: RuntimeError: fetch_failed after 3 attempts: 404 Client Error: Not Found for url: https://site.web.api.espn.com/apis/common/v3/sports/football/college-football/athletes/3045282/stats?region=us&lang=en&contentorigin=espn
3042717,TreDavious White,,NFL_id,3042717,fetch_failed: RuntimeError: fetch_failed after 3 attempts: 404 Client Error: Not Found for url: https://site.web.api.espn.com/apis/common/v3/sports/football/college-football/athletes/3042717/stats?region=us&lang=en&contentorigin=espn
2980453,Jamaal Williams,,NFL_id,2980453,fetch_failed: RuntimeError: fetch_failed after 3 attempts: 404 Client Error: Not Found for url: https://site.web.api.espn.com/apis/common/v3/sports/football/college-football/athletes/2980453/stats?region=us&lang=en&contentorigin=espn
3045138,Mike Williams,,NFL_id,3045138,fetch_failed: RuntimeError: fetch_failed after 3 attempts: 404 Client Error: Not Found for url: https://site.web.api.espn.com/apis/common/v3/sports/football/college-football/athletes/3045138/stats?region=us&lang=en&contentorigin=espn
3054862,Tim Williams,,NFL_id,3054862,fetch_failed: RuntimeError: fetch_failed after 3 attempts: 404 Client Error: Not Found for url: https://site.web.api.espn.com/apis/common/v3/sports/football/college-football/athletes/3054862/stats?region=us&lang=en&contentorigin=espn
3052434,Jordan Willis,,NFL_id,3052434,fetch_failed: RuntimeError: fetch_failed after 3 attempts: 404 Client Error: Not Found for url: https://site.web.api.espn.com/apis/common/v3/sports/football/college-football/athletes/3052434/stats?region=us&lang=en&contentorigin=espn
3040572,Xavier Woods,,NFL_id,3040572,fetch_failed: RuntimeError: fetch_failed after 3 attempts: 404 Client Error: Not Found for url: https://site.web.api.espn.com/apis/common/v3/sports/football/college-football/athletes/3040572/stats?region=us&lang=en&contentorigin=espn
2977615,Chris Wormley,,NFL_id,2977615,fetch_failed: RuntimeError: fetch_failed after 3 attempts: 404 Client Error: Not Found for url: https://site.web.api.espn.com/apis/common/v3/sports/football/college-football/athletes/2977615/stats?region=us&lang=en&contentorigin=espn
3047512,Kemoko Turay,,NFL_id,3047512,fetch_failed: RuntimeError: fetch_failed after 3 attempts: 404 Client Error: Not Found for url: https://site.web.api.espn.com/apis/common/v3/sports/football/college-football/athletes/3047512/stats?region=us&lang=en&contentorigin=espn
3046320,Marcell Ateman,,NFL_id,3046320,fetch_failed: RuntimeError: fetch_failed after 3 attempts: 404 Client Error: Not Found for url: https://site.web.api.espn.com/apis/common/v3/sports/football/college-football/athletes/3046320/stats?region=us&lang=en&contentorigin=espn
3054841,Anthony Averett,,NFL_id,3054841,fetch_failed: RuntimeError: fetch_failed after 3 attempts: 404 Client Error: Not Found for url: https://site.web.api.espn.com/apis/common/v3/sports/football/college-football/athletes/3054841/stats?region=us&lang=en&contentorigin=espn
3052161,Keishawn Bierria,,NFL_id,3052161,fetch_failed: RuntimeError: fetch_failed after 3 attempts: 404 Client Error: Not Found for url: https://site.web.api.espn.com/apis/common/v3/sports/football/college-football/athletes/3052161/stats?region=us&lang=en&contentorigin=espn
3116370,Orlando Brown,,NFL_id,3116370,fetch_failed: RuntimeError: fetch_failed after 3 attempts: 404 Client Error: Not Found for url: https://site.web.api.espn.com/apis/common/v3/sports/football/college-football/athletes/3116370/stats?region=us&lang=en&contentorigin=espn
3115249,Taven Bryan,,NFL_id,3115249,fetch_failed: RuntimeError: fetch_failed after 3 attempts: 404 Client Error: Not Found for url: https://site.web.api.espn.com/apis/common/v3/sports/football/college-football/athletes/3115249/stats?region=us&lang=en&contentorigin=espn
3051746,Oren Burks,,NFL_id,3051746,fetch_failed: RuntimeError: fetch_failed after 3 attempts: 404 Client Error: Not Found for url: https://site.web.api.espn.com/apis/common/v3/sports/football/college-football/athletes/3051746/stats?region=us&lang=en&contentorigin=espn
3051909,Daniel Carlson,,NFL_id,3051909,fetch_failed: RuntimeError: fetch_failed after 3 attempts: 404 Client Error: Not Found for url: https://site.web.api.espn.com/apis/common/v3/sports/football/college-football/athletes/3051909/stats?region=us&lang=en&contentorigin=espn
3115394,D.J. Chark,,NFL_id,3115394,fetch_failed: RuntimeError: fetch_failed after 3 attempts: 404 Client Error: Not Found for url: https://site.web.api.espn.com/apis/common/v3/sports/football/college-football/athletes/3115394/stats?region=us&lang=en&contentorigin=espn
3045259,Jack Cichy,,NFL_id,3045259,fetch_failed: RuntimeError: fetch_failed after 3 attempts: 404 Client Error: Not Found for url: https://site.web.api.espn.com/apis/common/v3/sports/football/college-football/athletes/3045259/stats?region=us&lang=en&contentorigin=espn
3115972,Mason Cole,,NFL_id,3115972,fetch_failed: RuntimeError: fetch_failed after 3 attempts: 404 Client Error: Not Found for url: https://site.web.api.espn.com/apis/common/v3/sports/football/college-football/athletes/3115972/stats?region=us&lang=en&contentorigin=espn
3056608,Austin Corbett,,NFL_id,3056608,fetch_failed: RuntimeError: fetch_failed after 3 attempts: 404 Client Error: Not Found for url: https://site.web.api.espn.com/apis/common/v3/sports/football/college-football/athletes/3056608/stats?region=us&lang=en&contentorigin=espn
3115250,Duke Dawson,,NFL_id,3115250,fetch_failed: RuntimeError: fetch_failed after 3 attempts: 404 Client Error: Not Found for url: https://site.web.api.espn.com/apis/common/v3/sports/football/college-football/athletes/3115250/stats?region=us&lang=en&contentorigin=espn
3039783,Duke Ejiofor,,NFL_id,3039783,fetch_failed: RuntimeError: fetch_failed after 3 attempts: 404 Client Error: Not Found for url: https://site.web.api.espn.com/apis/common/v3/sports/football/college-football/athletes/3039783/stats?region=us&lang=en&contentorigin=espn
3052061,Luke Falk,,NFL_id,3052061,fetch_failed: RuntimeError: fetch_failed after 3 attempts: 404 Client Error: Not Found for url: https://site.web.api.espn.com/apis/common/v3/sports/football/college-football/athletes/3052061/stats?region=us&lang=en&contentorigin=espn
3047582,Kylie Fitts,,NFL_id,3047582,fetch_failed: RuntimeError: fetch_failed after 3 attempts: 404 Client Error: Not Found for url: https://site.web.api.espn.com/apis/common/v3/sports/football/college-football/athletes/3047582/stats?region=us&lang=en&contentorigin=espn
3046326,Tre Flowers,,NFL_id,3046326,fetch_failed: RuntimeError: fetch_failed after 3 attempts: 404 Client Error: Not Found for url: https://site.web.api.espn.com/apis/common/v3/sports/football/college-football/athletes/3046326/stats?region=us&lang=en&contentorigin=espn
3120464,John Franklin-Myers,,NFL_id,3120464,fetch_failed: RuntimeError: fetch_failed after 3 attempts: 404 Client Error: Not Found for url: https://site.web.api.espn.com/apis/common/v3/sports/football/college-football/athletes/3120464/stats?region=us&lang=en&contentorigin=espn
3045264,Troy Fumagalli,,NFL_id,3045264,fetch_failed: RuntimeError: fetch_failed after 3 attempts: 404 Client Error: Not Found for url: https://site.web.api.espn.com/apis/common/v3/sports/football/college-football/athletes/3045264/stats?region=us&lang=en&contentorigin=espn
3115333,Rashaan Gaulden,,NFL_id,3115333,fetch_failed: RuntimeError: fetch_failed after 3 attempts: 404 Client Error: Not Found for url: https://site.web.api.espn.com/apis/common/v3/sports/football/college-football/athletes/3115333/stats?region=us&lang=en&contentorigin=espn
3049575,Colby Gossett,,NFL_id,3049575,fetch_failed: RuntimeError: fetch_failed after 3 attempts: 404 Client Error: Not Found for url: https://site.web.api.espn.com/apis/common/v3/sports/football/college-football/athletes/3049575/stats?region=us&lang=en&contentorigin=espn
3054029,Shaquem Griffin,,NFL_id,3054029,fetch_failed: RuntimeError: fetch_failed after 3 attempts: 404 Client Error: Not Found for url: https://site.web.api.espn.com/apis/common/v3/sports/football/college-football/athletes/3054029/stats?region=us&lang=en&contentorigin=espn
3115310,Shaun dion Hamilton,,NFL_id,3115310,fetch_failed: RuntimeError: fetch_failed after 3 attempts: 404 Client Error: Not Found for url: https://site.web.api.espn.com/apis/common/v3/sports/football/college-football/athletes/3115310/stats?region=us&lang=en&contentorigin=espn
3057987,Daesean Hamilton,,NFL_id,3057987,fetch_failed: RuntimeError: fetch_failed after 3 attempts: 404 Client Error: Not Found for url: https://site.web.api.espn.com/apis/common/v3/sports/football/college-football/athletes/3057987/stats?region=us&lang=en&contentorigin=espn
3047188,Davontae Harris,,NFL_id,3047188,fetch_failed: RuntimeError: fetch_failed after 3 attempts: 404 Client Error: Not Found for url: https://site.web.api.espn.com/apis/common/v3/sports/football/college-football/athletes/3047188/stats?region=us&lang=en&contentorigin=espn
3043110,Marcell Harris,,NFL_id,3043110,fetch_failed: RuntimeError: fetch_failed after 3 attempts: 404 Client Error: Not Found for url: https://site.web.api.espn.com/apis/common/v3/sports/football/college-football/athletes/3043110/stats?region=us&lang=en&contentorigin=espn
3115456,Marquis Haynes,,NFL_id,3115456,fetch_failed: RuntimeError: fetch_failed after 3 attempts: 404 Client Error: Not Found for url: https://site.web.api.espn.com/apis/common/v3/sports/football/college-football/athletes/3115456/stats?region=us&lang=en&contentorigin=espn
3042516,Will Hernandez,,NFL_id,3042516,fetch_failed: RuntimeError: fetch_failed after 3 attempts: 404 Client Error: Not Found for url: https://site.web.api.espn.com/apis/common/v3/sports/football/college-football/athletes/3042516/stats?region=us&lang=en&contentorigin=espn
3045220,Maurice Hurst,,NFL_id,3045220,fetch_failed: RuntimeError: fetch_failed after 3 attempts: 404 Client Error: Not Found for url: https://site.web.api.espn.com/apis/common/v3/sports/football/college-football/athletes/3045220/stats?region=us&lang=en&contentorigin=espn
3045267,Leon Jacobs,,NFL_id,3045267,fetch_failed: RuntimeError: fetch_failed after 3 attempts: 404 Client Error: Not Found for url: https://site.web.api.espn.com/apis/common/v3/sports/football/college-football/athletes/3045267/stats?region=us&lang=en&contentorigin=espn
3040150,Josey Jewell,,NFL_id,3040150,fetch_failed: RuntimeError: fetch_failed after 3 attempts: 404 Client Error: Not Found for url: https://site.web.api.espn.com/apis/common/v3/sports/football/college-football/athletes/3040150/stats?region=us&lang=en&contentorigin=espn
3043276,Peter Kalambayi,,NFL_id,3043276,fetch_failed: RuntimeError: fetch_failed after 3 attempts: 404 Client Error: Not Found for url: https://site.web.api.espn.com/apis/common/v3/sports/football/college-football/athletes/3043276/stats?region=us&lang=en&contentorigin=espn
3048692,Micah Kiser,,NFL_id,3048692,fetch_failed: RuntimeError: fetch_failed after 3 attempts: 404 Client Error: Not Found for url: https://site.web.api.espn.com/apis/common/v3/sports/football/college-football/athletes/3048692/stats?region=us&lang=en&contentorigin=espn
3049872,Kyle Lauletta,,NFL_id,3049872,fetch_failed: RuntimeError: fetch_failed after 3 attempts: 404 Client Error: Not Found for url: https://site.web.api.espn.com/apis/common/v3/sports/football/college-football/athletes/3049872/stats?region=us&lang=en&contentorigin=espn
3040513,Tyquan Lewis,,NFL_id,3040513,fetch_failed: RuntimeError: fetch_failed after 3 attempts: 404 Client Error: Not Found for url: https://site.web.api.espn.com/apis/common/v3/sports/football/college-football/athletes/3040513/stats?region=us&lang=en&contentorigin=espn
3052587,Baker Mayfield,,NFL_id,3052587,fetch_failed: RuntimeError: fetch_failed after 3 attempts: 404 Client Error: Not Found for url: https://site.web.api.espn.com/apis/common/v3/sports/football/college-football/athletes/3052587/stats?region=us&lang=en&contentorigin=espn
3052885,Mike McGlinchey,,NFL_id,3052885,fetch_failed: RuntimeError: fetch_failed after 3 attempts: 404 Client Error: Not Found for url: https://site.web.api.espn.com/apis/common/v3/sports/football/college-football/athletes/3052885/stats?region=us&lang=en&contentorigin=espn
3050487,Anthony Miller,,NFL_id,3050487,fetch_failed: RuntimeError: fetch_failed after 3 attempts: 404 Client Error: Not Found for url: https://site.web.api.espn.com/apis/common/v3/sports/football/college-football/athletes/3050487/stats?region=us&lang=en&contentorigin=espn
3057524,Siran Neal,,NFL_id,3057524,fetch_failed: RuntimeError: fetch_failed after 3 attempts: 404 Client Error: Not Found for url: https://site.web.api.espn.com/apis/common/v3/sports/football/college-football/athletes/3057524/stats?region=us&lang=en&contentorigin=espn
3117922,Bilal Nichols,,NFL_id,3117922,fetch_failed: RuntimeError: fetch_failed after 3 attempts: 404 Client Error: Not Found for url: https://site.web.api.espn.com/apis/common/v3/sports/football/college-football/athletes/3117922/stats?region=us&lang=en&contentorigin=espn
3041098,Parry Nickerson,,NFL_id,3041098,fetch_failed: RuntimeError: fetch_failed after 3 attempts: 404 Client Error: Not Found for url: https://site.web.api.espn.com/apis/common/v3/sports/football/college-football/athletes/3041098/stats?region=us&lang=en&contentorigin=espn
3045132,Dorian O'daniel,,NFL_id,3045132,fetch_failed: RuntimeError: fetch_failed after 3 attempts: 404 Client Error: Not Found for url: https://site.web.api.espn.com/apis/common/v3/sports/football/college-football/athletes/3045132/stats?region=us&lang=en&contentorigin=espn
3072292,Brandon Parker,,NFL_id,3072292,fetch_failed: RuntimeError: fetch_failed after 3 attempts: 404 Client Error: Not Found for url: https://site.web.api.espn.com/apis/common/v3/sports/football/college-football/athletes/3072292/stats?region=us&lang=en&contentorigin=espn
3042785,Darius Phillips,,NFL_id,3042785,fetch_failed: RuntimeError: fetch_failed after 3 attempts: 404 Client Error: Not Found for url: https://site.web.api.espn.com/apis/common/v3/sports/football/college-football/athletes/3042785/stats?region=us&lang=en&contentorigin=espn
3051407,Billy Price,,NFL_id,3051407,fetch_failed: RuntimeError: fetch_failed after 3 attempts: 404 Client Error: Not Found for url: https://site.web.api.espn.com/apis/common/v3/sports/football/college-football/athletes/3051407/stats?region=us&lang=en&contentorigin=espn
3115365,Trey Quinn,,NFL_id,3115365,fetch_failed: RuntimeError: fetch_failed after 3 attempts: 404 Client Error: Not Found for url: https://site.web.api.espn.com/apis/common/v3/sports/football/college-football/athletes/3115365/stats?region=us&lang=en&contentorigin=espn
3051376,Deadrin Senat,,NFL_id,3051376,fetch_failed: RuntimeError: fetch_failed after 3 attempts: 404 Client Error: Not Found for url: https://site.web.api.espn.com/apis/common/v3/sports/football/college-football/athletes/3051376/stats?region=us&lang=en&contentorigin=espn
4076951,Nathan Shepherd,,NFL_id,4076951,fetch_failed: RuntimeError: fetch_failed after 3 attempts: 404 Client Error: Not Found for url: https://site.web.api.espn.com/apis/common/v3/sports/football/college-football/athletes/4076951/stats?region=us&lang=en&contentorigin=espn
3121595,Braden Smith,,NFL_id,3121595,fetch_failed: RuntimeError: fetch_failed after 3 attempts: 404 Client Error: Not Found for url: https://site.web.api.espn.com/apis/common/v3/sports/football/college-football/athletes/3121595/stats?region=us&lang=en&contentorigin=espn
3052897,Durham Smythe,,NFL_id,3052897,fetch_failed: RuntimeError: fetch_failed after 3 attempts: 404 Client Error: Not Found for url: https://site.web.api.espn.com/apis/common/v3/sports/football/college-football/athletes/3052897/stats?region=us&lang=en&contentorigin=espn
3045474,Wyatt Teller,,NFL_id,3045474,fetch_failed: RuntimeError: fetch_failed after 3 attempts: 404 Client Error: Not Found for url: https://site.web.api.espn.com/apis/common/v3/sports/football/college-football/athletes/3045474/stats?region=us&lang=en&contentorigin=espn
3054971,Johnny Townsend,,NFL_id,3054971,fetch_failed: RuntimeError: fetch_failed after 3 attempts: 404 Client Error: Not Found for url: https://site.web.api.espn.com/apis/common/v3/sports/football/college-football/athletes/3054971/stats?region=us&lang=en&contentorigin=espn
3051738,Marquez Valdes-Scantling,,NFL_id,3051738,fetch_failed: RuntimeError: fetch_failed after 3 attempts: 404 Client Error: Not Found for url: https://site.web.api.espn.com/apis/common/v3/sports/football/college-football/athletes/3051738/stats?region=us&lang=en&contentorigin=espn
3051381,Mike White,,NFL_id,3051381,fetch_failed: RuntimeError: fetch_failed after 3 attempts: 404 Client Error: Not Found for url: https://site.web.api.espn.com/apis/common/v3/sports/football/college-football/athletes/3051381/stats?region=us&lang=en&contentorigin=espn
3051891,Jordan Wilkins,,NFL_id,3051891,fetch_failed: RuntimeError: fetch_failed after 3 attempts: 404 Client Error: Not Found for url: https://site.web.api.espn.com/apis/common/v3/sports/football/college-football/athletes/3051891/stats?region=us&lang=en&contentorigin=espn
3042749,Logan Woodside,,NFL_id,3042749,fetch_failed: RuntimeError: fetch_failed after 3 attempts: 404 Client Error: Not Found for url: https://site.web.api.espn.com/apis/common/v3/sports/football/college-football/athletes/3042749/stats?region=us&lang=en&contentorigin=espn
4411769,Corey Ballentine,,NFL_id,4411769,fetch_failed: RuntimeError: fetch_failed after 3 attempts: 404 Client Error: Not Found for url: https://site.web.api.espn.com/apis/common/v3/sports/football/college-football/athletes/4411769/stats?region=us&lang=en&contentorigin=espn
4411771,John Cominsky,,NFL_id,4411771,fetch_failed: RuntimeError: fetch_failed after 3 attempts: 404 Client Error: Not Found for url: https://site.web.api.espn.com/apis/common/v3/sports/football/college-football/athletes/4411771/stats?region=us&lang=en&contentorigin=espn
4259480,Dennis Daley,,NFL_id,4259480,fetch_failed: RuntimeError: fetch_failed after 3 attempts: 404 Client Error: Not Found for url: https://site.web.api.espn.com/apis/common/v3/sports/football/college-football/athletes/4259480/stats?region=us&lang=en&contentorigin=espn
3701582,Chuma Edoga,,NFL_id,3701582,fetch_failed: RuntimeError: fetch_failed after 3 attempts: 404 Client Error: Not Found for url: https://site.web.api.espn.com/apis/common/v3/sports/football/college-football/athletes/3701582/stats?region=us&lang=en&contentorigin=espn
3042876,Ryan Finley,,NFL_id,3042876,fetch_failed: RuntimeError: fetch_failed after 3 attempts: 404 Client Error: Not Found for url: https://site.web.api.espn.com/apis/common/v3/sports/football/college-football/athletes/3042876/stats?region=us&lang=en&contentorigin=espn
3707061,Cody Ford,,NFL_id,3707061,fetch_failed: RuntimeError: fetch_failed after 3 attempts: 404 Client Error: Not Found for url: https://site.web.api.espn.com/apis/common/v3/sports/football/college-football/athletes/3707061/stats?region=us&lang=en&contentorigin=espn
3115252,Will Grier,,NFL_id,3115252,fetch_failed: RuntimeError: fetch_failed after 3 attempts: 404 Client Error: Not Found for url: https://site.web.api.espn.com/apis/common/v3/sports/football/college-football/athletes/3115252/stats?region=us&lang=en&contentorigin=espn
3115485,Elgton Jenkins,,NFL_id,3115485,fetch_failed: RuntimeError: fetch_failed after 3 attempts: 404 Client Error: Not Found for url: https://site.web.api.espn.com/apis/common/v3/sports/football/college-football/athletes/3115485/stats?region=us&lang=en&contentorigin=espn
3917331,Erik McCoy,,NFL_id,3917331,fetch_failed: RuntimeError: fetch_failed after 3 attempts: 404 Client Error: Not Found for url: https://site.web.api.espn.com/apis/common/v3/sports/football/college-football/athletes/3917331/stats?region=us&lang=en&contentorigin=espn
3821678,Dru Samia,,NFL_id,3821678,fetch_failed: RuntimeError: fetch_failed after 3 attempts: 404 Client Error: Not Found for url: https://site.web.api.espn.com/apis/common/v3/sports/football/college-football/athletes/3821678/stats?region=us&lang=en&contentorigin=espn
4040726,Jonah Williams,,NFL_id,4040726,fetch_failed: RuntimeError: fetch_failed after 3 attempts: 404 Client Error: Not Found for url: https://site.web.api.espn.com/apis/common/v3/sports/football/college-football/athletes/4040726/stats?region=us&lang=en&contentorigin=espn
4611506,Ben Bartch,,NFL_id,4611506,fetch_failed: RuntimeError: fetch_failed after 3 attempts: 404 Client Error: Not Found for url: https://site.web.api.espn.com/apis/common/v3/sports/football/college-football/athletes/4611506/stats?region=us&lang=en&contentorigin=espn
4043169,Jeremy Chinn,,NFL_id,4043169,fetch_failed: RuntimeError: fetch_failed after 3 attempts: 404 Client Error: Not Found for url: https://site.web.api.espn.com/apis/common/v3/sports/football/college-football/athletes/4043169/stats?region=us&lang=en&contentorigin=espn
4401811,Kyle Dugger,,NFL_id,4401811,fetch_failed: RuntimeError: fetch_failed after 3 attempts: 404 Client Error: Not Found for url: https://site.web.api.espn.com/apis/common/v3/sports/football/college-football/athletes/4401811/stats?region=us&lang=en&contentorigin=espn
4039016,Nick Harris,,NFL_id,4039016,fetch_failed: RuntimeError: fetch_failed after 3 attempts: 404 Client Error: Not Found for url: https://site.web.api.espn.com/apis/common/v3/sports/football/college-football/athletes/4039016/stats?region=us&lang=en&contentorigin=espn
3895840,Charlie Heck,,NFL_id,3895840,fetch_failed: RuntimeError: fetch_failed after 3 attempts: 404 Client Error: Not Found for url: https://site.web.api.espn.com/apis/common/v3/sports/football/college-football/athletes/3895840/stats?region=us&lang=en&contentorigin=espn
2310331,Tyler Johnson,,NFL_id,2310331,fetch_failed: RuntimeError: fetch_failed after 3 attempts: 404 Client Error: Not Found for url: https://site.web.api.espn.com/apis/common/v3/sports/football/college-football/athletes/2310331/stats?region=us&lang=en&contentorigin=espn
4040910,Netane Muti,,NFL_id,4040910,fetch_failed: RuntimeError: fetch_failed after 3 attempts: 404 Client Error: Not Found for url: https://site.web.api.espn.com/apis/common/v3/sports/football/college-football/athletes/4040910/stats?region=us&lang=en&contentorigin=espn
4259566,Andrew Thomas,,NFL_id,4259566,fetch_failed: RuntimeError: fetch_failed after 3 attempts: 404 Client Error: Not Found for url: https://site.web.api.espn.com/apis/common/v3/sports/football/college-football/athletes/4259566/stats?region=us&lang=en&contentorigin=espn
3930915,Derrek Tuszka,,NFL_id,3930915,fetch_failed: RuntimeError: fetch_failed after 3 attempts: 404 Client Error: Not Found for url: https://site.web.api.espn.com/apis/common/v3/sports/football/college-football/athletes/3930915/stats?region=us&lang=en&contentorigin=espn
4241482,Jedrick Wills,,NFL_id,4241482,fetch_failed: RuntimeError: fetch_failed after 3 attempts: 404 Client Error: Not Found for url: https://site.web.api.espn.com/apis/common/v3/sports/football/college-football/athletes/4241482/stats?region=us&lang=en&contentorigin=espn
4241217,Larry Borom,,NFL_id,4241217,fetch_failed: RuntimeError: fetch_failed after 3 attempts: 404 Client Error: Not Found for url: https://site.web.api.espn.com/apis/common/v3/sports/football/college-football/athletes/4241217/stats?region=us&lang=en&contentorigin=espn
4046694,Liam Eichenberg,,NFL_id,4046694,fetch_failed: RuntimeError: fetch_failed after 3 attempts: 404 Client Error: Not Found for url: https://site.web.api.espn.com/apis/common/v3/sports/football/college-football/athletes/4046694/stats?region=us&lang=en&contentorigin=espn
4258181,James Hudson,,NFL_id,4258181,fetch_failed: RuntimeError: fetch_failed after 3 attempts: 404 Client Error: Not Found for url: https://site.web.api.espn.com/apis/common/v3/sports/football/college-football/athletes/4258181/stats?region=us&lang=en&contentorigin=espn
4241466,Alex Leatherwood,,NFL_id,4241466,fetch_failed: RuntimeError: fetch_failed after 3 attempts: 404 Client Error: Not Found for url: https://site.web.api.espn.com/apis/common/v3/sports/football/college-football/athletes/4241466/stats?region=us&lang=en&contentorigin=espn
4608138,Quinn Meinerz,,NFL_id,4608138,fetch_failed: RuntimeError: fetch_failed after 3 attempts: 404 Client Error: Not Found for url: https://site.web.api.espn.com/apis/common/v3/sports/football/college-football/athletes/4608138/stats?region=us&lang=en&contentorigin=espn
4242000,Josh Myers,,NFL_id,4242000,fetch_failed: RuntimeError: fetch_failed after 3 attempts: 404 Client Error: Not Found for url: https://site.web.api.espn.com/apis/common/v3/sports/football/college-football/athletes/4242000/stats?region=us&lang=en&contentorigin=espn
4040945,Dillon Radunz,,NFL_id,4040945,fetch_failed: RuntimeError: fetch_failed after 3 attempts: 404 Client Error: Not Found for url: https://site.web.api.espn.com/apis/common/v3/sports/football/college-football/athletes/4040945/stats?region=us&lang=en&contentorigin=espn
4032200,Robert Rochell,,NFL_id,4032200,fetch_failed: RuntimeError: fetch_failed after 3 attempts: 404 Client Error: Not Found for url: https://site.web.api.espn.com/apis/common/v3/sports/football/college-football/athletes/4032200/stats?region=us&lang=en&contentorigin=espn
4259646,Alijah Vera-Tucker,,NFL_id,4259646,fetch_failed: RuntimeError: fetch_failed after 3 attempts: 404 Client Error: Not Found for url: https://site.web.api.espn.com/apis/common/v3/sports/football/college-football/athletes/4259646/stats?region=us&lang=en&contentorigin=espn
4362999,Spencer Burford,,NFL_id,4362999,fetch_failed: RuntimeError: fetch_failed after 3 attempts: 404 Client Error: Not Found for url: https://site.web.api.espn.com/apis/common/v3/sports/football/college-football/athletes/4362999/stats?region=us&lang=en&contentorigin=espn
4381558,Jordan Davis,,NFL_id,4381558,fetch_failed: RuntimeError: fetch_failed after 3 attempts: 404 Client Error: Not Found for url: https://site.web.api.espn.com/apis/common/v3/sports/football/college-football/athletes/4381558/stats?region=us&lang=en&contentorigin=espn
4373280,Joshua Ezeudu,,NFL_id,4373280,fetch_failed: RuntimeError: fetch_failed after 3 attempts: 404 Client Error: Not Found for url: https://site.web.api.espn.com/apis/common/v3/sports/football/college-football/athletes/4373280/stats?region=us&lang=en&contentorigin=espn
4426327,Kenyon Green,,NFL_id,4426327,fetch_failed: RuntimeError: fetch_failed after 3 attempts: 404 Client Error: Not Found for url: https://site.web.api.espn.com/apis/common/v3/sports/football/college-football/athletes/4426327/stats?region=us&lang=en&contentorigin=espn
4242227,Ed Ingram,,NFL_id,4242227,fetch_failed: RuntimeError: fetch_failed after 3 attempts: 404 Client Error: Not Found for url: https://site.web.api.espn.com/apis/common/v3/sports/football/college-football/athletes/4242227/stats?region=us&lang=en&contentorigin=espn
4251007,Braxton Jones,,NFL_id,4251007,fetch_failed: RuntimeError: fetch_failed after 3 attempts: 404 Client Error: Not Found for url: https://site.web.api.espn.com/apis/common/v3/sports/football/college-football/athletes/4251007/stats?region=us&lang=en&contentorigin=espn
4240554,Vederian Lowe,,NFL_id,4240554,fetch_failed: RuntimeError: fetch_failed after 3 attempts: 404 Client Error: Not Found for url: https://site.web.api.espn.com/apis/common/v3/sports/football/college-football/athletes/4240554/stats?region=us&lang=en&contentorigin=espn
4242001,Thayer Munford,,NFL_id,4242001,fetch_failed: RuntimeError: fetch_failed after 3 attempts: 404 Client Error: Not Found for url: https://site.web.api.espn.com/apis/common/v3/sports/football/college-football/athletes/4242001/stats?region=us&lang=en&contentorigin=espn
4567134,Evan Neal,,NFL_id,4567134,fetch_failed: RuntimeError: fetch_failed after 3 attempts: 404 Client Error: Not Found for url: https://site.web.api.espn.com/apis/common/v3/sports/football/college-football/athletes/4567134/stats?region=us&lang=en&contentorigin=espn
4361368,Nicholas Petit-Frere,,NFL_id,4361368,fetch_failed: RuntimeError: fetch_failed after 3 attempts: 404 Client Error: Not Found for url: https://site.web.api.espn.com/apis/common/v3/sports/football/college-football/athletes/4361368/stats?region=us&lang=en&contentorigin=espn
4426411,Sean Rhyan,,NFL_id,4426411,fetch_failed: RuntimeError: fetch_failed after 3 attempts: 404 Client Error: Not Found for url: https://site.web.api.espn.com/apis/common/v3/sports/football/college-football/athletes/4426411/stats?region=us&lang=en&contentorigin=espn
4051001,Cole Strange,,NFL_id,4051001,fetch_failed: RuntimeError: fetch_failed after 3 attempts: 404 Client Error: Not Found for url: https://site.web.api.espn.com/apis/common/v3/sports/football/college-football/athletes/4051001/stats?region=us&lang=en&contentorigin=espn
4040950,Cordell Volson,,NFL_id,4040950,fetch_failed: RuntimeError: fetch_failed after 3 attempts: 404 Client Error: Not Found for url: https://site.web.api.espn.com/apis/common/v3/sports/football/college-football/athletes/4040950/stats?region=us&lang=en&contentorigin=espn
4917635,Joshua Williams,,NFL_id,4917635,fetch_failed: RuntimeError: fetch_failed after 3 attempts: 404 Client Error: Not Found for url: https://site.web.api.espn.com/apis/common/v3/sports/football/college-football/athletes/4917635/stats?region=us&lang=en&contentorigin=espn
4362732,Jake Andrews,,NFL_id,4362732,fetch_failed: RuntimeError: fetch_failed after 3 attempts: 404 Client Error: Not Found for url: https://site.web.api.espn.com/apis/common/v3/sports/football/college-football/athletes/4362732/stats?region=us&lang=en&contentorigin=espn
4568510,Matthew Bergeron,,NFL_id,4568510,fetch_failed: RuntimeError: fetch_failed after 3 attempts: 404 Client Error: Not Found for url: https://site.web.api.espn.com/apis/common/v3/sports/football/college-football/athletes/4568510/stats?region=us&lang=en&contentorigin=espn
4429211,Anthony Bradford,,NFL_id,4429211,fetch_failed: RuntimeError: fetch_failed after 3 attempts: 404 Client Error: Not Found for url: https://site.web.api.espn.com/apis/common/v3/sports/football/college-football/athletes/4429211/stats?region=us&lang=en&contentorigin=espn
4428990,Broderick Jones,,NFL_id,4428990,fetch_failed: RuntimeError: fetch_failed after 3 attempts: 404 Client Error: Not Found for url: https://site.web.api.espn.com/apis/common/v3/sports/football/college-football/athletes/4428990/stats?region=us&lang=en&contentorigin=espn
4570577,Wanya Morris,,NFL_id,4570577,fetch_failed: RuntimeError: fetch_failed after 3 attempts: 404 Client Error: Not Found for url: https://site.web.api.espn.com/apis/common/v3/sports/football/college-football/athletes/4570577/stats?region=us&lang=en&contentorigin=espn
4430379,Asim Richards,,NFL_id,4430379,fetch_failed: RuntimeError: fetch_failed after 3 attempts: 404 Client Error: Not Found for url: https://site.web.api.espn.com/apis/common/v3/sports/football/college-football/athletes/4430379/stats?region=us&lang=en&contentorigin=espn
4361425,Juice Scruggs,,NFL_id,4361425,fetch_failed: RuntimeError: fetch_failed after 3 attempts: 404 Client Error: Not Found for url: https://site.web.api.espn.com/apis/common/v3/sports/football/college-football/athletes/4361425/stats?region=us&lang=en&contentorigin=espn
4429100,Peter Skoronski,,NFL_id,4429100,fetch_failed: RuntimeError: fetch_failed after 3 attempts: 404 Client Error: Not Found for url: https://site.web.api.espn.com/apis/common/v3/sports/football/college-football/athletes/4429100/stats?region=us&lang=en&contentorigin=espn
4240723,Carter Warren,,NFL_id,4240723,fetch_failed: RuntimeError: fetch_failed after 3 attempts: 404 Client Error: Not Found for url: https://site.web.api.espn.com/apis/common/v3/sports/football/college-football/athletes/4240723/stats?region=us&lang=en&contentorigin=espn
4430806,Luke Wypler,,NFL_id,4430806,fetch_failed: RuntimeError: fetch_failed after 3 attempts: 404 Client Error: Not Found for url: https://site.web.api.espn.com/apis/common/v3/sports/football/college-football/athletes/4430806/stats?region=us&lang=en&contentorigin=espn
4875196,Byron Young,,NFL_id,4875196,fetch_failed: RuntimeError: fetch_failed after 3 attempts: 404 Client Error: Not Found for url: https://site.web.api.espn.com/apis/common/v3/sports/football/college-football/athletes/4875196/stats?region=us&lang=en&contentorigin=espn
5084939,Isaiah Adams,,NFL_id,5084939,fetch_failed: RuntimeError: fetch_failed after 3 attempts: 404 Client Error: Not Found for url: https://site.web.api.espn.com/apis/common/v3/sports/football/college-football/athletes/5084939/stats?region=us&lang=en&contentorigin=espn
4567175,Beaux Limmer,,NFL_id,4567175,fetch_failed: RuntimeError: fetch_failed after 3 attempts: 404 Client Error: Not Found for url: https://site.web.api.espn.com/apis/common/v3/sports/football/college-football/athletes/4567175/stats?region=us&lang=en&contentorigin=espn
4431571,Amarius Mims,,NFL_id,4431571,fetch_failed: RuntimeError: fetch_failed after 3 attempts: 404 Client Error: Not Found for url: https://site.web.api.espn.com/apis/common/v3/sports/football/college-football/athletes/4431571/stats?region=us&lang=en&contentorigin=espn
4685298,Will Campbell,,NFL_id,4685298,fetch_failed: RuntimeError: fetch_failed after 3 attempts: 404 Client Error: Not Found for url: https://site.web.api.espn.com/apis/common/v3/sports/football/college-football/athletes/4685298/stats?region=us&lang=en&contentorigin=espn
4569659,Josh Simmons,,NFL_id,4569659,fetch_failed: RuntimeError: fetch_failed after 3 attempts: 404 Client Error: Not Found for url: https://site.web.api.espn.com/apis/common/v3/sports/football/college-football/athletes/4569659/stats?region=us&lang=en&contentorigin=espn
